口径,日期,购电时间段,购电量(kWh),时段数
① 双预报不可知（光伏+负载都用前一日实际）,2025-02-01,1:30-1:40,3.871967,1
① 双预报不可知（光伏+负载都用前一日实际）,2025-02-01,2:20-2:30,9.240328,1
① 双预报不可知（光伏+负载都用前一日实际）,2025-02-01,6:50-7:00,20.801086,1
① 双预报不可知（光伏+负载都用前一日实际）,2025-02-01,8:50-9:00,64.938303,1
① 双预报不可知（光伏+负载都用前一日实际）,2025-02-01,13:50-14:40,281.217447,5
① 双预报不可知（光伏+负载都用前一日实际）,2025-02-01,15:00-15:40,146.439106,4
① 双预报不可知（光伏+负载都用前一日实际）,2025-02-01,16:00-16:40,53.129528,4
① 双预报不可知（光伏+负载都用前一日实际）,2025-02-01,18:00-18:30,66.354433,3
① 双预报不可知（光伏+负载都用前一日实际）,2025-02-01,19:20-19:50,79.150083,3
① 双预报不可知（光伏+负载都用前一日实际）,2025-02-01,21:00-21:40,64.134661,4
① 双预报不可知（光伏+负载都用前一日实际）,2025-02-01,22:40-23:00,64.198350,2
① 双预报不可知（光伏+负载都用前一日实际）,2025-02-01,23:40-0:00+1,201.121806,2
① 双预报不可知（光伏+负载都用前一日实际）,2025-02-02,0:00-0:00+1,43978.102017,144
① 双预报不可知（光伏+负载都用前一日实际）,2025-02-03,0:20-0:40,23.915989,2
① 双预报不可知（光伏+负载都用前一日实际）,2025-02-03,1:20-1:30,11.325686,1
① 双预报不可知（光伏+负载都用前一日实际）,2025-02-03,1:50-2:20,56.609836,3
① 双预报不可知（光伏+负载都用前一日实际）,2025-02-03,2:50-3:30,69.728225,4
① 双预报不可知（光伏+负载都用前一日实际）,2025-02-03,3:50-4:40,188.753100,5
① 双预报不可知（光伏+负载都用前一日实际）,2025-02-03,4:50-5:00,0.642933,1
① 双预报不可知（光伏+负载都用前一日实际）,2025-02-03,5:40-7:00,383.056372,8
① 双预报不可知（光伏+负载都用前一日实际）,2025-02-03,7:40-8:00,157.112656,2
① 双预报不可知（光伏+负载都用前一日实际）,2025-02-03,9:00-9:50,326.564725,5
① 双预报不可知（光伏+负载都用前一日实际）,2025-02-03,10:10-10:50,220.004817,4
① 双预报不可知（光伏+负载都用前一日实际）,2025-02-03,11:10-11:40,249.931775,3
① 双预报不可知（光伏+负载都用前一日实际）,2025-02-03,11:50-14:10,893.139400,14
① 双预报不可知（光伏+负载都用前一日实际）,2025-02-03,14:30-15:50,129.297503,8
① 双预报不可知（光伏+负载都用前一日实际）,2025-02-03,16:00-17:40,434.390106,10
① 双预报不可知（光伏+负载都用前一日实际）,2025-02-03,18:10-18:20,1.510189,1
① 双预报不可知（光伏+负载都用前一日实际）,2025-02-03,19:10-20:40,111.681789,9
① 双预报不可知（光伏+负载都用前一日实际）,2025-02-03,21:00-21:50,226.633603,5
① 双预报不可知（光伏+负载都用前一日实际）,2025-02-03,22:20-23:20,112.344133,6
① 双预报不可知（光伏+负载都用前一日实际）,2025-02-03,23:40-0:00+1,51.735556,2
① 双预报不可知（光伏+负载都用前一日实际）,2025-02-04,0:20-0:30,31.121069,1
① 双预报不可知（光伏+负载都用前一日实际）,2025-02-04,0:50-1:10,25.254506,2
① 双预报不可知（光伏+负载都用前一日实际）,2025-02-04,1:30-2:00,59.694708,3
① 双预报不可知（光伏+负载都用前一日实际）,2025-02-04,2:20-3:00,31.756556,4
① 双预报不可知（光伏+负载都用前一日实际）,2025-02-04,5:40-6:00,127.863278,2
① 双预报不可知（光伏+负载都用前一日实际）,2025-02-04,7:40-9:10,752.108431,9
① 双预报不可知（光伏+负载都用前一日实际）,2025-02-04,9:20-10:20,259.783022,6
① 双预报不可知（光伏+负载都用前一日实际）,2025-02-04,10:50-11:40,254.471767,5
① 双预报不可知（光伏+负载都用前一日实际）,2025-02-04,12:50-15:30,1153.417086,16
① 双预报不可知（光伏+负载都用前一日实际）,2025-02-04,15:50-16:20,10.685722,3
① 双预报不可知（光伏+负载都用前一日实际）,2025-02-04,17:00-17:40,206.403206,4
① 双预报不可知（光伏+负载都用前一日实际）,2025-02-04,18:20-18:40,27.382394,2
① 双预报不可知（光伏+负载都用前一日实际）,2025-02-04,19:40-20:00,33.131939,2
① 双预报不可知（光伏+负载都用前一日实际）,2025-02-04,20:40-21:40,102.208228,6
① 双预报不可知（光伏+负载都用前一日实际）,2025-02-04,22:00-23:00,140.076350,6
① 双预报不可知（光伏+负载都用前一日实际）,2025-02-05,0:00-0:30,89.993425,3
① 双预报不可知（光伏+负载都用前一日实际）,2025-02-05,0:50-1:20,31.172475,3
① 双预报不可知（光伏+负载都用前一日实际）,2025-02-05,1:30-1:50,19.454972,2
① 双预报不可知（光伏+负载都用前一日实际）,2025-02-05,2:10-2:40,45.855100,3
① 双预报不可知（光伏+负载都用前一日实际）,2025-02-05,2:50-3:00,13.192311,1
① 双预报不可知（光伏+负载都用前一日实际）,2025-02-05,3:20-3:30,16.061561,1
① 双预报不可知（光伏+负载都用前一日实际）,2025-02-05,3:40-5:00,247.296256,8
① 双预报不可知（光伏+负载都用前一日实际）,2025-02-05,5:40-6:20,219.211294,4
① 双预报不可知（光伏+负载都用前一日实际）,2025-02-05,6:30-6:50,27.886889,2
① 双预报不可知（光伏+负载都用前一日实际）,2025-02-05,7:40-8:40,397.306456,6
① 双预报不可知（光伏+负载都用前一日实际）,2025-02-05,9:20-9:50,81.212500,3
① 双预报不可知（光伏+负载都用前一日实际）,2025-02-05,10:00-10:30,152.399333,3
① 双预报不可知（光伏+负载都用前一日实际）,2025-02-05,10:40-11:10,83.648119,3
① 双预报不可知（光伏+负载都用前一日实际）,2025-02-05,11:20-12:40,462.166200,8
① 双预报不可知（光伏+负载都用前一日实际）,2025-02-05,17:00-17:40,290.734511,4
① 双预报不可知（光伏+负载都用前一日实际）,2025-02-05,18:00-18:20,41.797972,2
① 双预报不可知（光伏+负载都用前一日实际）,2025-02-05,18:30-18:50,39.106856,2
① 双预报不可知（光伏+负载都用前一日实际）,2025-02-05,19:10-19:20,9.837531,1
① 双预报不可知（光伏+负载都用前一日实际）,2025-02-05,20:00-20:30,31.359608,3
① 双预报不可知（光伏+负载都用前一日实际）,2025-02-05,20:40-21:40,223.857167,6
① 双预报不可知（光伏+负载都用前一日实际）,2025-02-05,23:00-23:10,0.405622,1
① 双预报不可知（光伏+负载都用前一日实际）,2025-02-05,23:20-0:00+1,37.925706,4
① 双预报不可知（光伏+负载都用前一日实际）,2025-02-06,0:10-0:30,30.437672,2
① 双预报不可知（光伏+负载都用前一日实际）,2025-02-06,0:40-1:10,56.940369,3
① 双预报不可知（光伏+负载都用前一日实际）,2025-02-06,1:30-1:50,28.775128,2
① 双预报不可知（光伏+负载都用前一日实际）,2025-02-06,2:40-3:00,39.334561,2
① 双预报不可知（光伏+负载都用前一日实际）,2025-02-06,3:20-4:00,93.568667,4
① 双预报不可知（光伏+负载都用前一日实际）,2025-02-06,5:50-6:30,186.980708,4
① 双预报不可知（光伏+负载都用前一日实际）,2025-02-06,7:50-8:40,429.867172,5
① 双预报不可知（光伏+负载都用前一日实际）,2025-02-06,11:00-11:20,99.349428,2
① 双预报不可知（光伏+负载都用前一日实际）,2025-02-06,12:10-14:20,615.066536,13
① 双预报不可知（光伏+负载都用前一日实际）,2025-02-06,14:30-15:30,241.249800,6
① 双预报不可知（光伏+负载都用前一日实际）,2025-02-06,15:50-17:40,394.292786,11
① 双预报不可知（光伏+负载都用前一日实际）,2025-02-06,18:10-18:20,7.654447,1
① 双预报不可知（光伏+负载都用前一日实际）,2025-02-06,18:50-19:10,41.164225,2
① 双预报不可知（光伏+负载都用前一日实际）,2025-02-06,20:00-20:50,63.185206,5
① 双预报不可知（光伏+负载都用前一日实际）,2025-02-06,21:00-21:50,215.582700,5
① 双预报不可知（光伏+负载都用前一日实际）,2025-02-06,22:10-22:20,0.772372,1
① 双预报不可知（光伏+负载都用前一日实际）,2025-02-06,22:30-23:20,66.559939,5
① 双预报不可知（光伏+负载都用前一日实际）,2025-02-06,23:30-23:40,29.572836,1
① 双预报不可知（光伏+负载都用前一日实际）,2025-02-08,0:10-1:10,115.708653,6
① 双预报不可知（光伏+负载都用前一日实际）,2025-02-08,1:40-2:00,28.476683,2
① 双预报不可知（光伏+负载都用前一日实际）,2025-02-08,2:50-3:10,16.612586,2
① 双预报不可知（光伏+负载都用前一日实际）,2025-02-08,3:50-4:00,1.153550,1
① 双预报不可知（光伏+负载都用前一日实际）,2025-02-08,4:20-4:30,11.209481,1
① 双预报不可知（光伏+负载都用前一日实际）,2025-02-08,5:00-6:00,47.870900,6
① 双预报不可知（光伏+负载都用前一日实际）,2025-02-08,6:50-7:50,209.387292,6
① 双预报不可知（光伏+负载都用前一日实际）,2025-02-08,11:30-12:50,655.744644,8
① 双预报不可知（光伏+负载都用前一日实际）,2025-02-08,13:00-13:20,104.424400,2
① 双预报不可知（光伏+负载都用前一日实际）,2025-02-08,13:40-15:10,849.454542,9
① 双预报不可知（光伏+负载都用前一日实际）,2025-02-08,15:20-15:30,28.497108,1
① 双预报不可知（光伏+负载都用前一日实际）,2025-02-08,16:00-16:40,118.301878,4
① 双预报不可知（光伏+负载都用前一日实际）,2025-02-08,17:20-18:20,100.794772,6
① 双预报不可知（光伏+负载都用前一日实际）,2025-02-08,18:50-19:20,42.423044,3
① 双预报不可知（光伏+负载都用前一日实际）,2025-02-08,19:30-19:50,7.500639,2
① 双预报不可知（光伏+负载都用前一日实际）,2025-02-08,20:20-20:50,47.147967,3
① 双预报不可知（光伏+负载都用前一日实际）,2025-02-08,21:20-21:40,27.042144,2
① 双预报不可知（光伏+负载都用前一日实际）,2025-02-08,22:00-22:20,33.545856,2
① 双预报不可知（光伏+负载都用前一日实际）,2025-02-08,22:40-23:00,14.992972,2
① 双预报不可知（光伏+负载都用前一日实际）,2025-02-08,23:20-23:30,6.134572,1
① 双预报不可知（光伏+负载都用前一日实际）,2025-02-08,23:40-0:00+1,151.594711,2
① 双预报不可知（光伏+负载都用前一日实际）,2025-02-09,0:00-0:00+1,46907.287717,144
① 双预报不可知（光伏+负载都用前一日实际）,2025-02-10,1:10-1:30,25.272233,2
① 双预报不可知（光伏+负载都用前一日实际）,2025-02-10,1:50-2:00,7.585867,1
① 双预报不可知（光伏+负载都用前一日实际）,2025-02-10,2:20-2:30,14.619231,1
① 双预报不可知（光伏+负载都用前一日实际）,2025-02-10,2:40-3:00,24.742594,2
① 双预报不可知（光伏+负载都用前一日实际）,2025-02-10,3:30-5:00,225.127475,9
① 双预报不可知（光伏+负载都用前一日实际）,2025-02-10,5:40-6:10,237.695381,3
① 双预报不可知（光伏+负载都用前一日实际）,2025-02-10,6:20-6:40,33.397239,2
① 双预报不可知（光伏+负载都用前一日实际）,2025-02-10,7:50-8:20,244.059886,3
① 双预报不可知（光伏+负载都用前一日实际）,2025-02-10,14:40-14:50,9.965353,1
① 双预报不可知（光伏+负载都用前一日实际）,2025-02-10,15:30-15:40,6.146353,1
① 双预报不可知（光伏+负载都用前一日实际）,2025-02-10,16:00-16:50,91.033911,5
① 双预报不可知（光伏+负载都用前一日实际）,2025-02-10,17:00-17:40,253.209306,4
① 双预报不可知（光伏+负载都用前一日实际）,2025-02-10,18:40-19:00,39.602944,2
① 双预报不可知（光伏+负载都用前一日实际）,2025-02-10,19:30-19:40,3.302175,1
① 双预报不可知（光伏+负载都用前一日实际）,2025-02-10,20:20-21:50,295.487200,9
① 双预报不可知（光伏+负载都用前一日实际）,2025-02-10,22:30-23:00,27.006492,3
① 双预报不可知（光伏+负载都用前一日实际）,2025-02-10,23:10-0:00+1,118.119814,5
① 双预报不可知（光伏+负载都用前一日实际）,2025-02-11,0:00-0:10,5.919658,1
① 双预报不可知（光伏+负载都用前一日实际）,2025-02-11,0:20-0:50,37.090558,3
① 双预报不可知（光伏+负载都用前一日实际）,2025-02-11,1:30-2:00,52.185283,3
① 双预报不可知（光伏+负载都用前一日实际）,2025-02-11,2:10-3:20,31.652414,7
① 双预报不可知（光伏+负载都用前一日实际）,2025-02-11,3:30-3:50,22.318000,2
① 双预报不可知（光伏+负载都用前一日实际）,2025-02-11,5:50-6:20,153.578856,3
① 双预报不可知（光伏+负载都用前一日实际）,2025-02-11,6:30-6:50,54.140672,2
① 双预报不可知（光伏+负载都用前一日实际）,2025-02-11,7:40-10:30,1318.788525,17
① 双预报不可知（光伏+负载都用前一日实际）,2025-02-11,11:00-13:20,564.849928,14
① 双预报不可知（光伏+负载都用前一日实际）,2025-02-11,14:10-14:30,9.980256,2
① 双预报不可知（光伏+负载都用前一日实际）,2025-02-11,15:00-15:10,15.949967,1
① 双预报不可知（光伏+负载都用前一日实际）,2025-02-11,16:30-16:50,24.117056,2
① 双预报不可知（光伏+负载都用前一日实际）,2025-02-11,17:00-17:40,271.800350,4
① 双预报不可知（光伏+负载都用前一日实际）,2025-02-11,18:10-21:40,312.238381,21
① 双预报不可知（光伏+负载都用前一日实际）,2025-02-11,22:10-22:30,31.424539,2
① 双预报不可知（光伏+负载都用前一日实际）,2025-02-11,22:50-23:00,26.167228,1
① 双预报不可知（光伏+负载都用前一日实际）,2025-02-11,23:30-23:40,2.479006,1
① 双预报不可知（光伏+负载都用前一日实际）,2025-02-12,0:30-1:20,28.683019,5
① 双预报不可知（光伏+负载都用前一日实际）,2025-02-12,2:40-2:50,2.304864,1
① 双预报不可知（光伏+负载都用前一日实际）,2025-02-12,3:20-5:00,188.205883,10
① 双预报不可知（光伏+负载都用前一日实际）,2025-02-12,5:40-6:20,180.221656,4
① 双预报不可知（光伏+负载都用前一日实际）,2025-02-12,6:40-7:00,14.852128,2
① 双预报不可知（光伏+负载都用前一日实际）,2025-02-12,7:40-8:10,217.505361,3
① 双预报不可知（光伏+负载都用前一日实际）,2025-02-12,10:30-11:10,93.751269,4
① 双预报不可知（光伏+负载都用前一日实际）,2025-02-12,12:50-14:50,736.752278,12
① 双预报不可知（光伏+负载都用前一日实际）,2025-02-12,15:00-15:50,200.480983,5
① 双预报不可知（光伏+负载都用前一日实际）,2025-02-12,16:00-16:30,71.380367,3
① 双预报不可知（光伏+负载都用前一日实际）,2025-02-12,16:50-17:40,324.718056,5
① 双预报不可知（光伏+负载都用前一日实际）,2025-02-12,18:10-18:50,62.582189,4
① 双预报不可知（光伏+负载都用前一日实际）,2025-02-12,19:10-19:30,23.067028,2
① 双预报不可知（光伏+负载都用前一日实际）,2025-02-12,19:50-20:00,14.757006,1
① 双预报不可知（光伏+负载都用前一日实际）,2025-02-12,20:50-21:40,236.761325,5
① 双预报不可知（光伏+负载都用前一日实际）,2025-02-12,22:30-23:40,89.547758,7
① 双预报不可知（光伏+负载都用前一日实际）,2025-02-13,0:00-0:20,58.388067,2
① 双预报不可知（光伏+负载都用前一日实际）,2025-02-13,0:30-2:20,319.898156,11
① 双预报不可知（光伏+负载都用前一日实际）,2025-02-13,2:30-2:40,0.413786,1
① 双预报不可知（光伏+负载都用前一日实际）,2025-02-13,3:10-4:00,119.664094,5
① 双预报不可知（光伏+负载都用前一日实际）,2025-02-13,5:40-6:00,206.517233,2
① 双预报不可知（光伏+负载都用前一日实际）,2025-02-13,6:20-6:40,5.963122,2
① 双预报不可知（光伏+负载都用前一日实际）,2025-02-13,7:40-8:00,259.179406,2
① 双预报不可知（光伏+负载都用前一日实际）,2025-02-13,12:50-13:10,10.049431,2
① 双预报不可知（光伏+负载都用前一日实际）,2025-02-13,17:00-17:40,208.205711,4
① 双预报不可知（光伏+负载都用前一日实际）,2025-02-13,18:30-18:40,4.118131,1
① 双预报不可知（光伏+负载都用前一日实际）,2025-02-13,19:00-19:50,86.016528,5
① 双预报不可知（光伏+负载都用前一日实际）,2025-02-13,20:20-20:30,7.070825,1
① 双预报不可知（光伏+负载都用前一日实际）,2025-02-13,20:50-21:40,158.845731,5
① 双预报不可知（光伏+负载都用前一日实际）,2025-02-13,22:10-23:00,90.456728,5
① 双预报不可知（光伏+负载都用前一日实际）,2025-02-13,23:20-23:40,31.182683,2
① 双预报不可知（光伏+负载都用前一日实际）,2025-02-15,0:30-2:00,161.306517,9
① 双预报不可知（光伏+负载都用前一日实际）,2025-02-15,4:40-5:00,44.051567,2
① 双预报不可知（光伏+负载都用前一日实际）,2025-02-15,5:20-6:00,72.962317,4
① 双预报不可知（光伏+负载都用前一日实际）,2025-02-15,6:40-7:00,52.529100,2
① 双预报不可知（光伏+负载都用前一日实际）,2025-02-15,8:40-9:40,182.417983,6
① 双预报不可知（光伏+负载都用前一日实际）,2025-02-15,12:00-12:30,65.488050,3
① 双预报不可知（光伏+负载都用前一日实际）,2025-02-15,13:10-13:20,21.656969,1
① 双预报不可知（光伏+负载都用前一日实际）,2025-02-15,13:50-14:00,31.730153,1
① 双预报不可知（光伏+负载都用前一日实际）,2025-02-15,14:30-16:40,494.372272,13
① 双预报不可知（光伏+负载都用前一日实际）,2025-02-15,18:00-18:20,38.837617,2
① 双预报不可知（光伏+负载都用前一日实际）,2025-02-15,18:40-19:00,17.836100,2
① 双预报不可知（光伏+负载都用前一日实际）,2025-02-15,19:30-20:00,113.876600,3
① 双预报不可知（光伏+负载都用前一日实际）,2025-02-15,20:30-20:40,0.771283,1
① 双预报不可知（光伏+负载都用前一日实际）,2025-02-15,20:50-21:40,170.971239,5
① 双预报不可知（光伏+负载都用前一日实际）,2025-02-15,22:10-23:20,150.699856,7
① 双预报不可知（光伏+负载都用前一日实际）,2025-02-15,23:40-0:00+1,164.696089,2
① 双预报不可知（光伏+负载都用前一日实际）,2025-02-16,0:00-12:50,23696.805156,77
① 双预报不可知（光伏+负载都用前一日实际）,2025-02-16,13:00-13:20,1056.573717,2
① 双预报不可知（光伏+负载都用前一日实际）,2025-02-16,13:30-0:00+1,18577.552394,63
① 双预报不可知（光伏+负载都用前一日实际）,2025-02-17,0:50-1:10,6.985992,2
① 双预报不可知（光伏+负载都用前一日实际）,2025-02-17,1:30-2:30,127.091867,6
① 双预报不可知（光伏+负载都用前一日实际）,2025-02-17,2:50-3:30,50.013372,4
① 双预报不可知（光伏+负载都用前一日实际）,2025-02-17,3:40-4:00,29.272961,2
① 双预报不可知（光伏+负载都用前一日实际）,2025-02-17,4:10-4:40,48.984800,3
① 双预报不可知（光伏+负载都用前一日实际）,2025-02-17,5:40-6:00,209.835522,2
① 双预报不可知（光伏+负载都用前一日实际）,2025-02-17,6:40-7:00,26.872922,2
① 双预报不可知（光伏+负载都用前一日实际）,2025-02-17,7:50-8:00,170.057356,1
① 双预报不可知（光伏+负载都用前一日实际）,2025-02-17,12:10-12:20,45.361739,1
① 双预报不可知（光伏+负载都用前一日实际）,2025-02-17,14:20-15:20,165.312522,6
① 双预报不可知（光伏+负载都用前一日实际）,2025-02-17,15:30-15:50,11.748939,2
① 双预报不可知（光伏+负载都用前一日实际）,2025-02-17,17:00-17:40,232.902156,4
① 双预报不可知（光伏+负载都用前一日实际）,2025-02-17,18:10-18:20,2.968536,1
① 双预报不可知（光伏+负载都用前一日实际）,2025-02-17,18:30-19:30,115.141233,6
① 双预报不可知（光伏+负载都用前一日实际）,2025-02-17,20:00-20:40,68.263778,4
① 双预报不可知（光伏+负载都用前一日实际）,2025-02-17,21:00-21:40,217.324750,4
① 双预报不可知（光伏+负载都用前一日实际）,2025-02-17,22:10-0:00+1,154.142322,11
① 双预报不可知（光伏+负载都用前一日实际）,2025-02-18,0:40-1:00,26.097828,2
① 双预报不可知（光伏+负载都用前一日实际）,2025-02-18,1:20-1:30,16.256089,1
① 双预报不可知（光伏+负载都用前一日实际）,2025-02-18,1:40-2:00,29.997328,2
① 双预报不可知（光伏+负载都用前一日实际）,2025-02-18,2:30-2:40,1.572575,1
① 双预报不可知（光伏+负载都用前一日实际）,2025-02-18,3:10-3:30,2.907900,2
① 双预报不可知（光伏+负载都用前一日实际）,2025-02-18,3:40-4:00,44.667717,2
① 双预报不可知（光伏+负载都用前一日实际）,2025-02-18,4:20-5:00,52.324767,4
① 双预报不可知（光伏+负载都用前一日实际）,2025-02-18,5:40-6:10,196.530461,3
① 双预报不可知（光伏+负载都用前一日实际）,2025-02-18,7:40-9:30,733.193969,11
① 双预报不可知（光伏+负载都用前一日实际）,2025-02-18,10:20-11:40,586.179806,8
① 双预报不可知（光伏+负载都用前一日实际）,2025-02-18,12:40-14:30,922.125747,11
① 双预报不可知（光伏+负载都用前一日实际）,2025-02-18,14:50-15:30,63.187967,4
① 双预报不可知（光伏+负载都用前一日实际）,2025-02-18,16:20-16:50,14.250600,3
① 双预报不可知（光伏+负载都用前一日实际）,2025-02-18,17:00-17:40,318.754439,4
① 双预报不可知（光伏+负载都用前一日实际）,2025-02-18,18:30-18:50,27.876811,2
① 双预报不可知（光伏+负载都用前一日实际）,2025-02-18,19:10-19:20,2.392258,1
① 双预报不可知（光伏+负载都用前一日实际）,2025-02-18,19:50-20:40,86.019053,5
① 双预报不可知（光伏+负载都用前一日实际）,2025-02-18,21:00-21:40,115.055717,4
① 双预报不可知（光伏+负载都用前一日实际）,2025-02-18,22:10-22:20,7.448533,1
① 双预报不可知（光伏+负载都用前一日实际）,2025-02-18,22:50-23:00,13.367717,1
① 双预报不可知（光伏+负载都用前一日实际）,2025-02-19,0:40-1:30,86.610142,5
① 双预报不可知（光伏+负载都用前一日实际）,2025-02-19,1:40-3:00,232.952383,8
① 双预报不可知（光伏+负载都用前一日实际）,2025-02-19,3:20-3:40,28.684867,2
① 双预报不可知（光伏+负载都用前一日实际）,2025-02-19,4:40-5:00,74.944928,2
① 双预报不可知（光伏+负载都用前一日实际）,2025-02-19,5:50-6:40,272.723211,5
① 双预报不可知（光伏+负载都用前一日实际）,2025-02-19,6:50-7:00,46.885803,1
① 双预报不可知（光伏+负载都用前一日实际）,2025-02-19,7:40-8:10,291.054681,3
① 双预报不可知（光伏+负载都用前一日实际）,2025-02-19,8:20-10:30,991.803939,13
① 双预报不可知（光伏+负载都用前一日实际）,2025-02-19,14:00-15:50,326.242075,11
① 双预报不可知（光伏+负载都用前一日实际）,2025-02-19,16:00-16:20,38.979644,2
① 双预报不可知（光伏+负载都用前一日实际）,2025-02-19,17:00-17:40,220.862167,4
① 双预报不可知（光伏+负载都用前一日实际）,2025-02-19,18:10-18:20,18.693453,1
① 双预报不可知（光伏+负载都用前一日实际）,2025-02-19,18:30-18:50,9.193589,2
① 双预报不可知（光伏+负载都用前一日实际）,2025-02-19,19:10-19:30,45.774061,2
① 双预报不可知（光伏+负载都用前一日实际）,2025-02-19,19:40-20:10,76.890092,3
① 双预报不可知（光伏+负载都用前一日实际）,2025-02-19,20:40-21:50,323.081419,7
① 双预报不可知（光伏+负载都用前一日实际）,2025-02-19,22:10-23:10,154.811725,6
① 双预报不可知（光伏+负载都用前一日实际）,2025-02-19,23:30-0:00+1,136.162883,3
① 双预报不可知（光伏+负载都用前一日实际）,2025-02-20,0:00-1:10,193.292592,7
① 双预报不可知（光伏+负载都用前一日实际）,2025-02-20,2:50-3:00,3.535136,1
① 双预报不可知（光伏+负载都用前一日实际）,2025-02-20,3:30-4:10,83.711000,4
① 双预报不可知（光伏+负载都用前一日实际）,2025-02-20,4:40-4:50,16.203208,1
① 双预报不可知（光伏+负载都用前一日实际）,2025-02-20,5:40-6:10,207.032622,3
① 双预报不可知（光伏+负载都用前一日实际）,2025-02-20,7:40-8:10,343.213606,3
① 双预报不可知（光伏+负载都用前一日实际）,2025-02-20,8:20-8:40,29.944583,2
① 双预报不可知（光伏+负载都用前一日实际）,2025-02-20,10:00-12:20,1116.340111,14
① 双预报不可知（光伏+负载都用前一日实际）,2025-02-20,12:50-13:00,39.855697,1
① 双预报不可知（光伏+负载都用前一日实际）,2025-02-20,13:20-13:30,11.957078,1
① 双预报不可知（光伏+负载都用前一日实际）,2025-02-20,16:50-17:40,390.469764,5
① 双预报不可知（光伏+负载都用前一日实际）,2025-02-20,18:10-18:40,87.907258,3
① 双预报不可知（光伏+负载都用前一日实际）,2025-02-20,20:00-20:20,26.316906,2
① 双预报不可知（光伏+负载都用前一日实际）,2025-02-20,20:50-21:20,82.632050,3
① 双预报不可知（光伏+负载都用前一日实际）,2025-02-20,21:30-21:40,32.549578,1
① 双预报不可知（光伏+负载都用前一日实际）,2025-02-20,22:10-22:20,1.779464,1
① 双预报不可知（光伏+负载都用前一日实际）,2025-02-20,22:50-23:10,36.554022,2
① 双预报不可知（光伏+负载都用前一日实际）,2025-02-22,0:30-1:20,56.526292,5
① 双预报不可知（光伏+负载都用前一日实际）,2025-02-22,1:40-2:10,50.877767,3
① 双预报不可知（光伏+负载都用前一日实际）,2025-02-22,2:50-4:10,162.768419,8
① 双预报不可知（光伏+负载都用前一日实际）,2025-02-22,5:50-6:00,11.674339,1
① 双预报不可知（光伏+负载都用前一日实际）,2025-02-22,6:50-7:00,71.011222,1
① 双预报不可知（光伏+负载都用前一日实际）,2025-02-22,8:50-9:50,328.370522,6
① 双预报不可知（光伏+负载都用前一日实际）,2025-02-22,10:00-10:20,161.968828,2
① 双预报不可知（光伏+负载都用前一日实际）,2025-02-22,10:30-10:50,85.273061,2
① 双预报不可知（光伏+负载都用前一日实际）,2025-02-22,11:10-11:30,147.069056,2
① 双预报不可知（光伏+负载都用前一日实际）,2025-02-22,11:40-11:50,59.888578,1
① 双预报不可知（光伏+负载都用前一日实际）,2025-02-22,12:00-12:50,408.404772,5
① 双预报不可知（光伏+负载都用前一日实际）,2025-02-22,13:50-14:10,159.149253,2
① 双预报不可知（光伏+负载都用前一日实际）,2025-02-22,14:20-14:50,111.221400,3
① 双预报不可知（光伏+负载都用前一日实际）,2025-02-22,15:00-16:40,383.179594,10
① 双预报不可知（光伏+负载都用前一日实际）,2025-02-22,17:00-17:20,23.451967,2
① 双预报不可知（光伏+负载都用前一日实际）,2025-02-22,17:30-18:10,102.096139,4
① 双预报不可知（光伏+负载都用前一日实际）,2025-02-22,19:10-20:20,125.704189,7
① 双预报不可知（光伏+负载都用前一日实际）,2025-02-22,20:30-20:50,49.375217,2
① 双预报不可知（光伏+负载都用前一日实际）,2025-02-22,21:10-21:50,66.209567,4
① 双预报不可知（光伏+负载都用前一日实际）,2025-02-22,22:50-23:00,26.538653,1
① 双预报不可知（光伏+负载都用前一日实际）,2025-02-22,23:40-0:00+1,219.557289,2
① 双预报不可知（光伏+负载都用前一日实际）,2025-02-23,0:00-11:30,19019.180025,69
① 双预报不可知（光伏+负载都用前一日实际）,2025-02-23,11:40-12:50,2781.698264,7
① 双预报不可知（光伏+负载都用前一日实际）,2025-02-23,13:00-13:20,724.173717,2
① 双预报不可知（光伏+负载都用前一日实际）,2025-02-23,13:40-0:00+1,18342.211364,62
① 双预报不可知（光伏+负载都用前一日实际）,2025-02-24,0:30-0:50,35.524583,2
① 双预报不可知（光伏+负载都用前一日实际）,2025-02-24,1:10-1:30,17.998711,2
① 双预报不可知（光伏+负载都用前一日实际）,2025-02-24,2:00-2:20,21.559183,2
① 双预报不可知（光伏+负载都用前一日实际）,2025-02-24,2:50-3:20,28.181706,3
① 双预报不可知（光伏+负载都用前一日实际）,2025-02-24,3:40-4:00,8.056539,2
① 双预报不可知（光伏+负载都用前一日实际）,2025-02-24,4:50-5:00,0.727664,1
① 双预报不可知（光伏+负载都用前一日实际）,2025-02-24,5:50-6:20,161.083136,3
① 双预报不可知（光伏+负载都用前一日实际）,2025-02-24,6:30-6:50,54.983361,2
① 双预报不可知（光伏+负载都用前一日实际）,2025-02-24,7:50-8:00,156.677661,1
① 双预报不可知（光伏+负载都用前一日实际）,2025-02-24,11:00-11:10,3.486833,1
① 双预报不可知（光伏+负载都用前一日实际）,2025-02-24,12:50-13:00,20.348089,1
① 双预报不可知（光伏+负载都用前一日实际）,2025-02-24,13:20-13:30,44.843411,1
① 双预报不可知（光伏+负载都用前一日实际）,2025-02-24,14:10-15:10,196.678019,6
① 双预报不可知（光伏+负载都用前一日实际）,2025-02-24,15:30-15:50,88.478139,2
① 双预报不可知（光伏+负载都用前一日实际）,2025-02-24,16:00-17:40,644.472033,10
① 双预报不可知（光伏+负载都用前一日实际）,2025-02-24,18:30-18:50,33.570161,2
① 双预报不可知（光伏+负载都用前一日实际）,2025-02-24,20:10-21:10,136.749944,6
① 双预报不可知（光伏+负载都用前一日实际）,2025-02-24,21:20-21:50,124.436633,3
① 双预报不可知（光伏+负载都用前一日实际）,2025-02-24,22:00-22:20,23.719678,2
① 双预报不可知（光伏+负载都用前一日实际）,2025-02-24,22:30-23:00,39.149950,3
① 双预报不可知（光伏+负载都用前一日实际）,2025-02-24,23:10-23:40,26.852425,3
① 双预报不可知（光伏+负载都用前一日实际）,2025-02-25,0:00-0:20,25.752583,2
① 双预报不可知（光伏+负载都用前一日实际）,2025-02-25,0:40-1:20,87.253494,4
① 双预报不可知（光伏+负载都用前一日实际）,2025-02-25,2:00-3:40,200.397389,10
① 双预报不可知（光伏+负载都用前一日实际）,2025-02-25,4:10-4:20,6.291814,1
① 双预报不可知（光伏+负载都用前一日实际）,2025-02-25,4:50-5:00,6.515231,1
① 双预报不可知（光伏+负载都用前一日实际）,2025-02-25,5:40-6:00,269.083667,2
① 双预报不可知（光伏+负载都用前一日实际）,2025-02-25,6:20-6:30,7.304931,1
① 双预报不可知（光伏+负载都用前一日实际）,2025-02-25,6:50-7:00,0.085764,1
① 双预报不可知（光伏+负载都用前一日实际）,2025-02-25,7:40-8:00,331.388556,2
① 双预报不可知（光伏+负载都用前一日实际）,2025-02-25,8:20-8:30,0.910678,1
① 双预报不可知（光伏+负载都用前一日实际）,2025-02-25,13:00-13:20,53.673789,2
① 双预报不可知（光伏+负载都用前一日实际）,2025-02-25,13:40-13:50,21.293919,1
① 双预报不可知（光伏+负载都用前一日实际）,2025-02-25,17:00-17:40,150.650850,4
① 双预报不可知（光伏+负载都用前一日实际）,2025-02-25,18:10-18:20,12.586261,1
① 双预报不可知（光伏+负载都用前一日实际）,2025-02-25,18:40-20:00,156.404722,8
① 双预报不可知（光伏+负载都用前一日实际）,2025-02-25,21:00-21:40,171.594844,4
① 双预报不可知（光伏+负载都用前一日实际）,2025-02-25,22:00-22:20,43.144000,2
① 双预报不可知（光伏+负载都用前一日实际）,2025-02-25,22:40-22:50,1.026175,1
① 双预报不可知（光伏+负载都用前一日实际）,2025-02-25,23:10-23:40,68.064458,3
① 双预报不可知（光伏+负载都用前一日实际）,2025-02-26,0:50-1:50,139.284981,6
① 双预报不可知（光伏+负载都用前一日实际）,2025-02-26,2:10-2:40,10.615492,3
① 双预报不可知（光伏+负载都用前一日实际）,2025-02-26,3:00-3:30,65.886225,3
① 双预报不可知（光伏+负载都用前一日实际）,2025-02-26,4:00-5:00,124.929683,6
① 双预报不可知（光伏+负载都用前一日实际）,2025-02-26,5:50-6:00,140.491933,1
① 双预报不可知（光伏+负载都用前一日实际）,2025-02-26,6:20-7:00,39.973928,4
① 双预报不可知（光伏+负载都用前一日实际）,2025-02-26,7:50-8:10,198.003294,2
① 双预报不可知（光伏+负载都用前一日实际）,2025-02-26,8:30-13:10,2213.871719,28
① 双预报不可知（光伏+负载都用前一日实际）,2025-02-26,13:20-14:20,379.300978,6
① 双预报不可知（光伏+负载都用前一日实际）,2025-02-26,14:30-16:30,644.180100,12
① 双预报不可知（光伏+负载都用前一日实际）,2025-02-26,16:50-17:40,303.168333,5
① 双预报不可知（光伏+负载都用前一日实际）,2025-02-26,18:10-18:30,27.743694,2
① 双预报不可知（光伏+负载都用前一日实际）,2025-02-26,19:00-19:10,11.838983,1
① 双预报不可知（光伏+负载都用前一日实际）,2025-02-26,19:30-20:20,54.095067,5
① 双预报不可知（光伏+负载都用前一日实际）,2025-02-26,20:40-21:40,175.047967,6
① 双预报不可知（光伏+负载都用前一日实际）,2025-02-26,22:20-22:40,38.997217,2
① 双预报不可知（光伏+负载都用前一日实际）,2025-02-26,23:20-23:30,6.287881,1
① 双预报不可知（光伏+负载都用前一日实际）,2025-02-27,0:30-1:20,116.572739,5
① 双预报不可知（光伏+负载都用前一日实际）,2025-02-27,3:20-3:50,33.638175,3
① 双预报不可知（光伏+负载都用前一日实际）,2025-02-27,5:40-6:10,171.719592,3
① 双预报不可知（光伏+负载都用前一日实际）,2025-02-27,6:30-6:50,9.869733,2
① 双预报不可知（光伏+负载都用前一日实际）,2025-02-27,7:40-10:30,1727.278783,17
① 双预报不可知（光伏+负载都用前一日实际）,2025-02-27,13:10-13:30,37.138311,2
① 双预报不可知（光伏+负载都用前一日实际）,2025-02-27,17:00-17:40,259.721267,4
① 双预报不可知（光伏+负载都用前一日实际）,2025-02-27,18:10-18:50,131.819078,4
① 双预报不可知（光伏+负载都用前一日实际）,2025-02-27,19:10-19:30,6.973222,2
① 双预报不可知（光伏+负载都用前一日实际）,2025-02-27,20:10-21:40,220.205750,9
① 双预报不可知（光伏+负载都用前一日实际）,2025-02-27,22:10-22:20,5.915317,1
① 双预报不可知（光伏+负载都用前一日实际）,2025-02-27,22:30-23:10,31.183944,4
① 双预报不可知（光伏+负载都用前一日实际）,2025-03-01,0:00-0:10,14.685044,1
① 双预报不可知（光伏+负载都用前一日实际）,2025-03-01,0:30-0:50,26.565606,2
① 双预报不可知（光伏+负载都用前一日实际）,2025-03-01,1:30-1:40,4.107675,1
① 双预报不可知（光伏+负载都用前一日实际）,2025-03-01,2:10-2:30,19.751089,2
① 双预报不可知（光伏+负载都用前一日实际）,2025-03-01,3:50-4:00,1.412861,1
① 双预报不可知（光伏+负载都用前一日实际）,2025-03-01,7:50-8:00,25.212350,1
① 双预报不可知（光伏+负载都用前一日实际）,2025-03-01,8:40-9:50,913.388569,7
① 双预报不可知（光伏+负载都用前一日实际）,2025-03-01,10:00-10:20,382.692889,2
① 双预报不可知（光伏+负载都用前一日实际）,2025-03-01,10:30-11:00,423.536483,3
① 双预报不可知（光伏+负载都用前一日实际）,2025-03-01,11:10-11:30,112.085567,2
① 双预报不可知（光伏+负载都用前一日实际）,2025-03-01,14:00-14:10,37.844250,1
① 双预报不可知（光伏+负载都用前一日实际）,2025-03-01,14:20-14:50,79.338850,3
① 双预报不可知（光伏+负载都用前一日实际）,2025-03-01,15:00-15:10,21.689372,1
① 双预报不可知（光伏+负载都用前一日实际）,2025-03-01,15:30-16:40,265.228189,7
① 双预报不可知（光伏+负载都用前一日实际）,2025-03-01,17:00-17:20,56.182744,2
① 双预报不可知（光伏+负载都用前一日实际）,2025-03-01,17:30-17:40,9.406881,1
① 双预报不可知（光伏+负载都用前一日实际）,2025-03-01,18:00-18:40,86.728128,4
① 双预报不可知（光伏+负载都用前一日实际）,2025-03-01,18:50-19:50,100.742847,6
① 双预报不可知（光伏+负载都用前一日实际）,2025-03-01,20:10-20:30,8.239983,2
① 双预报不可知（光伏+负载都用前一日实际）,2025-03-01,21:00-21:40,58.013278,4
① 双预报不可知（光伏+负载都用前一日实际）,2025-03-01,22:10-23:00,51.774981,5
① 双预报不可知（光伏+负载都用前一日实际）,2025-03-01,23:40-0:00+1,145.289933,2
① 双预报不可知（光伏+负载都用前一日实际）,2025-03-02,0:00-11:30,17783.174292,69
① 双预报不可知（光伏+负载都用前一日实际）,2025-03-02,11:40-0:00+1,25942.328225,74
① 双预报不可知（光伏+负载都用前一日实际）,2025-03-03,0:00-0:50,35.471881,5
① 双预报不可知（光伏+负载都用前一日实际）,2025-03-03,1:10-2:20,152.709872,7
① 双预报不可知（光伏+负载都用前一日实际）,2025-03-03,2:30-2:50,14.244133,2
① 双预报不可知（光伏+负载都用前一日实际）,2025-03-03,3:10-4:00,89.518422,5
① 双预报不可知（光伏+负载都用前一日实际）,2025-03-03,5:50-7:00,301.606831,7
① 双预报不可知（光伏+负载都用前一日实际）,2025-03-03,7:40-10:40,1524.674533,18
① 双预报不可知（光伏+负载都用前一日实际）,2025-03-03,11:20-11:40,117.051961,2
① 双预报不可知（光伏+负载都用前一日实际）,2025-03-03,14:50-16:50,658.396836,12
① 双预报不可知（光伏+负载都用前一日实际）,2025-03-03,17:00-17:40,192.725211,4
① 双预报不可知（光伏+负载都用前一日实际）,2025-03-03,18:50-19:20,51.996653,3
① 双预报不可知（光伏+负载都用前一日实际）,2025-03-03,20:20-21:40,391.916639,8
① 双预报不可知（光伏+负载都用前一日实际）,2025-03-03,22:00-23:00,147.993850,6
① 双预报不可知（光伏+负载都用前一日实际）,2025-03-03,23:30-23:50,8.477450,2
① 双预报不可知（光伏+负载都用前一日实际）,2025-03-04,0:10-1:10,65.867347,6
① 双预报不可知（光伏+负载都用前一日实际）,2025-03-04,1:40-2:10,87.969992,3
① 双预报不可知（光伏+负载都用前一日实际）,2025-03-04,2:50-3:00,3.226903,1
① 双预报不可知（光伏+负载都用前一日实际）,2025-03-04,3:20-3:30,37.154092,1
① 双预报不可知（光伏+负载都用前一日实际）,2025-03-04,3:50-5:00,206.140492,7
① 双预报不可知（光伏+负载都用前一日实际）,2025-03-04,5:40-6:20,236.131894,4
① 双预报不可知（光伏+负载都用前一日实际）,2025-03-04,7:40-8:40,394.677956,6
① 双预报不可知（光伏+负载都用前一日实际）,2025-03-04,11:00-11:40,179.130350,4
① 双预报不可知（光伏+负载都用前一日实际）,2025-03-04,12:00-12:20,55.137106,2
① 双预报不可知（光伏+负载都用前一日实际）,2025-03-04,15:40-15:50,5.878286,1
① 双预报不可知（光伏+负载都用前一日实际）,2025-03-04,17:00-17:40,266.268222,4
① 双预报不可知（光伏+负载都用前一日实际）,2025-03-04,18:50-19:10,8.325781,2
① 双预报不可知（光伏+负载都用前一日实际）,2025-03-04,19:30-19:50,44.486139,2
① 双预报不可知（光伏+负载都用前一日实际）,2025-03-04,20:20-20:30,1.992661,1
① 双预报不可知（光伏+负载都用前一日实际）,2025-03-04,20:50-21:40,122.446639,5
① 双预报不可知（光伏+负载都用前一日实际）,2025-03-04,22:20-22:30,8.940925,1
① 双预报不可知（光伏+负载都用前一日实际）,2025-03-04,23:00-0:00+1,157.935183,6
① 双预报不可知（光伏+负载都用前一日实际）,2025-03-05,0:40-1:00,36.366494,2
① 双预报不可知（光伏+负载都用前一日实际）,2025-03-05,2:00-2:10,1.440678,1
① 双预报不可知（光伏+负载都用前一日实际）,2025-03-05,2:30-3:00,40.223183,3
① 双预报不可知（光伏+负载都用前一日实际）,2025-03-05,3:10-3:30,29.348306,2
① 双预报不可知（光伏+负载都用前一日实际）,2025-03-05,4:00-4:20,16.855056,2
① 双预报不可知（光伏+负载都用前一日实际）,2025-03-05,5:40-6:10,266.565475,3
① 双预报不可知（光伏+负载都用前一日实际）,2025-03-05,6:50-7:00,20.640697,1
① 双预报不可知（光伏+负载都用前一日实际）,2025-03-05,7:40-8:00,196.477728,2
① 双预报不可知（光伏+负载都用前一日实际）,2025-03-05,10:00-10:20,67.583772,2
① 双预报不可知（光伏+负载都用前一日实际）,2025-03-05,12:40-14:20,645.765494,10
① 双预报不可知（光伏+负载都用前一日实际）,2025-03-05,14:50-15:00,41.837772,1
① 双预报不可知（光伏+负载都用前一日实际）,2025-03-05,17:00-17:40,298.180161,4
① 双预报不可知（光伏+负载都用前一日实际）,2025-03-05,18:10-18:50,66.323339,4
① 双预报不可知（光伏+负载都用前一日实际）,2025-03-05,19:00-19:20,27.449167,2
① 双预报不可知（光伏+负载都用前一日实际）,2025-03-05,19:40-20:20,61.402100,4
① 双预报不可知（光伏+负载都用前一日实际）,2025-03-05,20:30-20:50,28.421367,2
① 双预报不可知（光伏+负载都用前一日实际）,2025-03-05,21:00-21:40,166.725789,4
① 双预报不可知（光伏+负载都用前一日实际）,2025-03-05,22:10-22:50,88.213806,4
① 双预报不可知（光伏+负载都用前一日实际）,2025-03-05,23:50-0:00+1,3.464106,1
① 双预报不可知（光伏+负载都用前一日实际）,2025-03-06,0:20-0:40,11.928894,2
① 双预报不可知（光伏+负载都用前一日实际）,2025-03-06,0:50-1:20,31.156714,3
① 双预报不可知（光伏+负载都用前一日实际）,2025-03-06,1:40-2:10,22.737642,3
① 双预报不可知（光伏+负载都用前一日实际）,2025-03-06,2:30-2:50,33.054583,2
① 双预报不可知（光伏+负载都用前一日实际）,2025-03-06,3:30-4:20,81.059503,5
① 双预报不可知（光伏+负载都用前一日实际）,2025-03-06,4:40-5:00,10.857028,2
① 双预报不可知（光伏+负载都用前一日实际）,2025-03-06,5:40-6:00,144.953906,2
① 双预报不可知（光伏+负载都用前一日实际）,2025-03-06,6:20-6:30,1.691186,1
① 双预报不可知（光伏+负载都用前一日实际）,2025-03-06,6:50-7:00,23.094103,1
① 双预报不可知（光伏+负载都用前一日实际）,2025-03-06,7:50-8:00,160.745319,1
① 双预报不可知（光伏+负载都用前一日实际）,2025-03-06,8:20-8:30,11.220556,1
① 双预报不可知（光伏+负载都用前一日实际）,2025-03-06,8:50-9:00,36.281806,1
① 双预报不可知（光伏+负载都用前一日实际）,2025-03-06,9:10-10:00,102.654147,5
① 双预报不可知（光伏+负载都用前一日实际）,2025-03-06,10:30-11:50,364.103856,8
① 双预报不可知（光伏+负载都用前一日实际）,2025-03-06,14:20-17:40,1390.879194,20
① 双预报不可知（光伏+负载都用前一日实际）,2025-03-06,18:10-19:00,55.603900,5
① 双预报不可知（光伏+负载都用前一日实际）,2025-03-06,19:30-19:40,2.741833,1
① 双预报不可知（光伏+负载都用前一日实际）,2025-03-06,20:40-21:40,188.984022,6
① 双预报不可知（光伏+负载都用前一日实际）,2025-03-06,22:10-23:20,147.107764,7
① 双预报不可知（光伏+负载都用前一日实际）,2025-03-08,0:00-0:10,3.678689,1
① 双预报不可知（光伏+负载都用前一日实际）,2025-03-08,0:50-1:00,2.014939,1
① 双预报不可知（光伏+负载都用前一日实际）,2025-03-08,1:40-3:00,275.442083,8
① 双预报不可知（光伏+负载都用前一日实际）,2025-03-08,3:20-5:40,141.176556,14
① 双预报不可知（光伏+负载都用前一日实际）,2025-03-08,6:40-8:00,129.966458,8
① 双预报不可知（光伏+负载都用前一日实际）,2025-03-08,10:10-10:20,23.058481,1
① 双预报不可知（光伏+负载都用前一日实际）,2025-03-08,10:30-11:00,129.119525,3
① 双预报不可知（光伏+负载都用前一日实际）,2025-03-08,11:10-11:30,127.922617,2
① 双预报不可知（光伏+负载都用前一日实际）,2025-03-08,11:40-11:50,77.113633,1
① 双预报不可知（光伏+负载都用前一日实际）,2025-03-08,16:00-16:50,137.323233,5
① 双预报不可知（光伏+负载都用前一日实际）,2025-03-08,17:40-19:00,31.541544,8
① 双预报不可知（光伏+负载都用前一日实际）,2025-03-08,19:10-20:10,61.474219,6
① 双预报不可知（光伏+负载都用前一日实际）,2025-03-08,21:10-21:40,59.598442,3
① 双预报不可知（光伏+负载都用前一日实际）,2025-03-08,22:00-22:50,91.779494,5
① 双预报不可知（光伏+负载都用前一日实际）,2025-03-08,23:40-0:00+1,169.832372,2
① 双预报不可知（光伏+负载都用前一日实际）,2025-03-09,0:00-10:20,15935.740331,62
① 双预报不可知（光伏+负载都用前一日实际）,2025-03-09,10:30-10:50,947.631728,2
① 双预报不可知（光伏+负载都用前一日实际）,2025-03-09,11:10-11:30,975.213583,2
① 双预报不可知（光伏+负载都用前一日实际）,2025-03-09,11:40-11:50,364.249475,1
① 双预报不可知（光伏+负载都用前一日实际）,2025-03-09,12:10-12:50,961.710217,4
① 双预报不可知（光伏+负载都用前一日实际）,2025-03-09,13:50-0:00+1,18326.610567,61
① 双预报不可知（光伏+负载都用前一日实际）,2025-03-10,0:00-1:20,151.672106,8
① 双预报不可知（光伏+负载都用前一日实际）,2025-03-10,1:30-1:50,9.747389,2
① 双预报不可知（光伏+负载都用前一日实际）,2025-03-10,2:00-2:30,62.929175,3
① 双预报不可知（光伏+负载都用前一日实际）,2025-03-10,3:20-3:30,7.290397,1
① 双预报不可知（光伏+负载都用前一日实际）,2025-03-10,4:10-5:00,67.334086,5
① 双预报不可知（光伏+负载都用前一日实际）,2025-03-10,5:40-6:10,214.913878,3
① 双预报不可知（光伏+负载都用前一日实际）,2025-03-10,6:40-7:00,23.096200,2
① 双预报不可知（光伏+负载都用前一日实际）,2025-03-10,7:20-7:30,10.331364,1
① 双预报不可知（光伏+负载都用前一日实际）,2025-03-10,7:50-8:10,284.735603,2
① 双预报不可知（光伏+负载都用前一日实际）,2025-03-10,8:30-10:30,793.357125,12
① 双预报不可知（光伏+负载都用前一日实际）,2025-03-10,10:40-13:30,3545.069678,17
① 双预报不可知（光伏+负载都用前一日实际）,2025-03-10,14:40-16:00,162.632778,8
① 双预报不可知（光伏+负载都用前一日实际）,2025-03-10,16:20-17:40,445.804122,8
① 双预报不可知（光伏+负载都用前一日实际）,2025-03-10,18:50-20:00,196.472556,7
① 双预报不可知（光伏+负载都用前一日实际）,2025-03-10,20:30-20:50,11.544350,2
① 双预报不可知（光伏+负载都用前一日实际）,2025-03-10,21:00-21:40,175.438778,4
① 双预报不可知（光伏+负载都用前一日实际）,2025-03-10,22:10-23:00,164.582489,5
① 双预报不可知（光伏+负载都用前一日实际）,2025-03-10,23:10-23:30,42.497778,2
① 双预报不可知（光伏+负载都用前一日实际）,2025-03-10,23:50-0:00+1,15.398081,1
① 双预报不可知（光伏+负载都用前一日实际）,2025-03-11,0:00-0:10,1.830428,1
① 双预报不可知（光伏+负载都用前一日实际）,2025-03-11,0:30-0:40,1.203044,1
① 双预报不可知（光伏+负载都用前一日实际）,2025-03-11,1:00-1:20,40.323783,2
① 双预报不可知（光伏+负载都用前一日实际）,2025-03-11,1:40-1:50,8.490800,1
① 双预报不可知（光伏+负载都用前一日实际）,2025-03-11,4:00-4:20,26.043056,2
① 双预报不可知（光伏+负载都用前一日实际）,2025-03-11,4:50-5:00,12.750136,1
① 双预报不可知（光伏+负载都用前一日实际）,2025-03-11,5:40-6:00,143.700283,2
① 双预报不可知（光伏+负载都用前一日实际）,2025-03-11,6:20-6:50,31.054092,3
① 双预报不可知（光伏+负载都用前一日实际）,2025-03-11,7:50-8:00,175.266242,1
① 双预报不可知（光伏+负载都用前一日实际）,2025-03-11,10:10-10:20,45.999144,1
① 双预报不可知（光伏+负载都用前一日实际）,2025-03-11,14:00-16:30,773.377667,15
① 双预报不可知（光伏+负载都用前一日实际）,2025-03-11,16:40-17:40,270.235344,6
① 双预报不可知（光伏+负载都用前一日实际）,2025-03-11,18:10-18:30,27.166700,2
① 双预报不可知（光伏+负载都用前一日实际）,2025-03-11,19:20-19:30,4.679658,1
① 双预报不可知（光伏+负载都用前一日实际）,2025-03-11,20:00-20:20,16.643550,2
① 双预报不可知（光伏+负载都用前一日实际）,2025-03-11,20:50-21:40,198.493697,5
① 双预报不可知（光伏+负载都用前一日实际）,2025-03-11,22:10-22:20,4.974128,1
① 双预报不可知（光伏+负载都用前一日实际）,2025-03-11,22:30-22:40,12.171511,1
① 双预报不可知（光伏+负载都用前一日实际）,2025-03-12,0:10-0:40,27.054550,3
① 双预报不可知（光伏+负载都用前一日实际）,2025-03-12,1:30-1:50,34.462156,2
① 双预报不可知（光伏+负载都用前一日实际）,2025-03-12,2:00-2:20,49.203683,2
① 双预报不可知（光伏+负载都用前一日实际）,2025-03-12,2:40-4:00,245.440083,8
① 双预报不可知（光伏+负载都用前一日实际）,2025-03-12,4:30-4:50,32.389533,2
① 双预报不可知（光伏+负载都用前一日实际）,2025-03-12,5:40-6:00,189.631994,2
① 双预报不可知（光伏+负载都用前一日实际）,2025-03-12,6:30-6:50,55.570222,2
① 双预报不可知（光伏+负载都用前一日实际）,2025-03-12,7:50-8:10,235.172044,2
① 双预报不可知（光伏+负载都用前一日实际）,2025-03-12,9:00-9:20,99.466206,2
① 双预报不可知（光伏+负载都用前一日实际）,2025-03-12,13:40-14:10,14.872900,3
① 双预报不可知（光伏+负载都用前一日实际）,2025-03-12,16:50-17:40,329.245439,5
① 双预报不可知（光伏+负载都用前一日实际）,2025-03-12,18:10-18:40,69.184783,3
① 双预报不可知（光伏+负载都用前一日实际）,2025-03-12,19:00-19:30,11.033300,3
① 双预报不可知（光伏+负载都用前一日实际）,2025-03-12,19:40-21:40,242.927756,12
① 双预报不可知（光伏+负载都用前一日实际）,2025-03-12,22:10-0:00+1,294.757211,11
① 双预报不可知（光伏+负载都用前一日实际）,2025-03-13,0:00-0:50,128.088431,5
① 双预报不可知（光伏+负载都用前一日实际）,2025-03-13,1:40-2:00,36.570906,2
① 双预报不可知（光伏+负载都用前一日实际）,2025-03-13,2:40-3:00,28.050150,2
① 双预报不可知（光伏+负载都用前一日实际）,2025-03-13,4:10-4:20,1.170636,1
① 双预报不可知（光伏+负载都用前一日实际）,2025-03-13,4:40-5:00,27.829072,2
① 双预报不可知（光伏+负载都用前一日实际）,2025-03-13,5:40-6:10,221.022064,3
① 双预报不可知（光伏+负载都用前一日实际）,2025-03-13,6:20-6:30,4.106897,1
① 双预报不可知（光伏+负载都用前一日实际）,2025-03-13,7:40-8:00,297.097700,2
① 双预报不可知（光伏+负载都用前一日实际）,2025-03-13,8:40-14:00,5911.902906,32
① 双预报不可知（光伏+负载都用前一日实际）,2025-03-13,14:40-14:50,1.637256,1
① 双预报不可知（光伏+负载都用前一日实际）,2025-03-13,16:40-17:40,252.745672,6
① 双预报不可知（光伏+负载都用前一日实际）,2025-03-13,18:10-18:50,25.454083,4
① 双预报不可知（光伏+负载都用前一日实际）,2025-03-13,19:00-20:20,161.064122,8
① 双预报不可知（光伏+负载都用前一日实际）,2025-03-13,20:40-21:40,168.418022,6
① 双预报不可知（光伏+负载都用前一日实际）,2025-03-13,22:10-22:20,3.455156,1
① 双预报不可知（光伏+负载都用前一日实际）,2025-03-13,23:00-23:40,65.693733,4
① 双预报不可知（光伏+负载都用前一日实际）,2025-03-15,0:00-1:20,152.868700,8
① 双预报不可知（光伏+负载都用前一日实际）,2025-03-15,1:50-2:50,142.878447,6
① 双预报不可知（光伏+负载都用前一日实际）,2025-03-15,3:40-4:00,6.302567,2
① 双预报不可知（光伏+负载都用前一日实际）,2025-03-15,4:20-4:30,5.009756,1
① 双预报不可知（光伏+负载都用前一日实际）,2025-03-15,5:00-5:20,37.650044,2
① 双预报不可知（光伏+负载都用前一日实际）,2025-03-15,5:50-6:00,4.455039,1
① 双预报不可知（光伏+负载都用前一日实际）,2025-03-15,6:10-6:30,17.177467,2
① 双预报不可知（光伏+负载都用前一日实际）,2025-03-15,6:40-7:50,211.430367,7
① 双预报不可知（光伏+负载都用前一日实际）,2025-03-15,8:40-9:40,588.613539,6
① 双预报不可知（光伏+负载都用前一日实际）,2025-03-15,10:00-10:20,425.042025,2
① 双预报不可知（光伏+负载都用前一日实际）,2025-03-15,10:30-10:50,493.761056,2
① 双预报不可知（光伏+负载都用前一日实际）,2025-03-15,11:10-11:30,465.576628,2
① 双预报不可知（光伏+负载都用前一日实际）,2025-03-15,11:40-11:50,377.760481,1
① 双预报不可知（光伏+负载都用前一日实际）,2025-03-15,12:10-12:40,465.925400,3
① 双预报不可知（光伏+负载都用前一日实际）,2025-03-15,13:50-14:10,68.250872,2
① 双预报不可知（光伏+负载都用前一日实际）,2025-03-15,16:00-16:10,11.895194,1
① 双预报不可知（光伏+负载都用前一日实际）,2025-03-15,18:00-19:30,160.940642,9
① 双预报不可知（光伏+负载都用前一日实际）,2025-03-15,20:00-20:20,15.331683,2
① 双预报不可知（光伏+负载都用前一日实际）,2025-03-15,20:30-21:50,369.787567,8
① 双预报不可知（光伏+负载都用前一日实际）,2025-03-15,22:00-22:20,23.415389,2
① 双预报不可知（光伏+负载都用前一日实际）,2025-03-15,22:30-23:00,78.406883,3
① 双预报不可知（光伏+负载都用前一日实际）,2025-03-15,23:20-0:00+1,284.413367,4
① 双预报不可知（光伏+负载都用前一日实际）,2025-03-16,0:00-9:50,14269.396578,59
① 双预报不可知（光伏+负载都用前一日实际）,2025-03-16,10:00-10:20,582.942211,2
① 双预报不可知（光伏+负载都用前一日实际）,2025-03-16,10:30-11:30,1417.749800,6
① 双预报不可知（光伏+负载都用前一日实际）,2025-03-16,11:40-11:50,162.672922,1
① 双预报不可知（光伏+负载都用前一日实际）,2025-03-16,12:10-12:50,1444.100217,4
① 双预报不可知（光伏+负载都用前一日实际）,2025-03-16,13:10-13:30,28.464733,2
① 双预报不可知（光伏+负载都用前一日实际）,2025-03-16,13:40-0:00+1,19079.229711,62
① 双预报不可知（光伏+负载都用前一日实际）,2025-03-17,0:20-0:30,12.535869,1
① 双预报不可知（光伏+负载都用前一日实际）,2025-03-17,1:10-1:20,5.576286,1
① 双预报不可知（光伏+负载都用前一日实际）,2025-03-17,1:50-2:20,50.154647,3
① 双预报不可知（光伏+负载都用前一日实际）,2025-03-17,2:30-2:50,11.435578,2
① 双预报不可知（光伏+负载都用前一日实际）,2025-03-17,3:20-3:30,3.143236,1
① 双预报不可知（光伏+负载都用前一日实际）,2025-03-17,3:50-4:10,52.858406,2
① 双预报不可知（光伏+负载都用前一日实际）,2025-03-17,4:30-4:50,49.327156,2
① 双预报不可知（光伏+负载都用前一日实际）,2025-03-17,5:50-6:00,141.810508,1
① 双预报不可知（光伏+负载都用前一日实际）,2025-03-17,7:50-8:00,105.274389,1
① 双预报不可知（光伏+负载都用前一日实际）,2025-03-17,10:50-11:00,26.901275,1
① 双预报不可知（光伏+负载都用前一日实际）,2025-03-17,11:20-11:30,23.202150,1
① 双预报不可知（光伏+负载都用前一日实际）,2025-03-17,16:10-16:40,23.208017,3
① 双预报不可知（光伏+负载都用前一日实际）,2025-03-17,17:00-17:40,223.614861,4
① 双预报不可知（光伏+负载都用前一日实际）,2025-03-17,18:30-18:50,19.351444,2
① 双预报不可知（光伏+负载都用前一日实际）,2025-03-17,19:20-20:10,117.726000,5
① 双预报不可知（光伏+负载都用前一日实际）,2025-03-17,20:20-21:50,266.260119,9
① 双预报不可知（光伏+负载都用前一日实际）,2025-03-17,22:20-22:40,12.503733,2
① 双预报不可知（光伏+负载都用前一日实际）,2025-03-17,23:20-23:30,7.681408,1
① 双预报不可知（光伏+负载都用前一日实际）,2025-03-18,0:10-0:40,38.385642,3
① 双预报不可知（光伏+负载都用前一日实际）,2025-03-18,1:30-1:50,15.051233,2
① 双预报不可知（光伏+负载都用前一日实际）,2025-03-18,2:10-2:20,6.868622,1
① 双预报不可知（光伏+负载都用前一日实际）,2025-03-18,3:20-3:30,17.572928,1
① 双预报不可知（光伏+负载都用前一日实际）,2025-03-18,4:00-4:50,111.116517,5
① 双预报不可知（光伏+负载都用前一日实际）,2025-03-18,5:50-6:10,172.072314,2
① 双预报不可知（光伏+负载都用前一日实际）,2025-03-18,6:50-7:00,34.051886,1
① 双预报不可知（光伏+负载都用前一日实际）,2025-03-18,7:40-10:20,2758.027944,16
① 双预报不可知（光伏+负载都用前一日实际）,2025-03-18,11:00-12:30,928.258900,9
① 双预报不可知（光伏+负载都用前一日实际）,2025-03-18,13:50-15:10,485.515714,8
① 双预报不可知（光伏+负载都用前一日实际）,2025-03-18,16:30-16:40,1.820425,1
① 双预报不可知（光伏+负载都用前一日实际）,2025-03-18,17:00-17:40,301.205050,4
① 双预报不可知（光伏+负载都用前一日实际）,2025-03-18,18:10-18:40,61.826058,3
① 双预报不可知（光伏+负载都用前一日实际）,2025-03-18,18:50-19:30,36.771572,4
① 双预报不可知（光伏+负载都用前一日实际）,2025-03-18,21:00-21:40,96.657722,4
① 双预报不可知（光伏+负载都用前一日实际）,2025-03-18,22:00-23:10,144.710875,7
① 双预报不可知（光伏+负载都用前一日实际）,2025-03-18,23:30-0:00+1,47.728008,3
① 双预报不可知（光伏+负载都用前一日实际）,2025-03-19,0:00-0:10,10.664742,1
① 双预报不可知（光伏+负载都用前一日实际）,2025-03-19,0:40-1:00,19.798950,2
① 双预报不可知（光伏+负载都用前一日实际）,2025-03-19,1:40-2:20,105.560544,4
① 双预报不可知（光伏+负载都用前一日实际）,2025-03-19,2:30-3:40,145.839703,7
① 双预报不可知（光伏+负载都用前一日实际）,2025-03-19,5:40-6:30,320.917414,5
① 双预报不可知（光伏+负载都用前一日实际）,2025-03-19,7:40-8:00,221.359678,2
① 双预报不可知（光伏+负载都用前一日实际）,2025-03-19,9:00-9:10,16.173189,1
① 双预报不可知（光伏+负载都用前一日实际）,2025-03-19,9:20-9:40,11.719311,2
① 双预报不可知（光伏+负载都用前一日实际）,2025-03-19,10:20-10:40,7.165972,2
① 双预报不可知（光伏+负载都用前一日实际）,2025-03-19,12:50-13:10,12.198206,2
① 双预报不可知（光伏+负载都用前一日实际）,2025-03-19,14:20-14:50,84.545558,3
① 双预报不可知（光伏+负载都用前一日实际）,2025-03-19,15:20-15:40,55.967006,2
① 双预报不可知（光伏+负载都用前一日实际）,2025-03-19,17:00-17:40,240.485539,4
① 双预报不可知（光伏+负载都用前一日实际）,2025-03-19,18:40-19:10,21.193114,3
① 双预报不可知（光伏+负载都用前一日实际）,2025-03-19,19:50-20:20,28.462658,3
① 双预报不可知（光伏+负载都用前一日实际）,2025-03-19,20:30-21:50,241.084861,8
① 双预报不可知（光伏+负载都用前一日实际）,2025-03-19,23:10-23:20,1.375867,1
① 双预报不可知（光伏+负载都用前一日实际）,2025-03-19,23:50-0:00+1,8.988183,1
① 双预报不可知（光伏+负载都用前一日实际）,2025-03-20,0:10-0:40,97.742142,3
① 双预报不可知（光伏+负载都用前一日实际）,2025-03-20,0:50-2:00,120.589353,7
① 双预报不可知（光伏+负载都用前一日实际）,2025-03-20,3:00-4:00,94.712767,6
① 双预报不可知（光伏+负载都用前一日实际）,2025-03-20,4:40-5:00,30.240433,2
① 双预报不可知（光伏+负载都用前一日实际）,2025-03-20,5:40-6:10,226.539611,3
① 双预报不可知（光伏+负载都用前一日实际）,2025-03-20,6:40-7:00,9.504761,2
① 双预报不可知（光伏+负载都用前一日实际）,2025-03-20,7:50-8:00,196.925369,1
① 双预报不可知（光伏+负载都用前一日实际）,2025-03-20,9:40-11:50,980.703131,13
① 双预报不可知（光伏+负载都用前一日实际）,2025-03-20,12:10-13:50,1175.928450,10
① 双预报不可知（光伏+负载都用前一日实际）,2025-03-20,14:00-14:20,70.106628,2
① 双预报不可知（光伏+负载都用前一日实际）,2025-03-20,14:50-17:40,1187.610903,17
① 双预报不可知（光伏+负载都用前一日实际）,2025-03-20,18:10-18:20,29.055206,1
① 双预报不可知（光伏+负载都用前一日实际）,2025-03-20,18:30-19:20,139.405661,5
① 双预报不可知（光伏+负载都用前一日实际）,2025-03-20,19:30-20:20,144.522661,5
① 双预报不可知（光伏+负载都用前一日实际）,2025-03-20,20:40-20:50,2.562547,1
① 双预报不可知（光伏+负载都用前一日实际）,2025-03-20,21:00-21:40,172.846906,4
① 双预报不可知（光伏+负载都用前一日实际）,2025-03-20,22:10-22:30,11.131667,2
① 双预报不可知（光伏+负载都用前一日实际）,2025-03-20,22:50-23:10,12.623447,2
① 双预报不可知（光伏+负载都用前一日实际）,2025-03-20,23:30-23:40,46.919847,1
① 双预报不可知（光伏+负载都用前一日实际）,2025-03-22,0:50-1:00,5.896461,1
① 双预报不可知（光伏+负载都用前一日实际）,2025-03-22,1:30-1:50,45.253700,2
① 双预报不可知（光伏+负载都用前一日实际）,2025-03-22,2:40-2:50,9.191794,1
① 双预报不可知（光伏+负载都用前一日实际）,2025-03-22,4:00-4:20,7.322222,2
① 双预报不可知（光伏+负载都用前一日实际）,2025-03-22,4:30-5:20,77.366956,5
① 双预报不可知（光伏+负载都用前一日实际）,2025-03-22,5:40-5:50,4.020769,1
① 双预报不可知（光伏+负载都用前一日实际）,2025-03-22,6:50-7:00,30.377533,1
① 双预报不可知（光伏+负载都用前一日实际）,2025-03-22,7:30-7:50,80.508133,2
① 双预报不可知（光伏+负载都用前一日实际）,2025-03-22,8:00-8:10,76.199967,1
① 双预报不可知（光伏+负载都用前一日实际）,2025-03-22,8:20-8:50,203.439550,3
① 双预报不可知（光伏+负载都用前一日实际）,2025-03-22,9:00-9:10,65.879625,1
① 双预报不可知（光伏+负载都用前一日实际）,2025-03-22,10:00-10:10,20.038897,1
① 双预报不可知（光伏+负载都用前一日实际）,2025-03-22,10:20-10:40,57.090711,2
① 双预报不可知（光伏+负载都用前一日实际）,2025-03-22,11:30-11:50,166.405767,2
① 双预报不可知（光伏+负载都用前一日实际）,2025-03-22,12:10-12:20,41.181981,1
① 双预报不可知（光伏+负载都用前一日实际）,2025-03-22,12:30-12:50,310.333261,2
① 双预报不可知（光伏+负载都用前一日实际）,2025-03-22,13:00-13:30,402.036383,3
① 双预报不可知（光伏+负载都用前一日实际）,2025-03-22,14:30-14:40,4.845303,1
① 双预报不可知（光伏+负载都用前一日实际）,2025-03-22,14:50-15:20,169.281358,3
① 双预报不可知（光伏+负载都用前一日实际）,2025-03-22,15:50-16:40,252.341017,5
① 双预报不可知（光伏+负载都用前一日实际）,2025-03-22,17:00-17:30,61.919400,3
① 双预报不可知（光伏+负载都用前一日实际）,2025-03-22,17:50-18:00,1.923383,1
① 双预报不可知（光伏+负载都用前一日实际）,2025-03-22,18:10-18:30,30.303806,2
① 双预报不可知（光伏+负载都用前一日实际）,2025-03-22,18:50-19:00,14.482636,1
① 双预报不可知（光伏+负载都用前一日实际）,2025-03-22,21:00-21:40,85.507906,4
① 双预报不可知（光伏+负载都用前一日实际）,2025-03-22,22:20-22:30,5.237242,1
① 双预报不可知（光伏+负载都用前一日实际）,2025-03-22,23:10-23:30,56.490078,2
① 双预报不可知（光伏+负载都用前一日实际）,2025-03-22,23:40-0:00+1,230.888794,2
① 双预报不可知（光伏+负载都用前一日实际）,2025-03-23,0:00-10:20,15364.201314,62
① 双预报不可知（光伏+负载都用前一日实际）,2025-03-23,10:30-10:50,1096.569450,2
① 双预报不可知（光伏+负载都用前一日实际）,2025-03-23,11:10-11:30,948.817561,2
① 双预报不可知（光伏+负载都用前一日实际）,2025-03-23,11:40-11:50,412.834814,1
① 双预报不可知（光伏+负载都用前一日实际）,2025-03-23,12:10-12:50,1355.166519,4
① 双预报不可知（光伏+负载都用前一日实际）,2025-03-23,13:50-14:10,458.692600,2
① 双预报不可知（光伏+负载都用前一日实际）,2025-03-23,14:30-0:00+1,16077.768997,57
① 双预报不可知（光伏+负载都用前一日实际）,2025-03-24,0:00-0:10,15.985950,1
① 双预报不可知（光伏+负载都用前一日实际）,2025-03-24,1:40-2:00,23.337417,2
① 双预报不可知（光伏+负载都用前一日实际）,2025-03-24,2:20-2:30,3.990056,1
① 双预报不可知（光伏+负载都用前一日实际）,2025-03-24,3:20-3:40,33.221589,2
① 双预报不可知（光伏+负载都用前一日实际）,2025-03-24,5:40-6:10,179.612133,3
① 双预报不可知（光伏+负载都用前一日实际）,2025-03-24,7:40-8:10,271.607669,3
① 双预报不可知（光伏+负载都用前一日实际）,2025-03-24,8:20-9:10,170.938847,5
① 双预报不可知（光伏+负载都用前一日实际）,2025-03-24,13:20-17:40,2268.415028,26
① 双预报不可知（光伏+负载都用前一日实际）,2025-03-24,18:10-18:30,27.002611,2
① 双预报不可知（光伏+负载都用前一日实际）,2025-03-24,20:30-21:40,137.598153,7
① 双预报不可知（光伏+负载都用前一日实际）,2025-03-24,22:10-22:30,20.952589,2
① 双预报不可知（光伏+负载都用前一日实际）,2025-03-24,22:40-23:10,57.239900,3
① 双预报不可知（光伏+负载都用前一日实际）,2025-03-24,23:30-0:00+1,147.117383,3
① 双预报不可知（光伏+负载都用前一日实际）,2025-03-25,0:00-0:30,64.540492,3
① 双预报不可知（光伏+负载都用前一日实际）,2025-03-25,0:40-1:00,53.912983,2
① 双预报不可知（光伏+负载都用前一日实际）,2025-03-25,1:20-2:20,130.168072,6
① 双预报不可知（光伏+负载都用前一日实际）,2025-03-25,2:30-3:20,65.737981,5
① 双预报不可知（光伏+负载都用前一日实际）,2025-03-25,3:40-4:20,93.622317,4
① 双预报不可知（光伏+负载都用前一日实际）,2025-03-25,4:40-4:50,6.129714,1
① 双预报不可知（光伏+负载都用前一日实际）,2025-03-25,5:40-7:00,256.444389,8
① 双预报不可知（光伏+负载都用前一日实际）,2025-03-25,7:40-8:00,221.304356,2
① 双预报不可知（光伏+负载都用前一日实际）,2025-03-25,8:40-9:10,187.784836,3
① 双预报不可知（光伏+负载都用前一日实际）,2025-03-25,9:20-12:20,2760.475178,18
① 双预报不可知（光伏+负载都用前一日实际）,2025-03-25,12:40-13:20,342.809283,4
① 双预报不可知（光伏+负载都用前一日实际）,2025-03-25,15:30-15:50,67.809411,2
① 双预报不可知（光伏+负载都用前一日实际）,2025-03-25,16:00-17:40,413.268144,10
① 双预报不可知（光伏+负载都用前一日实际）,2025-03-25,18:40-20:30,226.439936,11
① 双预报不可知（光伏+负载都用前一日实际）,2025-03-25,20:50-21:40,247.688914,5
① 双预报不可知（光伏+负载都用前一日实际）,2025-03-25,22:00-22:20,5.776089,2
① 双预报不可知（光伏+负载都用前一日实际）,2025-03-25,22:30-22:50,61.680989,2
① 双预报不可知（光伏+负载都用前一日实际）,2025-03-25,23:10-23:30,19.422706,2
① 双预报不可知（光伏+负载都用前一日实际）,2025-03-26,1:30-2:00,61.119792,3
① 双预报不可知（光伏+负载都用前一日实际）,2025-03-26,3:00-3:20,17.899017,2
① 双预报不可知（光伏+负载都用前一日实际）,2025-03-26,3:40-3:50,3.563725,1
① 双预报不可知（光伏+负载都用前一日实际）,2025-03-26,4:00-4:50,79.920289,5
① 双预报不可知（光伏+负载都用前一日实际）,2025-03-26,5:40-6:00,198.805217,2
① 双预报不可知（光伏+负载都用前一日实际）,2025-03-26,7:40-8:20,464.776744,4
① 双预报不可知（光伏+负载都用前一日实际）,2025-03-26,13:10-14:10,506.493281,6
① 双预报不可知（光伏+负载都用前一日实际）,2025-03-26,17:00-17:40,238.817489,4
① 双预报不可知（光伏+负载都用前一日实际）,2025-03-26,18:20-18:30,0.371444,1
① 双预报不可知（光伏+负载都用前一日实际）,2025-03-26,18:40-19:00,24.770006,2
① 双预报不可知（光伏+负载都用前一日实际）,2025-03-26,19:50-20:20,45.793992,3
① 双预报不可知（光伏+负载都用前一日实际）,2025-03-26,21:00-21:40,152.992106,4
① 双预报不可知（光伏+负载都用前一日实际）,2025-03-26,22:00-22:20,40.413800,2
① 双预报不可知（光伏+负载都用前一日实际）,2025-03-26,22:40-22:50,4.140317,1
① 双预报不可知（光伏+负载都用前一日实际）,2025-03-26,23:20-23:40,26.612578,2
① 双预报不可知（光伏+负载都用前一日实际）,2025-03-26,23:50-0:00+1,12.078447,1
① 双预报不可知（光伏+负载都用前一日实际）,2025-03-27,0:20-1:00,32.480661,4
① 双预报不可知（光伏+负载都用前一日实际）,2025-03-27,1:10-1:30,40.518439,2
① 双预报不可知（光伏+负载都用前一日实际）,2025-03-27,1:50-3:00,209.013803,7
① 双预报不可知（光伏+负载都用前一日实际）,2025-03-27,3:50-4:00,21.917214,1
① 双预报不可知（光伏+负载都用前一日实际）,2025-03-27,4:20-5:00,78.630944,4
① 双预报不可知（光伏+负载都用前一日实际）,2025-03-27,5:40-6:00,135.279406,2
① 双预报不可知（光伏+负载都用前一日实际）,2025-03-27,6:20-6:50,36.276933,3
① 双预报不可知（光伏+负载都用前一日实际）,2025-03-27,7:50-8:10,229.159722,2
① 双预报不可知（光伏+负载都用前一日实际）,2025-03-27,8:20-8:30,1.297897,1
① 双预报不可知（光伏+负载都用前一日实际）,2025-03-27,8:50-11:50,2048.686200,18
① 双预报不可知（光伏+负载都用前一日实际）,2025-03-27,12:30-15:10,1114.055106,16
① 双预报不可知（光伏+负载都用前一日实际）,2025-03-27,15:20-17:40,927.035650,14
① 双预报不可知（光伏+负载都用前一日实际）,2025-03-27,18:10-18:20,3.546919,1
① 双预报不可知（光伏+负载都用前一日实际）,2025-03-27,18:40-19:10,76.502111,3
① 双预报不可知（光伏+负载都用前一日实际）,2025-03-27,19:40-20:00,40.050344,2
① 双预报不可知（光伏+负载都用前一日实际）,2025-03-27,20:30-21:50,276.686189,8
① 双预报不可知（光伏+负载都用前一日实际）,2025-03-27,22:40-23:20,83.211633,4
① 双预报不可知（光伏+负载都用前一日实际）,2025-03-27,23:30-23:40,2.006722,1
① 双预报不可知（光伏+负载都用前一日实际）,2025-03-29,0:00-0:30,46.596092,3
① 双预报不可知（光伏+负载都用前一日实际）,2025-03-29,0:40-1:00,60.226144,2
① 双预报不可知（光伏+负载都用前一日实际）,2025-03-29,1:20-1:30,8.994389,1
① 双预报不可知（光伏+负载都用前一日实际）,2025-03-29,2:00-2:10,1.639667,1
① 双预报不可知（光伏+负载都用前一日实际）,2025-03-29,2:40-3:00,27.013133,2
① 双预报不可知（光伏+负载都用前一日实际）,2025-03-29,4:00-5:10,129.754742,7
① 双预报不可知（光伏+负载都用前一日实际）,2025-03-29,6:40-7:00,92.838300,2
① 双预报不可知（光伏+负载都用前一日实际）,2025-03-29,8:50-9:00,20.670611,1
① 双预报不可知（光伏+负载都用前一日实际）,2025-03-29,10:20-10:30,8.484619,1
① 双预报不可知（光伏+负载都用前一日实际）,2025-03-29,15:30-15:40,11.959481,1
① 双预报不可知（光伏+负载都用前一日实际）,2025-03-29,15:50-16:50,413.994564,6
① 双预报不可知（光伏+负载都用前一日实际）,2025-03-29,17:00-17:30,46.050425,3
① 双预报不可知（光伏+负载都用前一日实际）,2025-03-29,18:00-19:00,113.142750,6
① 双预报不可知（光伏+负载都用前一日实际）,2025-03-29,19:20-19:30,6.950208,1
① 双预报不可知（光伏+负载都用前一日实际）,2025-03-29,19:50-21:40,206.592225,11
① 双预报不可知（光伏+负载都用前一日实际）,2025-03-29,22:10-23:00,81.434819,5
① 双预报不可知（光伏+负载都用前一日实际）,2025-03-29,23:40-0:00+1,190.303000,2
① 双预报不可知（光伏+负载都用前一日实际）,2025-03-30,0:00-10:10,15423.305422,61
① 双预报不可知（光伏+负载都用前一日实际）,2025-03-30,10:20-10:30,461.047033,1
① 双预报不可知（光伏+负载都用前一日实际）,2025-03-30,11:00-11:30,1361.432450,3
① 双预报不可知（光伏+负载都用前一日实际）,2025-03-30,11:50-12:00,422.405833,1
① 双预报不可知（光伏+负载都用前一日实际）,2025-03-30,12:20-13:10,2005.916258,5
① 双预报不可知（光伏+负载都用前一日实际）,2025-03-30,13:20-13:30,463.555919,1
① 双预报不可知（光伏+负载都用前一日实际）,2025-03-30,13:50-14:00,594.572169,1
① 双预报不可知（光伏+负载都用前一日实际）,2025-03-30,14:10-0:00+1,16162.790931,59
① 双预报不可知（光伏+负载都用前一日实际）,2025-03-31,0:00-0:20,35.068878,2
① 双预报不可知（光伏+负载都用前一日实际）,2025-03-31,0:40-1:00,16.890094,2
① 双预报不可知（光伏+负载都用前一日实际）,2025-03-31,1:30-2:30,66.202367,6
① 双预报不可知（光伏+负载都用前一日实际）,2025-03-31,4:40-5:00,43.877228,2
① 双预报不可知（光伏+负载都用前一日实际）,2025-03-31,5:40-6:00,194.473133,2
① 双预报不可知（光伏+负载都用前一日实际）,2025-03-31,7:50-8:00,174.912786,1
① 双预报不可知（光伏+负载都用前一日实际）,2025-03-31,10:20-10:40,113.356078,2
① 双预报不可知（光伏+负载都用前一日实际）,2025-03-31,11:00-14:20,2492.593872,20
① 双预报不可知（光伏+负载都用前一日实际）,2025-03-31,14:30-15:20,322.283161,5
① 双预报不可知（光伏+负载都用前一日实际）,2025-03-31,15:30-17:40,978.668000,13
① 双预报不可知（光伏+负载都用前一日实际）,2025-03-31,19:20-20:30,61.479297,7
① 双预报不可知（光伏+负载都用前一日实际）,2025-03-31,20:40-21:40,250.853117,6
① 双预报不可知（光伏+负载都用前一日实际）,2025-03-31,23:20-23:30,16.055472,1
① 双预报不可知（光伏+负载都用前一日实际）,2025-04-01,0:00-0:20,10.981406,2
① 双预报不可知（光伏+负载都用前一日实际）,2025-04-01,0:40-1:00,4.283022,2
① 双预报不可知（光伏+负载都用前一日实际）,2025-04-01,1:10-1:30,27.327050,2
① 双预报不可知（光伏+负载都用前一日实际）,2025-04-01,1:50-3:50,322.921533,12
① 双预报不可知（光伏+负载都用前一日实际）,2025-04-01,4:00-5:00,130.592617,6
① 双预报不可知（光伏+负载都用前一日实际）,2025-04-01,5:40-6:20,182.134289,4
① 双预报不可知（光伏+负载都用前一日实际）,2025-04-01,6:30-7:00,41.467208,3
① 双预报不可知（光伏+负载都用前一日实际）,2025-04-01,7:50-8:10,241.114722,2
① 双预报不可知（光伏+负载都用前一日实际）,2025-04-01,8:40-10:20,895.112378,10
① 双预报不可知（光伏+负载都用前一日实际）,2025-04-01,10:30-13:00,2504.981942,15
① 双预报不可知（光伏+负载都用前一日实际）,2025-04-01,13:20-13:40,47.772306,2
① 双预报不可知（光伏+负载都用前一日实际）,2025-04-01,15:10-15:30,32.700272,2
① 双预报不可知（光伏+负载都用前一日实际）,2025-04-01,16:00-16:20,56.628761,2
① 双预报不可知（光伏+负载都用前一日实际）,2025-04-01,17:00-17:50,278.063272,5
① 双预报不可知（光伏+负载都用前一日实际）,2025-04-01,18:10-18:20,4.238567,1
① 双预报不可知（光伏+负载都用前一日实际）,2025-04-01,18:40-19:50,108.665344,7
① 双预报不可知（光伏+负载都用前一日实际）,2025-04-01,20:00-21:40,263.736533,10
① 双预报不可知（光伏+负载都用前一日实际）,2025-04-01,22:10-22:20,15.225114,1
① 双预报不可知（光伏+负载都用前一日实际）,2025-04-01,22:40-23:30,62.122003,5
① 双预报不可知（光伏+负载都用前一日实际）,2025-04-01,23:50-0:00+1,19.069303,1
① 双预报不可知（光伏+负载都用前一日实际）,2025-04-02,0:00-0:20,20.445606,2
① 双预报不可知（光伏+负载都用前一日实际）,2025-04-02,1:30-1:40,0.427397,1
① 双预报不可知（光伏+负载都用前一日实际）,2025-04-02,3:00-5:00,132.605450,12
① 双预报不可知（光伏+负载都用前一日实际）,2025-04-02,5:40-6:30,236.614683,5
① 双预报不可知（光伏+负载都用前一日实际）,2025-04-02,7:10-11:10,3004.437761,24
① 双预报不可知（光伏+负载都用前一日实际）,2025-04-02,14:20-14:30,18.125211,1
① 双预报不可知（光伏+负载都用前一日实际）,2025-04-02,17:20-17:40,84.329694,2
① 双预报不可知（光伏+负载都用前一日实际）,2025-04-02,18:00-18:50,83.186706,5
① 双预报不可知（光伏+负载都用前一日实际）,2025-04-02,19:20-19:50,49.489142,3
① 双预报不可知（光伏+负载都用前一日实际）,2025-04-02,20:10-20:40,48.632808,3
① 双预报不可知（光伏+负载都用前一日实际）,2025-04-02,21:00-21:40,157.796672,4
① 双预报不可知（光伏+负载都用前一日实际）,2025-04-02,22:00-22:20,22.533983,2
① 双预报不可知（光伏+负载都用前一日实际）,2025-04-02,22:50-23:20,35.071758,3
① 双预报不可知（光伏+负载都用前一日实际）,2025-04-02,23:30-23:50,25.944733,2
① 双预报不可知（光伏+负载都用前一日实际）,2025-04-03,0:10-0:30,33.154950,2
① 双预报不可知（光伏+负载都用前一日实际）,2025-04-03,0:50-1:00,5.858858,1
① 双预报不可知（光伏+负载都用前一日实际）,2025-04-03,1:20-2:20,112.045900,6
① 双预报不可知（光伏+负载都用前一日实际）,2025-04-03,2:30-2:50,20.277111,2
① 双预报不可知（光伏+负载都用前一日实际）,2025-04-03,3:50-4:00,3.822189,1
① 双预报不可知（光伏+负载都用前一日实际）,2025-04-03,5:50-6:10,139.640817,2
① 双预报不可知（光伏+负载都用前一日实际）,2025-04-03,6:20-7:00,90.125572,4
① 双预报不可知（光伏+负载都用前一日实际）,2025-04-03,7:40-8:00,236.179450,2
① 双预报不可知（光伏+负载都用前一日实际）,2025-04-03,13:40-17:40,1769.345833,24
① 双预报不可知（光伏+负载都用前一日实际）,2025-04-03,18:10-18:30,13.475928,2
① 双预报不可知（光伏+负载都用前一日实际）,2025-04-03,18:40-19:20,108.527561,4
① 双预报不可知（光伏+负载都用前一日实际）,2025-04-03,20:20-20:30,10.152508,1
① 双预报不可知（光伏+负载都用前一日实际）,2025-04-03,21:00-21:40,174.112383,4
① 双预报不可知（光伏+负载都用前一日实际）,2025-04-03,22:00-22:20,11.525144,2
① 双预报不可知（光伏+负载都用前一日实际）,2025-04-03,22:30-23:40,183.634514,7
① 双预报不可知（光伏+负载都用前一日实际）,2025-04-05,0:20-0:40,36.876756,2
① 双预报不可知（光伏+负载都用前一日实际）,2025-04-05,1:00-2:30,164.847717,9
① 双预报不可知（光伏+负载都用前一日实际）,2025-04-05,3:40-4:10,46.927906,3
① 双预报不可知（光伏+负载都用前一日实际）,2025-04-05,4:30-4:50,12.865822,2
① 双预报不可知（光伏+负载都用前一日实际）,2025-04-05,5:20-5:40,31.178894,2
① 双预报不可知（光伏+负载都用前一日实际）,2025-04-05,6:50-7:00,35.577853,1
① 双预报不可知（光伏+负载都用前一日实际）,2025-04-05,9:20-9:30,37.445658,1
① 双预报不可知（光伏+负载都用前一日实际）,2025-04-05,9:50-10:00,72.394825,1
① 双预报不可知（光伏+负载都用前一日实际）,2025-04-05,10:20-11:30,850.642175,7
① 双预报不可知（光伏+负载都用前一日实际）,2025-04-05,12:30-12:40,65.809783,1
① 双预报不可知（光伏+负载都用前一日实际）,2025-04-05,12:50-13:00,45.341667,1
① 双预报不可知（光伏+负载都用前一日实际）,2025-04-05,13:20-13:40,496.636714,2
① 双预报不可知（光伏+负载都用前一日实际）,2025-04-05,13:50-14:00,149.605997,1
① 双预报不可知（光伏+负载都用前一日实际）,2025-04-05,14:30-14:40,289.331383,1
① 双预报不可知（光伏+负载都用前一日实际）,2025-04-05,15:20-15:30,199.133183,1
① 双预报不可知（光伏+负载都用前一日实际）,2025-04-05,16:10-16:40,122.094378,3
① 双预报不可知（光伏+负载都用前一日实际）,2025-04-05,17:00-18:30,213.329858,9
① 双预报不可知（光伏+负载都用前一日实际）,2025-04-05,18:40-19:00,15.887122,2
① 双预报不可知（光伏+负载都用前一日实际）,2025-04-05,19:20-19:50,43.680075,3
① 双预报不可知（光伏+负载都用前一日实际）,2025-04-05,20:20-21:50,133.333886,9
① 双预报不可知（光伏+负载都用前一日实际）,2025-04-05,22:00-22:10,3.927911,1
① 双预报不可知（光伏+负载都用前一日实际）,2025-04-05,22:30-22:50,28.397772,2
① 双预报不可知（光伏+负载都用前一日实际）,2025-04-05,23:00-0:00+1,283.499017,6
① 双预报不可知（光伏+负载都用前一日实际）,2025-04-06,0:00-9:40,14291.541636,58
① 双预报不可知（光伏+负载都用前一日实际）,2025-04-06,9:50-10:00,343.570367,1
① 双预报不可知（光伏+负载都用前一日实际）,2025-04-06,10:10-10:20,248.770986,1
① 双预报不可知（光伏+负载都用前一日实际）,2025-04-06,11:30-11:40,500.298919,1
① 双预报不可知（光伏+负载都用前一日实际）,2025-04-06,12:10-12:20,455.867467,1
① 双预报不可知（光伏+负载都用前一日实际）,2025-04-06,12:30-13:00,938.847908,3
① 双预报不可知（光伏+负载都用前一日实际）,2025-04-06,13:10-14:00,1855.959473,5
① 双预报不可知（光伏+负载都用前一日实际）,2025-04-06,14:10-14:20,330.009433,1
① 双预报不可知（光伏+负载都用前一日实际）,2025-04-06,14:30-0:00+1,15648.464994,57
① 双预报不可知（光伏+负载都用前一日实际）,2025-04-07,0:00-0:40,42.637283,4
① 双预报不可知（光伏+负载都用前一日实际）,2025-04-07,0:50-1:20,30.107264,3
① 双预报不可知（光伏+负载都用前一日实际）,2025-04-07,1:40-2:00,10.662056,2
① 双预报不可知（光伏+负载都用前一日实际）,2025-04-07,2:20-3:00,56.865711,4
① 双预报不可知（光伏+负载都用前一日实际）,2025-04-07,3:20-3:40,19.627761,2
① 双预报不可知（光伏+负载都用前一日实际）,2025-04-07,4:00-4:20,16.374728,2
① 双预报不可知（光伏+负载都用前一日实际）,2025-04-07,5:50-6:00,127.315944,1
① 双预报不可知（光伏+负载都用前一日实际）,2025-04-07,7:50-8:00,166.414331,1
① 双预报不可知（光伏+负载都用前一日实际）,2025-04-07,11:40-15:00,1553.200789,20
① 双预报不可知（光伏+负载都用前一日实际）,2025-04-07,16:10-16:40,37.755167,3
① 双预报不可知（光伏+负载都用前一日实际）,2025-04-07,17:00-17:40,239.121483,4
① 双预报不可知（光伏+负载都用前一日实际）,2025-04-07,18:10-18:30,21.236839,2
① 双预报不可知（光伏+负载都用前一日实际）,2025-04-07,18:40-19:00,14.369522,2
① 双预报不可知（光伏+负载都用前一日实际）,2025-04-07,19:30-19:40,0.094186,1
① 双预报不可知（光伏+负载都用前一日实际）,2025-04-07,20:00-20:20,7.944128,2
① 双预报不可知（光伏+负载都用前一日实际）,2025-04-07,20:50-21:20,97.691883,3
① 双预报不可知（光伏+负载都用前一日实际）,2025-04-07,21:30-21:50,73.845778,2
① 双预报不可知（光伏+负载都用前一日实际）,2025-04-07,22:10-23:00,127.342208,5
① 双预报不可知（光伏+负载都用前一日实际）,2025-04-07,23:10-23:30,49.101006,2
① 双预报不可知（光伏+负载都用前一日实际）,2025-04-07,23:50-0:00+1,14.957344,1
① 双预报不可知（光伏+负载都用前一日实际）,2025-04-08,0:00-0:20,61.654767,2
① 双预报不可知（光伏+负载都用前一日实际）,2025-04-08,0:40-1:00,27.037100,2
① 双预报不可知（光伏+负载都用前一日实际）,2025-04-08,1:40-2:00,24.170794,2
① 双预报不可知（光伏+负载都用前一日实际）,2025-04-08,2:30-2:50,18.768778,2
① 双预报不可知（光伏+负载都用前一日实际）,2025-04-08,3:20-3:30,0.960822,1
① 双预报不可知（光伏+负载都用前一日实际）,2025-04-08,4:10-4:40,27.100017,3
① 双预报不可知（光伏+负载都用前一日实际）,2025-04-08,5:40-7:00,522.148722,8
① 双预报不可知（光伏+负载都用前一日实际）,2025-04-08,7:10-7:20,10.574042,1
① 双预报不可知（光伏+负载都用前一日实际）,2025-04-08,7:40-11:10,2779.159783,21
① 双预报不可知（光伏+负载都用前一日实际）,2025-04-08,14:00-14:10,1.836175,1
① 双预报不可知（光伏+负载都用前一日实际）,2025-04-08,15:20-17:40,938.197506,14
① 双预报不可知（光伏+负载都用前一日实际）,2025-04-08,18:10-19:10,91.636022,6
① 双预报不可知（光伏+负载都用前一日实际）,2025-04-08,19:20-21:40,402.060633,14
① 双预报不可知（光伏+负载都用前一日实际）,2025-04-08,22:10-22:30,20.266361,2
① 双预报不可知（光伏+负载都用前一日实际）,2025-04-08,22:40-23:20,64.655361,4
① 双预报不可知（光伏+负载都用前一日实际）,2025-04-08,23:40-0:00+1,20.861017,2
① 双预报不可知（光伏+负载都用前一日实际）,2025-04-09,0:00-0:40,21.197717,4
① 双预报不可知（光伏+负载都用前一日实际）,2025-04-09,1:10-1:30,22.721411,2
① 双预报不可知（光伏+负载都用前一日实际）,2025-04-09,1:50-2:00,5.724256,1
① 双预报不可知（光伏+负载都用前一日实际）,2025-04-09,2:30-3:20,86.956142,5
① 双预报不可知（光伏+负载都用前一日实际）,2025-04-09,3:30-4:50,140.888419,8
① 双预报不可知（光伏+负载都用前一日实际）,2025-04-09,5:40-6:00,141.725939,2
① 双预报不可知（光伏+负载都用前一日实际）,2025-04-09,7:40-8:00,336.274933,2
① 双预报不可知（光伏+负载都用前一日实际）,2025-04-09,9:00-16:00,5753.539550,42
① 双预报不可知（光伏+负载都用前一日实际）,2025-04-09,16:10-16:30,39.675550,2
① 双预报不可知（光伏+负载都用前一日实际）,2025-04-09,17:00-17:40,95.723061,4
① 双预报不可知（光伏+负载都用前一日实际）,2025-04-09,18:10-18:30,25.306283,2
① 双预报不可知（光伏+负载都用前一日实际）,2025-04-09,19:50-20:20,50.237886,3
① 双预报不可知（光伏+负载都用前一日实际）,2025-04-09,20:30-21:40,120.203703,7
① 双预报不可知（光伏+负载都用前一日实际）,2025-04-09,22:20-22:40,46.689372,2
① 双预报不可知（光伏+负载都用前一日实际）,2025-04-09,23:20-23:50,17.857950,3
① 双预报不可知（光伏+负载都用前一日实际）,2025-04-10,0:20-1:00,81.098489,4
① 双预报不可知（光伏+负载都用前一日实际）,2025-04-10,1:20-2:10,58.507561,5
① 双预报不可知（光伏+负载都用前一日实际）,2025-04-10,2:30-3:20,24.304789,5
① 双预报不可知（光伏+负载都用前一日实际）,2025-04-10,3:30-3:50,34.495489,2
① 双预报不可知（光伏+负载都用前一日实际）,2025-04-10,4:40-5:00,23.303267,2
① 双预报不可知（光伏+负载都用前一日实际）,2025-04-10,5:40-6:00,180.979078,2
① 双预报不可知（光伏+负载都用前一日实际）,2025-04-10,6:30-6:40,5.873808,1
① 双预报不可知（光伏+负载都用前一日实际）,2025-04-10,7:50-8:10,239.677994,2
① 双预报不可知（光伏+负载都用前一日实际）,2025-04-10,9:10-10:20,410.261789,7
① 双预报不可知（光伏+负载都用前一日实际）,2025-04-10,15:50-17:40,780.555303,11
① 双预报不可知（光伏+负载都用前一日实际）,2025-04-10,18:00-18:20,10.941067,2
① 双预报不可知（光伏+负载都用前一日实际）,2025-04-10,18:30-18:50,1.144067,2
① 双预报不可知（光伏+负载都用前一日实际）,2025-04-10,19:00-19:20,93.006611,2
① 双预报不可知（光伏+负载都用前一日实际）,2025-04-10,19:40-20:00,19.005261,2
① 双预报不可知（光伏+负载都用前一日实际）,2025-04-10,20:40-20:50,7.446708,1
① 双预报不可知（光伏+负载都用前一日实际）,2025-04-10,21:00-21:50,225.128692,5
① 双预报不可知（光伏+负载都用前一日实际）,2025-04-10,22:10-22:20,1.433931,1
① 双预报不可知（光伏+负载都用前一日实际）,2025-04-10,23:10-23:30,18.905956,2
① 双预报不可知（光伏+负载都用前一日实际）,2025-04-12,0:20-1:00,88.480928,4
① 双预报不可知（光伏+负载都用前一日实际）,2025-04-12,1:30-1:50,12.791083,2
① 双预报不可知（光伏+负载都用前一日实际）,2025-04-12,2:10-3:00,74.509972,5
① 双预报不可知（光伏+负载都用前一日实际）,2025-04-12,3:30-3:50,16.535039,2
① 双预报不可知（光伏+负载都用前一日实际）,2025-04-12,4:30-4:40,1.639747,1
① 双预报不可知（光伏+负载都用前一日实际）,2025-04-12,7:00-7:20,48.865567,2
① 双预报不可知（光伏+负载都用前一日实际）,2025-04-12,9:40-9:50,2.425864,1
① 双预报不可知（光伏+负载都用前一日实际）,2025-04-12,10:00-10:10,21.648678,1
① 双预报不可知（光伏+负载都用前一日实际）,2025-04-12,11:00-11:30,362.163542,3
① 双预报不可知（光伏+负载都用前一日实际）,2025-04-12,11:40-11:50,108.081058,1
① 双预报不可知（光伏+负载都用前一日实际）,2025-04-12,12:20-13:00,439.464017,4
① 双预报不可知（光伏+负载都用前一日实际）,2025-04-12,13:20-13:40,412.546467,2
① 双预报不可知（光伏+负载都用前一日实际）,2025-04-12,13:50-14:00,242.374108,1
① 双预报不可知（光伏+负载都用前一日实际）,2025-04-12,14:40-14:50,218.825450,1
① 双预报不可知（光伏+负载都用前一日实际）,2025-04-12,15:00-15:20,78.282783,2
① 双预报不可知（光伏+负载都用前一日实际）,2025-04-12,16:10-16:50,182.677672,4
① 双预报不可知（光伏+负载都用前一日实际）,2025-04-12,17:10-17:20,8.181717,1
① 双预报不可知（光伏+负载都用前一日实际）,2025-04-12,17:40-18:10,94.031114,3
① 双预报不可知（光伏+负载都用前一日实际）,2025-04-12,20:00-20:50,155.660942,5
① 双预报不可知（光伏+负载都用前一日实际）,2025-04-12,21:00-21:50,83.720900,5
① 双预报不可知（光伏+负载都用前一日实际）,2025-04-12,22:30-22:50,37.843517,2
① 双预报不可知（光伏+负载都用前一日实际）,2025-04-12,23:40-0:00+1,183.657806,2
① 双预报不可知（光伏+负载都用前一日实际）,2025-04-13,0:00-9:50,14759.717753,59
① 双预报不可知（光伏+负载都用前一日实际）,2025-04-13,10:00-10:10,522.061406,1
① 双预报不可知（光伏+负载都用前一日实际）,2025-04-13,10:30-10:50,792.240625,2
① 双预报不可知（光伏+负载都用前一日实际）,2025-04-13,11:10-11:20,359.966819,1
① 双预报不可知（光伏+负载都用前一日实际）,2025-04-13,11:40-11:50,397.629036,1
① 双预报不可知（光伏+负载都用前一日实际）,2025-04-13,12:10-12:40,912.757233,3
① 双预报不可知（光伏+负载都用前一日实际）,2025-04-13,13:50-14:10,656.569542,2
① 双预报不可知（光伏+负载都用前一日实际）,2025-04-13,14:30-14:50,514.163911,2
① 双预报不可知（光伏+负载都用前一日实际）,2025-04-13,15:00-0:00+1,15818.754975,54
① 双预报不可知（光伏+负载都用前一日实际）,2025-04-14,0:30-0:50,66.074650,2
① 双预报不可知（光伏+负载都用前一日实际）,2025-04-14,1:00-1:20,46.721694,2
① 双预报不可知（光伏+负载都用前一日实际）,2025-04-14,1:30-3:10,150.748500,10
① 双预报不可知（光伏+负载都用前一日实际）,2025-04-14,3:30-4:20,86.310506,5
① 双预报不可知（光伏+负载都用前一日实际）,2025-04-14,4:30-5:00,92.610000,3
① 双预报不可知（光伏+负载都用前一日实际）,2025-04-14,5:40-6:10,212.209706,3
① 双预报不可知（光伏+负载都用前一日实际）,2025-04-14,6:50-7:00,13.259111,1
① 双预报不可知（光伏+负载都用前一日实际）,2025-04-14,7:40-8:00,235.694800,2
① 双预报不可知（光伏+负载都用前一日实际）,2025-04-14,9:00-9:20,56.248739,2
① 双预报不可知（光伏+负载都用前一日实际）,2025-04-14,10:20-10:40,38.504811,2
① 双预报不可知（光伏+负载都用前一日实际）,2025-04-14,12:00-12:30,159.778008,3
① 双预报不可知（光伏+负载都用前一日实际）,2025-04-14,13:40-13:50,35.309567,1
① 双预报不可知（光伏+负载都用前一日实际）,2025-04-14,14:00-14:50,357.405083,5
① 双预报不可知（光伏+负载都用前一日实际）,2025-04-14,15:00-15:10,2.622431,1
① 双预报不可知（光伏+负载都用前一日实际）,2025-04-14,17:00-17:10,6.043844,1
① 双预报不可知（光伏+负载都用前一日实际）,2025-04-14,17:20-17:40,72.655922,2
① 双预报不可知（光伏+负载都用前一日实际）,2025-04-14,18:10-19:00,135.931575,5
① 双预报不可知（光伏+负载都用前一日实际）,2025-04-14,19:30-20:00,60.091875,3
① 双预报不可知（光伏+负载都用前一日实际）,2025-04-14,20:30-20:40,1.534208,1
① 双预报不可知（光伏+负载都用前一日实际）,2025-04-14,21:00-21:40,139.407183,4
① 双预报不可知（光伏+负载都用前一日实际）,2025-04-14,22:10-22:30,21.521294,2
① 双预报不可知（光伏+负载都用前一日实际）,2025-04-14,23:00-0:00+1,127.385667,6
① 双预报不可知（光伏+负载都用前一日实际）,2025-04-15,1:20-1:30,15.934722,1
① 双预报不可知（光伏+负载都用前一日实际）,2025-04-15,1:50-2:00,7.921389,1
① 双预报不可知（光伏+负载都用前一日实际）,2025-04-15,3:00-3:20,15.054150,2
① 双预报不可知（光伏+负载都用前一日实际）,2025-04-15,3:50-4:00,8.235892,1
① 双预报不可知（光伏+负载都用前一日实际）,2025-04-15,5:50-6:10,138.354647,2
① 双预报不可知（光伏+负载都用前一日实际）,2025-04-15,7:40-8:10,287.527608,3
① 双预报不可知（光伏+负载都用前一日实际）,2025-04-15,12:40-17:40,2463.277239,30
① 双预报不可知（光伏+负载都用前一日实际）,2025-04-15,18:50-20:00,89.946297,7
① 双预报不可知（光伏+负载都用前一日实际）,2025-04-15,20:20-21:50,254.849469,9
① 双预报不可知（光伏+负载都用前一日实际）,2025-04-15,22:40-23:00,58.366083,2
① 双预报不可知（光伏+负载都用前一日实际）,2025-04-16,0:00-1:00,132.076283,6
① 双预报不可知（光伏+负载都用前一日实际）,2025-04-16,1:20-2:10,94.686906,5
① 双预报不可知（光伏+负载都用前一日实际）,2025-04-16,2:20-3:30,84.982619,7
① 双预报不可知（光伏+负载都用前一日实际）,2025-04-16,3:40-5:00,231.442567,8
① 双预报不可知（光伏+负载都用前一日实际）,2025-04-16,5:40-6:10,187.121108,3
① 双预报不可知（光伏+负载都用前一日实际）,2025-04-16,7:40-13:00,5630.410611,32
① 双预报不可知（光伏+负载都用前一日实际）,2025-04-16,14:30-14:50,21.203078,2
① 双预报不可知（光伏+负载都用前一日实际）,2025-04-16,15:00-15:30,96.216717,3
① 双预报不可知（光伏+负载都用前一日实际）,2025-04-16,16:00-16:30,77.166200,3
① 双预报不可知（光伏+负载都用前一日实际）,2025-04-16,16:50-17:40,227.886233,5
① 双预报不可知（光伏+负载都用前一日实际）,2025-04-16,18:10-18:20,6.761758,1
① 双预报不可知（光伏+负载都用前一日实际）,2025-04-16,18:30-19:00,94.223292,3
① 双预报不可知（光伏+负载都用前一日实际）,2025-04-16,20:20-20:30,2.128203,1
① 双预报不可知（光伏+负载都用前一日实际）,2025-04-16,20:50-21:40,194.514075,5
① 双预报不可知（光伏+负载都用前一日实际）,2025-04-16,22:00-22:20,33.026072,2
① 双预报不可知（光伏+负载都用前一日实际）,2025-04-16,22:30-0:00+1,233.032083,9
① 双预报不可知（光伏+负载都用前一日实际）,2025-04-17,0:40-1:00,29.471789,2
① 双预报不可知（光伏+负载都用前一日实际）,2025-04-17,2:10-2:30,8.490589,2
① 双预报不可知（光伏+负载都用前一日实际）,2025-04-17,2:50-3:00,27.866694,1
① 双预报不可知（光伏+负载都用前一日实际）,2025-04-17,3:20-3:30,0.676283,1
① 双预报不可知（光伏+负载都用前一日实际）,2025-04-17,3:50-4:00,16.946283,1
① 双预报不可知（光伏+负载都用前一日实际）,2025-04-17,4:40-5:00,5.636056,2
① 双预报不可知（光伏+负载都用前一日实际）,2025-04-17,5:40-6:00,171.188106,2
① 双预报不可知（光伏+负载都用前一日实际）,2025-04-17,6:30-6:50,38.787339,2
① 双预报不可知（光伏+负载都用前一日实际）,2025-04-17,7:40-8:20,355.276122,4
① 双预报不可知（光伏+负载都用前一日实际）,2025-04-17,10:30-11:00,145.313083,3
① 双预报不可知（光伏+负载都用前一日实际）,2025-04-17,12:50-13:30,258.377144,4
① 双预报不可知（光伏+负载都用前一日实际）,2025-04-17,14:00-14:30,141.721092,3
① 双预报不可知（光伏+负载都用前一日实际）,2025-04-17,16:00-17:40,574.863933,10
① 双预报不可知（光伏+负载都用前一日实际）,2025-04-17,18:10-18:20,12.176722,1
① 双预报不可知（光伏+负载都用前一日实际）,2025-04-17,18:50-19:30,49.201056,4
① 双预报不可知（光伏+负载都用前一日实际）,2025-04-17,19:40-20:50,119.928886,7
① 双预报不可知（光伏+负载都用前一日实际）,2025-04-17,21:00-21:40,161.400367,4
① 双预报不可知（光伏+负载都用前一日实际）,2025-04-17,22:40-23:00,16.539867,2
① 双预报不可知（光伏+负载都用前一日实际）,2025-04-17,23:30-23:40,0.050917,1
① 双预报不可知（光伏+负载都用前一日实际）,2025-04-19,0:00-0:20,31.803956,2
① 双预报不可知（光伏+负载都用前一日实际）,2025-04-19,0:40-1:00,17.257339,2
① 双预报不可知（光伏+负载都用前一日实际）,2025-04-19,1:50-2:20,44.525864,3
① 双预报不可知（光伏+负载都用前一日实际）,2025-04-19,3:30-3:50,18.467761,2
① 双预报不可知（光伏+负载都用前一日实际）,2025-04-19,4:00-4:10,0.032936,1
① 双预报不可知（光伏+负载都用前一日实际）,2025-04-19,4:40-4:50,2.897253,1
① 双预报不可知（光伏+负载都用前一日实际）,2025-04-19,5:20-5:40,26.156811,2
① 双预报不可知（光伏+负载都用前一日实际）,2025-04-19,6:50-7:40,382.553108,5
① 双预报不可知（光伏+负载都用前一日实际）,2025-04-19,8:00-8:10,24.119067,1
① 双预报不可知（光伏+负载都用前一日实际）,2025-04-19,8:40-9:30,341.848600,5
① 双预报不可知（光伏+负载都用前一日实际）,2025-04-19,13:50-14:10,247.847886,2
① 双预报不可知（光伏+负载都用前一日实际）,2025-04-19,15:30-15:40,5.993867,1
① 双预报不可知（光伏+负载都用前一日实际）,2025-04-19,16:00-16:20,56.896694,2
① 双预报不可知（光伏+负载都用前一日实际）,2025-04-19,16:30-16:40,42.623664,1
① 双预报不可知（光伏+负载都用前一日实际）,2025-04-19,17:20-18:00,79.141461,4
① 双预报不可知（光伏+负载都用前一日实际）,2025-04-19,18:50-19:20,53.342336,3
① 双预报不可知（光伏+负载都用前一日实际）,2025-04-19,20:00-20:20,12.134300,2
① 双预报不可知（光伏+负载都用前一日实际）,2025-04-19,20:30-20:50,3.089350,2
① 双预报不可知（光伏+负载都用前一日实际）,2025-04-19,21:00-21:40,105.007606,4
① 双预报不可知（光伏+负载都用前一日实际）,2025-04-19,22:00-23:00,159.618250,6
① 双预报不可知（光伏+负载都用前一日实际）,2025-04-19,23:40-0:00+1,252.535106,2
① 双预报不可知（光伏+负载都用前一日实际）,2025-04-20,0:00-9:30,12063.739683,57
① 双预报不可知（光伏+负载都用前一日实际）,2025-04-20,10:00-10:10,274.768628,1
① 双预报不可知（光伏+负载都用前一日实际）,2025-04-20,10:20-10:30,304.966344,1
① 双预报不可知（光伏+负载都用前一日实际）,2025-04-20,10:40-11:20,1632.956661,4
① 双预报不可知（光伏+负载都用前一日实际）,2025-04-20,11:40-12:00,834.061739,2
① 双预报不可知（光伏+负载都用前一日实际）,2025-04-20,12:20-13:00,1755.826044,4
① 双预报不可知（光伏+负载都用前一日实际）,2025-04-20,13:10-13:20,528.940517,1
① 双预报不可知（光伏+负载都用前一日实际）,2025-04-20,14:00-14:30,1734.633433,3
① 双预报不可知（光伏+负载都用前一日实际）,2025-04-20,14:40-14:50,382.651422,1
① 双预报不可知（光伏+负载都用前一日实际）,2025-04-20,15:10-0:00+1,15111.265183,53
① 双预报不可知（光伏+负载都用前一日实际）,2025-04-21,0:00-1:00,121.894967,6
① 双预报不可知（光伏+负载都用前一日实际）,2025-04-21,1:10-1:40,48.246417,3
① 双预报不可知（光伏+负载都用前一日实际）,2025-04-21,2:20-3:40,121.991267,8
① 双预报不可知（光伏+负载都用前一日实际）,2025-04-21,4:00-4:20,29.550122,2
① 双预报不可知（光伏+负载都用前一日实际）,2025-04-21,4:40-5:00,44.600339,2
① 双预报不可知（光伏+负载都用前一日实际）,2025-04-21,5:40-6:30,195.557836,5
① 双预报不可知（光伏+负载都用前一日实际）,2025-04-21,7:50-8:00,122.966928,1
① 双预报不可知（光伏+负载都用前一日实际）,2025-04-21,9:50-10:40,481.398925,5
① 双预报不可知（光伏+负载都用前一日实际）,2025-04-21,11:00-11:30,194.296242,3
① 双预报不可知（光伏+负载都用前一日实际）,2025-04-21,14:50-15:40,156.371539,5
① 双预报不可知（光伏+负载都用前一日实际）,2025-04-21,17:10-17:40,45.229175,3
① 双预报不可知（光伏+负载都用前一日实际）,2025-04-21,18:00-18:20,30.739039,2
① 双预报不可知（光伏+负载都用前一日实际）,2025-04-21,18:40-19:10,65.759492,3
① 双预报不可知（光伏+负载都用前一日实际）,2025-04-21,19:50-21:50,420.102897,12
① 双预报不可知（光伏+负载都用前一日实际）,2025-04-21,22:10-23:10,152.257356,6
① 双预报不可知（光伏+负载都用前一日实际）,2025-04-21,23:40-23:50,3.046067,1
① 双预报不可知（光伏+负载都用前一日实际）,2025-04-22,0:30-0:50,9.546156,2
① 双预报不可知（光伏+负载都用前一日实际）,2025-04-22,1:30-2:10,62.999925,4
① 双预报不可知（光伏+负载都用前一日实际）,2025-04-22,2:40-3:00,28.283967,2
① 双预报不可知（光伏+负载都用前一日实际）,2025-04-22,3:30-3:50,23.524111,2
① 双预报不可知（光伏+负载都用前一日实际）,2025-04-22,4:50-5:00,15.270214,1
① 双预报不可知（光伏+负载都用前一日实际）,2025-04-22,5:40-6:10,164.075667,3
① 双预报不可知（光伏+负载都用前一日实际）,2025-04-22,6:50-7:00,48.313439,1
① 双预报不可知（光伏+负载都用前一日实际）,2025-04-22,7:40-8:10,376.041908,3
① 双预报不可知（光伏+负载都用前一日实际）,2025-04-22,8:40-9:20,132.856422,4
① 双预报不可知（光伏+负载都用前一日实际）,2025-04-22,10:10-10:50,93.936867,4
① 双预报不可知（光伏+负载都用前一日实际）,2025-04-22,11:30-15:40,4039.339589,25
① 双预报不可知（光伏+负载都用前一日实际）,2025-04-22,16:30-17:40,353.084414,7
① 双预报不可知（光伏+负载都用前一日实际）,2025-04-22,18:20-18:40,38.533428,2
① 双预报不可知（光伏+负载都用前一日实际）,2025-04-22,18:50-19:20,29.292725,3
① 双预报不可知（光伏+负载都用前一日实际）,2025-04-22,19:30-19:50,62.965844,2
① 双预报不可知（光伏+负载都用前一日实际）,2025-04-22,21:00-21:40,216.251017,4
① 双预报不可知（光伏+负载都用前一日实际）,2025-04-22,22:10-22:20,1.148378,1
① 双预报不可知（光伏+负载都用前一日实际）,2025-04-22,23:00-23:30,52.003717,3
① 双预报不可知（光伏+负载都用前一日实际）,2025-04-22,23:40-0:00+1,72.663283,2
① 双预报不可知（光伏+负载都用前一日实际）,2025-04-23,0:00-1:10,183.667186,7
① 双预报不可知（光伏+负载都用前一日实际）,2025-04-23,1:30-2:10,62.146556,4
① 双预报不可知（光伏+负载都用前一日实际）,2025-04-23,2:50-4:30,93.910256,10
① 双预报不可知（光伏+负载都用前一日实际）,2025-04-23,4:50-5:00,4.493808,1
① 双预报不可知（光伏+负载都用前一日实际）,2025-04-23,5:40-6:10,199.729317,3
① 双预报不可知（光伏+负载都用前一日实际）,2025-04-23,7:50-8:10,264.188625,2
① 双预报不可知（光伏+负载都用前一日实际）,2025-04-23,8:20-8:50,195.350550,3
① 双预报不可知（光伏+负载都用前一日实际）,2025-04-23,9:20-9:30,20.029444,1
① 双预报不可知（光伏+负载都用前一日实际）,2025-04-23,11:00-11:50,554.312719,5
① 双预报不可知（光伏+负载都用前一日实际）,2025-04-23,12:50-14:00,246.906619,7
① 双预报不可知（光伏+负载都用前一日实际）,2025-04-23,16:00-16:10,15.324486,1
① 双预报不可知（光伏+负载都用前一日实际）,2025-04-23,16:50-17:40,382.539814,5
① 双预报不可知（光伏+负载都用前一日实际）,2025-04-23,18:10-18:40,58.591075,3
① 双预报不可知（光伏+负载都用前一日实际）,2025-04-23,19:40-20:20,81.698406,4
① 双预报不可知（光伏+负载都用前一日实际）,2025-04-23,20:40-20:50,0.778792,1
① 双预报不可知（光伏+负载都用前一日实际）,2025-04-23,21:00-21:40,160.349678,4
① 双预报不可知（光伏+负载都用前一日实际）,2025-04-23,22:40-23:00,17.718550,2
① 双预报不可知（光伏+负载都用前一日实际）,2025-04-23,23:50-0:00+1,5.477367,1
① 双预报不可知（光伏+负载都用前一日实际）,2025-04-24,1:10-1:20,8.009806,1
① 双预报不可知（光伏+负载都用前一日实际）,2025-04-24,1:40-3:00,127.630661,8
① 双预报不可知（光伏+负载都用前一日实际）,2025-04-24,3:20-3:40,14.275578,2
① 双预报不可知（光伏+负载都用前一日实际）,2025-04-24,5:40-6:40,266.791600,6
① 双预报不可知（光伏+负载都用前一日实际）,2025-04-24,7:40-8:20,253.090294,4
① 双预报不可知（光伏+负载都用前一日实际）,2025-04-24,9:40-11:10,578.535422,9
① 双预报不可知（光伏+负载都用前一日实际）,2025-04-24,15:50-16:00,47.922750,1
① 双预报不可知（光伏+负载都用前一日实际）,2025-04-24,16:20-17:40,374.427894,8
① 双预报不可知（光伏+负载都用前一日实际）,2025-04-24,18:10-19:00,132.443708,5
① 双预报不可知（光伏+负载都用前一日实际）,2025-04-24,19:20-19:50,54.281550,3
① 双预报不可知（光伏+负载都用前一日实际）,2025-04-24,20:20-20:40,51.025317,2
① 双预报不可知（光伏+负载都用前一日实际）,2025-04-24,21:00-21:40,205.816633,4
① 双预报不可知（光伏+负载都用前一日实际）,2025-04-24,22:40-23:00,21.166144,2
① 双预报不可知（光伏+负载都用前一日实际）,2025-04-24,23:20-23:40,20.677733,2
① 双预报不可知（光伏+负载都用前一日实际）,2025-04-26,0:30-2:00,160.294233,9
① 双预报不可知（光伏+负载都用前一日实际）,2025-04-26,2:20-3:00,53.130506,4
① 双预报不可知（光伏+负载都用前一日实际）,2025-04-26,3:10-3:30,17.793561,2
① 双预报不可知（光伏+负载都用前一日实际）,2025-04-26,4:20-4:30,8.767047,1
① 双预报不可知（光伏+负载都用前一日实际）,2025-04-26,5:00-5:10,23.090778,1
① 双预报不可知（光伏+负载都用前一日实际）,2025-04-26,5:40-6:00,43.179489,2
① 双预报不可知（光伏+负载都用前一日实际）,2025-04-26,6:50-7:10,88.732558,2
① 双预报不可知（光伏+负载都用前一日实际）,2025-04-26,8:50-9:00,60.014864,1
① 双预报不可知（光伏+负载都用前一日实际）,2025-04-26,13:50-14:10,219.471650,2
① 双预报不可知（光伏+负载都用前一日实际）,2025-04-26,14:30-14:40,165.641767,1
① 双预报不可知（光伏+负载都用前一日实际）,2025-04-26,14:50-15:00,148.051933,1
① 双预报不可知（光伏+负载都用前一日实际）,2025-04-26,15:30-15:40,183.380986,1
① 双预报不可知（光伏+负载都用前一日实际）,2025-04-26,15:50-16:50,434.463664,6
① 双预报不可知（光伏+负载都用前一日实际）,2025-04-26,17:00-17:50,150.047097,5
① 双预报不可知（光伏+负载都用前一日实际）,2025-04-26,18:20-19:00,118.373317,4
① 双预报不可知（光伏+负载都用前一日实际）,2025-04-26,19:20-19:40,20.607550,2
① 双预报不可知（光伏+负载都用前一日实际）,2025-04-26,20:00-20:20,9.293189,2
① 双预报不可知（光伏+负载都用前一日实际）,2025-04-26,20:40-21:10,29.991142,3
① 双预报不可知（光伏+负载都用前一日实际）,2025-04-26,21:20-21:50,40.617875,3
① 双预报不可知（光伏+负载都用前一日实际）,2025-04-26,22:20-23:00,101.373872,4
① 双预报不可知（光伏+负载都用前一日实际）,2025-04-26,23:40-0:00+1,218.295117,2
① 双预报不可知（光伏+负载都用前一日实际）,2025-04-27,0:00-9:10,12370.777742,55
① 双预报不可知（光伏+负载都用前一日实际）,2025-04-27,9:20-9:30,573.840692,1
① 双预报不可知（光伏+负载都用前一日实际）,2025-04-27,9:50-10:00,508.675275,1
① 双预报不可知（光伏+负载都用前一日实际）,2025-04-27,10:10-10:20,392.050639,1
① 双预报不可知（光伏+负载都用前一日实际）,2025-04-27,10:30-10:40,524.146933,1
① 双预报不可知（光伏+负载都用前一日实际）,2025-04-27,10:50-11:00,450.012083,1
① 双预报不可知（光伏+负载都用前一日实际）,2025-04-27,11:20-11:40,845.223783,2
① 双预报不可知（光伏+负载都用前一日实际）,2025-04-27,12:10-13:30,2770.752875,8
① 双预报不可知（光伏+负载都用前一日实际）,2025-04-27,13:40-14:00,896.002839,2
① 双预报不可知（光伏+负载都用前一日实际）,2025-04-27,14:10-14:30,779.067244,2
① 双预报不可知（光伏+负载都用前一日实际）,2025-04-27,14:50-0:00+1,16720.463531,55
① 双预报不可知（光伏+负载都用前一日实际）,2025-04-28,0:00-0:10,7.828236,1
① 双预报不可知（光伏+负载都用前一日实际）,2025-04-28,0:30-1:20,131.583147,5
① 双预报不可知（光伏+负载都用前一日实际）,2025-04-28,1:30-2:00,157.281158,3
① 双预报不可知（光伏+负载都用前一日实际）,2025-04-28,2:20-3:00,74.078028,4
① 双预报不可知（光伏+负载都用前一日实际）,2025-04-28,3:20-3:30,7.522386,1
① 双预报不可知（光伏+负载都用前一日实际）,2025-04-28,4:00-4:50,61.644978,5
① 双预报不可知（光伏+负载都用前一日实际）,2025-04-28,5:40-6:10,248.808717,3
① 双预报不可知（光伏+负载都用前一日实际）,2025-04-28,7:50-8:00,219.859781,1
① 双预报不可知（光伏+负载都用前一日实际）,2025-04-28,8:20-10:00,1457.126867,10
① 双预报不可知（光伏+负载都用前一日实际）,2025-04-28,10:10-16:10,6869.070236,36
① 双预报不可知（光伏+负载都用前一日实际）,2025-04-28,17:00-17:40,156.775783,4
① 双预报不可知（光伏+负载都用前一日实际）,2025-04-28,18:10-18:30,15.768050,2
① 双预报不可知（光伏+负载都用前一日实际）,2025-04-28,18:40-19:10,36.277103,3
① 双预报不可知（光伏+负载都用前一日实际）,2025-04-28,19:40-19:50,4.473203,1
① 双预报不可知（光伏+负载都用前一日实际）,2025-04-28,20:30-21:50,288.437008,8
① 双预报不可知（光伏+负载都用前一日实际）,2025-04-28,22:00-22:30,22.091883,3
① 双预报不可知（光伏+负载都用前一日实际）,2025-04-28,22:50-23:00,1.961050,1
① 双预报不可知（光伏+负载都用前一日实际）,2025-04-28,23:20-23:30,3.703792,1
① 双预报不可知（光伏+负载都用前一日实际）,2025-04-28,23:50-0:00+1,11.198792,1
① 双预报不可知（光伏+负载都用前一日实际）,2025-04-29,2:00-2:10,6.112144,1
① 双预报不可知（光伏+负载都用前一日实际）,2025-04-29,2:30-3:00,37.796183,3
① 双预报不可知（光伏+负载都用前一日实际）,2025-04-29,3:40-4:10,34.160525,3
① 双预报不可知（光伏+负载都用前一日实际）,2025-04-29,4:30-5:00,8.517458,3
① 双预报不可知（光伏+负载都用前一日实际）,2025-04-29,5:40-6:00,153.541694,2
① 双预报不可知（光伏+负载都用前一日实际）,2025-04-29,6:30-6:50,22.478144,2
① 双预报不可知（光伏+负载都用前一日实际）,2025-04-29,7:50-8:00,156.074414,1
① 双预报不可知（光伏+负载都用前一日实际）,2025-04-29,15:00-15:50,153.470611,5
① 双预报不可知（光伏+负载都用前一日实际）,2025-04-29,16:10-17:40,450.174661,9
① 双预报不可知（光伏+负载都用前一日实际）,2025-04-29,18:10-18:20,12.746483,1
① 双预报不可知（光伏+负载都用前一日实际）,2025-04-29,18:30-18:40,10.110133,1
① 双预报不可知（光伏+负载都用前一日实际）,2025-04-29,19:00-20:00,112.548300,6
① 双预报不可知（光伏+负载都用前一日实际）,2025-04-29,20:10-20:40,40.989475,3
① 双预报不可知（光伏+负载都用前一日实际）,2025-04-29,21:00-21:20,35.930822,2
① 双预报不可知（光伏+负载都用前一日实际）,2025-04-29,21:30-21:40,41.679261,1
① 双预报不可知（光伏+负载都用前一日实际）,2025-04-29,22:10-22:50,21.681383,4
① 双预报不可知（光伏+负载都用前一日实际）,2025-04-29,23:30-23:50,32.086767,2
① 双预报不可知（光伏+负载都用前一日实际）,2025-04-30,0:00-0:20,39.016117,2
① 双预报不可知（光伏+负载都用前一日实际）,2025-04-30,0:30-0:50,7.938600,2
① 双预报不可知（光伏+负载都用前一日实际）,2025-04-30,1:10-1:50,38.975628,4
① 双预报不可知（光伏+负载都用前一日实际）,2025-04-30,2:10-2:50,99.765128,4
① 双预报不可知（光伏+负载都用前一日实际）,2025-04-30,3:40-4:00,56.110444,2
① 双预报不可知（光伏+负载都用前一日实际）,2025-04-30,4:20-4:40,14.216056,2
① 双预报不可知（光伏+负载都用前一日实际）,2025-04-30,5:40-6:20,266.146411,4
① 双预报不可知（光伏+负载都用前一日实际）,2025-04-30,6:30-7:00,78.868683,3
① 双预报不可知（光伏+负载都用前一日实际）,2025-04-30,7:10-7:30,23.761900,2
① 双预报不可知（光伏+负载都用前一日实际）,2025-04-30,7:40-8:10,409.557878,3
① 双预报不可知（光伏+负载都用前一日实际）,2025-04-30,9:00-9:20,31.999500,2
① 双预报不可知（光伏+负载都用前一日实际）,2025-04-30,10:00-11:50,1811.875828,11
① 双预报不可知（光伏+负载都用前一日实际）,2025-04-30,12:00-13:20,1048.402867,8
① 双预报不可知（光伏+负载都用前一日实际）,2025-04-30,14:00-14:10,13.414864,1
① 双预报不可知（光伏+负载都用前一日实际）,2025-04-30,17:00-17:40,113.417550,4
① 双预报不可知（光伏+负载都用前一日实际）,2025-04-30,18:20-18:30,4.403897,1
① 双预报不可知（光伏+负载都用前一日实际）,2025-04-30,19:10-20:20,67.023667,7
① 双预报不可知（光伏+负载都用前一日实际）,2025-04-30,20:40-21:40,317.378161,6
① 双预报不可知（光伏+负载都用前一日实际）,2025-04-30,22:10-22:20,24.424367,1
① 双预报不可知（光伏+负载都用前一日实际）,2025-04-30,22:50-23:00,7.039033,1
① 双预报不可知（光伏+负载都用前一日实际）,2025-04-30,23:20-0:00+1,170.513028,4
① 双预报不可知（光伏+负载都用前一日实际）,2025-05-01,0:00-1:00,105.987083,6
① 双预报不可知（光伏+负载都用前一日实际）,2025-05-01,1:40-1:50,1.283153,1
① 双预报不可知（光伏+负载都用前一日实际）,2025-05-01,2:00-2:30,20.622925,3
① 双预报不可知（光伏+负载都用前一日实际）,2025-05-01,3:00-4:10,191.654669,7
① 双预报不可知（光伏+负载都用前一日实际）,2025-05-01,4:20-4:50,79.241308,3
① 双预报不可知（光伏+负载都用前一日实际）,2025-05-01,5:40-6:10,159.315386,3
① 双预报不可知（光伏+负载都用前一日实际）,2025-05-01,6:20-7:00,131.160339,4
① 双预报不可知（光伏+负载都用前一日实际）,2025-05-01,7:40-10:00,1852.581394,14
① 双预报不可知（光伏+负载都用前一日实际）,2025-05-01,13:10-13:50,168.136839,4
① 双预报不可知（光伏+负载都用前一日实际）,2025-05-01,14:30-17:50,1791.780292,20
① 双预报不可知（光伏+负载都用前一日实际）,2025-05-01,18:00-21:50,1890.344744,23
① 双预报不可知（光伏+负载都用前一日实际）,2025-05-01,22:00-23:40,642.229989,10
① 双预报不可知（光伏+负载都用前一日实际）,2025-05-03,0:00-0:10,4.082719,1
① 双预报不可知（光伏+负载都用前一日实际）,2025-05-03,0:30-0:50,39.159822,2
① 双预报不可知（光伏+负载都用前一日实际）,2025-05-03,1:10-2:00,163.613267,5
① 双预报不可知（光伏+负载都用前一日实际）,2025-05-03,3:40-4:00,38.173450,2
① 双预报不可知（光伏+负载都用前一日实际）,2025-05-03,5:30-5:50,8.149467,2
① 双预报不可知（光伏+负载都用前一日实际）,2025-05-03,6:50-7:20,53.788564,3
① 双预报不可知（光伏+负载都用前一日实际）,2025-05-03,7:30-7:40,7.564947,1
① 双预报不可知（光伏+负载都用前一日实际）,2025-05-03,13:50-14:00,17.475372,1
① 双预报不可知（光伏+负载都用前一日实际）,2025-05-03,16:00-16:10,20.811258,1
① 双预报不可知（光伏+负载都用前一日实际）,2025-05-03,18:10-18:30,62.154078,2
① 双预报不可知（光伏+负载都用前一日实际）,2025-05-03,18:50-19:10,85.641344,2
① 双预报不可知（光伏+负载都用前一日实际）,2025-05-03,19:30-20:10,101.344642,4
① 双预报不可知（光伏+负载都用前一日实际）,2025-05-03,21:00-21:50,292.265833,5
① 双预报不可知（光伏+负载都用前一日实际）,2025-05-03,22:20-22:30,15.593308,1
① 双预报不可知（光伏+负载都用前一日实际）,2025-05-03,23:10-23:30,13.600039,2
① 双预报不可知（光伏+负载都用前一日实际）,2025-05-03,23:40-0:00+1,183.688939,2
① 双预报不可知（光伏+负载都用前一日实际）,2025-05-04,0:00-9:40,12742.059769,58
① 双预报不可知（光伏+负载都用前一日实际）,2025-05-04,9:50-10:00,354.966619,1
① 双预报不可知（光伏+负载都用前一日实际）,2025-05-04,10:10-10:20,420.850272,1
① 双预报不可知（光伏+负载都用前一日实际）,2025-05-04,11:50-12:10,699.928189,2
① 双预报不可知（光伏+负载都用前一日实际）,2025-05-04,12:30-13:00,1553.550533,3
① 双预报不可知（光伏+负载都用前一日实际）,2025-05-04,13:10-13:20,515.495019,1
① 双预报不可知（光伏+负载都用前一日实际）,2025-05-04,13:30-14:00,1042.396875,3
① 双预报不可知（光伏+负载都用前一日实际）,2025-05-04,14:10-14:20,310.020275,1
① 双预报不可知（光伏+负载都用前一日实际）,2025-05-04,14:30-14:40,260.255342,1
① 双预报不可知（光伏+负载都用前一日实际）,2025-05-04,14:50-0:00+1,14876.487936,55
① 双预报不可知（光伏+负载都用前一日实际）,2025-05-05,0:00-0:30,69.497417,3
① 双预报不可知（光伏+负载都用前一日实际）,2025-05-05,0:50-1:00,4.075267,1
① 双预报不可知（光伏+负载都用前一日实际）,2025-05-05,2:00-2:30,130.107333,3
① 双预报不可知（光伏+负载都用前一日实际）,2025-05-05,3:30-4:10,41.900572,4
① 双预报不可知（光伏+负载都用前一日实际）,2025-05-05,4:40-5:00,61.196811,2
① 双预报不可知（光伏+负载都用前一日实际）,2025-05-05,5:40-10:50,3839.402431,31
① 双预报不可知（光伏+负载都用前一日实际）,2025-05-05,12:50-15:30,943.719789,16
① 双预报不可知（光伏+负载都用前一日实际）,2025-05-05,16:10-17:40,653.151778,9
① 双预报不可知（光伏+负载都用前一日实际）,2025-05-05,18:10-19:00,122.926278,5
① 双预报不可知（光伏+负载都用前一日实际）,2025-05-05,20:00-20:20,32.640033,2
① 双预报不可知（光伏+负载都用前一日实际）,2025-05-05,20:50-21:40,120.359164,5
① 双预报不可知（光伏+负载都用前一日实际）,2025-05-05,22:00-22:20,36.650389,2
① 双预报不可知（光伏+负载都用前一日实际）,2025-05-05,22:30-22:50,4.681172,2
① 双预报不可知（光伏+负载都用前一日实际）,2025-05-05,23:10-23:40,85.935883,3
① 双预报不可知（光伏+负载都用前一日实际）,2025-05-06,0:30-0:50,56.302067,2
① 双预报不可知（光伏+负载都用前一日实际）,2025-05-06,1:00-2:40,160.733072,10
① 双预报不可知（光伏+负载都用前一日实际）,2025-05-06,3:00-3:30,50.565892,3
① 双预报不可知（光伏+负载都用前一日实际）,2025-05-06,3:40-5:00,197.848433,8
① 双预报不可知（光伏+负载都用前一日实际）,2025-05-06,5:50-6:20,154.514142,3
① 双预报不可知（光伏+负载都用前一日实际）,2025-05-06,7:50-8:30,296.222736,4
① 双预报不可知（光伏+负载都用前一日实际）,2025-05-06,9:20-10:10,281.056247,5
① 双预报不可知（光伏+负载都用前一日实际）,2025-05-06,11:20-11:40,27.949106,2
① 双预报不可知（光伏+负载都用前一日实际）,2025-05-06,14:20-14:40,26.433100,2
① 双预报不可知（光伏+负载都用前一日实际）,2025-05-06,14:50-15:10,31.596519,2
① 双预报不可知（光伏+负载都用前一日实际）,2025-05-06,15:30-16:00,154.610192,3
① 双预报不可知（光伏+负载都用前一日实际）,2025-05-06,17:00-17:40,177.153700,4
① 双预报不可知（光伏+负载都用前一日实际）,2025-05-06,18:30-18:50,52.060978,2
① 双预报不可知（光伏+负载都用前一日实际）,2025-05-06,19:00-19:30,97.053158,3
① 双预报不可知（光伏+负载都用前一日实际）,2025-05-06,19:50-20:00,39.594153,1
① 双预报不可知（光伏+负载都用前一日实际）,2025-05-06,20:30-21:50,260.619106,8
① 双预报不可知（光伏+负载都用前一日实际）,2025-05-06,22:00-23:00,207.704483,6
① 双预报不可知（光伏+负载都用前一日实际）,2025-05-06,23:50-0:00+1,6.141511,1
① 双预报不可知（光伏+负载都用前一日实际）,2025-05-07,0:20-1:00,86.302144,4
① 双预报不可知（光伏+负载都用前一日实际）,2025-05-07,1:30-2:00,30.031933,3
① 双预报不可知（光伏+负载都用前一日实际）,2025-05-07,2:20-3:10,47.516703,5
① 双预报不可知（光伏+负载都用前一日实际）,2025-05-07,5:40-6:00,174.360539,2
① 双预报不可知（光伏+负载都用前一日实际）,2025-05-07,6:20-7:00,51.383644,4
① 双预报不可知（光伏+负载都用前一日实际）,2025-05-07,7:50-8:00,185.525678,1
① 双预报不可知（光伏+负载都用前一日实际）,2025-05-07,8:40-9:10,96.587094,3
① 双预报不可知（光伏+负载都用前一日实际）,2025-05-07,10:10-12:20,1087.548492,13
① 双预报不可知（光伏+负载都用前一日实际）,2025-05-07,12:40-17:50,2446.500217,31
① 双预报不可知（光伏+负载都用前一日实际）,2025-05-07,18:00-18:20,29.608161,2
① 双预报不可知（光伏+负载都用前一日实际）,2025-05-07,19:10-19:40,35.046167,3
① 双预报不可知（光伏+负载都用前一日实际）,2025-05-07,19:50-21:40,295.754239,11
① 双预报不可知（光伏+负载都用前一日实际）,2025-05-07,23:00-23:20,40.420283,2
① 双预报不可知（光伏+负载都用前一日实际）,2025-05-07,23:40-0:00+1,45.835400,2
① 双预报不可知（光伏+负载都用前一日实际）,2025-05-08,0:10-0:30,39.114311,2
① 双预报不可知（光伏+负载都用前一日实际）,2025-05-08,2:20-2:50,16.601333,3
① 双预报不可知（光伏+负载都用前一日实际）,2025-05-08,3:00-3:20,30.972711,2
① 双预报不可知（光伏+负载都用前一日实际）,2025-05-08,4:50-5:00,40.445869,1
① 双预报不可知（光伏+负载都用前一日实际）,2025-05-08,5:50-6:10,133.511683,2
① 双预报不可知（光伏+负载都用前一日实际）,2025-05-08,7:50-8:00,174.699847,1
① 双预报不可知（光伏+负载都用前一日实际）,2025-05-08,8:30-8:50,36.169822,2
① 双预报不可知（光伏+负载都用前一日实际）,2025-05-08,9:10-9:40,75.087075,3
① 双预报不可知（光伏+负载都用前一日实际）,2025-05-08,9:50-10:10,52.680886,2
① 双预报不可知（光伏+负载都用前一日实际）,2025-05-08,10:30-15:20,2733.183906,29
① 双预报不可知（光伏+负载都用前一日实际）,2025-05-08,18:40-19:20,41.557144,4
① 双预报不可知（光伏+负载都用前一日实际）,2025-05-08,19:50-20:30,146.189075,4
① 双预报不可知（光伏+负载都用前一日实际）,2025-05-08,21:00-21:50,199.531936,5
① 双预报不可知（光伏+负载都用前一日实际）,2025-05-08,22:20-22:50,31.635225,3
① 双预报不可知（光伏+负载都用前一日实际）,2025-05-08,23:30-23:40,34.720336,1
① 双预报不可知（光伏+负载都用前一日实际）,2025-05-10,1:10-1:20,1.629661,1
① 双预报不可知（光伏+负载都用前一日实际）,2025-05-10,1:50-2:00,13.343378,1
① 双预报不可知（光伏+负载都用前一日实际）,2025-05-10,2:20-2:30,4.783375,1
① 双预报不可知（光伏+负载都用前一日实际）,2025-05-10,3:00-3:30,47.201517,3
① 双预报不可知（光伏+负载都用前一日实际）,2025-05-10,3:50-4:20,42.424933,3
① 双预报不可知（光伏+负载都用前一日实际）,2025-05-10,4:40-5:00,8.276856,2
① 双预报不可知（光伏+负载都用前一日实际）,2025-05-10,5:20-5:50,71.104075,3
① 双预报不可知（光伏+负载都用前一日实际）,2025-05-10,6:50-7:00,39.701731,1
① 双预报不可知（光伏+负载都用前一日实际）,2025-05-10,7:30-7:50,75.917547,2
① 双预报不可知（光伏+负载都用前一日实际）,2025-05-10,8:00-8:20,58.506261,2
① 双预报不可知（光伏+负载都用前一日实际）,2025-05-10,8:40-9:30,390.026619,5
① 双预报不可知（光伏+负载都用前一日实际）,2025-05-10,10:00-10:10,18.989883,1
① 双预报不可知（光伏+负载都用前一日实际）,2025-05-10,10:40-10:50,43.585192,1
① 双预报不可知（光伏+负载都用前一日实际）,2025-05-10,11:10-11:20,3.582467,1
① 双预报不可知（光伏+负载都用前一日实际）,2025-05-10,12:10-12:40,281.897292,3
① 双预报不可知（光伏+负载都用前一日实际）,2025-05-10,13:50-14:10,203.521294,2
① 双预报不可知（光伏+负载都用前一日实际）,2025-05-10,14:30-14:50,62.888222,2
① 双预报不可知（光伏+负载都用前一日实际）,2025-05-10,15:10-15:40,104.008383,3
① 双预报不可知（光伏+负载都用前一日实际）,2025-05-10,16:00-16:50,318.334694,5
① 双预报不可知（光伏+负载都用前一日实际）,2025-05-10,18:10-19:00,117.104733,5
① 双预报不可知（光伏+负载都用前一日实际）,2025-05-10,19:20-19:50,66.941233,3
① 双预报不可知（光伏+负载都用前一日实际）,2025-05-10,20:40-21:40,222.373111,6
① 双预报不可知（光伏+负载都用前一日实际）,2025-05-10,22:00-23:30,453.253183,9
① 双预报不可知（光伏+负载都用前一日实际）,2025-05-10,23:40-0:00+1,214.130200,2
① 双预报不可知（光伏+负载都用前一日实际）,2025-05-11,0:00-9:50,13237.789158,59
① 双预报不可知（光伏+负载都用前一日实际）,2025-05-11,10:00-10:10,512.233272,1
① 双预报不可知（光伏+负载都用前一日实际）,2025-05-11,10:30-10:50,694.804661,2
① 双预报不可知（光伏+负载都用前一日实际）,2025-05-11,11:10-11:20,557.506047,1
① 双预报不可知（光伏+负载都用前一日实际）,2025-05-11,11:40-11:50,496.780114,1
① 双预报不可知（光伏+负载都用前一日实际）,2025-05-11,12:10-12:40,1107.489900,3
① 双预报不可知（光伏+负载都用前一日实际）,2025-05-11,13:50-0:00+1,17542.734075,61
① 双预报不可知（光伏+负载都用前一日实际）,2025-05-12,0:00-0:10,9.047308,1
① 双预报不可知（光伏+负载都用前一日实际）,2025-05-12,0:40-1:10,43.542039,3
① 双预报不可知（光伏+负载都用前一日实际）,2025-05-12,1:30-1:50,65.040161,2
① 双预报不可知（光伏+负载都用前一日实际）,2025-05-12,2:20-2:30,17.892089,1
① 双预报不可知（光伏+负载都用前一日实际）,2025-05-12,2:50-3:20,55.760956,3
① 双预报不可知（光伏+负载都用前一日实际）,2025-05-12,4:00-4:20,7.587400,2
① 双预报不可知（光伏+负载都用前一日实际）,2025-05-12,4:50-5:00,2.557208,1
① 双预报不可知（光伏+负载都用前一日实际）,2025-05-12,5:40-6:10,236.278350,3
① 双预报不可知（光伏+负载都用前一日实际）,2025-05-12,7:50-8:00,80.368842,1
① 双预报不可知（光伏+负载都用前一日实际）,2025-05-12,11:30-11:50,169.208506,2
① 双预报不可知（光伏+负载都用前一日实际）,2025-05-12,12:00-13:40,1417.330756,10
① 双预报不可知（光伏+负载都用前一日实际）,2025-05-12,16:00-17:40,916.124733,10
① 双预报不可知（光伏+负载都用前一日实际）,2025-05-12,18:10-18:30,24.519850,2
① 双预报不可知（光伏+负载都用前一日实际）,2025-05-12,19:00-19:30,16.175708,3
① 双预报不可知（光伏+负载都用前一日实际）,2025-05-12,20:10-20:20,1.444978,1
① 双预报不可知（光伏+负载都用前一日实际）,2025-05-12,20:40-21:20,113.408006,4
① 双预报不可知（光伏+负载都用前一日实际）,2025-05-12,21:30-21:40,43.097258,1
① 双预报不可知（光伏+负载都用前一日实际）,2025-05-12,22:00-22:30,34.639750,3
① 双预报不可知（光伏+负载都用前一日实际）,2025-05-12,22:50-23:00,21.504239,1
① 双预报不可知（光伏+负载都用前一日实际）,2025-05-13,0:40-1:00,26.077544,2
① 双预报不可知（光伏+负载都用前一日实际）,2025-05-13,1:50-2:00,5.903178,1
① 双预报不可知（光伏+负载都用前一日实际）,2025-05-13,2:30-2:40,3.449417,1
① 双预报不可知（光伏+负载都用前一日实际）,2025-05-13,4:00-4:30,61.511450,3
① 双预报不可知（光伏+负载都用前一日实际）,2025-05-13,4:50-5:00,4.931061,1
① 双预报不可知（光伏+负载都用前一日实际）,2025-05-13,5:40-6:10,278.126567,3
① 双预报不可知（光伏+负载都用前一日实际）,2025-05-13,6:20-7:30,232.686542,7
① 双预报不可知（光伏+负载都用前一日实际）,2025-05-13,7:40-11:10,2777.618506,21
① 双预报不可知（光伏+负载都用前一日实际）,2025-05-13,11:40-12:00,11.220106,2
① 双预报不可知（光伏+负载都用前一日实际）,2025-05-13,13:40-14:50,360.864800,7
① 双预报不可知（光伏+负载都用前一日实际）,2025-05-13,15:00-15:20,83.771211,2
① 双预报不可知（光伏+负载都用前一日实际）,2025-05-13,17:20-17:40,75.115461,2
① 双预报不可知（光伏+负载都用前一日实际）,2025-05-13,18:50-19:20,88.888094,3
① 双预报不可知（光伏+负载都用前一日实际）,2025-05-13,19:30-20:00,69.107575,3
① 双预报不可知（光伏+负载都用前一日实际）,2025-05-13,20:20-20:30,21.712656,1
① 双预报不可知（光伏+负载都用前一日实际）,2025-05-13,20:50-21:40,272.406394,5
① 双预报不可知（光伏+负载都用前一日实际）,2025-05-13,22:20-23:40,102.831456,8
① 双预报不可知（光伏+负载都用前一日实际）,2025-05-14,1:30-2:40,63.256369,7
① 双预报不可知（光伏+负载都用前一日实际）,2025-05-14,3:00-4:00,227.357533,6
① 双预报不可知（光伏+负载都用前一日实际）,2025-05-14,4:40-5:00,27.710678,2
① 双预报不可知（光伏+负载都用前一日实际）,2025-05-14,5:40-6:50,499.161411,7
① 双预报不可知（光伏+负载都用前一日实际）,2025-05-14,7:40-8:00,238.243044,2
① 双预报不可知（光伏+负载都用前一日实际）,2025-05-14,10:20-10:30,17.129881,1
① 双预报不可知（光伏+负载都用前一日实际）,2025-05-14,10:40-11:40,408.307006,6
① 双预报不可知（光伏+负载都用前一日实际）,2025-05-14,12:20-12:30,11.762228,1
① 双预报不可知（光伏+负载都用前一日实际）,2025-05-14,13:10-14:20,394.296156,7
① 双预报不可知（光伏+负载都用前一日实际）,2025-05-14,16:10-16:20,1.358583,1
① 双预报不可知（光伏+负载都用前一日实际）,2025-05-14,17:00-17:40,530.402783,4
① 双预报不可知（光伏+负载都用前一日实际）,2025-05-14,18:00-19:00,149.677433,6
① 双预报不可知（光伏+负载都用前一日实际）,2025-05-14,19:50-20:10,21.273494,2
① 双预报不可知（光伏+负载都用前一日实际）,2025-05-14,20:20-20:50,37.937675,3
① 双预报不可知（光伏+负载都用前一日实际）,2025-05-14,21:00-21:40,231.710289,4
① 双预报不可知（光伏+负载都用前一日实际）,2025-05-14,22:00-22:20,26.327150,2
① 双预报不可知（光伏+负载都用前一日实际）,2025-05-14,22:30-23:20,146.930192,5
① 双预报不可知（光伏+负载都用前一日实际）,2025-05-14,23:30-0:00+1,88.529375,3
① 双预报不可知（光伏+负载都用前一日实际）,2025-05-15,0:00-1:00,34.154333,6
① 双预报不可知（光伏+负载都用前一日实际）,2025-05-15,1:40-2:10,79.632561,3
① 双预报不可知（光伏+负载都用前一日实际）,2025-05-15,2:30-3:00,69.958100,3
① 双预报不可知（光伏+负载都用前一日实际）,2025-05-15,4:20-4:50,16.273508,3
① 双预报不可知（光伏+负载都用前一日实际）,2025-05-15,5:50-6:10,179.103147,2
① 双预报不可知（光伏+负载都用前一日实际）,2025-05-15,6:50-7:00,32.784322,1
① 双预报不可知（光伏+负载都用前一日实际）,2025-05-15,7:20-8:10,479.197547,5
① 双预报不可知（光伏+负载都用前一日实际）,2025-05-15,8:30-8:40,23.517358,1
① 双预报不可知（光伏+负载都用前一日实际）,2025-05-15,9:00-9:20,20.633417,2
① 双预报不可知（光伏+负载都用前一日实际）,2025-05-15,9:30-9:50,21.452750,2
① 双预报不可知（光伏+负载都用前一日实际）,2025-05-15,10:10-10:20,1.859931,1
① 双预报不可知（光伏+负载都用前一日实际）,2025-05-15,12:30-13:10,303.027044,4
① 双预报不可知（光伏+负载都用前一日实际）,2025-05-15,14:10-17:00,1691.641550,17
① 双预报不可知（光伏+负载都用前一日实际）,2025-05-15,17:10-17:40,113.438658,3
① 双预报不可知（光伏+负载都用前一日实际）,2025-05-15,18:40-19:10,56.362267,3
① 双预报不可知（光伏+负载都用前一日实际）,2025-05-15,20:10-20:20,0.811822,1
① 双预报不可知（光伏+负载都用前一日实际）,2025-05-15,20:50-21:40,268.731578,5
① 双预报不可知（光伏+负载都用前一日实际）,2025-05-15,22:00-22:40,57.429083,4
① 双预报不可知（光伏+负载都用前一日实际）,2025-05-15,23:20-23:30,5.570833,1
① 双预报不可知（光伏+负载都用前一日实际）,2025-05-17,1:10-1:50,55.525350,4
① 双预报不可知（光伏+负载都用前一日实际）,2025-05-17,2:00-3:00,39.688600,6
① 双预报不可知（光伏+负载都用前一日实际）,2025-05-17,3:10-4:30,171.498044,8
① 双预报不可知（光伏+负载都用前一日实际）,2025-05-17,4:40-5:10,34.837861,3
① 双预报不可知（光伏+负载都用前一日实际）,2025-05-17,5:40-6:00,19.500911,2
① 双预报不可知（光伏+负载都用前一日实际）,2025-05-17,6:20-6:30,7.298908,1
① 双预报不可知（光伏+负载都用前一日实际）,2025-05-17,6:50-7:00,21.601118,1
① 双预报不可知（光伏+负载都用前一日实际）,2025-05-17,7:20-7:30,0.473561,1
① 双预报不可知（光伏+负载都用前一日实际）,2025-05-17,8:30-8:40,46.511231,1
① 双预报不可知（光伏+负载都用前一日实际）,2025-05-17,9:10-10:10,560.188681,6
① 双预报不可知（光伏+负载都用前一日实际）,2025-05-17,10:20-10:30,160.211339,1
① 双预报不可知（光伏+负载都用前一日实际）,2025-05-17,11:10-11:40,791.548050,3
① 双预报不可知（光伏+负载都用前一日实际）,2025-05-17,11:50-12:00,208.423750,1
① 双预报不可知（光伏+负载都用前一日实际）,2025-05-17,12:20-12:30,126.872917,1
① 双预报不可知（光伏+负载都用前一日实际）,2025-05-17,12:50-13:10,192.049736,2
① 双预报不可知（光伏+负载都用前一日实际）,2025-05-17,13:20-13:30,137.021239,1
① 双预报不可知（光伏+负载都用前一日实际）,2025-05-17,13:50-14:00,167.853322,1
① 双预报不可知（光伏+负载都用前一日实际）,2025-05-17,14:40-14:50,245.370172,1
① 双预报不可知（光伏+负载都用前一日实际）,2025-05-17,15:00-15:20,228.903967,2
① 双预报不可知（光伏+负载都用前一日实际）,2025-05-17,16:10-17:40,440.525189,9
① 双预报不可知（光伏+负载都用前一日实际）,2025-05-17,18:00-18:50,156.446050,5
① 双预报不可知（光伏+负载都用前一日实际）,2025-05-17,19:10-20:00,280.946044,5
① 双预报不可知（光伏+负载都用前一日实际）,2025-05-17,20:10-21:00,110.704694,5
① 双预报不可知（光伏+负载都用前一日实际）,2025-05-17,22:00-22:10,13.241025,1
① 双预报不可知（光伏+负载都用前一日实际）,2025-05-17,22:30-23:00,140.986442,3
① 双预报不可知（光伏+负载都用前一日实际）,2025-05-17,23:40-0:00+1,178.219389,2
① 双预报不可知（光伏+负载都用前一日实际）,2025-05-18,0:00-9:30,14671.930994,57
① 双预报不可知（光伏+负载都用前一日实际）,2025-05-18,10:00-10:10,317.103161,1
① 双预报不可知（光伏+负载都用前一日实际）,2025-05-18,10:40-10:50,400.155061,1
① 双预报不可知（光伏+负载都用前一日实际）,2025-05-18,11:10-11:20,415.328761,1
① 双预报不可知（光伏+负载都用前一日实际）,2025-05-18,11:40-11:50,342.147628,1
① 双预报不可知（光伏+负载都用前一日实际）,2025-05-18,12:10-12:40,1550.626683,3
① 双预报不可知（光伏+负载都用前一日实际）,2025-05-18,13:50-14:10,605.471053,2
① 双预报不可知（光伏+负载都用前一日实际）,2025-05-18,14:30-0:00+1,14562.738953,57
① 双预报不可知（光伏+负载都用前一日实际）,2025-05-19,0:00-0:10,1.013656,1
① 双预报不可知（光伏+负载都用前一日实际）,2025-05-19,0:20-0:30,1.693006,1
① 双预报不可知（光伏+负载都用前一日实际）,2025-05-19,1:40-2:00,30.924033,2
① 双预报不可知（光伏+负载都用前一日实际）,2025-05-19,5:40-6:10,161.287939,3
① 双预报不可知（光伏+负载都用前一日实际）,2025-05-19,6:20-6:30,2.172172,1
① 双预报不可知（光伏+负载都用前一日实际）,2025-05-19,7:50-8:00,136.101444,1
① 双预报不可知（光伏+负载都用前一日实际）,2025-05-19,9:00-10:10,323.308656,7
① 双预报不可知（光伏+负载都用前一日实际）,2025-05-19,10:20-10:50,169.767183,3
① 双预报不可知（光伏+负载都用前一日实际）,2025-05-19,15:20-15:30,10.446658,1
① 双预报不可知（光伏+负载都用前一日实际）,2025-05-19,15:50-16:50,336.632364,6
① 双预报不可知（光伏+负载都用前一日实际）,2025-05-19,17:00-17:40,190.168539,4
① 双预报不可知（光伏+负载都用前一日实际）,2025-05-19,18:40-19:20,76.072483,4
① 双预报不可知（光伏+负载都用前一日实际）,2025-05-19,19:30-19:50,24.595939,2
① 双预报不可知（光伏+负载都用前一日实际）,2025-05-19,20:10-20:40,222.787658,3
① 双预报不可知（光伏+负载都用前一日实际）,2025-05-19,21:00-21:40,174.958622,4
① 双预报不可知（光伏+负载都用前一日实际）,2025-05-19,22:00-22:20,22.865489,2
① 双预报不可知（光伏+负载都用前一日实际）,2025-05-19,23:10-23:30,32.427083,2
① 双预报不可知（光伏+负载都用前一日实际）,2025-05-19,23:50-0:00+1,7.132658,1
① 双预报不可知（光伏+负载都用前一日实际）,2025-05-20,0:00-0:10,0.993108,1
① 双预报不可知（光伏+负载都用前一日实际）,2025-05-20,0:20-0:30,11.190142,1
① 双预报不可知（光伏+负载都用前一日实际）,2025-05-20,0:50-1:20,12.356003,3
① 双预报不可知（光伏+负载都用前一日实际）,2025-05-20,1:50-2:00,3.448339,1
① 双预报不可知（光伏+负载都用前一日实际）,2025-05-20,2:10-3:00,36.259344,5
① 双预报不可知（光伏+负载都用前一日实际）,2025-05-20,3:30-3:40,1.138411,1
① 双预报不可知（光伏+负载都用前一日实际）,2025-05-20,4:00-4:20,21.553394,2
① 双预报不可知（光伏+负载都用前一日实际）,2025-05-20,4:50-5:00,3.182364,1
① 双预报不可知（光伏+负载都用前一日实际）,2025-05-20,5:40-6:00,165.829022,2
① 双预报不可知（光伏+负载都用前一日实际）,2025-05-20,6:20-7:00,48.102583,4
① 双预报不可知（光伏+负载都用前一日实际）,2025-05-20,7:40-8:00,186.491600,2
① 双预报不可知（光伏+负载都用前一日实际）,2025-05-20,8:20-9:00,197.109189,4
① 双预报不可知（光伏+负载都用前一日实际）,2025-05-20,10:00-10:20,136.391544,2
① 双预报不可知（光伏+负载都用前一日实际）,2025-05-20,10:40-13:30,3960.343125,17
① 双预报不可知（光伏+负载都用前一日实际）,2025-05-20,13:40-15:50,2406.435794,13
① 双预报不可知（光伏+负载都用前一日实际）,2025-05-20,16:20-16:50,87.971492,3
① 双预报不可知（光伏+负载都用前一日实际）,2025-05-20,17:00-17:40,184.532600,4
① 双预报不可知（光伏+负载都用前一日实际）,2025-05-20,18:00-20:20,376.835850,14
① 双预报不可知（光伏+负载都用前一日实际）,2025-05-20,21:20-21:40,138.799322,2
① 双预报不可知（光伏+负载都用前一日实际）,2025-05-20,22:00-22:20,64.942628,2
① 双预报不可知（光伏+负载都用前一日实际）,2025-05-20,22:30-23:00,104.199125,3
① 双预报不可知（光伏+负载都用前一日实际）,2025-05-20,23:20-23:50,27.646808,3
① 双预报不可知（光伏+负载都用前一日实际）,2025-05-21,0:30-0:50,26.575939,2
① 双预报不可知（光伏+负载都用前一日实际）,2025-05-21,1:40-2:00,30.701489,2
① 双预报不可知（光伏+负载都用前一日实际）,2025-05-21,2:30-3:10,108.482278,4
① 双预报不可知（光伏+负载都用前一日实际）,2025-05-21,3:40-4:10,31.712897,3
① 双预报不可知（光伏+负载都用前一日实际）,2025-05-21,4:30-5:00,75.318392,3
① 双预报不可知（光伏+负载都用前一日实际）,2025-05-21,5:40-6:00,164.038661,2
① 双预报不可知（光伏+负载都用前一日实际）,2025-05-21,7:50-8:00,185.871986,1
① 双预报不可知（光伏+负载都用前一日实际）,2025-05-21,8:50-10:50,1116.276669,12
① 双预报不可知（光伏+负载都用前一日实际）,2025-05-21,11:00-11:10,11.984100,1
① 双预报不可知（光伏+负载都用前一日实际）,2025-05-21,14:50-17:40,1021.013919,17
① 双预报不可知（光伏+负载都用前一日实际）,2025-05-21,18:20-18:30,18.015714,1
① 双预报不可知（光伏+负载都用前一日实际）,2025-05-21,19:20-19:50,24.944425,3
① 双预报不可知（光伏+负载都用前一日实际）,2025-05-21,20:40-21:50,317.713211,7
① 双预报不可知（光伏+负载都用前一日实际）,2025-05-21,22:20-22:30,10.769178,1
① 双预报不可知（光伏+负载都用前一日实际）,2025-05-21,22:50-23:10,18.987689,2
① 双预报不可知（光伏+负载都用前一日实际）,2025-05-21,23:20-0:00+1,144.080594,4
① 双预报不可知（光伏+负载都用前一日实际）,2025-05-22,0:00-0:10,0.074725,1
① 双预报不可知（光伏+负载都用前一日实际）,2025-05-22,1:00-1:20,37.533683,2
① 双预报不可知（光伏+负载都用前一日实际）,2025-05-22,1:30-2:10,32.311242,4
① 双预报不可知（光伏+负载都用前一日实际）,2025-05-22,3:00-3:20,38.225406,2
① 双预报不可知（光伏+负载都用前一日实际）,2025-05-22,3:40-4:10,41.479764,3
① 双预报不可知（光伏+负载都用前一日实际）,2025-05-22,4:30-4:50,14.649683,2
① 双预报不可知（光伏+负载都用前一日实际）,2025-05-22,5:40-6:10,192.638275,3
① 双预报不可知（光伏+负载都用前一日实际）,2025-05-22,6:20-7:00,164.180844,4
① 双预报不可知（光伏+负载都用前一日实际）,2025-05-22,7:20-7:30,1.189803,1
① 双预报不可知（光伏+负载都用前一日实际）,2025-05-22,7:40-8:30,529.732172,5
① 双预报不可知（光伏+负载都用前一日实际）,2025-05-22,8:50-9:00,10.901806,1
① 双预报不可知（光伏+负载都用前一日实际）,2025-05-22,10:00-10:10,20.371150,1
① 双预报不可知（光伏+负载都用前一日实际）,2025-05-22,11:10-14:30,1368.788372,20
① 双预报不可知（光伏+负载都用前一日实际）,2025-05-22,16:10-16:30,53.796006,2
① 双预报不可知（光伏+负载都用前一日实际）,2025-05-22,16:50-17:40,215.778886,5
① 双预报不可知（光伏+负载都用前一日实际）,2025-05-22,18:00-18:30,132.765267,3
① 双预报不可知（光伏+负载都用前一日实际）,2025-05-22,20:20-20:30,37.338558,1
① 双预报不可知（光伏+负载都用前一日实际）,2025-05-22,21:00-21:10,33.325494,1
① 双预报不可知（光伏+负载都用前一日实际）,2025-05-22,22:10-22:50,93.525222,4
① 双预报不可知（光伏+负载都用前一日实际）,2025-05-24,0:00-0:10,0.476992,1
① 双预报不可知（光伏+负载都用前一日实际）,2025-05-24,0:20-0:40,5.575550,2
① 双预报不可知（光伏+负载都用前一日实际）,2025-05-24,1:00-1:20,28.944139,2
① 双预报不可知（光伏+负载都用前一日实际）,2025-05-24,1:30-2:50,106.324422,8
① 双预报不可知（光伏+负载都用前一日实际）,2025-05-24,3:50-4:10,45.417583,2
① 双预报不可知（光伏+负载都用前一日实际）,2025-05-24,4:30-4:50,37.037967,2
① 双预报不可知（光伏+负载都用前一日实际）,2025-05-24,5:50-6:00,5.574347,1
① 双预报不可知（光伏+负载都用前一日实际）,2025-05-24,6:50-7:00,15.722139,1
① 双预报不可知（光伏+负载都用前一日实际）,2025-05-24,7:40-8:00,107.018689,2
① 双预报不可知（光伏+负载都用前一日实际）,2025-05-24,8:10-8:20,13.232694,1
① 双预报不可知（光伏+负载都用前一日实际）,2025-05-24,8:40-9:40,628.147367,6
① 双预报不可知（光伏+负载都用前一日实际）,2025-05-24,14:30-14:40,84.208947,1
① 双预报不可知（光伏+负载都用前一日实际）,2025-05-24,17:50-18:00,1.963461,1
① 双预报不可知（光伏+负载都用前一日实际）,2025-05-24,18:30-18:50,8.660378,2
① 双预报不可知（光伏+负载都用前一日实际）,2025-05-24,19:00-19:50,82.133119,5
① 双预报不可知（光伏+负载都用前一日实际）,2025-05-24,20:20-21:50,326.995167,9
① 双预报不可知（光伏+负载都用前一日实际）,2025-05-24,22:30-22:50,19.125811,2
① 双预报不可知（光伏+负载都用前一日实际）,2025-05-24,23:00-0:00+1,339.702783,6
① 双预报不可知（光伏+负载都用前一日实际）,2025-05-25,0:00-9:10,10398.816683,55
① 双预报不可知（光伏+负载都用前一日实际）,2025-05-25,9:40-10:20,1767.496872,4
① 双预报不可知（光伏+负载都用前一日实际）,2025-05-25,10:30-10:40,518.060706,1
① 双预报不可知（光伏+负载都用前一日实际）,2025-05-25,10:50-11:00,484.929167,1
① 双预报不可知（光伏+负载都用前一日实际）,2025-05-25,11:10-11:20,499.130233,1
① 双预报不可知（光伏+负载都用前一日实际）,2025-05-25,11:30-12:00,1047.428767,3
① 双预报不可知（光伏+负载都用前一日实际）,2025-05-25,12:30-12:50,904.343022,2
① 双预报不可知（光伏+负载都用前一日实际）,2025-05-25,13:00-13:30,1202.977033,3
① 双预报不可知（光伏+负载都用前一日实际）,2025-05-25,13:40-13:50,604.025600,1
① 双预报不可知（光伏+负载都用前一日实际）,2025-05-25,14:00-14:10,442.638197,1
① 双预报不可知（光伏+负载都用前一日实际）,2025-05-25,14:20-14:40,685.913861,2
① 双预报不可知（光伏+负载都用前一日实际）,2025-05-25,15:10-0:00+1,15562.101297,53
① 双预报不可知（光伏+负载都用前一日实际）,2025-05-26,0:20-0:30,11.593322,1
① 双预报不可知（光伏+负载都用前一日实际）,2025-05-26,1:20-2:10,80.073928,5
① 双预报不可知（光伏+负载都用前一日实际）,2025-05-26,2:40-3:00,22.426139,2
① 双预报不可知（光伏+负载都用前一日实际）,2025-05-26,4:20-5:00,37.799706,4
① 双预报不可知（光伏+负载都用前一日实际）,2025-05-26,5:40-6:00,158.894683,2
① 双预报不可知（光伏+负载都用前一日实际）,2025-05-26,6:40-9:10,1469.967994,15
① 双预报不可知（光伏+负载都用前一日实际）,2025-05-26,9:20-13:50,4634.980075,27
① 双预报不可知（光伏+负载都用前一日实际）,2025-05-26,14:00-14:20,22.679711,2
① 双预报不可知（光伏+负载都用前一日实际）,2025-05-26,14:40-15:30,400.500461,5
① 双预报不可知（光伏+负载都用前一日实际）,2025-05-26,15:50-16:00,6.126978,1
① 双预报不可知（光伏+负载都用前一日实际）,2025-05-26,16:20-17:40,380.543167,8
① 双预报不可知（光伏+负载都用前一日实际）,2025-05-26,18:10-19:10,158.005500,6
① 双预报不可知（光伏+负载都用前一日实际）,2025-05-26,21:00-21:40,193.310994,4
① 双预报不可知（光伏+负载都用前一日实际）,2025-05-26,22:10-22:20,2.831556,1
① 双预报不可知（光伏+负载都用前一日实际）,2025-05-26,22:30-23:10,68.930294,4
① 双预报不可知（光伏+负载都用前一日实际）,2025-05-26,23:20-23:40,29.821022,2
① 双预报不可知（光伏+负载都用前一日实际）,2025-05-26,23:50-0:00+1,11.398078,1
① 双预报不可知（光伏+负载都用前一日实际）,2025-05-27,0:00-0:40,80.520911,4
① 双预报不可知（光伏+负载都用前一日实际）,2025-05-27,1:30-1:40,9.438214,1
① 双预报不可知（光伏+负载都用前一日实际）,2025-05-27,2:10-4:00,331.075650,11
① 双预报不可知（光伏+负载都用前一日实际）,2025-05-27,4:20-4:50,45.419508,3
① 双预报不可知（光伏+负载都用前一日实际）,2025-05-27,5:50-6:10,160.008522,2
① 双预报不可知（光伏+负载都用前一日实际）,2025-05-27,7:50-8:00,197.513653,1
① 双预报不可知（光伏+负载都用前一日实际）,2025-05-27,9:10-9:30,31.429333,2
① 双预报不可知（光伏+负载都用前一日实际）,2025-05-27,13:40-14:20,116.925039,4
① 双预报不可知（光伏+负载都用前一日实际）,2025-05-27,15:30-16:20,138.898736,5
① 双预报不可知（光伏+负载都用前一日实际）,2025-05-27,17:10-17:40,50.795067,3
① 双预报不可知（光伏+负载都用前一日实际）,2025-05-27,19:00-20:50,354.900794,11
① 双预报不可知（光伏+负载都用前一日实际）,2025-05-27,21:00-21:40,132.668567,4
① 双预报不可知（光伏+负载都用前一日实际）,2025-05-27,22:10-22:30,78.366206,2
① 双预报不可知（光伏+负载都用前一日实际）,2025-05-27,22:50-23:10,34.168308,2
① 双预报不可知（光伏+负载都用前一日实际）,2025-05-27,23:20-0:00+1,137.438389,4
① 双预报不可知（光伏+负载都用前一日实际）,2025-05-28,0:10-1:30,210.069931,8
① 双预报不可知（光伏+负载都用前一日实际）,2025-05-28,1:50-2:00,13.194364,1
① 双预报不可知（光伏+负载都用前一日实际）,2025-05-28,2:50-3:10,27.518169,2
① 双预报不可知（光伏+负载都用前一日实际）,2025-05-28,3:30-3:50,30.717167,2
① 双预报不可知（光伏+负载都用前一日实际）,2025-05-28,4:30-4:50,8.977611,2
① 双预报不可知（光伏+负载都用前一日实际）,2025-05-28,5:40-7:10,717.853833,9
① 双预报不可知（光伏+负载都用前一日实际）,2025-05-28,7:40-8:20,493.047428,4
① 双预报不可知（光伏+负载都用前一日实际）,2025-05-28,8:40-10:30,921.321772,11
① 双预报不可知（光伏+负载都用前一日实际）,2025-05-28,10:40-12:50,2554.170244,13
① 双预报不可知（光伏+负载都用前一日实际）,2025-05-28,15:30-15:40,21.365483,1
① 双预报不可知（光伏+负载都用前一日实际）,2025-05-28,16:10-16:20,1.824081,1
① 双预报不可知（光伏+负载都用前一日实际）,2025-05-28,16:30-17:40,713.300064,7
① 双预报不可知（光伏+负载都用前一日实际）,2025-05-28,18:20-19:00,50.926856,4
① 双预报不可知（光伏+负载都用前一日实际）,2025-05-28,19:30-19:50,44.578772,2
① 双预报不可知（光伏+负载都用前一日实际）,2025-05-28,20:00-20:20,22.010550,2
① 双预报不可知（光伏+负载都用前一日实际）,2025-05-28,21:00-21:50,182.253253,5
① 双预报不可知（光伏+负载都用前一日实际）,2025-05-28,22:30-22:40,1.548914,1
① 双预报不可知（光伏+负载都用前一日实际）,2025-05-28,23:00-23:30,30.780067,3
① 双预报不可知（光伏+负载都用前一日实际）,2025-05-28,23:40-0:00+1,27.018500,2
① 双预报不可知（光伏+负载都用前一日实际）,2025-05-29,0:00-0:30,25.202033,3
① 双预报不可知（光伏+负载都用前一日实际）,2025-05-29,1:00-1:30,22.372083,3
① 双预报不可知（光伏+负载都用前一日实际）,2025-05-29,2:30-3:00,84.235367,3
① 双预报不可知（光伏+负载都用前一日实际）,2025-05-29,4:10-5:00,118.062575,5
① 双预报不可知（光伏+负载都用前一日实际）,2025-05-29,5:40-6:20,165.564350,4
① 双预报不可知（光伏+负载都用前一日实际）,2025-05-29,6:50-7:00,35.149781,1
① 双预报不可知（光伏+负载都用前一日实际）,2025-05-29,7:40-8:40,815.515717,6
① 双预报不可知（光伏+负载都用前一日实际）,2025-05-29,8:50-9:30,64.674531,4
① 双预报不可知（光伏+负载都用前一日实际）,2025-05-29,10:00-10:20,23.762594,2
① 双预报不可知（光伏+负载都用前一日实际）,2025-05-29,10:30-11:00,114.686358,3
① 双预报不可知（光伏+负载都用前一日实际）,2025-05-29,11:30-11:40,57.309069,1
① 双预报不可知（光伏+负载都用前一日实际）,2025-05-29,12:50-16:40,1994.701889,23
① 双预报不可知（光伏+负载都用前一日实际）,2025-05-29,17:00-17:40,277.695572,4
① 双预报不可知（光伏+负载都用前一日实际）,2025-05-29,18:00-18:50,194.678472,5
① 双预报不可知（光伏+负载都用前一日实际）,2025-05-29,19:00-19:30,105.851392,3
① 双预报不可知（光伏+负载都用前一日实际）,2025-05-29,19:40-20:30,88.465589,5
① 双预报不可知（光伏+负载都用前一日实际）,2025-05-29,20:50-21:40,192.473028,5
① 双预报不可知（光伏+负载都用前一日实际）,2025-05-29,22:10-22:20,33.117417,1
① 双预报不可知（光伏+负载都用前一日实际）,2025-05-29,22:50-23:00,3.714600,1
① 双预报不可知（光伏+负载都用前一日实际）,2025-05-29,23:30-23:40,16.485914,1
① 双预报不可知（光伏+负载都用前一日实际）,2025-05-31,0:00-0:10,19.874203,1
① 双预报不可知（光伏+负载都用前一日实际）,2025-05-31,0:30-1:00,104.629608,3
① 双预报不可知（光伏+负载都用前一日实际）,2025-05-31,1:10-2:00,105.038167,5
① 双预报不可知（光伏+负载都用前一日实际）,2025-05-31,2:30-3:00,77.778308,3
① 双预报不可知（光伏+负载都用前一日实际）,2025-05-31,3:10-3:30,3.179544,2
① 双预报不可知（光伏+负载都用前一日实际）,2025-05-31,3:50-5:20,251.756025,9
① 双预报不可知（光伏+负载都用前一日实际）,2025-05-31,6:20-6:30,20.576983,1
① 双预报不可知（光伏+负载都用前一日实际）,2025-05-31,6:40-7:20,179.993925,4
① 双预报不可知（光伏+负载都用前一日实际）,2025-05-31,8:50-9:00,74.140817,1
① 双预报不可知（光伏+负载都用前一日实际）,2025-05-31,9:20-9:30,85.046706,1
① 双预报不可知（光伏+负载都用前一日实际）,2025-05-31,10:10-10:30,327.837961,2
① 双预报不可知（光伏+负载都用前一日实际）,2025-05-31,11:20-11:30,75.720833,1
① 双预报不可知（光伏+负载都用前一日实际）,2025-05-31,11:40-12:10,199.504167,3
① 双预报不可知（光伏+负载都用前一日实际）,2025-05-31,12:20-12:30,33.970417,1
① 双预报不可知（光伏+负载都用前一日实际）,2025-05-31,12:40-13:10,221.127578,3
① 双预报不可知（光伏+负载都用前一日实际）,2025-05-31,14:10-14:20,53.990267,1
① 双预报不可知（光伏+负载都用前一日实际）,2025-05-31,14:40-15:00,180.323583,2
① 双预报不可知（光伏+负载都用前一日实际）,2025-05-31,17:50-18:00,3.677044,1
① 双预报不可知（光伏+负载都用前一日实际）,2025-05-31,18:10-18:30,31.173967,2
① 双预报不可知（光伏+负载都用前一日实际）,2025-05-31,18:40-19:10,65.666514,3
① 双预报不可知（光伏+负载都用前一日实际）,2025-05-31,19:20-20:10,81.906000,5
① 双预报不可知（光伏+负载都用前一日实际）,2025-05-31,20:30-21:40,174.132189,7
① 双预报不可知（光伏+负载都用前一日实际）,2025-05-31,23:00-23:30,102.729083,3
① 双预报不可知（光伏+负载都用前一日实际）,2025-05-31,23:40-0:00+1,397.832828,2
① 双预报不可知（光伏+负载都用前一日实际）,2025-06-01,0:00-11:00,17732.024865,66
① 双预报不可知（光伏+负载都用前一日实际）,2025-06-01,11:10-12:00,2485.432375,5
① 双预报不可知（光伏+负载都用前一日实际）,2025-06-01,12:10-12:20,634.470606,1
① 双预报不可知（光伏+负载都用前一日实际）,2025-06-01,12:30-0:00+1,27505.965450,69
① 双预报不可知（光伏+负载都用前一日实际）,2025-06-02,0:00-0:10,6.642619,1
① 双预报不可知（光伏+负载都用前一日实际）,2025-06-02,1:00-1:20,8.540733,2
① 双预报不可知（光伏+负载都用前一日实际）,2025-06-02,1:30-1:50,19.255067,2
① 双预报不可知（光伏+负载都用前一日实际）,2025-06-02,2:00-2:20,16.023272,2
① 双预报不可知（光伏+负载都用前一日实际）,2025-06-02,3:00-3:30,38.540908,3
① 双预报不可知（光伏+负载都用前一日实际）,2025-06-02,4:10-4:50,104.617906,4
① 双预报不可知（光伏+负载都用前一日实际）,2025-06-02,5:40-7:20,524.749250,10
① 双预报不可知（光伏+负载都用前一日实际）,2025-06-02,7:40-8:50,977.594983,7
① 双预报不可知（光伏+负载都用前一日实际）,2025-06-02,12:20-12:30,14.588889,1
① 双预报不可知（光伏+负载都用前一日实际）,2025-06-02,13:00-13:30,197.101967,3
① 双预报不可知（光伏+负载都用前一日实际）,2025-06-02,13:40-14:00,84.964178,2
① 双预报不可知（光伏+负载都用前一日实际）,2025-06-02,14:20-17:50,1834.750519,21
① 双预报不可知（光伏+负载都用前一日实际）,2025-06-02,18:10-18:40,85.450575,3
① 双预报不可知（光伏+负载都用前一日实际）,2025-06-02,19:10-19:30,39.514000,2
① 双预报不可知（光伏+负载都用前一日实际）,2025-06-02,19:50-20:10,18.741844,2
① 双预报不可知（光伏+负载都用前一日实际）,2025-06-02,21:00-21:40,159.078472,4
① 双预报不可知（光伏+负载都用前一日实际）,2025-06-02,22:00-22:20,92.179122,2
① 双预报不可知（光伏+负载都用前一日实际）,2025-06-02,22:30-22:50,38.897856,2
① 双预报不可知（光伏+负载都用前一日实际）,2025-06-02,23:00-23:20,39.431267,2
① 双预报不可知（光伏+负载都用前一日实际）,2025-06-03,0:00-0:30,41.604933,3
① 双预报不可知（光伏+负载都用前一日实际）,2025-06-03,1:10-1:40,49.065933,3
① 双预报不可知（光伏+负载都用前一日实际）,2025-06-03,2:20-2:30,12.833800,1
① 双预报不可知（光伏+负载都用前一日实际）,2025-06-03,2:40-3:40,81.326978,6
① 双预报不可知（光伏+负载都用前一日实际）,2025-06-03,4:00-4:10,6.644808,1
① 双预报不可知（光伏+负载都用前一日实际）,2025-06-03,5:40-6:10,254.039236,3
① 双预报不可知（光伏+负载都用前一日实际）,2025-06-03,6:30-7:00,41.903308,3
① 双预报不可知（光伏+负载都用前一日实际）,2025-06-03,7:50-8:00,182.563697,1
① 双预报不可知（光伏+负载都用前一日实际）,2025-06-03,8:10-9:00,126.041822,5
① 双预报不可知（光伏+负载都用前一日实际）,2025-06-03,9:10-11:50,2686.211119,16
① 双预报不可知（光伏+负载都用前一日实际）,2025-06-03,14:30-14:50,16.545317,2
① 双预报不可知（光伏+负载都用前一日实际）,2025-06-03,17:00-17:40,195.091889,4
① 双预报不可知（光伏+负载都用前一日实际）,2025-06-03,18:10-19:10,95.970214,6
① 双预报不可知（光伏+负载都用前一日实际）,2025-06-03,19:30-19:50,104.595656,2
① 双预报不可知（光伏+负载都用前一日实际）,2025-06-03,20:20-20:30,39.606372,1
① 双预报不可知（光伏+负载都用前一日实际）,2025-06-03,20:50-21:40,171.944294,5
① 双预报不可知（光伏+负载都用前一日实际）,2025-06-03,22:00-22:20,13.364083,2
① 双预报不可知（光伏+负载都用前一日实际）,2025-06-03,23:00-23:20,40.011211,2
① 双预报不可知（光伏+负载都用前一日实际）,2025-06-03,23:40-0:00+1,12.465728,2
① 双预报不可知（光伏+负载都用前一日实际）,2025-06-04,0:00-0:50,110.593403,5
① 双预报不可知（光伏+负载都用前一日实际）,2025-06-04,1:00-1:30,135.477442,3
① 双预报不可知（光伏+负载都用前一日实际）,2025-06-04,1:50-2:30,142.517564,4
① 双预报不可知（光伏+负载都用前一日实际）,2025-06-04,3:00-3:50,83.928486,5
① 双预报不可知（光伏+负载都用前一日实际）,2025-06-04,4:00-5:00,206.302017,6
① 双预报不可知（光伏+负载都用前一日实际）,2025-06-04,5:50-6:10,139.214181,2
① 双预报不可知（光伏+负载都用前一日实际）,2025-06-04,6:50-7:00,12.635650,1
① 双预报不可知（光伏+负载都用前一日实际）,2025-06-04,7:40-8:00,173.980272,2
① 双预报不可知（光伏+负载都用前一日实际）,2025-06-04,11:00-11:20,67.077872,2
① 双预报不可知（光伏+负载都用前一日实际）,2025-06-04,11:30-14:00,2532.180533,15
① 双预报不可知（光伏+负载都用前一日实际）,2025-06-04,14:20-15:30,346.882417,7
① 双预报不可知（光伏+负载都用前一日实际）,2025-06-04,16:50-17:40,334.898653,5
① 双预报不可知（光伏+负载都用前一日实际）,2025-06-04,19:00-19:10,4.216031,1
① 双预报不可知（光伏+负载都用前一日实际）,2025-06-04,19:40-19:50,6.534431,1
① 双预报不可知（光伏+负载都用前一日实际）,2025-06-04,20:00-21:40,312.625544,10
① 双预报不可知（光伏+负载都用前一日实际）,2025-06-04,22:20-23:20,266.600472,6
① 双预报不可知（光伏+负载都用前一日实际）,2025-06-04,23:50-0:00+1,10.724092,1
① 双预报不可知（光伏+负载都用前一日实际）,2025-06-05,0:00-0:10,6.488522,1
① 双预报不可知（光伏+负载都用前一日实际）,2025-06-05,1:20-1:40,26.759222,2
① 双预报不可知（光伏+负载都用前一日实际）,2025-06-05,2:00-3:20,197.374050,8
① 双预报不可知（光伏+负载都用前一日实际）,2025-06-05,5:40-7:00,505.079283,8
① 双预报不可知（光伏+负载都用前一日实际）,2025-06-05,7:40-9:20,1052.389394,10
① 双预报不可知（光伏+负载都用前一日实际）,2025-06-05,9:40-10:00,43.611433,2
① 双预报不可知（光伏+负载都用前一日实际）,2025-06-05,10:50-11:40,273.532856,5
① 双预报不可知（光伏+负载都用前一日实际）,2025-06-05,13:50-16:00,1312.754569,13
① 双预报不可知（光伏+负载都用前一日实际）,2025-06-05,16:10-17:10,169.190644,6
① 双预报不可知（光伏+负载都用前一日实际）,2025-06-05,17:20-17:40,83.290633,2
① 双预报不可知（光伏+负载都用前一日实际）,2025-06-05,18:10-19:20,260.460833,7
① 双预报不可知（光伏+负载都用前一日实际）,2025-06-05,19:50-20:20,91.897081,3
① 双预报不可知（光伏+负载都用前一日实际）,2025-06-05,20:30-20:50,6.517078,2
① 双预报不可知（光伏+负载都用前一日实际）,2025-06-05,21:00-21:40,92.155811,4
① 双预报不可知（光伏+负载都用前一日实际）,2025-06-05,22:30-22:50,56.709517,2
① 双预报不可知（光伏+负载都用前一日实际）,2025-06-05,23:30-23:40,28.584922,1
① 双预报不可知（光伏+负载都用前一日实际）,2025-06-07,1:40-2:20,60.031317,4
① 双预报不可知（光伏+负载都用前一日实际）,2025-06-07,3:10-3:50,69.528306,4
① 双预报不可知（光伏+负载都用前一日实际）,2025-06-07,4:00-4:20,39.105489,2
① 双预报不可知（光伏+负载都用前一日实际）,2025-06-07,4:40-4:50,1.423819,1
① 双预报不可知（光伏+负载都用前一日实际）,2025-06-07,5:00-5:20,10.631394,2
① 双预报不可知（光伏+负载都用前一日实际）,2025-06-07,5:30-6:00,93.406550,3
① 双预报不可知（光伏+负载都用前一日实际）,2025-06-07,6:50-7:00,5.778503,1
① 双预报不可知（光伏+负载都用前一日实际）,2025-06-07,7:10-7:40,131.365075,3
① 双预报不可知（光伏+负载都用前一日实际）,2025-06-07,7:50-8:20,145.074719,3
① 双预报不可知（光伏+负载都用前一日实际）,2025-06-07,8:40-9:50,991.101119,7
① 双预报不可知（光伏+负载都用前一日实际）,2025-06-07,10:00-11:20,525.839267,8
① 双预报不可知（光伏+负载都用前一日实际）,2025-06-07,11:40-12:30,325.894508,5
① 双预报不可知（光伏+负载都用前一日实际）,2025-06-07,13:00-13:20,127.980761,2
① 双预报不可知（光伏+负载都用前一日实际）,2025-06-07,17:10-17:20,0.893014,1
① 双预报不可知（光伏+负载都用前一日实际）,2025-06-07,18:20-18:50,80.943108,3
① 双预报不可知（光伏+负载都用前一日实际）,2025-06-07,19:30-20:50,155.036142,8
① 双预报不可知（光伏+负载都用前一日实际）,2025-06-07,21:10-21:30,31.398867,2
① 双预报不可知（光伏+负载都用前一日实际）,2025-06-07,22:00-22:10,4.263058,1
① 双预报不可知（光伏+负载都用前一日实际）,2025-06-07,22:30-23:00,21.792492,3
① 双预报不可知（光伏+负载都用前一日实际）,2025-06-07,23:20-23:30,27.798789,1
① 双预报不可知（光伏+负载都用前一日实际）,2025-06-07,23:40-0:00+1,216.769828,2
① 双预报不可知（光伏+负载都用前一日实际）,2025-06-08,0:00-9:50,10876.169086,59
① 双预报不可知（光伏+负载都用前一日实际）,2025-06-08,10:00-0:00+1,22672.381275,84
① 双预报不可知（光伏+负载都用前一日实际）,2025-06-09,0:40-1:50,165.688769,7
① 双预报不可知（光伏+负载都用前一日实际）,2025-06-09,2:10-2:20,3.663161,1
① 双预报不可知（光伏+负载都用前一日实际）,2025-06-09,2:40-4:10,258.015214,9
① 双预报不可知（光伏+负载都用前一日实际）,2025-06-09,4:20-4:50,96.155258,3
① 双预报不可知（光伏+负载都用前一日实际）,2025-06-09,5:40-6:50,294.137864,7
① 双预报不可知（光伏+负载都用前一日实际）,2025-06-09,7:40-11:50,4100.791889,25
① 双预报不可知（光伏+负载都用前一日实际）,2025-06-09,12:50-14:00,659.369592,7
① 双预报不可知（光伏+负载都用前一日实际）,2025-06-09,14:20-17:50,1694.393636,21
① 双预报不可知（光伏+负载都用前一日实际）,2025-06-09,18:10-19:00,145.042569,5
① 双预报不可知（光伏+负载都用前一日实际）,2025-06-09,20:00-20:40,114.644511,4
① 双预报不可知（光伏+负载都用前一日实际）,2025-06-09,20:50-21:00,6.118303,1
① 双预报不可知（光伏+负载都用前一日实际）,2025-06-09,21:20-21:40,55.219828,2
① 双预报不可知（光伏+负载都用前一日实际）,2025-06-09,22:50-23:00,8.548775,1
① 双预报不可知（光伏+负载都用前一日实际）,2025-06-09,23:20-0:00+1,85.250078,4
① 双预报不可知（光伏+负载都用前一日实际）,2025-06-10,0:00-0:20,55.170456,2
① 双预报不可知（光伏+负载都用前一日实际）,2025-06-10,1:00-1:20,49.577772,2
① 双预报不可知（光伏+负载都用前一日实际）,2025-06-10,1:30-2:00,42.296433,3
① 双预报不可知（光伏+负载都用前一日实际）,2025-06-10,2:10-2:40,108.761625,3
① 双预报不可知（光伏+负载都用前一日实际）,2025-06-10,4:40-5:00,53.894561,2
① 双预报不可知（光伏+负载都用前一日实际）,2025-06-10,5:50-6:10,122.309069,2
① 双预报不可知（光伏+负载都用前一日实际）,2025-06-10,7:40-8:00,277.419011,2
① 双预报不可知（光伏+负载都用前一日实际）,2025-06-10,8:30-10:10,1126.955725,10
① 双预报不可知（光伏+负载都用前一日实际）,2025-06-10,11:10-13:00,852.625217,11
① 双预报不可知（光伏+负载都用前一日实际）,2025-06-10,13:50-14:20,283.558544,3
① 双预报不可知（光伏+负载都用前一日实际）,2025-06-10,14:50-16:10,423.363622,8
① 双预报不可知（光伏+负载都用前一日实际）,2025-06-10,17:10-17:40,129.989592,3
① 双预报不可知（光伏+负载都用前一日实际）,2025-06-10,18:20-18:50,35.023250,3
① 双预报不可知（光伏+负载都用前一日实际）,2025-06-10,19:00-19:20,37.732617,2
① 双预报不可知（光伏+负载都用前一日实际）,2025-06-10,19:40-19:50,9.361417,1
① 双预报不可知（光伏+负载都用前一日实际）,2025-06-10,20:20-20:30,14.577022,1
① 双预报不可知（光伏+负载都用前一日实际）,2025-06-10,20:50-21:50,303.093925,6
① 双预报不可知（光伏+负载都用前一日实际）,2025-06-10,22:00-22:10,24.383386,1
① 双预报不可知（光伏+负载都用前一日实际）,2025-06-10,22:30-23:20,94.939097,5
① 双预报不可知（光伏+负载都用前一日实际）,2025-06-11,0:00-0:50,98.065919,5
① 双预报不可知（光伏+负载都用前一日实际）,2025-06-11,1:10-1:30,80.291333,2
① 双预报不可知（光伏+负载都用前一日实际）,2025-06-11,1:50-2:20,97.871761,3
① 双预报不可知（光伏+负载都用前一日实际）,2025-06-11,4:30-5:00,39.912067,3
① 双预报不可知（光伏+负载都用前一日实际）,2025-06-11,5:40-7:30,670.939578,11
① 双预报不可知（光伏+负载都用前一日实际）,2025-06-11,7:40-8:30,481.241706,5
① 双预报不可知（光伏+负载都用前一日实际）,2025-06-11,9:00-11:00,2161.165450,12
① 双预报不可知（光伏+负载都用前一日实际）,2025-06-11,12:10-12:20,11.531333,1
① 双预报不可知（光伏+负载都用前一日实际）,2025-06-11,12:30-15:50,2079.963556,20
① 双预报不可知（光伏+负载都用前一日实际）,2025-06-11,16:20-16:40,10.021089,2
① 双预报不可知（光伏+负载都用前一日实际）,2025-06-11,17:00-17:40,432.487539,4
① 双预报不可知（光伏+负载都用前一日实际）,2025-06-11,18:10-19:20,110.999656,7
① 双预报不可知（光伏+负载都用前一日实际）,2025-06-11,19:30-19:40,0.693517,1
① 双预报不可知（光伏+负载都用前一日实际）,2025-06-11,20:30-20:50,13.357811,2
① 双预报不可知（光伏+负载都用前一日实际）,2025-06-11,21:00-21:40,183.059533,4
① 双预报不可知（光伏+负载都用前一日实际）,2025-06-11,22:10-22:40,103.887658,3
① 双预报不可知（光伏+负载都用前一日实际）,2025-06-11,23:10-23:20,22.629519,1
① 双预报不可知（光伏+负载都用前一日实际）,2025-06-12,0:20-0:40,60.173406,2
① 双预报不可知（光伏+负载都用前一日实际）,2025-06-12,2:10-2:30,39.888372,2
① 双预报不可知（光伏+负载都用前一日实际）,2025-06-12,2:50-4:00,316.270544,7
① 双预报不可知（光伏+负载都用前一日实际）,2025-06-12,5:40-6:00,208.427522,2
① 双预报不可知（光伏+负载都用前一日实际）,2025-06-12,7:50-8:10,220.013928,2
① 双预报不可知（光伏+负载都用前一日实际）,2025-06-12,11:20-12:10,245.335967,5
① 双预报不可知（光伏+负载都用前一日实际）,2025-06-12,12:50-13:00,8.356350,1
① 双预报不可知（光伏+负载都用前一日实际）,2025-06-12,14:20-15:00,397.294967,4
① 双预报不可知（光伏+负载都用前一日实际）,2025-06-12,15:50-16:10,70.736611,2
① 双预报不可知（光伏+负载都用前一日实际）,2025-06-12,16:40-16:50,0.137858,1
① 双预报不可知（光伏+负载都用前一日实际）,2025-06-12,17:10-17:40,153.732692,3
① 双预报不可知（光伏+负载都用前一日实际）,2025-06-12,18:00-18:30,76.200092,3
① 双预报不可知（光伏+负载都用前一日实际）,2025-06-12,18:40-19:20,26.468772,4
① 双预报不可知（光伏+负载都用前一日实际）,2025-06-12,19:50-20:10,22.646864,2
① 双预报不可知（光伏+负载都用前一日实际）,2025-06-12,20:40-21:40,194.499544,6
① 双预报不可知（光伏+负载都用前一日实际）,2025-06-12,22:20-22:30,42.732381,1
① 双预报不可知（光伏+负载都用前一日实际）,2025-06-12,23:20-23:40,73.492144,2
① 双预报不可知（光伏+负载都用前一日实际）,2025-06-14,0:00-1:20,299.299189,8
① 双预报不可知（光伏+负载都用前一日实际）,2025-06-14,1:30-1:40,6.538961,1
① 双预报不可知（光伏+负载都用前一日实际）,2025-06-14,2:00-2:20,61.388511,2
① 双预报不可知（光伏+负载都用前一日实际）,2025-06-14,2:30-2:50,11.807194,2
① 双预报不可知（光伏+负载都用前一日实际）,2025-06-14,3:10-4:00,86.213603,5
① 双预报不可知（光伏+负载都用前一日实际）,2025-06-14,4:20-4:30,8.264042,1
① 双预报不可知（光伏+负载都用前一日实际）,2025-06-14,6:50-7:00,19.449933,1
① 双预报不可知（光伏+负载都用前一日实际）,2025-06-14,10:50-11:30,149.907694,4
① 双预报不可知（光伏+负载都用前一日实际）,2025-06-14,11:40-12:30,618.596314,5
① 双预报不可知（光伏+负载都用前一日实际）,2025-06-14,13:00-13:20,230.630539,2
① 双预报不可知（光伏+负载都用前一日实际）,2025-06-14,13:50-14:10,97.761494,2
① 双预报不可知（光伏+负载都用前一日实际）,2025-06-14,14:20-14:30,41.619883,1
① 双预报不可知（光伏+负载都用前一日实际）,2025-06-14,15:30-16:10,102.896961,4
① 双预报不可知（光伏+负载都用前一日实际）,2025-06-14,16:30-16:40,29.350569,1
① 双预报不可知（光伏+负载都用前一日实际）,2025-06-14,18:00-19:20,89.116494,8
① 双预报不可知（光伏+负载都用前一日实际）,2025-06-14,20:00-20:20,17.151489,2
① 双预报不可知（光伏+负载都用前一日实际）,2025-06-14,20:30-21:10,118.018822,4
① 双预报不可知（光伏+负载都用前一日实际）,2025-06-14,21:30-21:50,19.596744,2
① 双预报不可知（光伏+负载都用前一日实际）,2025-06-14,22:00-23:00,244.162883,6
① 双预报不可知（光伏+负载都用前一日实际）,2025-06-14,23:30-0:00+1,226.723175,3
① 双预报不可知（光伏+负载都用前一日实际）,2025-06-15,0:00-11:30,18850.407750,69
① 双预报不可知（光伏+负载都用前一日实际）,2025-06-15,11:40-11:50,301.762892,1
① 双预报不可知（光伏+负载都用前一日实际）,2025-06-15,12:00-0:00+1,20204.088550,72
① 双预报不可知（光伏+负载都用前一日实际）,2025-06-16,0:00-1:50,354.344278,11
① 双预报不可知（光伏+负载都用前一日实际）,2025-06-16,2:00-2:50,141.146122,5
① 双预报不可知（光伏+负载都用前一日实际）,2025-06-16,3:00-3:10,2.673594,1
① 双预报不可知（光伏+负载都用前一日实际）,2025-06-16,3:30-3:40,7.133328,1
① 双预报不可知（光伏+负载都用前一日实际）,2025-06-16,4:00-4:20,48.850411,2
① 双预报不可知（光伏+负载都用前一日实际）,2025-06-16,5:30-7:20,735.690969,11
① 双预报不可知（光伏+负载都用前一日实际）,2025-06-16,7:40-9:00,442.949828,8
① 双预报不可知（光伏+负载都用前一日实际）,2025-06-16,9:20-10:10,262.635164,5
① 双预报不可知（光伏+负载都用前一日实际）,2025-06-16,11:30-11:50,127.876256,2
① 双预报不可知（光伏+负载都用前一日实际）,2025-06-16,12:00-12:20,35.423678,2
① 双预报不可知（光伏+负载都用前一日实际）,2025-06-16,12:30-13:00,258.815650,3
① 双预报不可知（光伏+负载都用前一日实际）,2025-06-16,13:40-13:50,10.249269,1
① 双预报不可知（光伏+负载都用前一日实际）,2025-06-16,14:00-17:40,1678.357422,22
① 双预报不可知（光伏+负载都用前一日实际）,2025-06-16,18:20-18:50,38.285500,3
① 双预报不可知（光伏+负载都用前一日实际）,2025-06-16,19:00-19:30,104.640033,3
① 双预报不可知（光伏+负载都用前一日实际）,2025-06-16,19:50-20:20,118.769144,3
① 双预报不可知（光伏+负载都用前一日实际）,2025-06-16,20:30-21:40,235.590444,7
① 双预报不可知（光伏+负载都用前一日实际）,2025-06-16,22:40-23:00,25.728094,2
① 双预报不可知（光伏+负载都用前一日实际）,2025-06-17,0:40-1:00,46.979422,2
① 双预报不可知（光伏+负载都用前一日实际）,2025-06-17,2:20-2:30,27.504531,1
① 双预报不可知（光伏+负载都用前一日实际）,2025-06-17,2:50-4:10,146.078564,8
① 双预报不可知（光伏+负载都用前一日实际）,2025-06-17,4:50-5:00,25.799567,1
① 双预报不可知（光伏+负载都用前一日实际）,2025-06-17,5:50-6:20,126.158608,3
① 双预报不可知（光伏+负载都用前一日实际）,2025-06-17,7:40-8:10,380.622283,3
① 双预报不可知（光伏+负载都用前一日实际）,2025-06-17,10:20-11:50,988.753886,9
① 双预报不可知（光伏+负载都用前一日实际）,2025-06-17,12:10-14:30,1999.878911,14
① 双预报不可知（光伏+负载都用前一日实际）,2025-06-17,15:20-15:30,16.105833,1
① 双预报不可知（光伏+负载都用前一日实际）,2025-06-17,15:50-16:30,199.183742,4
① 双预报不可知（光伏+负载都用前一日实际）,2025-06-17,16:50-17:40,170.514575,5
① 双预报不可知（光伏+负载都用前一日实际）,2025-06-17,18:10-19:00,139.572075,5
① 双预报不可知（光伏+负载都用前一日实际）,2025-06-17,19:20-19:40,63.135444,2
① 双预报不可知（光伏+负载都用前一日实际）,2025-06-17,19:50-20:00,6.739472,1
① 双预报不可知（光伏+负载都用前一日实际）,2025-06-17,20:10-20:40,93.087708,3
① 双预报不可知（光伏+负载都用前一日实际）,2025-06-17,21:00-21:40,249.646856,4
① 双预报不可知（光伏+负载都用前一日实际）,2025-06-17,22:00-0:00+1,382.284567,12
① 双预报不可知（光伏+负载都用前一日实际）,2025-06-18,1:00-1:30,73.438100,3
① 双预报不可知（光伏+负载都用前一日实际）,2025-06-18,1:40-2:00,66.444311,2
① 双预报不可知（光伏+负载都用前一日实际）,2025-06-18,2:30-2:50,27.198800,2
① 双预报不可知（光伏+负载都用前一日实际）,2025-06-18,4:20-5:00,101.042556,4
① 双预报不可知（光伏+负载都用前一日实际）,2025-06-18,5:50-7:00,262.621400,7
① 双预报不可知（光伏+负载都用前一日实际）,2025-06-18,7:40-8:00,131.151544,2
① 双预报不可知（光伏+负载都用前一日实际）,2025-06-18,9:30-10:10,124.415694,4
① 双预报不可知（光伏+负载都用前一日实际）,2025-06-18,11:00-11:20,67.709011,2
① 双预报不可知（光伏+负载都用前一日实际）,2025-06-18,11:50-12:20,186.119144,3
① 双预报不可知（光伏+负载都用前一日实际）,2025-06-18,16:10-17:50,495.781208,10
① 双预报不可知（光伏+负载都用前一日实际）,2025-06-18,18:30-18:40,6.780711,1
① 双预报不可知（光伏+负载都用前一日实际）,2025-06-18,19:50-20:00,14.288447,1
① 双预报不可知（光伏+负载都用前一日实际）,2025-06-18,20:20-20:30,8.998417,1
① 双预报不可知（光伏+负载都用前一日实际）,2025-06-18,21:00-21:40,159.023656,4
① 双预报不可知（光伏+负载都用前一日实际）,2025-06-18,22:20-23:00,59.339489,4
① 双预报不可知（光伏+负载都用前一日实际）,2025-06-19,0:00-0:20,74.477139,2
① 双预报不可知（光伏+负载都用前一日实际）,2025-06-19,0:30-1:00,81.745108,3
① 双预报不可知（光伏+负载都用前一日实际）,2025-06-19,1:10-1:20,0.096856,1
① 双预报不可知（光伏+负载都用前一日实际）,2025-06-19,2:00-4:00,187.786283,12
① 双预报不可知（光伏+负载都用前一日实际）,2025-06-19,4:20-5:00,71.850722,4
① 双预报不可知（光伏+负载都用前一日实际）,2025-06-19,5:40-6:30,302.155447,5
① 双预报不可知（光伏+负载都用前一日实际）,2025-06-19,7:40-9:40,1229.346150,12
① 双预报不可知（光伏+负载都用前一日实际）,2025-06-19,11:30-11:40,37.024275,1
① 双预报不可知（光伏+负载都用前一日实际）,2025-06-19,14:40-15:10,104.278419,3
① 双预报不可知（光伏+负载都用前一日实际）,2025-06-19,15:40-16:20,197.065417,4
① 双预报不可知（光伏+负载都用前一日实际）,2025-06-19,17:00-17:10,2.508861,1
① 双预报不可知（光伏+负载都用前一日实际）,2025-06-19,17:30-17:40,111.515044,1
① 双预报不可知（光伏+负载都用前一日实际）,2025-06-19,18:10-18:40,127.536792,3
① 双预报不可知（光伏+负载都用前一日实际）,2025-06-19,19:00-19:40,200.497017,4
① 双预报不可知（光伏+负载都用前一日实际）,2025-06-19,19:50-20:10,27.417400,2
① 双预报不可知（光伏+负载都用前一日实际）,2025-06-19,20:20-21:40,259.288750,8
① 双预报不可知（光伏+负载都用前一日实际）,2025-06-19,22:50-23:20,39.938781,3
① 双预报不可知（光伏+负载都用前一日实际）,2025-06-21,0:00-0:40,197.518067,4
① 双预报不可知（光伏+负载都用前一日实际）,2025-06-21,1:20-1:40,37.927433,2
① 双预报不可知（光伏+负载都用前一日实际）,2025-06-21,2:00-3:40,270.319606,10
① 双预报不可知（光伏+负载都用前一日实际）,2025-06-21,3:50-4:30,58.498789,4
① 双预报不可知（光伏+负载都用前一日实际）,2025-06-21,4:40-6:20,297.507278,10
① 双预报不可知（光伏+负载都用前一日实际）,2025-06-21,6:50-7:50,227.038469,6
① 双预报不可知（光伏+负载都用前一日实际）,2025-06-21,8:40-9:20,478.395339,4
① 双预报不可知（光伏+负载都用前一日实际）,2025-06-21,13:50-14:10,119.204425,2
① 双预报不可知（光伏+负载都用前一日实际）,2025-06-21,16:00-16:10,9.692139,1
① 双预报不可知（光伏+负载都用前一日实际）,2025-06-21,17:30-17:50,46.110106,2
① 双预报不可知（光伏+负载都用前一日实际）,2025-06-21,18:40-19:20,186.741239,4
① 双预报不可知（光伏+负载都用前一日实际）,2025-06-21,20:10-20:40,86.522567,3
① 双预报不可知（光伏+负载都用前一日实际）,2025-06-21,21:20-21:40,39.346344,2
① 双预报不可知（光伏+负载都用前一日实际）,2025-06-21,22:00-23:00,142.322400,6
① 双预报不可知（光伏+负载都用前一日实际）,2025-06-21,23:50-0:00+1,73.677364,1
① 双预报不可知（光伏+负载都用前一日实际）,2025-06-22,0:00-9:50,12570.507153,59
① 双预报不可知（光伏+负载都用前一日实际）,2025-06-22,10:00-10:20,734.261444,2
① 双预报不可知（光伏+负载都用前一日实际）,2025-06-22,10:30-11:00,865.629083,3
① 双预报不可知（光伏+负载都用前一日实际）,2025-06-22,11:10-11:30,1358.794144,2
① 双预报不可知（光伏+负载都用前一日实际）,2025-06-22,11:40-11:50,590.603214,1
① 双预报不可知（光伏+负载都用前一日实际）,2025-06-22,12:10-12:40,1950.235542,3
① 双预报不可知（光伏+负载都用前一日实际）,2025-06-22,13:00-0:00+1,20455.052592,66
① 双预报不可知（光伏+负载都用前一日实际）,2025-06-23,0:20-0:30,10.000244,1
① 双预报不可知（光伏+负载都用前一日实际）,2025-06-23,2:20-2:30,30.076386,1
① 双预报不可知（光伏+负载都用前一日实际）,2025-06-23,3:00-4:30,281.925158,9
① 双预报不可知（光伏+负载都用前一日实际）,2025-06-23,4:50-5:00,40.716542,1
① 双预报不可知（光伏+负载都用前一日实际）,2025-06-23,5:40-6:20,279.153150,4
① 双预报不可知（光伏+负载都用前一日实际）,2025-06-23,6:40-7:00,93.563222,2
① 双预报不可知（光伏+负载都用前一日实际）,2025-06-23,7:40-9:20,1031.504850,10
① 双预报不可知（光伏+负载都用前一日实际）,2025-06-23,10:00-10:20,92.308728,2
① 双预报不可知（光伏+负载都用前一日实际）,2025-06-23,12:40-13:00,35.082022,2
① 双预报不可知（光伏+负载都用前一日实际）,2025-06-23,13:30-14:10,160.511028,4
① 双预报不可知（光伏+负载都用前一日实际）,2025-06-23,14:30-14:40,2.775861,1
① 双预报不可知（光伏+负载都用前一日实际）,2025-06-23,15:10-15:20,37.901453,1
① 双预报不可知（光伏+负载都用前一日实际）,2025-06-23,16:00-17:40,931.899100,10
① 双预报不可知（光伏+负载都用前一日实际）,2025-06-23,18:00-18:50,241.036297,5
① 双预报不可知（光伏+负载都用前一日实际）,2025-06-23,19:20-19:30,5.045344,1
① 双预报不可知（光伏+负载都用前一日实际）,2025-06-23,19:50-20:10,35.852814,2
① 双预报不可知（光伏+负载都用前一日实际）,2025-06-23,20:20-21:40,306.703194,8
① 双预报不可知（光伏+负载都用前一日实际）,2025-06-23,22:00-22:20,37.683256,2
① 双预报不可知（光伏+负载都用前一日实际）,2025-06-23,22:30-22:50,10.300889,2
① 双预报不可知（光伏+负载都用前一日实际）,2025-06-23,23:10-23:20,5.198572,1
① 双预报不可知（光伏+负载都用前一日实际）,2025-06-24,0:00-0:10,8.114569,1
① 双预报不可知（光伏+负载都用前一日实际）,2025-06-24,0:30-0:50,14.553172,2
① 双预报不可知（光伏+负载都用前一日实际）,2025-06-24,1:00-2:20,448.195428,8
① 双预报不可知（光伏+负载都用前一日实际）,2025-06-24,2:40-3:00,61.902011,2
① 双预报不可知（光伏+负载都用前一日实际）,2025-06-24,3:20-3:30,16.970861,1
① 双预报不可知（光伏+负载都用前一日实际）,2025-06-24,4:30-5:00,15.754675,3
① 双预报不可知（光伏+负载都用前一日实际）,2025-06-24,5:40-7:00,480.285628,8
① 双预报不可知（光伏+负载都用前一日实际）,2025-06-24,7:10-13:40,7833.849444,39
① 双预报不可知（光伏+负载都用前一日实际）,2025-06-24,14:20-14:30,37.524356,1
① 双预报不可知（光伏+负载都用前一日实际）,2025-06-24,14:40-16:30,944.923711,11
① 双预报不可知（光伏+负载都用前一日实际）,2025-06-24,17:00-17:40,359.722917,4
① 双预报不可知（光伏+负载都用前一日实际）,2025-06-24,18:50-19:40,75.782261,5
① 双预报不可知（光伏+负载都用前一日实际）,2025-06-24,20:10-20:20,8.500042,1
① 双预报不可知（光伏+负载都用前一日实际）,2025-06-24,20:30-21:40,333.500925,7
① 双预报不可知（光伏+负载都用前一日实际）,2025-06-24,22:00-22:20,12.003972,2
① 双预报不可知（光伏+负载都用前一日实际）,2025-06-24,22:40-22:50,18.881711,1
① 双预报不可知（光伏+负载都用前一日实际）,2025-06-24,23:00-23:30,106.692142,3
① 双预报不可知（光伏+负载都用前一日实际）,2025-06-24,23:50-0:00+1,32.282931,1
① 双预报不可知（光伏+负载都用前一日实际）,2025-06-25,0:00-0:10,21.796133,1
① 双预报不可知（光伏+负载都用前一日实际）,2025-06-25,0:20-1:00,42.041417,4
① 双预报不可知（光伏+负载都用前一日实际）,2025-06-25,2:30-3:30,75.565217,6
① 双预报不可知（光伏+负载都用前一日实际）,2025-06-25,4:00-4:30,64.422975,3
① 双预报不可知（光伏+负载都用前一日实际）,2025-06-25,4:50-5:00,8.446247,1
① 双预报不可知（光伏+负载都用前一日实际）,2025-06-25,5:50-6:00,118.662800,1
① 双预报不可知（光伏+负载都用前一日实际）,2025-06-25,6:20-6:50,102.977442,3
① 双预报不可知（光伏+负载都用前一日实际）,2025-06-25,7:50-8:00,104.648150,1
① 双预报不可知（光伏+负载都用前一日实际）,2025-06-25,10:40-11:30,236.460475,5
① 双预报不可知（光伏+负载都用前一日实际）,2025-06-25,12:50-13:00,109.422144,1
① 双预报不可知（光伏+负载都用前一日实际）,2025-06-25,14:20-14:50,185.342167,3
① 双预报不可知（光伏+负载都用前一日实际）,2025-06-25,17:20-17:40,74.038183,2
① 双预报不可知（光伏+负载都用前一日实际）,2025-06-25,18:10-19:00,132.004650,5
① 双预报不可知（光伏+负载都用前一日实际）,2025-06-25,19:50-20:10,29.486600,2
① 双预报不可知（光伏+负载都用前一日实际）,2025-06-25,21:00-21:50,182.433833,5
① 双预报不可知（光伏+负载都用前一日实际）,2025-06-25,22:00-22:10,6.174742,1
① 双预报不可知（光伏+负载都用前一日实际）,2025-06-25,22:30-23:00,64.084975,3
① 双预报不可知（光伏+负载都用前一日实际）,2025-06-25,23:30-23:40,0.586381,1
① 双预报不可知（光伏+负载都用前一日实际）,2025-06-26,0:00-0:20,67.132011,2
① 双预报不可知（光伏+负载都用前一日实际）,2025-06-26,0:30-0:40,3.731797,1
① 双预报不可知（光伏+负载都用前一日实际）,2025-06-26,1:00-1:20,45.846900,2
① 双预报不可知（光伏+负载都用前一日实际）,2025-06-26,1:30-1:50,78.365850,2
① 双预报不可知（光伏+负载都用前一日实际）,2025-06-26,2:30-2:50,16.360856,2
① 双预报不可知（光伏+负载都用前一日实际）,2025-06-26,3:00-3:20,9.675367,2
① 双预报不可知（光伏+负载都用前一日实际）,2025-06-26,4:00-4:30,29.936708,3
① 双预报不可知（光伏+负载都用前一日实际）,2025-06-26,5:40-6:30,279.141017,5
① 双预报不可知（光伏+负载都用前一日实际）,2025-06-26,6:50-7:00,24.439183,1
① 双预报不可知（光伏+负载都用前一日实际）,2025-06-26,7:40-8:00,308.527411,2
① 双预报不可知（光伏+负载都用前一日实际）,2025-06-26,8:20-9:50,526.758986,9
① 双预报不可知（光伏+负载都用前一日实际）,2025-06-26,12:50-13:10,69.532361,2
① 双预报不可知（光伏+负载都用前一日实际）,2025-06-26,15:10-15:30,43.182111,2
① 双预报不可知（光伏+负载都用前一日实际）,2025-06-26,16:30-17:40,491.516811,7
① 双预报不可知（光伏+负载都用前一日实际）,2025-06-26,18:20-18:30,6.447003,1
① 双预报不可知（光伏+负载都用前一日实际）,2025-06-26,19:00-20:00,284.663917,6
① 双预报不可知（光伏+负载都用前一日实际）,2025-06-26,21:00-21:40,193.249761,4
① 双预报不可知（光伏+负载都用前一日实际）,2025-06-26,22:10-22:30,28.126494,2
① 双预报不可知（光伏+负载都用前一日实际）,2025-06-26,22:50-23:10,59.424725,2
① 双预报不可知（光伏+负载都用前一日实际）,2025-06-26,23:30-23:40,33.763419,1
① 双预报不可知（光伏+负载都用前一日实际）,2025-06-28,0:40-2:10,206.642547,9
① 双预报不可知（光伏+负载都用前一日实际）,2025-06-28,3:00-4:10,139.473653,7
① 双预报不可知（光伏+负载都用前一日实际）,2025-06-28,4:30-5:00,132.013658,3
① 双预报不可知（光伏+负载都用前一日实际）,2025-06-28,5:20-5:30,7.583783,1
① 双预报不可知（光伏+负载都用前一日实际）,2025-06-28,5:40-6:00,26.916783,2
① 双预报不可知（光伏+负载都用前一日实际）,2025-06-28,6:40-7:50,305.680847,7
① 双预报不可知（光伏+负载都用前一日实际）,2025-06-28,8:00-8:20,49.608394,2
① 双预报不可知（光伏+负载都用前一日实际）,2025-06-28,8:40-9:20,465.412028,4
① 双预报不可知（光伏+负载都用前一日实际）,2025-06-28,9:30-9:40,39.656575,1
① 双预报不可知（光伏+负载都用前一日实际）,2025-06-28,10:00-10:20,149.070422,2
① 双预报不可知（光伏+负载都用前一日实际）,2025-06-28,10:30-10:50,39.593889,2
① 双预报不可知（光伏+负载都用前一日实际）,2025-06-28,11:10-11:30,63.612350,2
① 双预报不可知（光伏+负载都用前一日实际）,2025-06-28,13:50-14:10,172.038728,2
① 双预报不可知（光伏+负载都用前一日实际）,2025-06-28,14:30-14:50,242.204678,2
① 双预报不可知（光伏+负载都用前一日实际）,2025-06-28,15:10-16:50,536.877339,10
① 双预报不可知（光伏+负载都用前一日实际）,2025-06-28,17:10-17:30,24.299094,2
① 双预报不可知（光伏+负载都用前一日实际）,2025-06-28,18:50-19:10,32.355128,2
① 双预报不可知（光伏+负载都用前一日实际）,2025-06-28,19:50-20:10,40.472022,2
① 双预报不可知（光伏+负载都用前一日实际）,2025-06-28,20:40-21:20,112.153317,4
① 双预报不可知（光伏+负载都用前一日实际）,2025-06-28,21:30-21:50,40.198528,2
① 双预报不可知（光伏+负载都用前一日实际）,2025-06-28,22:00-22:20,56.660606,2
① 双预报不可知（光伏+负载都用前一日实际）,2025-06-28,22:40-23:00,54.433856,2
① 双预报不可知（光伏+负载都用前一日实际）,2025-06-28,23:20-23:30,38.769306,1
① 双预报不可知（光伏+负载都用前一日实际）,2025-06-28,23:40-0:00+1,207.618678,2
① 双预报不可知（光伏+负载都用前一日实际）,2025-06-29,0:00-10:20,15921.909933,62
① 双预报不可知（光伏+负载都用前一日实际）,2025-06-29,10:30-11:00,1193.588167,3
① 双预报不可知（光伏+负载都用前一日实际）,2025-06-29,11:10-11:50,2093.930292,4
① 双预报不可知（光伏+负载都用前一日实际）,2025-06-29,12:10-13:10,2920.625789,6
① 双预报不可知（光伏+负载都用前一日实际）,2025-06-29,13:30-0:00+1,18150.327981,63
① 双预报不可知（光伏+负载都用前一日实际）,2025-06-30,0:00-0:10,3.110889,1
① 双预报不可知（光伏+负载都用前一日实际）,2025-06-30,0:50-1:00,4.551206,1
① 双预报不可知（光伏+负载都用前一日实际）,2025-06-30,2:50-3:30,54.921503,4
① 双预报不可知（光伏+负载都用前一日实际）,2025-06-30,3:40-4:00,40.731967,2
① 双预报不可知（光伏+负载都用前一日实际）,2025-06-30,4:30-4:50,44.410250,2
① 双预报不可知（光伏+负载都用前一日实际）,2025-06-30,5:40-7:20,544.868217,10
① 双预报不可知（光伏+负载都用前一日实际）,2025-06-30,7:40-8:00,250.408339,2
① 双预报不可知（光伏+负载都用前一日实际）,2025-06-30,8:40-9:10,80.096944,3
① 双预报不可知（光伏+负载都用前一日实际）,2025-06-30,9:50-11:00,1318.645983,7
① 双预报不可知（光伏+负载都用前一日实际）,2025-06-30,13:00-13:20,48.099372,2
① 双预报不可知（光伏+负载都用前一日实际）,2025-06-30,13:50-14:10,20.542733,2
① 双预报不可知（光伏+负载都用前一日实际）,2025-06-30,14:30-16:10,552.029069,10
① 双预报不可知（光伏+负载都用前一日实际）,2025-06-30,16:50-17:40,427.391186,5
① 双预报不可知（光伏+负载都用前一日实际）,2025-06-30,18:10-18:20,1.048475,1
① 双预报不可知（光伏+负载都用前一日实际）,2025-06-30,18:50-19:00,27.365042,1
① 双预报不可知（光伏+负载都用前一日实际）,2025-06-30,19:20-19:40,81.128289,2
① 双预报不可知（光伏+负载都用前一日实际）,2025-06-30,20:30-20:50,34.601206,2
① 双预报不可知（光伏+负载都用前一日实际）,2025-06-30,21:00-21:40,135.418228,4
① 双预报不可知（光伏+负载都用前一日实际）,2025-06-30,22:00-23:10,365.403669,7
① 双预报不可知（光伏+负载都用前一日实际）,2025-06-30,23:40-0:00+1,206.728756,2
① 双预报不可知（光伏+负载都用前一日实际）,2025-07-01,0:00-6:20,3988.752489,38
① 双预报不可知（光伏+负载都用前一日实际）,2025-07-01,6:40-6:50,19.247978,1
① 双预报不可知（光伏+负载都用前一日实际）,2025-07-01,7:50-10:00,787.567053,13
① 双预报不可知（光伏+负载都用前一日实际）,2025-07-01,10:40-11:50,661.953283,7
① 双预报不可知（光伏+负载都用前一日实际）,2025-07-01,13:30-14:30,423.397725,6
① 双预报不可知（光伏+负载都用前一日实际）,2025-07-01,14:50-15:40,442.653519,5
① 双预报不可知（光伏+负载都用前一日实际）,2025-07-01,16:00-17:50,989.140167,11
① 双预报不可知（光伏+负载都用前一日实际）,2025-07-01,18:00-21:50,2799.708489,23
① 双预报不可知（光伏+负载都用前一日实际）,2025-07-01,22:00-0:00+1,1152.472983,12
① 双预报不可知（光伏+负载都用前一日实际）,2025-07-02,0:00-0:20,33.064744,2
① 双预报不可知（光伏+负载都用前一日实际）,2025-07-02,1:20-2:20,157.902183,6
① 双预报不可知（光伏+负载都用前一日实际）,2025-07-02,3:30-4:30,143.419708,6
① 双预报不可知（光伏+负载都用前一日实际）,2025-07-02,5:00-5:10,10.981803,1
① 双预报不可知（光伏+负载都用前一日实际）,2025-07-02,5:40-6:10,197.531333,3
① 双预报不可知（光伏+负载都用前一日实际）,2025-07-02,7:50-8:00,176.635581,1
① 双预报不可知（光伏+负载都用前一日实际）,2025-07-02,12:50-13:00,35.764892,1
① 双预报不可知（光伏+负载都用前一日实际）,2025-07-02,15:50-16:20,156.923789,3
① 双预报不可知（光伏+负载都用前一日实际）,2025-07-02,16:30-17:40,324.584517,7
① 双预报不可知（光伏+负载都用前一日实际）,2025-07-02,18:00-18:30,44.946033,3
① 双预报不可知（光伏+负载都用前一日实际）,2025-07-02,18:50-19:20,110.738606,3
① 双预报不可知（光伏+负载都用前一日实际）,2025-07-02,19:50-20:10,102.549247,2
① 双预报不可知（光伏+负载都用前一日实际）,2025-07-02,20:20-20:40,0.947617,2
① 双预报不可知（光伏+负载都用前一日实际）,2025-07-02,21:00-21:20,49.873794,2
① 双预报不可知（光伏+负载都用前一日实际）,2025-07-02,21:30-21:40,42.389231,1
① 双预报不可知（光伏+负载都用前一日实际）,2025-07-02,22:00-22:20,127.309211,2
① 双预报不可知（光伏+负载都用前一日实际）,2025-07-02,22:30-23:00,102.322467,3
① 双预报不可知（光伏+负载都用前一日实际）,2025-07-03,0:00-0:50,223.148147,5
① 双预报不可知（光伏+负载都用前一日实际）,2025-07-03,1:30-1:40,22.061450,1
① 双预报不可知（光伏+负载都用前一日实际）,2025-07-03,2:00-3:00,269.938567,6
① 双预报不可知（光伏+负载都用前一日实际）,2025-07-03,4:50-5:00,1.106703,1
① 双预报不可知（光伏+负载都用前一日实际）,2025-07-03,5:40-6:10,244.361906,3
① 双预报不可知（光伏+负载都用前一日实际）,2025-07-03,6:20-6:30,3.823817,1
① 双预报不可知（光伏+负载都用前一日实际）,2025-07-03,7:20-8:30,1073.839325,7
① 双预报不可知（光伏+负载都用前一日实际）,2025-07-03,8:50-15:40,5440.832075,41
① 双预报不可知（光伏+负载都用前一日实际）,2025-07-03,16:40-17:50,530.977806,7
① 双预报不可知（光伏+负载都用前一日实际）,2025-07-03,18:00-19:00,289.552517,6
① 双预报不可知（光伏+负载都用前一日实际）,2025-07-03,20:20-20:40,64.818494,2
① 双预报不可知（光伏+负载都用前一日实际）,2025-07-03,21:00-21:40,427.847461,4
① 双预报不可知（光伏+负载都用前一日实际）,2025-07-03,22:10-22:20,15.127906,1
① 双预报不可知（光伏+负载都用前一日实际）,2025-07-03,23:00-23:40,56.839217,4
① 双预报不可知（光伏+负载都用前一日实际）,2025-07-05,0:00-0:40,84.993189,4
① 双预报不可知（光伏+负载都用前一日实际）,2025-07-05,0:50-1:00,14.609339,1
① 双预报不可知（光伏+负载都用前一日实际）,2025-07-05,1:20-1:30,15.965142,1
① 双预报不可知（光伏+负载都用前一日实际）,2025-07-05,2:10-2:20,4.458392,1
① 双预报不可知（光伏+负载都用前一日实际）,2025-07-05,3:00-3:20,53.631972,2
① 双预报不可知（光伏+负载都用前一日实际）,2025-07-05,4:00-6:00,341.877933,12
① 双预报不可知（光伏+负载都用前一日实际）,2025-07-05,6:10-6:30,61.498067,2
① 双预报不可知（光伏+负载都用前一日实际）,2025-07-05,7:00-7:40,112.735022,4
① 双预报不可知（光伏+负载都用前一日实际）,2025-07-05,10:40-10:50,19.389611,1
① 双预报不可知（光伏+负载都用前一日实际）,2025-07-05,11:30-12:00,305.027092,3
① 双预报不可知（光伏+负载都用前一日实际）,2025-07-05,12:10-12:20,273.237683,1
① 双预报不可知（光伏+负载都用前一日实际）,2025-07-05,12:30-12:50,84.538317,2
① 双预报不可知（光伏+负载都用前一日实际）,2025-07-05,13:10-13:20,11.327719,1
① 双预报不可知（光伏+负载都用前一日实际）,2025-07-05,14:50-15:20,120.306586,3
① 双预报不可知（光伏+负载都用前一日实际）,2025-07-05,15:40-16:50,323.304658,7
① 双预报不可知（光伏+负载都用前一日实际）,2025-07-05,17:00-17:30,254.206183,3
① 双预报不可知（光伏+负载都用前一日实际）,2025-07-05,17:40-18:20,76.955378,4
① 双预报不可知（光伏+负载都用前一日实际）,2025-07-05,19:40-20:00,27.874594,2
① 双预报不可知（光伏+负载都用前一日实际）,2025-07-05,20:30-20:40,9.624297,1
① 双预报不可知（光伏+负载都用前一日实际）,2025-07-05,21:20-21:50,85.205683,3
① 双预报不可知（光伏+负载都用前一日实际）,2025-07-05,22:10-22:20,5.686747,1
① 双预报不可知（光伏+负载都用前一日实际）,2025-07-05,22:50-23:00,3.608747,1
① 双预报不可知（光伏+负载都用前一日实际）,2025-07-05,23:10-0:00+1,240.075606,5
① 双预报不可知（光伏+负载都用前一日实际）,2025-07-06,0:00-9:40,14900.390417,58
① 双预报不可知（光伏+负载都用前一日实际）,2025-07-06,9:50-10:20,1327.005689,3
① 双预报不可知（光伏+负载都用前一日实际）,2025-07-06,10:30-10:50,1128.958689,2
① 双预报不可知（光伏+负载都用前一日实际）,2025-07-06,11:10-11:30,1030.344639,2
① 双预报不可知（光伏+负载都用前一日实际）,2025-07-06,11:40-11:50,480.070903,1
① 双预报不可知（光伏+负载都用前一日实际）,2025-07-06,12:10-0:00+1,22861.393181,71
① 双预报不可知（光伏+负载都用前一日实际）,2025-07-07,0:20-1:10,205.763736,5
① 双预报不可知（光伏+负载都用前一日实际）,2025-07-07,1:30-1:50,57.886750,2
① 双预报不可知（光伏+负载都用前一日实际）,2025-07-07,2:00-2:20,114.092328,2
① 双预报不可知（光伏+负载都用前一日实际）,2025-07-07,2:50-3:40,144.515533,5
① 双预报不可知（光伏+负载都用前一日实际）,2025-07-07,4:10-4:30,29.704739,2
① 双预报不可知（光伏+负载都用前一日实际）,2025-07-07,4:40-5:00,18.295222,2
① 双预报不可知（光伏+负载都用前一日实际）,2025-07-07,5:50-6:00,81.285756,1
① 双预报不可知（光伏+负载都用前一日实际）,2025-07-07,7:50-8:00,117.086208,1
① 双预报不可知（光伏+负载都用前一日实际）,2025-07-07,8:30-8:40,4.537436,1
① 双预报不可知（光伏+负载都用前一日实际）,2025-07-07,10:30-11:00,130.758483,3
① 双预报不可知（光伏+负载都用前一日实际）,2025-07-07,11:20-11:50,140.179142,3
① 双预报不可知（光伏+负载都用前一日实际）,2025-07-07,17:00-17:10,5.235142,1
① 双预报不可知（光伏+负载都用前一日实际）,2025-07-07,19:00-19:10,19.725831,1
① 双预报不可知（光伏+负载都用前一日实际）,2025-07-07,19:30-20:00,69.673725,3
① 双预报不可知（光伏+负载都用前一日实际）,2025-07-07,21:00-21:50,241.759858,5
① 双预报不可知（光伏+负载都用前一日实际）,2025-07-07,22:10-22:40,179.764783,3
① 双预报不可知（光伏+负载都用前一日实际）,2025-07-07,23:00-23:20,8.642272,2
① 双预报不可知（光伏+负载都用前一日实际）,2025-07-07,23:40-0:00+1,39.042106,2
① 双预报不可知（光伏+负载都用前一日实际）,2025-07-08,0:20-0:40,30.754667,2
① 双预报不可知（光伏+负载都用前一日实际）,2025-07-08,1:00-1:50,114.354564,5
① 双预报不可知（光伏+负载都用前一日实际）,2025-07-08,2:40-3:10,93.690125,3
① 双预报不可知（光伏+负载都用前一日实际）,2025-07-08,4:40-5:00,51.704378,2
① 双预报不可知（光伏+负载都用前一日实际）,2025-07-08,5:30-10:30,2306.402108,30
① 双预报不可知（光伏+负载都用前一日实际）,2025-07-08,11:10-11:30,96.457194,2
① 双预报不可知（光伏+负载都用前一日实际）,2025-07-08,14:00-17:50,2541.920300,23
① 双预报不可知（光伏+负载都用前一日实际）,2025-07-08,18:10-19:00,179.288833,5
① 双预报不可知（光伏+负载都用前一日实际）,2025-07-08,19:30-20:00,12.650400,3
① 双预报不可知（光伏+负载都用前一日实际）,2025-07-08,20:10-20:50,107.294483,4
① 双预报不可知（光伏+负载都用前一日实际）,2025-07-08,21:00-21:40,198.316044,4
① 双预报不可知（光伏+负载都用前一日实际）,2025-07-08,23:00-23:20,53.204644,2
① 双预报不可知（光伏+负载都用前一日实际）,2025-07-08,23:40-0:00+1,23.724261,2
① 双预报不可知（光伏+负载都用前一日实际）,2025-07-09,0:20-0:30,15.797972,1
① 双预报不可知（光伏+负载都用前一日实际）,2025-07-09,0:50-1:20,48.728100,3
① 双预报不可知（光伏+负载都用前一日实际）,2025-07-09,1:50-2:00,3.119506,1
① 双预报不可知（光伏+负载都用前一日实际）,2025-07-09,2:20-2:30,0.014617,1
① 双预报不可知（光伏+负载都用前一日实际）,2025-07-09,2:40-3:10,73.163803,3
① 双预报不可知（光伏+负载都用前一日实际）,2025-07-09,3:30-4:40,59.956086,7
① 双预报不可知（光伏+负载都用前一日实际）,2025-07-09,5:50-6:00,87.081086,1
① 双预报不可知（光伏+负载都用前一日实际）,2025-07-09,6:10-6:50,24.111639,4
① 双预报不可知（光伏+负载都用前一日实际）,2025-07-09,7:40-8:00,280.998350,2
① 双预报不可知（光伏+负载都用前一日实际）,2025-07-09,10:40-11:20,335.715100,4
① 双预报不可知（光伏+负载都用前一日实际）,2025-07-09,11:30-14:20,2188.090053,17
① 双预报不可知（光伏+负载都用前一日实际）,2025-07-09,16:20-16:30,13.682219,1
① 双预报不可知（光伏+负载都用前一日实际）,2025-07-09,17:20-17:40,160.240361,2
① 双预报不可知（光伏+负载都用前一日实际）,2025-07-09,18:10-18:30,56.228272,2
① 双预报不可知（光伏+负载都用前一日实际）,2025-07-09,19:20-19:40,45.481889,2
① 双预报不可知（光伏+负载都用前一日实际）,2025-07-09,19:50-20:00,19.027769,1
① 双预报不可知（光伏+负载都用前一日实际）,2025-07-09,20:50-21:40,133.665533,5
① 双预报不可知（光伏+负载都用前一日实际）,2025-07-09,22:10-22:30,53.526328,2
① 双预报不可知（光伏+负载都用前一日实际）,2025-07-09,23:00-23:40,80.885611,4
① 双预报不可知（光伏+负载都用前一日实际）,2025-07-10,0:10-0:30,91.363872,2
① 双预报不可知（光伏+负载都用前一日实际）,2025-07-10,2:00-2:20,60.037189,2
① 双预报不可知（光伏+负载都用前一日实际）,2025-07-10,2:40-3:40,136.883894,6
① 双预报不可知（光伏+负载都用前一日实际）,2025-07-10,4:10-4:50,150.183100,4
① 双预报不可知（光伏+负载都用前一日实际）,2025-07-10,5:40-6:00,147.909133,2
① 双预报不可知（光伏+负载都用前一日实际）,2025-07-10,7:50-8:10,195.249442,2
① 双预报不可知（光伏+负载都用前一日实际）,2025-07-10,8:40-10:30,1020.179858,11
① 双预报不可知（光伏+负载都用前一日实际）,2025-07-10,14:50-16:20,867.859514,9
① 双预报不可知（光伏+负载都用前一日实际）,2025-07-10,16:30-17:40,436.890781,7
① 双预报不可知（光伏+负载都用前一日实际）,2025-07-10,18:50-19:30,136.093322,4
① 双预报不可知（光伏+负载都用前一日实际）,2025-07-10,19:50-20:00,11.957583,1
① 双预报不可知（光伏+负载都用前一日实际）,2025-07-10,20:20-21:50,317.635364,9
① 双预报不可知（光伏+负载都用前一日实际）,2025-07-10,22:00-22:20,74.908594,2
① 双预报不可知（光伏+负载都用前一日实际）,2025-07-10,22:30-23:10,97.346792,4
① 双预报不可知（光伏+负载都用前一日实际）,2025-07-12,0:00-1:00,141.220367,6
① 双预报不可知（光伏+负载都用前一日实际）,2025-07-12,1:20-1:30,33.358089,1
① 双预报不可知（光伏+负载都用前一日实际）,2025-07-12,1:50-2:10,23.182533,2
① 双预报不可知（光伏+负载都用前一日实际）,2025-07-12,2:20-2:40,21.382556,2
① 双预报不可知（光伏+负载都用前一日实际）,2025-07-12,3:00-3:20,45.960633,2
① 双预报不可知（光伏+负载都用前一日实际）,2025-07-12,4:00-4:20,19.057633,2
① 双预报不可知（光伏+负载都用前一日实际）,2025-07-12,5:20-5:30,7.023342,1
① 双预报不可知（光伏+负载都用前一日实际）,2025-07-12,6:50-7:00,40.440958,1
① 双预报不可知（光伏+负载都用前一日实际）,2025-07-12,7:30-7:50,69.164600,2
① 双预报不可知（光伏+负载都用前一日实际）,2025-07-12,8:10-8:20,16.432231,1
① 双预报不可知（光伏+负载都用前一日实际）,2025-07-12,9:30-9:50,71.571489,2
① 双预报不可知（光伏+负载都用前一日实际）,2025-07-12,10:50-11:00,60.372550,1
① 双预报不可知（光伏+负载都用前一日实际）,2025-07-12,13:50-14:10,173.313958,2
① 双预报不可知（光伏+负载都用前一日实际）,2025-07-12,14:20-14:50,211.693817,3
① 双预报不可知（光伏+负载都用前一日实际）,2025-07-12,15:00-16:40,903.786317,10
① 双预报不可知（光伏+负载都用前一日实际）,2025-07-12,17:00-17:20,114.587144,2
① 双预报不可知（光伏+负载都用前一日实际）,2025-07-12,17:30-18:00,86.846617,3
① 双预报不可知（光伏+负载都用前一日实际）,2025-07-12,18:10-19:00,54.970914,5
① 双预报不可知（光伏+负载都用前一日实际）,2025-07-12,20:00-20:30,57.322117,3
① 双预报不可知（光伏+负载都用前一日实际）,2025-07-12,20:40-21:10,17.561919,3
① 双预报不可知（光伏+负载都用前一日实际）,2025-07-12,21:20-22:10,91.862589,5
① 双预报不可知（光伏+负载都用前一日实际）,2025-07-12,22:20-22:30,2.819517,1
① 双预报不可知（光伏+负载都用前一日实际）,2025-07-12,22:50-23:00,6.677850,1
① 双预报不可知（光伏+负载都用前一日实际）,2025-07-12,23:20-0:00+1,213.127833,4
① 双预报不可知（光伏+负载都用前一日实际）,2025-07-13,0:00-9:50,13200.464542,59
① 双预报不可知（光伏+负载都用前一日实际）,2025-07-13,10:00-10:20,545.396661,2
① 双预报不可知（光伏+负载都用前一日实际）,2025-07-13,10:30-11:00,994.165058,3
① 双预报不可知（光伏+负载都用前一日实际）,2025-07-13,11:10-11:30,604.152422,2
① 双预报不可知（光伏+负载都用前一日实际）,2025-07-13,11:40-11:50,278.343153,1
① 双预报不可知（光伏+负载都用前一日实际）,2025-07-13,12:10-12:50,671.099306,4
① 双预报不可知（光伏+负载都用前一日实际）,2025-07-13,13:50-14:10,465.333847,2
① 双预报不可知（光伏+负载都用前一日实际）,2025-07-13,14:20-0:00+1,16846.014156,58
① 双预报不可知（光伏+负载都用前一日实际）,2025-07-14,0:30-0:50,35.532528,2
① 双预报不可知（光伏+负载都用前一日实际）,2025-07-14,1:00-1:20,42.670117,2
① 双预报不可知（光伏+负载都用前一日实际）,2025-07-14,1:30-1:50,51.071483,2
① 双预报不可知（光伏+负载都用前一日实际）,2025-07-14,2:10-2:30,25.684850,2
① 双预报不可知（光伏+负载都用前一日实际）,2025-07-14,2:50-3:50,227.003781,6
① 双预报不可知（光伏+负载都用前一日实际）,2025-07-14,4:30-4:40,2.118994,1
① 双预报不可知（光伏+负载都用前一日实际）,2025-07-14,5:00-5:20,45.276694,2
① 双预报不可知（光伏+负载都用前一日实际）,2025-07-14,5:40-6:10,270.761686,3
① 双预报不可知（光伏+负载都用前一日实际）,2025-07-14,7:50-8:10,231.039353,2
① 双预报不可知（光伏+负载都用前一日实际）,2025-07-14,9:00-9:20,115.390406,2
① 双预报不可知（光伏+负载都用前一日实际）,2025-07-14,9:30-10:30,439.309158,6
① 双预报不可知（光伏+负载都用前一日实际）,2025-07-14,10:50-11:10,136.356883,2
① 双预报不可知（光伏+负载都用前一日实际）,2025-07-14,11:20-14:20,2532.122394,18
① 双预报不可知（光伏+负载都用前一日实际）,2025-07-14,15:50-16:50,162.114294,6
① 双预报不可知（光伏+负载都用前一日实际）,2025-07-14,17:00-17:50,356.667544,5
① 双预报不可知（光伏+负载都用前一日实际）,2025-07-14,18:00-18:10,17.479500,1
① 双预报不可知（光伏+负载都用前一日实际）,2025-07-14,18:40-19:00,62.578450,2
① 双预报不可知（光伏+负载都用前一日实际）,2025-07-14,19:30-20:10,42.529481,4
① 双预报不可知（光伏+负载都用前一日实际）,2025-07-14,20:20-21:40,297.939333,8
① 双预报不可知（光伏+负载都用前一日实际）,2025-07-14,22:10-23:00,123.201400,5
① 双预报不可知（光伏+负载都用前一日实际）,2025-07-15,0:00-0:10,24.913311,1
① 双预报不可知（光伏+负载都用前一日实际）,2025-07-15,0:30-0:50,41.817672,2
① 双预报不可知（光伏+负载都用前一日实际）,2025-07-15,1:20-1:30,9.292706,1
① 双预报不可知（光伏+负载都用前一日实际）,2025-07-15,1:50-2:40,186.765178,5
① 双预报不可知（光伏+负载都用前一日实际）,2025-07-15,2:50-3:00,4.913356,1
① 双预报不可知（光伏+负载都用前一日实际）,2025-07-15,3:10-3:30,55.924072,2
① 双预报不可知（光伏+负载都用前一日实际）,2025-07-15,4:20-4:40,51.519378,2
① 双预报不可知（光伏+负载都用前一日实际）,2025-07-15,5:50-7:00,469.674011,7
① 双预报不可知（光伏+负载都用前一日实际）,2025-07-15,7:50-8:10,210.366700,2
① 双预报不可知（光伏+负载都用前一日实际）,2025-07-15,8:30-8:50,47.547433,2
① 双预报不可知（光伏+负载都用前一日实际）,2025-07-15,11:20-15:20,3012.531650,24
① 双预报不可知（光伏+负载都用前一日实际）,2025-07-15,15:40-16:20,84.597444,4
① 双预报不可知（光伏+负载都用前一日实际）,2025-07-15,17:00-17:40,260.277222,4
① 双预报不可知（光伏+负载都用前一日实际）,2025-07-15,18:10-18:30,14.647406,2
① 双预报不可知（光伏+负载都用前一日实际）,2025-07-15,18:40-19:10,19.569447,3
① 双预报不可知（光伏+负载都用前一日实际）,2025-07-15,19:30-19:40,6.576992,1
① 双预报不可知（光伏+负载都用前一日实际）,2025-07-15,21:00-21:40,228.869339,4
① 双预报不可知（光伏+负载都用前一日实际）,2025-07-15,22:40-23:00,29.041000,2
① 双预报不可知（光伏+负载都用前一日实际）,2025-07-15,23:20-23:30,16.017242,1
① 双预报不可知（光伏+负载都用前一日实际）,2025-07-16,1:30-2:30,174.593250,6
① 双预报不可知（光伏+负载都用前一日实际）,2025-07-16,3:30-3:40,9.104281,1
① 双预报不可知（光伏+负载都用前一日实际）,2025-07-16,4:00-5:00,274.545950,6
① 双预报不可知（光伏+负载都用前一日实际）,2025-07-16,5:10-5:20,23.605614,1
① 双预报不可知（光伏+负载都用前一日实际）,2025-07-16,5:40-6:10,389.223806,3
① 双预报不可知（光伏+负载都用前一日实际）,2025-07-16,7:20-8:00,362.188200,4
① 双预报不可知（光伏+负载都用前一日实际）,2025-07-16,8:20-8:40,78.445956,2
① 双预报不可知（光伏+负载都用前一日实际）,2025-07-16,9:00-9:20,149.434111,2
① 双预报不可知（光伏+负载都用前一日实际）,2025-07-16,9:40-9:50,22.652322,1
① 双预报不可知（光伏+负载都用前一日实际）,2025-07-16,10:20-11:20,290.779839,6
① 双预报不可知（光伏+负载都用前一日实际）,2025-07-16,12:40-13:00,57.646750,2
① 双预报不可知（光伏+负载都用前一日实际）,2025-07-16,14:20-14:30,1.634753,1
① 双预报不可知（光伏+负载都用前一日实际）,2025-07-16,14:40-16:40,994.002200,12
① 双预报不可知（光伏+负载都用前一日实际）,2025-07-16,16:50-17:40,284.646742,5
① 双预报不可知（光伏+负载都用前一日实际）,2025-07-16,18:10-18:30,64.062272,2
① 双预报不可知（光伏+负载都用前一日实际）,2025-07-16,18:50-19:00,23.912794,1
① 双预报不可知（光伏+负载都用前一日实际）,2025-07-16,19:50-20:30,204.072411,4
① 双预报不可知（光伏+负载都用前一日实际）,2025-07-16,21:20-21:40,14.955278,2
① 双预报不可知（光伏+负载都用前一日实际）,2025-07-16,22:00-22:40,233.129378,4
① 双预报不可知（光伏+负载都用前一日实际）,2025-07-16,22:50-23:10,70.299725,2
① 双预报不可知（光伏+负载都用前一日实际）,2025-07-16,23:20-23:50,68.844275,3
① 双预报不可知（光伏+负载都用前一日实际）,2025-07-17,0:00-1:30,284.969333,9
① 双预报不可知（光伏+负载都用前一日实际）,2025-07-17,1:50-2:00,22.981150,1
① 双预报不可知（光伏+负载都用前一日实际）,2025-07-17,3:20-4:10,156.551550,5
① 双预报不可知（光伏+负载都用前一日实际）,2025-07-17,4:40-5:00,67.974750,2
① 双预报不可知（光伏+负载都用前一日实际）,2025-07-17,5:50-6:10,159.801436,2
① 双预报不可知（光伏+负载都用前一日实际）,2025-07-17,6:40-7:00,65.095200,2
① 双预报不可知（光伏+负载都用前一日实际）,2025-07-17,7:40-8:10,328.847658,3
① 双预报不可知（光伏+负载都用前一日实际）,2025-07-17,8:20-10:30,1954.881881,13
① 双预报不可知（光伏+负载都用前一日实际）,2025-07-17,11:20-11:50,185.869083,3
① 双预报不可知（光伏+负载都用前一日实际）,2025-07-17,13:30-13:50,132.328839,2
① 双预报不可知（光伏+负载都用前一日实际）,2025-07-17,14:00-14:40,297.922639,4
① 双预报不可知（光伏+负载都用前一日实际）,2025-07-17,16:10-17:40,789.572369,9
① 双预报不可知（光伏+负载都用前一日实际）,2025-07-17,18:30-18:40,19.547881,1
① 双预报不可知（光伏+负载都用前一日实际）,2025-07-17,19:00-19:20,36.247406,2
① 双预报不可知（光伏+负载都用前一日实际）,2025-07-17,20:00-20:50,150.676950,5
① 双预报不可知（光伏+负载都用前一日实际）,2025-07-17,21:00-21:40,259.222694,4
① 双预报不可知（光伏+负载都用前一日实际）,2025-07-17,22:40-23:20,60.102356,4
① 双预报不可知（光伏+负载都用前一日实际）,2025-07-17,23:30-23:50,91.097806,2
① 双预报不可知（光伏+负载都用前一日实际）,2025-07-19,0:00-0:20,12.024956,2
① 双预报不可知（光伏+负载都用前一日实际）,2025-07-19,0:30-0:50,45.765322,2
① 双预报不可知（光伏+负载都用前一日实际）,2025-07-19,1:00-1:30,67.715233,3
① 双预报不可知（光伏+负载都用前一日实际）,2025-07-19,2:20-2:40,69.364528,2
① 双预报不可知（光伏+负载都用前一日实际）,2025-07-19,2:50-3:10,43.195931,2
① 双预报不可知（光伏+负载都用前一日实际）,2025-07-19,3:20-3:50,102.386800,3
① 双预报不可知（光伏+负载都用前一日实际）,2025-07-19,4:00-5:30,276.835583,9
① 双预报不可知（光伏+负载都用前一日实际）,2025-07-19,6:30-6:50,32.909206,2
① 双预报不可知（光伏+负载都用前一日实际）,2025-07-19,9:30-9:40,11.463631,1
① 双预报不可知（光伏+负载都用前一日实际）,2025-07-19,16:00-16:50,381.692294,5
① 双预报不可知（光伏+负载都用前一日实际）,2025-07-19,17:00-18:20,140.320661,8
① 双预报不可知（光伏+负载都用前一日实际）,2025-07-19,18:30-19:00,79.286533,3
① 双预报不可知（光伏+负载都用前一日实际）,2025-07-19,19:20-21:50,403.838603,15
① 双预报不可知（光伏+负载都用前一日实际）,2025-07-19,23:20-0:00+1,348.971428,4
① 双预报不可知（光伏+负载都用前一日实际）,2025-07-20,0:00-9:40,13880.389567,58
① 双预报不可知（光伏+负载都用前一日实际）,2025-07-20,9:50-10:20,906.794539,3
① 双预报不可知（光伏+负载都用前一日实际）,2025-07-20,10:30-10:50,770.501172,2
① 双预报不可知（光伏+负载都用前一日实际）,2025-07-20,11:10-11:30,1142.829294,2
① 双预报不可知（光伏+负载都用前一日实际）,2025-07-20,11:40-11:50,594.687447,1
① 双预报不可知（光伏+负载都用前一日实际）,2025-07-20,12:10-12:40,1320.236883,3
① 双预报不可知（光伏+负载都用前一日实际）,2025-07-20,13:50-0:00+1,17230.554661,61
① 双预报不可知（光伏+负载都用前一日实际）,2025-07-21,0:00-0:20,4.906367,2
① 双预报不可知（光伏+负载都用前一日实际）,2025-07-21,1:00-1:30,98.613550,3
① 双预报不可知（光伏+负载都用前一日实际）,2025-07-21,1:50-2:30,138.048767,4
① 双预报不可知（光伏+负载都用前一日实际）,2025-07-21,3:20-3:50,43.826692,3
① 双预报不可知（光伏+负载都用前一日实际）,2025-07-21,4:10-4:20,12.393156,1
① 双预报不可知（光伏+负载都用前一日实际）,2025-07-21,4:30-4:50,36.722344,2
① 双预报不可知（光伏+负载都用前一日实际）,2025-07-21,5:10-5:30,60.223339,2
① 双预报不可知（光伏+负载都用前一日实际）,2025-07-21,5:40-6:00,262.557122,2
① 双预报不可知（光伏+负载都用前一日实际）,2025-07-21,6:20-6:30,41.461017,1
① 双预报不可知（光伏+负载都用前一日实际）,2025-07-21,7:40-8:10,482.242906,3
① 双预报不可知（光伏+负载都用前一日实际）,2025-07-21,8:20-8:30,4.525078,1
① 双预报不可知（光伏+负载都用前一日实际）,2025-07-21,8:50-9:50,579.237261,6
① 双预报不可知（光伏+负载都用前一日实际）,2025-07-21,10:50-11:00,3.652942,1
① 双预报不可知（光伏+负载都用前一日实际）,2025-07-21,12:00-13:30,1094.165075,9
① 双预报不可知（光伏+负载都用前一日实际）,2025-07-21,13:50-14:50,80.999225,6
① 双预报不可知（光伏+负载都用前一日实际）,2025-07-21,15:00-17:50,1212.121244,17
① 双预报不可知（光伏+负载都用前一日实际）,2025-07-21,18:00-18:10,15.712975,1
① 双预报不可知（光伏+负载都用前一日实际）,2025-07-21,18:30-19:20,180.203992,5
① 双预报不可知（光伏+负载都用前一日实际）,2025-07-21,19:40-20:00,15.917450,2
① 双预报不可知（光伏+负载都用前一日实际）,2025-07-21,20:30-20:50,27.784000,2
① 双预报不可知（光伏+负载都用前一日实际）,2025-07-21,21:00-21:40,229.932867,4
① 双预报不可知（光伏+负载都用前一日实际）,2025-07-21,22:30-22:50,30.349061,2
① 双预报不可知（光伏+负载都用前一日实际）,2025-07-21,23:30-0:00+1,52.901550,3
① 双预报不可知（光伏+负载都用前一日实际）,2025-07-22,0:00-1:10,346.596494,7
① 双预报不可知（光伏+负载都用前一日实际）,2025-07-22,1:40-2:00,46.618939,2
① 双预报不可知（光伏+负载都用前一日实际）,2025-07-22,3:00-4:20,315.032161,8
① 双预报不可知（光伏+负载都用前一日实际）,2025-07-22,5:40-6:20,255.261822,4
① 双预报不可知（光伏+负载都用前一日实际）,2025-07-22,6:30-6:50,26.322811,2
① 双预报不可知（光伏+负载都用前一日实际）,2025-07-22,7:50-8:00,166.841306,1
① 双预报不可知（光伏+负载都用前一日实际）,2025-07-22,9:10-9:20,3.480744,1
① 双预报不可知（光伏+负载都用前一日实际）,2025-07-22,9:50-11:10,943.621767,8
① 双预报不可知（光伏+负载都用前一日实际）,2025-07-22,12:50-15:00,1260.758122,13
① 双预报不可知（光伏+负载都用前一日实际）,2025-07-22,15:20-15:30,16.713681,1
① 双预报不可知（光伏+负载都用前一日实际）,2025-07-22,16:20-16:40,62.969511,2
① 双预报不可知（光伏+负载都用前一日实际）,2025-07-22,17:00-17:10,2.615672,1
① 双预报不可知（光伏+负载都用前一日实际）,2025-07-22,18:10-18:50,58.293450,4
① 双预报不可知（光伏+负载都用前一日实际）,2025-07-22,19:20-20:20,186.961694,6
① 双预报不可知（光伏+负载都用前一日实际）,2025-07-22,20:30-20:50,2.503278,2
① 双预报不可知（光伏+负载都用前一日实际）,2025-07-22,21:00-21:40,95.878533,4
① 双预报不可知（光伏+负载都用前一日实际）,2025-07-22,22:00-23:30,215.192725,9
① 双预报不可知（光伏+负载都用前一日实际）,2025-07-23,1:00-1:20,56.767178,2
① 双预报不可知（光伏+负载都用前一日实际）,2025-07-23,1:30-1:50,1.422844,2
① 双预报不可知（光伏+负载都用前一日实际）,2025-07-23,2:00-3:00,118.224650,6
① 双预报不可知（光伏+负载都用前一日实际）,2025-07-23,4:10-4:30,21.885100,2
① 双预报不可知（光伏+负载都用前一日实际）,2025-07-23,4:50-5:00,0.561500,1
① 双预报不可知（光伏+负载都用前一日实际）,2025-07-23,5:50-6:30,144.252803,4
① 双预报不可知（光伏+负载都用前一日实际）,2025-07-23,6:50-7:20,119.793353,3
① 双预报不可知（光伏+负载都用前一日实际）,2025-07-23,7:40-9:10,1155.786708,9
① 双预报不可知（光伏+负载都用前一日实际）,2025-07-23,11:00-12:10,892.692333,7
① 双预报不可知（光伏+负载都用前一日实际）,2025-07-23,14:10-17:40,1508.463697,21
① 双预报不可知（光伏+负载都用前一日实际）,2025-07-23,18:00-19:00,125.452783,6
① 双预报不可知（光伏+负载都用前一日实际）,2025-07-23,19:30-19:50,24.317756,2
① 双预报不可知（光伏+负载都用前一日实际）,2025-07-23,21:00-21:40,185.785461,4
① 双预报不可知（光伏+负载都用前一日实际）,2025-07-23,22:00-22:30,58.823367,3
① 双预报不可知（光伏+负载都用前一日实际）,2025-07-23,23:20-0:00+1,70.422611,4
① 双预报不可知（光伏+负载都用前一日实际）,2025-07-24,0:00-1:00,171.250600,6
① 双预报不可知（光伏+负载都用前一日实际）,2025-07-24,2:00-2:10,9.229019,1
① 双预报不可知（光伏+负载都用前一日实际）,2025-07-24,2:20-2:50,24.096508,3
① 双预报不可知（光伏+负载都用前一日实际）,2025-07-24,3:00-3:50,127.437875,5
① 双预报不可知（光伏+负载都用前一日实际）,2025-07-24,4:30-5:10,61.944156,4
① 双预报不可知（光伏+负载都用前一日实际）,2025-07-24,5:40-6:20,319.548222,4
① 双预报不可知（光伏+负载都用前一日实际）,2025-07-24,7:50-8:00,126.702781,1
① 双预报不可知（光伏+负载都用前一日实际）,2025-07-24,10:10-10:40,112.261275,3
① 双预报不可知（光伏+负载都用前一日实际）,2025-07-24,12:10-14:10,2057.492019,12
① 双预报不可知（光伏+负载都用前一日实际）,2025-07-24,14:40-15:30,111.818881,5
① 双预报不可知（光伏+负载都用前一日实际）,2025-07-24,15:50-17:40,555.758536,11
① 双预报不可知（光伏+负载都用前一日实际）,2025-07-24,19:50-20:00,3.575889,1
① 双预报不可知（光伏+负载都用前一日实际）,2025-07-24,20:30-20:40,2.679467,1
① 双预报不可知（光伏+负载都用前一日实际）,2025-07-24,21:00-21:40,155.600661,4
① 双预报不可知（光伏+负载都用前一日实际）,2025-07-24,22:00-22:30,35.907142,3
① 双预报不可知（光伏+负载都用前一日实际）,2025-07-24,22:50-23:20,39.556769,3
① 双预报不可知（光伏+负载都用前一日实际）,2025-07-26,0:50-1:30,169.894103,4
① 双预报不可知（光伏+负载都用前一日实际）,2025-07-26,2:00-3:10,164.459828,7
① 双预报不可知（光伏+负载都用前一日实际）,2025-07-26,3:50-4:10,56.552594,2
① 双预报不可知（光伏+负载都用前一日实际）,2025-07-26,4:40-6:00,134.607633,8
① 双预报不可知（光伏+负载都用前一日实际）,2025-07-26,6:10-7:00,237.720533,5
① 双预报不可知（光伏+负载都用前一日实际）,2025-07-26,8:10-8:20,44.523603,1
① 双预报不可知（光伏+负载都用前一日实际）,2025-07-26,8:40-9:30,486.114522,5
① 双预报不可知（光伏+负载都用前一日实际）,2025-07-26,11:10-11:30,485.775539,2
① 双预报不可知（光伏+负载都用前一日实际）,2025-07-26,11:40-11:50,108.033719,1
① 双预报不可知（光伏+负载都用前一日实际）,2025-07-26,12:10-12:40,344.636300,3
① 双预报不可知（光伏+负载都用前一日实际）,2025-07-26,14:30-14:50,82.911550,2
① 双预报不可知（光伏+负载都用前一日实际）,2025-07-26,15:10-15:30,98.510722,2
① 双预报不可知（光伏+负载都用前一日实际）,2025-07-26,15:50-16:10,48.073786,2
① 双预报不可知（光伏+负载都用前一日实际）,2025-07-26,16:20-16:50,116.934192,3
① 双预报不可知（光伏+负载都用前一日实际）,2025-07-26,17:00-17:10,2.086467,1
① 双预报不可知（光伏+负载都用前一日实际）,2025-07-26,17:50-18:00,21.748167,1
① 双预报不可知（光伏+负载都用前一日实际）,2025-07-26,18:30-18:40,6.875022,1
① 双预报不可知（光伏+负载都用前一日实际）,2025-07-26,19:10-20:50,240.265531,10
① 双预报不可知（光伏+负载都用前一日实际）,2025-07-26,21:00-21:40,87.101150,4
① 双预报不可知（光伏+负载都用前一日实际）,2025-07-26,22:30-22:50,65.127000,2
① 双预报不可知（光伏+负载都用前一日实际）,2025-07-26,23:00-23:20,20.944522,2
① 双预报不可知（光伏+负载都用前一日实际）,2025-07-26,23:40-0:00+1,172.778772,2
① 双预报不可知（光伏+负载都用前一日实际）,2025-07-27,0:00-9:40,15978.679739,58
① 双预报不可知（光伏+负载都用前一日实际）,2025-07-27,10:00-10:20,1038.928244,2
① 双预报不可知（光伏+负载都用前一日实际）,2025-07-27,10:30-10:50,899.270978,2
① 双预报不可知（光伏+负载都用前一日实际）,2025-07-27,11:10-11:30,344.526439,2
① 双预报不可知（光伏+负载都用前一日实际）,2025-07-27,11:40-11:50,167.062503,1
① 双预报不可知（光伏+负载都用前一日实际）,2025-07-27,12:10-12:50,1249.191228,4
① 双预报不可知（光伏+负载都用前一日实际）,2025-07-27,13:50-0:00+1,18822.137461,61
① 双预报不可知（光伏+负载都用前一日实际）,2025-07-28,0:00-0:10,27.567453,1
① 双预报不可知（光伏+负载都用前一日实际）,2025-07-28,1:00-1:10,6.083967,1
① 双预报不可知（光伏+负载都用前一日实际）,2025-07-28,2:00-2:40,69.352150,4
① 双预报不可知（光伏+负载都用前一日实际）,2025-07-28,3:00-3:20,104.182117,2
① 双预报不可知（光伏+负载都用前一日实际）,2025-07-28,5:50-6:00,108.659972,1
① 双预报不可知（光伏+负载都用前一日实际）,2025-07-28,6:20-6:30,23.311797,1
① 双预报不可知（光伏+负载都用前一日实际）,2025-07-28,6:50-7:00,1.034297,1
① 双预报不可知（光伏+负载都用前一日实际）,2025-07-28,7:40-8:00,216.183356,2
① 双预报不可知（光伏+负载都用前一日实际）,2025-07-28,8:20-8:30,65.093294,1
① 双预报不可知（光伏+负载都用前一日实际）,2025-07-28,9:10-13:30,4094.233869,26
① 双预报不可知（光伏+负载都用前一日实际）,2025-07-28,13:50-14:00,33.236194,1
① 双预报不可知（光伏+负载都用前一日实际）,2025-07-28,14:20-14:30,6.803097,1
① 双预报不可知（光伏+负载都用前一日实际）,2025-07-28,14:40-15:10,49.434336,3
① 双预报不可知（光伏+负载都用前一日实际）,2025-07-28,15:20-17:50,1290.275867,15
① 双预报不可知（光伏+负载都用前一日实际）,2025-07-28,18:10-18:20,27.792406,1
① 双预报不可知（光伏+负载都用前一日实际）,2025-07-28,20:10-21:40,534.732681,9
① 双预报不可知（光伏+负载都用前一日实际）,2025-07-28,22:30-22:40,19.768344,1
① 双预报不可知（光伏+负载都用前一日实际）,2025-07-28,23:10-23:40,136.804642,3
① 双预报不可知（光伏+负载都用前一日实际）,2025-07-29,0:10-0:40,108.002950,3
① 双预报不可知（光伏+负载都用前一日实际）,2025-07-29,1:20-1:30,21.388439,1
① 双预报不可知（光伏+负载都用前一日实际）,2025-07-29,1:40-2:10,89.454769,3
① 双预报不可知（光伏+负载都用前一日实际）,2025-07-29,2:30-2:40,8.162892,1
① 双预报不可知（光伏+负载都用前一日实际）,2025-07-29,3:00-4:10,256.995600,7
① 双预报不可知（光伏+负载都用前一日实际）,2025-07-29,5:40-6:00,123.080817,2
① 双预报不可知（光伏+负载都用前一日实际）,2025-07-29,7:40-8:00,220.815033,2
① 双预报不可知（光伏+负载都用前一日实际）,2025-07-29,9:40-11:50,1153.336092,13
① 双预报不可知（光伏+负载都用前一日实际）,2025-07-29,13:00-13:20,1.013806,2
① 双预报不可知（光伏+负载都用前一日实际）,2025-07-29,13:30-14:00,138.353200,3
① 双预报不可知（光伏+负载都用前一日实际）,2025-07-29,14:30-14:40,5.465814,1
① 双预报不可知（光伏+负载都用前一日实际）,2025-07-29,16:40-17:00,17.387700,2
① 双预报不可知（光伏+负载都用前一日实际）,2025-07-29,17:30-17:40,7.500764,1
① 双预报不可知（光伏+负载都用前一日实际）,2025-07-29,18:00-18:20,64.728583,2
① 双预报不可知（光伏+负载都用前一日实际）,2025-07-29,18:40-20:00,331.591650,8
① 双预报不可知（光伏+负载都用前一日实际）,2025-07-29,20:30-20:50,56.339311,2
① 双预报不可知（光伏+负载都用前一日实际）,2025-07-29,21:30-21:40,21.177922,1
① 双预报不可知（光伏+负载都用前一日实际）,2025-07-29,22:10-22:50,100.725800,4
① 双预报不可知（光伏+负载都用前一日实际）,2025-07-29,23:10-23:20,4.056175,1
① 双预报不可知（光伏+负载都用前一日实际）,2025-07-30,0:00-0:10,5.663025,1
① 双预报不可知（光伏+负载都用前一日实际）,2025-07-30,0:30-1:10,110.490931,4
① 双预报不可知（光伏+负载都用前一日实际）,2025-07-30,1:30-1:50,13.113761,2
① 双预报不可知（光伏+负载都用前一日实际）,2025-07-30,2:00-2:20,67.129989,2
① 双预报不可知（光伏+负载都用前一日实际）,2025-07-30,2:40-3:10,75.989525,3
① 双预报不可知（光伏+负载都用前一日实际）,2025-07-30,4:00-4:50,162.214592,5
① 双预报不可知（光伏+负载都用前一日实际）,2025-07-30,5:50-6:50,400.189469,6
① 双预报不可知（光伏+负载都用前一日实际）,2025-07-30,7:20-7:30,31.338161,1
① 双预报不可知（光伏+负载都用前一日实际）,2025-07-30,7:40-9:10,886.853933,9
① 双预报不可知（光伏+负载都用前一日实际）,2025-07-30,12:40-12:50,1.998936,1
① 双预报不可知（光伏+负载都用前一日实际）,2025-07-30,14:40-16:30,819.974903,11
① 双预报不可知（光伏+负载都用前一日实际）,2025-07-30,16:50-17:50,492.126269,6
① 双预报不可知（光伏+负载都用前一日实际）,2025-07-30,18:00-18:20,70.262622,2
① 双预报不可知（光伏+负载都用前一日实际）,2025-07-30,18:40-18:50,31.324053,1
① 双预报不可知（光伏+负载都用前一日实际）,2025-07-30,19:40-19:50,1.153617,1
① 双预报不可知（光伏+负载都用前一日实际）,2025-07-30,20:50-21:40,247.651261,5
① 双预报不可知（光伏+负载都用前一日实际）,2025-07-30,22:00-22:20,20.085150,2
① 双预报不可知（光伏+负载都用前一日实际）,2025-07-30,22:40-23:00,39.213200,2
① 双预报不可知（光伏+负载都用前一日实际）,2025-07-31,1:10-1:30,40.110867,2
① 双预报不可知（光伏+负载都用前一日实际）,2025-07-31,1:50-2:30,148.957750,4
① 双预报不可知（光伏+负载都用前一日实际）,2025-07-31,3:20-3:40,14.413406,2
① 双预报不可知（光伏+负载都用前一日实际）,2025-07-31,4:20-5:10,74.465111,5
① 双预报不可知（光伏+负载都用前一日实际）,2025-07-31,5:40-6:10,182.382411,3
① 双预报不可知（光伏+负载都用前一日实际）,2025-07-31,7:40-8:20,312.274039,4
① 双预报不可知（光伏+负载都用前一日实际）,2025-07-31,9:10-9:20,13.516347,1
① 双预报不可知（光伏+负载都用前一日实际）,2025-07-31,9:30-10:00,201.545625,3
① 双预报不可知（光伏+负载都用前一日实际）,2025-07-31,10:30-10:50,68.040594,2
① 双预报不可知（光伏+负载都用前一日实际）,2025-07-31,11:30-12:10,198.306356,4
① 双预报不可知（光伏+负载都用前一日实际）,2025-07-31,12:30-15:00,2096.914208,15
① 双预报不可知（光伏+负载都用前一日实际）,2025-07-31,15:30-15:50,50.717767,2
① 双预报不可知（光伏+负载都用前一日实际）,2025-07-31,16:30-17:40,449.329611,7
① 双预报不可知（光伏+负载都用前一日实际）,2025-07-31,18:30-18:40,11.371919,1
① 双预报不可知（光伏+负载都用前一日实际）,2025-07-31,19:00-20:50,258.848867,11
① 双预报不可知（光伏+负载都用前一日实际）,2025-07-31,21:00-21:40,146.909461,4
① 双预报不可知（光伏+负载都用前一日实际）,2025-07-31,22:00-22:20,49.293650,2
① 双预报不可知（光伏+负载都用前一日实际）,2025-07-31,22:30-22:50,34.813867,2
① 双预报不可知（光伏+负载都用前一日实际）,2025-07-31,23:30-23:50,60.785928,2
① 双预报不可知（光伏+负载都用前一日实际）,2025-08-02,1:10-1:30,59.990361,2
① 双预报不可知（光伏+负载都用前一日实际）,2025-08-02,1:50-2:10,30.155103,2
① 双预报不可知（光伏+负载都用前一日实际）,2025-08-02,3:10-3:20,3.275758,1
① 双预报不可知（光伏+负载都用前一日实际）,2025-08-02,3:50-4:00,6.428225,1
① 双预报不可知（光伏+负载都用前一日实际）,2025-08-02,5:50-7:20,240.818386,9
① 双预报不可知（光伏+负载都用前一日实际）,2025-08-02,7:40-8:00,89.387594,2
① 双预报不可知（光伏+负载都用前一日实际）,2025-08-02,8:40-9:30,301.845142,5
① 双预报不可知（光伏+负载都用前一日实际）,2025-08-02,9:50-10:00,36.767031,1
① 双预报不可知（光伏+负载都用前一日实际）,2025-08-02,12:40-13:00,194.422278,2
① 双预报不可知（光伏+负载都用前一日实际）,2025-08-02,13:10-13:20,194.206986,1
① 双预报不可知（光伏+负载都用前一日实际）,2025-08-02,13:30-13:50,91.373606,2
① 双预报不可知（光伏+负载都用前一日实际）,2025-08-02,14:30-14:40,18.593800,1
① 双预报不可知（光伏+负载都用前一日实际）,2025-08-02,15:40-16:40,369.197233,6
① 双预报不可知（光伏+负载都用前一日实际）,2025-08-02,18:10-18:30,41.924772,2
① 双预报不可知（光伏+负载都用前一日实际）,2025-08-02,18:50-19:10,25.886753,2
① 双预报不可知（光伏+负载都用前一日实际）,2025-08-02,19:40-21:10,139.751475,9
① 双预报不可知（光伏+负载都用前一日实际）,2025-08-02,21:20-21:30,35.501408,1
① 双预报不可知（光伏+负载都用前一日实际）,2025-08-02,23:10-0:00+1,415.440886,5
① 双预报不可知（光伏+负载都用前一日实际）,2025-08-03,0:00-8:50,11539.407233,53
① 双预报不可知（光伏+负载都用前一日实际）,2025-08-03,9:00-9:10,353.314206,1
① 双预报不可知（光伏+负载都用前一日实际）,2025-08-03,9:30-10:10,1384.901311,4
① 双预报不可知（光伏+负载都用前一日实际）,2025-08-03,10:20-10:30,346.681761,1
① 双预报不可知（光伏+负载都用前一日实际）,2025-08-03,10:50-11:10,980.869411,2
① 双预报不可知（光伏+负载都用前一日实际）,2025-08-03,11:30-12:00,1266.784106,3
① 双预报不可知（光伏+负载都用前一日实际）,2025-08-03,12:10-12:30,790.997117,2
① 双预报不可知（光伏+负载都用前一日实际）,2025-08-03,13:20-13:40,517.999083,2
① 双预报不可知（光伏+负载都用前一日实际）,2025-08-03,14:00-14:10,326.943978,1
① 双预报不可知（光伏+负载都用前一日实际）,2025-08-03,14:30-14:50,693.413922,2
① 双预报不可知（光伏+负载都用前一日实际）,2025-08-03,15:00-0:00+1,15981.110108,54
① 双预报不可知（光伏+负载都用前一日实际）,2025-08-04,0:00-0:20,42.322056,2
① 双预报不可知（光伏+负载都用前一日实际）,2025-08-04,0:30-0:50,22.552372,2
① 双预报不可知（光伏+负载都用前一日实际）,2025-08-04,1:00-1:10,10.954489,1
① 双预报不可知（光伏+负载都用前一日实际）,2025-08-04,1:30-2:00,26.065933,3
① 双预报不可知（光伏+负载都用前一日实际）,2025-08-04,2:30-2:50,5.983711,2
① 双预报不可知（光伏+负载都用前一日实际）,2025-08-04,3:20-3:50,37.645167,3
① 双预报不可知（光伏+负载都用前一日实际）,2025-08-04,4:10-4:30,61.853367,2
① 双预报不可知（光伏+负载都用前一日实际）,2025-08-04,5:40-6:00,186.055044,2
① 双预报不可知（光伏+负载都用前一日实际）,2025-08-04,6:20-6:40,34.566611,2
① 双预报不可知（光伏+负载都用前一日实际）,2025-08-04,7:40-8:10,270.740506,3
① 双预报不可知（光伏+负载都用前一日实际）,2025-08-04,8:30-9:50,488.161894,8
① 双预报不可知（光伏+负载都用前一日实际）,2025-08-04,10:00-11:10,299.867817,7
① 双预报不可知（光伏+负载都用前一日实际）,2025-08-04,11:40-12:00,50.387967,2
① 双预报不可知（光伏+负载都用前一日实际）,2025-08-04,12:20-14:20,1410.850917,12
① 双预报不可知（光伏+负载都用前一日实际）,2025-08-04,14:40-17:40,1616.731339,18
① 双预报不可知（光伏+负载都用前一日实际）,2025-08-04,18:00-18:20,19.220628,2
① 双预报不可知（光伏+负载都用前一日实际）,2025-08-04,18:30-19:00,60.797458,3
① 双预报不可知（光伏+负载都用前一日实际）,2025-08-04,21:00-21:40,104.285217,4
① 双预报不可知（光伏+负载都用前一日实际）,2025-08-04,22:10-22:20,3.573097,1
① 双预报不可知（光伏+负载都用前一日实际）,2025-08-04,23:00-0:00+1,233.257333,6
① 双预报不可知（光伏+负载都用前一日实际）,2025-08-05,0:00-0:40,59.047567,4
① 双预报不可知（光伏+负载都用前一日实际）,2025-08-05,1:00-1:20,53.461339,2
① 双预报不可知（光伏+负载都用前一日实际）,2025-08-05,2:00-2:20,115.504100,2
① 双预报不可知（光伏+负载都用前一日实际）,2025-08-05,2:30-2:40,14.567933,1
① 双预报不可知（光伏+负载都用前一日实际）,2025-08-05,3:10-4:00,134.462183,5
① 双预报不可知（光伏+负载都用前一日实际）,2025-08-05,4:20-4:40,21.165633,2
① 双预报不可知（光伏+负载都用前一日实际）,2025-08-05,5:40-6:10,246.130939,3
① 双预报不可知（光伏+负载都用前一日实际）,2025-08-05,6:20-6:50,36.149617,3
① 双预报不可知（光伏+负载都用前一日实际）,2025-08-05,7:50-8:30,594.471128,4
① 双预报不可知（光伏+负载都用前一日实际）,2025-08-05,8:50-9:20,176.403264,3
① 双预报不可知（光伏+负载都用前一日实际）,2025-08-05,9:40-11:30,1056.518064,11
① 双预报不可知（光伏+负载都用前一日实际）,2025-08-05,12:00-12:10,22.621494,1
① 双预报不可知（光伏+负载都用前一日实际）,2025-08-05,12:40-13:00,26.085789,2
① 双预报不可知（光伏+负载都用前一日实际）,2025-08-05,14:20-15:00,120.663956,4
① 双预报不可知（光伏+负载都用前一日实际）,2025-08-05,16:40-16:50,13.167278,1
① 双预报不可知（光伏+负载都用前一日实际）,2025-08-05,17:00-17:10,17.434933,1
① 双预报不可知（光伏+负载都用前一日实际）,2025-08-05,18:40-19:10,57.742567,3
① 双预报不可知（光伏+负载都用前一日实际）,2025-08-05,19:30-20:20,147.673133,5
① 双预报不可知（光伏+负载都用前一日实际）,2025-08-05,21:00-21:40,218.311494,4
① 双预报不可知（光伏+负载都用前一日实际）,2025-08-05,22:10-22:40,77.002642,3
① 双预报不可知（光伏+负载都用前一日实际）,2025-08-05,23:20-23:30,10.619267,1
① 双预报不可知（光伏+负载都用前一日实际）,2025-08-06,0:30-0:50,32.324928,2
① 双预报不可知（光伏+负载都用前一日实际）,2025-08-06,1:00-1:20,82.332472,2
① 双预报不可知（光伏+负载都用前一日实际）,2025-08-06,2:30-2:50,38.400689,2
① 双预报不可知（光伏+负载都用前一日实际）,2025-08-06,3:10-3:40,81.824250,3
① 双预报不可知（光伏+负载都用前一日实际）,2025-08-06,4:00-4:20,47.115678,2
① 双预报不可知（光伏+负载都用前一日实际）,2025-08-06,5:40-6:00,153.927133,2
① 双预报不可知（光伏+负载都用前一日实际）,2025-08-06,6:50-7:00,13.492431,1
① 双预报不可知（光伏+负载都用前一日实际）,2025-08-06,7:40-8:10,347.285853,3
① 双预报不可知（光伏+负载都用前一日实际）,2025-08-06,8:30-8:40,32.024386,1
① 双预报不可知（光伏+负载都用前一日实际）,2025-08-06,11:20-11:40,82.943006,2
① 双预报不可知（光伏+负载都用前一日实际）,2025-08-06,12:10-16:40,4243.830617,27
① 双预报不可知（光伏+负载都用前一日实际）,2025-08-06,16:50-17:50,414.469269,6
① 双预报不可知（光伏+负载都用前一日实际）,2025-08-06,18:00-18:40,143.369083,4
① 双预报不可知（光伏+负载都用前一日实际）,2025-08-06,19:40-20:20,58.580411,4
① 双预报不可知（光伏+负载都用前一日实际）,2025-08-06,20:30-21:40,266.373606,7
① 双预报不可知（光伏+负载都用前一日实际）,2025-08-06,22:20-22:40,15.240950,2
① 双预报不可知（光伏+负载都用前一日实际）,2025-08-06,23:10-23:30,16.624611,2
① 双预报不可知（光伏+负载都用前一日实际）,2025-08-06,23:40-0:00+1,86.524444,2
① 双预报不可知（光伏+负载都用前一日实际）,2025-08-07,0:00-0:10,31.875867,1
① 双预报不可知（光伏+负载都用前一日实际）,2025-08-07,0:40-1:00,38.630550,2
① 双预报不可知（光伏+负载都用前一日实际）,2025-08-07,1:20-2:50,341.594422,9
① 双预报不可知（光伏+负载都用前一日实际）,2025-08-07,4:00-4:20,104.267067,2
① 双预报不可知（光伏+负载都用前一日实际）,2025-08-07,4:50-5:10,54.546092,2
① 双预报不可知（光伏+负载都用前一日实际）,2025-08-07,5:50-7:00,371.748567,7
① 双预报不可知（光伏+负载都用前一日实际）,2025-08-07,7:10-8:10,576.127861,6
① 双预报不可知（光伏+负载都用前一日实际）,2025-08-07,8:20-8:30,8.443003,1
① 双预报不可知（光伏+负载都用前一日实际）,2025-08-07,9:40-10:10,79.840106,3
① 双预报不可知（光伏+负载都用前一日实际）,2025-08-07,17:00-17:40,185.301756,4
① 双预报不可知（光伏+负载都用前一日实际）,2025-08-07,18:20-18:50,32.910350,3
① 双预报不可知（光伏+负载都用前一日实际）,2025-08-07,19:10-20:20,293.522828,7
① 双预报不可知（光伏+负载都用前一日实际）,2025-08-07,21:00-21:10,0.735822,1
① 双预报不可知（光伏+负载都用前一日实际）,2025-08-07,22:00-23:00,228.618067,6
① 双预报不可知（光伏+负载都用前一日实际）,2025-08-09,0:10-0:50,28.912367,4
① 双预报不可知（光伏+负载都用前一日实际）,2025-08-09,1:20-1:30,1.034108,1
① 双预报不可知（光伏+负载都用前一日实际）,2025-08-09,1:50-2:50,201.313431,6
① 双预报不可知（光伏+负载都用前一日实际）,2025-08-09,3:50-4:00,8.057478,1
① 双预报不可知（光伏+负载都用前一日实际）,2025-08-09,4:20-4:40,14.661467,2
① 双预报不可知（光伏+负载都用前一日实际）,2025-08-09,5:10-5:40,99.849433,3
① 双预报不可知（光伏+负载都用前一日实际）,2025-08-09,5:50-6:10,37.175953,2
① 双预报不可知（光伏+负载都用前一日实际）,2025-08-09,6:50-7:20,166.914408,3
① 双预报不可知（光伏+负载都用前一日实际）,2025-08-09,10:00-10:10,56.083328,1
① 双预报不可知（光伏+负载都用前一日实际）,2025-08-09,10:20-10:30,148.335661,1
① 双预报不可知（光伏+负载都用前一日实际）,2025-08-09,10:50-11:10,183.047358,2
① 双预报不可知（光伏+负载都用前一日实际）,2025-08-09,11:20-11:30,77.041250,1
① 双预报不可知（光伏+负载都用前一日实际）,2025-08-09,11:40-12:00,190.773867,2
① 双预报不可知（光伏+负载都用前一日实际）,2025-08-09,12:20-12:30,15.039583,1
① 双预报不可知（光伏+负载都用前一日实际）,2025-08-09,12:50-13:10,384.902875,2
① 双预报不可知（光伏+负载都用前一日实际）,2025-08-09,13:20-13:30,167.971156,1
① 双预报不可知（光伏+负载都用前一日实际）,2025-08-09,13:50-14:00,101.280739,1
① 双预报不可知（光伏+负载都用前一日实际）,2025-08-09,14:40-14:50,69.112867,1
① 双预报不可知（光伏+负载都用前一日实际）,2025-08-09,15:10-15:20,4.618661,1
① 双预报不可知（光伏+负载都用前一日实际）,2025-08-09,16:00-16:20,11.817350,2
① 双预报不可知（光伏+负载都用前一日实际）,2025-08-09,16:30-16:50,62.289817,2
① 双预报不可知（光伏+负载都用前一日实际）,2025-08-09,17:10-18:00,61.321225,5
① 双预报不可知（光伏+负载都用前一日实际）,2025-08-09,18:20-19:20,94.193878,6
① 双预报不可知（光伏+负载都用前一日实际）,2025-08-09,19:40-20:00,55.353417,2
① 双预报不可知（光伏+负载都用前一日实际）,2025-08-09,20:50-21:40,200.936714,5
① 双预报不可知（光伏+负载都用前一日实际）,2025-08-09,22:10-22:30,39.990400,2
① 双预报不可知（光伏+负载都用前一日实际）,2025-08-09,23:00-23:20,26.792378,2
① 双预报不可知（光伏+负载都用前一日实际）,2025-08-09,23:30-0:00+1,293.250392,3
① 双预报不可知（光伏+负载都用前一日实际）,2025-08-10,0:00-9:30,13275.852822,57
① 双预报不可知（光伏+负载都用前一日实际）,2025-08-10,10:40-10:50,312.632233,1
① 双预报不可知（光伏+负载都用前一日实际）,2025-08-10,11:10-11:20,311.450750,1
① 双预报不可知（光伏+负载都用前一日实际）,2025-08-10,11:40-11:50,432.044983,1
① 双预报不可知（光伏+负载都用前一日实际）,2025-08-10,12:10-12:40,1441.191750,3
① 双预报不可知（光伏+负载都用前一日实际）,2025-08-10,13:50-14:00,575.751911,1
① 双预报不可知（光伏+负载都用前一日实际）,2025-08-10,14:30-0:00+1,17608.518544,57
① 双预报不可知（光伏+负载都用前一日实际）,2025-08-11,0:00-0:40,79.257672,4
① 双预报不可知（光伏+负载都用前一日实际）,2025-08-11,0:50-1:20,159.951292,3
① 双预报不可知（光伏+负载都用前一日实际）,2025-08-11,1:30-1:50,22.660311,2
① 双预报不可知（光伏+负载都用前一日实际）,2025-08-11,3:00-3:40,108.337756,4
① 双预报不可知（光伏+负载都用前一日实际）,2025-08-11,4:10-4:40,36.543533,3
① 双预报不可知（光伏+负载都用前一日实际）,2025-08-11,5:50-6:10,151.840353,2
① 双预报不可知（光伏+负载都用前一日实际）,2025-08-11,6:30-7:00,160.796250,3
① 双预报不可知（光伏+负载都用前一日实际）,2025-08-11,7:10-8:10,524.339611,6
① 双预报不可知（光伏+负载都用前一日实际）,2025-08-11,8:30-10:10,870.915881,10
① 双预报不可知（光伏+负载都用前一日实际）,2025-08-11,11:00-11:30,264.644442,3
① 双预报不可知（光伏+负载都用前一日实际）,2025-08-11,14:30-15:40,363.581456,7
① 双预报不可知（光伏+负载都用前一日实际）,2025-08-11,16:50-17:40,181.359319,5
① 双预报不可知（光伏+负载都用前一日实际）,2025-08-11,18:10-18:30,69.144411,2
① 双预报不可知（光伏+负载都用前一日实际）,2025-08-11,18:50-19:40,117.188131,5
① 双预报不可知（光伏+负载都用前一日实际）,2025-08-11,20:00-20:20,11.543600,2
① 双预报不可知（光伏+负载都用前一日实际）,2025-08-11,21:00-21:40,168.158311,4
① 双预报不可知（光伏+负载都用前一日实际）,2025-08-11,22:00-22:50,85.385533,5
① 双预报不可知（光伏+负载都用前一日实际）,2025-08-11,23:30-0:00+1,44.510358,3
① 双预报不可知（光伏+负载都用前一日实际）,2025-08-12,0:00-0:30,80.573200,3
① 双预报不可知（光伏+负载都用前一日实际）,2025-08-12,2:00-3:40,320.660133,10
① 双预报不可知（光伏+负载都用前一日实际）,2025-08-12,4:40-5:30,80.459581,5
① 双预报不可知（光伏+负载都用前一日实际）,2025-08-12,5:40-6:10,221.101686,3
① 双预报不可知（光伏+负载都用前一日实际）,2025-08-12,6:50-7:00,0.240881,1
① 双预报不可知（光伏+负载都用前一日实际）,2025-08-12,7:50-8:00,150.259486,1
① 双预报不可知（光伏+负载都用前一日实际）,2025-08-12,9:30-11:50,1907.830303,14
① 双预报不可知（光伏+负载都用前一日实际）,2025-08-12,12:30-16:50,2592.121986,26
① 双预报不可知（光伏+负载都用前一日实际）,2025-08-12,17:00-17:50,292.370542,5
① 双预报不可知（光伏+负载都用前一日实际）,2025-08-12,18:10-20:00,274.132564,11
① 双预报不可知（光伏+负载都用前一日实际）,2025-08-12,20:50-21:40,172.589014,5
① 双预报不可知（光伏+负载都用前一日实际）,2025-08-12,22:10-22:30,30.530167,2
① 双预报不可知（光伏+负载都用前一日实际）,2025-08-12,23:20-23:30,17.639428,1
① 双预报不可知（光伏+负载都用前一日实际）,2025-08-13,0:40-1:40,220.395078,6
① 双预报不可知（光伏+负载都用前一日实际）,2025-08-13,2:30-3:10,115.198211,4
① 双预报不可知（光伏+负载都用前一日实际）,2025-08-13,4:10-5:00,140.984125,5
① 双预报不可知（光伏+负载都用前一日实际）,2025-08-13,5:40-6:20,238.440367,4
① 双预报不可知（光伏+负载都用前一日实际）,2025-08-13,6:30-7:00,26.385150,3
① 双预报不可知（光伏+负载都用前一日实际）,2025-08-13,7:40-8:40,582.844189,6
① 双预报不可知（光伏+负载都用前一日实际）,2025-08-13,10:20-10:50,139.894717,3
① 双预报不可知（光伏+负载都用前一日实际）,2025-08-13,11:00-12:20,418.466706,8
① 双预报不可知（光伏+负载都用前一日实际）,2025-08-13,12:50-13:00,95.632478,1
① 双预报不可知（光伏+负载都用前一日实际）,2025-08-13,13:30-14:20,279.241792,5
① 双预报不可知（光伏+负载都用前一日实际）,2025-08-13,17:10-17:50,190.551022,4
① 双预报不可知（光伏+负载都用前一日实际）,2025-08-13,18:10-18:50,83.979861,4
① 双预报不可知（光伏+负载都用前一日实际）,2025-08-13,20:30-20:50,55.674967,2
① 双预报不可知（光伏+负载都用前一日实际）,2025-08-13,21:00-21:40,277.204689,4
① 双预报不可知（光伏+负载都用前一日实际）,2025-08-13,23:50-0:00+1,18.999136,1
① 双预报不可知（光伏+负载都用前一日实际）,2025-08-14,0:00-0:10,6.307175,1
① 双预报不可知（光伏+负载都用前一日实际）,2025-08-14,0:30-1:10,65.587369,4
① 双预报不可知（光伏+负载都用前一日实际）,2025-08-14,1:30-2:10,54.081417,4
① 双预报不可知（光伏+负载都用前一日实际）,2025-08-14,2:30-2:40,32.287650,1
① 双预报不可知（光伏+负载都用前一日实际）,2025-08-14,3:20-3:50,139.609842,3
① 双预报不可知（光伏+负载都用前一日实际）,2025-08-14,4:10-4:30,12.149550,2
① 双预报不可知（光伏+负载都用前一日实际）,2025-08-14,5:40-7:10,647.280486,9
① 双预报不可知（光伏+负载都用前一日实际）,2025-08-14,7:40-9:30,1247.389044,11
① 双预报不可知（光伏+负载都用前一日实际）,2025-08-14,9:50-10:00,30.255622,1
① 双预报不可知（光伏+负载都用前一日实际）,2025-08-14,12:00-12:20,179.781622,2
① 双预报不可知（光伏+负载都用前一日实际）,2025-08-14,12:40-13:00,62.298589,2
① 双预报不可知（光伏+负载都用前一日实际）,2025-08-14,14:30-14:40,8.733475,1
① 双预报不可知（光伏+负载都用前一日实际）,2025-08-14,15:30-17:50,897.381097,14
① 双预报不可知（光伏+负载都用前一日实际）,2025-08-14,18:20-18:30,0.807478,1
① 双预报不可知（光伏+负载都用前一日实际）,2025-08-14,19:00-20:00,224.903733,6
① 双预报不可知（光伏+负载都用前一日实际）,2025-08-14,20:20-21:20,232.442789,6
① 双预报不可知（光伏+负载都用前一日实际）,2025-08-14,21:30-21:40,25.320531,1
① 双预报不可知（光伏+负载都用前一日实际）,2025-08-14,22:30-23:20,161.981467,5
① 双预报不可知（光伏+负载都用前一日实际）,2025-08-14,23:30-23:50,83.113017,2
① 双预报不可知（光伏+负载都用前一日实际）,2025-08-16,0:00-0:10,12.063314,1
① 双预报不可知（光伏+负载都用前一日实际）,2025-08-16,1:00-1:20,60.864972,2
① 双预报不可知（光伏+负载都用前一日实际）,2025-08-16,2:00-2:50,61.430978,5
① 双预报不可知（光伏+负载都用前一日实际）,2025-08-16,3:00-3:20,58.664817,2
① 双预报不可知（光伏+负载都用前一日实际）,2025-08-16,3:30-4:00,64.744225,3
① 双预报不可知（光伏+负载都用前一日实际）,2025-08-16,4:30-5:10,49.643758,4
① 双预报不可知（光伏+负载都用前一日实际）,2025-08-16,5:50-6:00,20.224350,1
① 双预报不可知（光伏+负载都用前一日实际）,2025-08-16,6:50-7:20,66.504033,3
① 双预报不可知（光伏+负载都用前一日实际）,2025-08-16,10:00-10:10,1.514169,1
① 双预报不可知（光伏+负载都用前一日实际）,2025-08-16,10:50-11:00,60.555833,1
① 双预报不可知（光伏+负载都用前一日实际）,2025-08-16,11:10-11:30,76.067100,2
① 双预报不可知（光伏+负载都用前一日实际）,2025-08-16,12:40-13:20,445.593817,4
① 双预报不可知（光伏+负载都用前一日实际）,2025-08-16,13:40-14:00,242.706378,2
① 双预报不可知（光伏+负载都用前一日实际）,2025-08-16,14:10-14:50,371.947178,4
① 双预报不可知（光伏+负载都用前一日实际）,2025-08-16,15:50-16:10,22.783872,2
① 双预报不可知（光伏+负载都用前一日实际）,2025-08-16,16:30-16:50,51.449439,2
① 双预报不可知（光伏+负载都用前一日实际）,2025-08-16,17:10-17:30,53.875972,2
① 双预报不可知（光伏+负载都用前一日实际）,2025-08-16,17:40-19:40,409.072167,12
① 双预报不可知（光伏+负载都用前一日实际）,2025-08-16,20:10-20:30,89.770978,2
① 双预报不可知（光伏+负载都用前一日实际）,2025-08-16,20:50-21:20,51.833667,3
① 双预报不可知（光伏+负载都用前一日实际）,2025-08-16,22:00-22:30,127.639583,3
① 双预报不可知（光伏+负载都用前一日实际）,2025-08-16,22:50-23:00,10.520456,1
① 双预报不可知（光伏+负载都用前一日实际）,2025-08-16,23:50-0:00+1,125.167469,1
① 双预报不可知（光伏+负载都用前一日实际）,2025-08-17,0:00-9:00,12932.244669,54
① 双预报不可知（光伏+负载都用前一日实际）,2025-08-17,9:20-9:30,515.240667,1
① 双预报不可知（光伏+负载都用前一日实际）,2025-08-17,10:10-10:30,875.398017,2
① 双预报不可知（光伏+负载都用前一日实际）,2025-08-17,11:40-12:10,1045.889335,3
① 双预报不可知（光伏+负载都用前一日实际）,2025-08-17,12:20-13:10,2312.224047,5
① 双预报不可知（光伏+负载都用前一日实际）,2025-08-17,13:20-13:30,440.239325,1
① 双预报不可知（光伏+负载都用前一日实际）,2025-08-17,14:10-14:20,270.513964,1
① 双预报不可知（光伏+负载都用前一日实际）,2025-08-17,14:40-0:00+1,16803.786100,56
① 双预报不可知（光伏+负载都用前一日实际）,2025-08-18,0:00-0:20,88.508000,2
① 双预报不可知（光伏+负载都用前一日实际）,2025-08-18,0:50-1:00,2.858933,1
① 双预报不可知（光伏+负载都用前一日实际）,2025-08-18,1:20-1:50,151.878825,3
① 双预报不可知（光伏+负载都用前一日实际）,2025-08-18,2:00-2:20,30.556289,2
① 双预报不可知（光伏+负载都用前一日实际）,2025-08-18,3:00-3:30,18.472683,3
① 双预报不可知（光伏+负载都用前一日实际）,2025-08-18,3:50-4:50,106.718425,6
① 双预报不可知（光伏+负载都用前一日实际）,2025-08-18,5:40-6:20,304.362783,4
① 双预报不可知（光伏+负载都用前一日实际）,2025-08-18,7:40-9:20,908.442672,10
① 双预报不可知（光伏+负载都用前一日实际）,2025-08-18,9:30-11:00,559.044617,9
① 双预报不可知（光伏+负载都用前一日实际）,2025-08-18,13:00-15:00,1321.557033,12
① 双预报不可知（光伏+负载都用前一日实际）,2025-08-18,15:30-16:00,69.725167,3
① 双预报不可知（光伏+负载都用前一日实际）,2025-08-18,16:20-17:40,546.997089,8
① 双预报不可知（光伏+负载都用前一日实际）,2025-08-18,18:50-19:20,22.219036,3
① 双预报不可知（光伏+负载都用前一日实际）,2025-08-18,19:50-20:00,13.074394,1
① 双预报不可知（光伏+负载都用前一日实际）,2025-08-18,20:20-21:50,313.964142,9
① 双预报不可知（光伏+负载都用前一日实际）,2025-08-18,22:40-23:10,35.887864,3
① 双预报不可知（光伏+负载都用前一日实际）,2025-08-18,23:40-0:00+1,11.935361,2
① 双预报不可知（光伏+负载都用前一日实际）,2025-08-19,0:00-0:20,50.441194,2
① 双预报不可知（光伏+负载都用前一日实际）,2025-08-19,0:30-1:00,50.879333,3
① 双预报不可知（光伏+负载都用前一日实际）,2025-08-19,1:40-2:40,138.943817,6
① 双预报不可知（光伏+负载都用前一日实际）,2025-08-19,3:00-3:50,106.171039,5
① 双预报不可知（光伏+负载都用前一日实际）,2025-08-19,4:20-4:50,53.129767,3
① 双预报不可知（光伏+负载都用前一日实际）,2025-08-19,5:50-6:00,94.006972,1
① 双预报不可知（光伏+负载都用前一日实际）,2025-08-19,7:50-8:00,192.225761,1
① 双预报不可知（光伏+负载都用前一日实际）,2025-08-19,10:50-12:20,1327.173267,9
① 双预报不可知（光伏+负载都用前一日实际）,2025-08-19,12:30-13:00,163.186225,3
① 双预报不可知（光伏+负载都用前一日实际）,2025-08-19,13:50-14:10,84.294467,2
① 双预报不可知（光伏+负载都用前一日实际）,2025-08-19,14:40-16:00,671.326311,8
① 双预报不可知（光伏+负载都用前一日实际）,2025-08-19,17:20-17:40,49.442667,2
① 双预报不可知（光伏+负载都用前一日实际）,2025-08-19,18:10-19:00,164.774900,5
① 双预报不可知（光伏+负载都用前一日实际）,2025-08-19,19:20-20:10,232.083339,5
① 双预报不可知（光伏+负载都用前一日实际）,2025-08-19,20:50-21:40,247.979222,5
① 双预报不可知（光伏+负载都用前一日实际）,2025-08-19,22:00-22:50,110.130425,5
① 双预报不可知（光伏+负载都用前一日实际）,2025-08-19,23:10-23:20,13.945053,1
① 双预报不可知（光伏+负载都用前一日实际）,2025-08-19,23:30-23:50,16.413056,2
① 双预报不可知（光伏+负载都用前一日实际）,2025-08-20,0:20-0:50,55.701050,3
① 双预报不可知（光伏+负载都用前一日实际）,2025-08-20,1:20-1:30,5.593978,1
① 双预报不可知（光伏+负载都用前一日实际）,2025-08-20,2:50-3:20,61.770908,3
① 双预报不可知（光伏+负载都用前一日实际）,2025-08-20,4:30-4:50,27.063556,2
① 双预报不可知（光伏+负载都用前一日实际）,2025-08-20,5:20-5:30,15.724242,1
① 双预报不可知（光伏+负载都用前一日实际）,2025-08-20,5:40-15:00,6925.034217,56
① 双预报不可知（光伏+负载都用前一日实际）,2025-08-20,16:10-17:50,699.815031,10
① 双预报不可知（光伏+负载都用前一日实际）,2025-08-20,18:00-18:10,4.483556,1
① 双预报不可知（光伏+负载都用前一日实际）,2025-08-20,18:30-18:40,8.343406,1
① 双预报不可知（光伏+负载都用前一日实际）,2025-08-20,20:00-20:20,85.125811,2
① 双预报不可知（光伏+负载都用前一日实际）,2025-08-20,20:40-21:10,92.288594,3
① 双预报不可知（光伏+负载都用前一日实际）,2025-08-20,21:20-21:40,53.760217,2
① 双预报不可知（光伏+负载都用前一日实际）,2025-08-20,22:10-22:20,12.454561,1
① 双预报不可知（光伏+负载都用前一日实际）,2025-08-20,22:50-0:00+1,110.561411,7
① 双预报不可知（光伏+负载都用前一日实际）,2025-08-21,0:00-0:20,34.118306,2
① 双预报不可知（光伏+负载都用前一日实际）,2025-08-21,0:40-1:10,38.590958,3
① 双预报不可知（光伏+负载都用前一日实际）,2025-08-21,1:20-1:30,6.671369,1
① 双预报不可知（光伏+负载都用前一日实际）,2025-08-21,1:50-2:10,27.194697,2
① 双预报不可知（光伏+负载都用前一日实际）,2025-08-21,2:30-4:30,186.894583,12
① 双预报不可知（光伏+负载都用前一日实际）,2025-08-21,4:40-5:10,92.998089,3
① 双预报不可知（光伏+负载都用前一日实际）,2025-08-21,5:40-6:00,85.863528,2
① 双预报不可知（光伏+负载都用前一日实际）,2025-08-21,7:50-8:00,82.142425,1
① 双预报不可知（光伏+负载都用前一日实际）,2025-08-21,12:20-12:30,23.118694,1
① 双预报不可知（光伏+负载都用前一日实际）,2025-08-21,12:50-14:10,378.928353,8
① 双预报不可知（光伏+负载都用前一日实际）,2025-08-21,15:00-15:30,178.367225,3
① 双预报不可知（光伏+负载都用前一日实际）,2025-08-21,15:50-16:10,48.315258,2
① 双预报不可知（光伏+负载都用前一日实际）,2025-08-21,17:30-17:40,77.874753,1
① 双预报不可知（光伏+负载都用前一日实际）,2025-08-21,18:00-18:20,123.395994,2
① 双预报不可知（光伏+负载都用前一日实际）,2025-08-21,18:30-18:50,58.993728,2
① 双预报不可知（光伏+负载都用前一日实际）,2025-08-21,19:10-20:00,49.436978,5
① 双预报不可知（光伏+负载都用前一日实际）,2025-08-21,20:20-21:40,192.718767,8
① 双预报不可知（光伏+负载都用前一日实际）,2025-08-21,22:00-22:20,36.356839,2
① 双预报不可知（光伏+负载都用前一日实际）,2025-08-21,23:30-23:40,7.394881,1
① 双预报不可知（光伏+负载都用前一日实际）,2025-08-23,0:00-0:40,141.506544,4
① 双预报不可知（光伏+负载都用前一日实际）,2025-08-23,2:20-2:30,4.466039,1
① 双预报不可知（光伏+负载都用前一日实际）,2025-08-23,3:00-3:20,53.248789,2
① 双预报不可知（光伏+负载都用前一日实际）,2025-08-23,4:50-5:10,57.393314,2
① 双预报不可知（光伏+负载都用前一日实际）,2025-08-23,5:20-5:50,24.744125,3
① 双预报不可知（光伏+负载都用前一日实际）,2025-08-23,6:40-7:10,122.575706,3
① 双预报不可知（光伏+负载都用前一日实际）,2025-08-23,8:00-8:10,18.348286,1
① 双预报不可知（光伏+负载都用前一日实际）,2025-08-23,8:20-8:30,34.656703,1
① 双预报不可知（光伏+负载都用前一日实际）,2025-08-23,8:50-9:10,522.415017,2
① 双预报不可知（光伏+负载都用前一日实际）,2025-08-23,9:30-9:40,131.122181,1
① 双预报不可知（光伏+负载都用前一日实际）,2025-08-23,9:50-10:10,332.854419,2
① 双预报不可知（光伏+负载都用前一日实际）,2025-08-23,10:20-10:40,403.564044,2
① 双预报不可知（光伏+负载都用前一日实际）,2025-08-23,11:00-11:10,78.455711,1
① 双预报不可知（光伏+负载都用前一日实际）,2025-08-23,11:50-12:00,46.826667,1
① 双预报不可知（光伏+负载都用前一日实际）,2025-08-23,13:30-13:40,27.437803,1
① 双预报不可知（光伏+负载都用前一日实际）,2025-08-23,13:50-14:10,56.218414,2
① 双预报不可知（光伏+负载都用前一日实际）,2025-08-23,16:30-16:40,15.476744,1
① 双预报不可知（光伏+负载都用前一日实际）,2025-08-23,17:10-17:30,26.923661,2
① 双预报不可知（光伏+负载都用前一日实际）,2025-08-23,17:50-18:00,4.733081,1
① 双预报不可知（光伏+负载都用前一日实际）,2025-08-23,18:50-19:00,3.174533,1
① 双预报不可知（光伏+负载都用前一日实际）,2025-08-23,19:20-19:40,44.487706,2
① 双预报不可知（光伏+负载都用前一日实际）,2025-08-23,20:10-20:30,26.764200,2
① 双预报不可知（光伏+负载都用前一日实际）,2025-08-23,21:00-21:50,95.600144,5
① 双预报不可知（光伏+负载都用前一日实际）,2025-08-23,22:20-22:30,3.338594,1
① 双预报不可知（光伏+负载都用前一日实际）,2025-08-23,22:50-23:10,38.531681,2
① 双预报不可知（光伏+负载都用前一日实际）,2025-08-23,23:20-0:00+1,261.304011,4
① 双预报不可知（光伏+负载都用前一日实际）,2025-08-24,0:00-9:40,13529.407044,58
① 双预报不可知（光伏+负载都用前一日实际）,2025-08-24,9:50-10:00,200.595775,1
① 双预报不可知（光伏+负载都用前一日实际）,2025-08-24,10:10-10:20,217.862889,1
① 双预报不可知（光伏+负载都用前一日实际）,2025-08-24,11:50-12:10,400.662306,2
① 双预报不可知（光伏+负载都用前一日实际）,2025-08-24,12:30-13:00,763.970775,3
① 双预报不可知（光伏+负载都用前一日实际）,2025-08-24,13:10-14:00,1687.857761,5
① 双预报不可知（光伏+负载都用前一日实际）,2025-08-24,14:10-0:00+1,17927.892678,59
① 双预报不可知（光伏+负载都用前一日实际）,2025-08-25,0:50-1:20,46.910917,3
① 双预报不可知（光伏+负载都用前一日实际）,2025-08-25,1:30-1:40,7.173492,1
① 双预报不可知（光伏+负载都用前一日实际）,2025-08-25,2:40-2:50,1.066375,1
① 双预报不可知（光伏+负载都用前一日实际）,2025-08-25,3:50-4:30,186.680389,4
① 双预报不可知（光伏+负载都用前一日实际）,2025-08-25,4:40-5:00,44.705133,2
① 双预报不可知（光伏+负载都用前一日实际）,2025-08-25,5:40-6:50,338.029111,7
① 双预报不可知（光伏+负载都用前一日实际）,2025-08-25,7:10-7:30,31.196744,2
① 双预报不可知（光伏+负载都用前一日实际）,2025-08-25,7:40-8:10,289.995547,3
① 双预报不可知（光伏+负载都用前一日实际）,2025-08-25,9:00-9:50,198.780331,5
① 双预报不可知（光伏+负载都用前一日实际）,2025-08-25,10:00-17:20,7081.110778,44
① 双预报不可知（光伏+负载都用前一日实际）,2025-08-25,17:30-17:50,96.299394,2
① 双预报不可知（光伏+负载都用前一日实际）,2025-08-25,19:10-20:00,124.106400,5
① 双预报不可知（光伏+负载都用前一日实际）,2025-08-25,20:20-21:40,152.130644,8
① 双预报不可知（光伏+负载都用前一日实际）,2025-08-25,22:30-23:20,136.896797,5
① 双预报不可知（光伏+负载都用前一日实际）,2025-08-26,0:00-0:30,33.083975,3
① 双预报不可知（光伏+负载都用前一日实际）,2025-08-26,1:00-1:20,71.057211,2
① 双预报不可知（光伏+负载都用前一日实际）,2025-08-26,2:20-3:00,119.756278,4
① 双预报不可知（光伏+负载都用前一日实际）,2025-08-26,3:20-3:50,119.999783,3
① 双预报不可知（光伏+负载都用前一日实际）,2025-08-26,4:10-4:30,46.090133,2
① 双预报不可知（光伏+负载都用前一日实际）,2025-08-26,5:50-6:00,107.947856,1
① 双预报不可知（光伏+负载都用前一日实际）,2025-08-26,7:40-9:40,732.259294,12
① 双预报不可知（光伏+负载都用前一日实际）,2025-08-26,16:40-17:40,317.199200,6
① 双预报不可知（光伏+负载都用前一日实际）,2025-08-26,18:10-18:40,76.293708,3
① 双预报不可知（光伏+负载都用前一日实际）,2025-08-26,18:50-19:00,2.201864,1
① 双预报不可知（光伏+负载都用前一日实际）,2025-08-26,19:30-20:10,73.635056,4
① 双预报不可知（光伏+负载都用前一日实际）,2025-08-26,20:40-20:50,3.479097,1
① 双预报不可知（光伏+负载都用前一日实际）,2025-08-26,21:00-21:40,236.544811,4
① 双预报不可知（光伏+负载都用前一日实际）,2025-08-26,22:00-22:10,18.949942,1
① 双预报不可知（光伏+负载都用前一日实际）,2025-08-26,22:40-22:50,14.069675,1
① 双预报不可知（光伏+负载都用前一日实际）,2025-08-26,23:20-23:30,24.628550,1
① 双预报不可知（光伏+负载都用前一日实际）,2025-08-27,0:00-0:40,45.830756,4
① 双预报不可知（光伏+负载都用前一日实际）,2025-08-27,1:00-1:40,99.474544,4
① 双预报不可知（光伏+负载都用前一日实际）,2025-08-27,2:10-2:30,32.200472,2
① 双预报不可知（光伏+负载都用前一日实际）,2025-08-27,3:30-3:40,9.327928,1
① 双预报不可知（光伏+负载都用前一日实际）,2025-08-27,5:10-5:30,71.098400,2
① 双预报不可知（光伏+负载都用前一日实际）,2025-08-27,5:40-6:20,283.717139,4
① 双预报不可知（光伏+负载都用前一日实际）,2025-08-27,6:40-7:00,58.361439,2
① 双预报不可知（光伏+负载都用前一日实际）,2025-08-27,7:50-10:00,1159.105419,13
① 双预报不可知（光伏+负载都用前一日实际）,2025-08-27,10:20-12:10,1037.271628,11
① 双预报不可知（光伏+负载都用前一日实际）,2025-08-27,13:30-15:00,734.166775,9
① 双预报不可知（光伏+负载都用前一日实际）,2025-08-27,15:20-16:00,205.458844,4
① 双预报不可知（光伏+负载都用前一日实际）,2025-08-27,16:10-16:40,69.866175,3
① 双预报不可知（光伏+负载都用前一日实际）,2025-08-27,17:00-17:50,349.474422,5
① 双预报不可知（光伏+负载都用前一日实际）,2025-08-27,18:10-19:00,171.859261,5
① 双预报不可知（光伏+负载都用前一日实际）,2025-08-27,19:20-19:30,15.371378,1
① 双预报不可知（光伏+负载都用前一日实际）,2025-08-27,19:50-20:20,33.976389,3
① 双预报不可知（光伏+负载都用前一日实际）,2025-08-27,20:40-20:50,0.254414,1
① 双预报不可知（光伏+负载都用前一日实际）,2025-08-27,21:00-21:40,106.662433,4
① 双预报不可知（光伏+负载都用前一日实际）,2025-08-27,22:00-22:50,95.755903,5
① 双预报不可知（光伏+负载都用前一日实际）,2025-08-27,23:00-0:00+1,130.116033,6
① 双预报不可知（光伏+负载都用前一日实际）,2025-08-28,0:50-1:20,106.372856,3
① 双预报不可知（光伏+负载都用前一日实际）,2025-08-28,1:30-1:50,20.688000,2
① 双预报不可知（光伏+负载都用前一日实际）,2025-08-28,2:00-2:20,116.128217,2
① 双预报不可知（光伏+负载都用前一日实际）,2025-08-28,2:30-4:00,182.537025,9
① 双预报不可知（光伏+负载都用前一日实际）,2025-08-28,4:20-4:40,72.991361,2
① 双预报不可知（光伏+负载都用前一日实际）,2025-08-28,5:40-6:30,222.644831,5
① 双预报不可知（光伏+负载都用前一日实际）,2025-08-28,6:50-7:00,7.493342,1
① 双预报不可知（光伏+负载都用前一日实际）,2025-08-28,7:40-8:00,347.590328,2
① 双预报不可知（光伏+负载都用前一日实际）,2025-08-28,9:00-13:50,4372.104161,29
① 双预报不可知（光伏+负载都用前一日实际）,2025-08-28,14:50-15:10,79.156764,2
① 双预报不可知（光伏+负载都用前一日实际）,2025-08-28,17:00-17:40,344.007011,4
① 双预报不可知（光伏+负载都用前一日实际）,2025-08-28,18:10-19:00,113.181786,5
① 双预报不可知（光伏+负载都用前一日实际）,2025-08-28,19:40-20:10,113.854358,3
① 双预报不可知（光伏+负载都用前一日实际）,2025-08-28,20:30-20:50,9.764006,2
① 双预报不可知（光伏+负载都用前一日实际）,2025-08-28,21:00-21:50,211.100669,5
① 双预报不可知（光伏+负载都用前一日实际）,2025-08-28,22:00-22:20,49.863044,2
① 双预报不可知（光伏+负载都用前一日实际）,2025-08-28,22:50-23:10,103.954964,2
① 双预报不可知（光伏+负载都用前一日实际）,2025-08-28,23:20-23:40,18.217117,2
① 双预报不可知（光伏+负载都用前一日实际）,2025-08-30,0:00-2:50,549.374369,17
① 双预报不可知（光伏+负载都用前一日实际）,2025-08-30,3:50-4:40,62.785064,5
① 双预报不可知（光伏+负载都用前一日实际）,2025-08-30,5:10-5:40,105.644742,3
① 双预报不可知（光伏+负载都用前一日实际）,2025-08-30,13:50-14:10,81.352917,2
① 双预报不可知（光伏+负载都用前一日实际）,2025-08-30,14:30-14:50,332.120044,2
① 双预报不可知（光伏+负载都用前一日实际）,2025-08-30,15:10-15:30,58.111800,2
① 双预报不可知（光伏+负载都用前一日实际）,2025-08-30,16:00-16:40,154.835200,4
① 双预报不可知（光伏+负载都用前一日实际）,2025-08-30,17:10-18:30,171.779208,8
① 双预报不可知（光伏+负载都用前一日实际）,2025-08-30,18:50-19:50,171.362869,6
① 双预报不可知（光伏+负载都用前一日实际）,2025-08-30,20:30-20:50,15.503456,2
① 双预报不可知（光伏+负载都用前一日实际）,2025-08-30,21:00-21:50,181.304436,5
① 双预报不可知（光伏+负载都用前一日实际）,2025-08-30,22:20-22:50,47.381108,3
① 双预报不可知（光伏+负载都用前一日实际）,2025-08-30,23:10-0:00+1,341.013189,5
① 双预报不可知（光伏+负载都用前一日实际）,2025-08-31,0:00-9:10,11507.127125,55
① 双预报不可知（光伏+负载都用前一日实际）,2025-08-31,9:40-10:10,1942.157806,3
① 双预报不可知（光伏+负载都用前一日实际）,2025-08-31,10:20-10:40,1140.598962,2
① 双预报不可知（光伏+负载都用前一日实际）,2025-08-31,10:50-11:00,602.880417,1
① 双预报不可知（光伏+负载都用前一日实际）,2025-08-31,11:10-11:20,546.741367,1
① 双预报不可知（光伏+负载都用前一日实际）,2025-08-31,11:30-11:50,954.683733,2
① 双预报不可知（光伏+负载都用前一日实际）,2025-08-31,12:00-12:10,479.464767,1
① 双预报不可知（光伏+负载都用前一日实际）,2025-08-31,12:20-12:30,425.662300,1
① 双预报不可知（光伏+负载都用前一日实际）,2025-08-31,12:40-13:00,1110.274617,2
① 双预报不可知（光伏+负载都用前一日实际）,2025-08-31,13:10-13:30,949.323156,2
① 双预报不可知（光伏+负载都用前一日实际）,2025-08-31,13:40-13:50,305.277111,1
① 双预报不可知（光伏+负载都用前一日实际）,2025-08-31,14:00-14:10,450.175031,1
① 双预报不可知（光伏+负载都用前一日实际）,2025-08-31,14:20-23:50,16631.909081,57
① 双预报不可知（光伏+负载都用前一日实际）,2025-09-01,5:50-6:00,99.483853,1
① 双预报不可知（光伏+负载都用前一日实际）,2025-09-01,7:50-8:00,110.839842,1
① 双预报不可知（光伏+负载都用前一日实际）,2025-09-01,9:50-10:30,285.494347,4
① 双预报不可知（光伏+负载都用前一日实际）,2025-09-01,11:10-11:50,229.388867,4
① 双预报不可知（光伏+负载都用前一日实际）,2025-09-02,0:00-0:20,105.033372,2
① 双预报不可知（光伏+负载都用前一日实际）,2025-09-02,0:30-0:50,16.366672,2
① 双预报不可知（光伏+负载都用前一日实际）,2025-09-02,1:20-1:50,66.268633,3
① 双预报不可知（光伏+负载都用前一日实际）,2025-09-02,2:40-3:00,13.955456,2
① 双预报不可知（光伏+负载都用前一日实际）,2025-09-02,3:50-4:00,1.502397,1
① 双预报不可知（光伏+负载都用前一日实际）,2025-09-02,4:20-5:00,98.385100,4
① 双预报不可知（光伏+负载都用前一日实际）,2025-09-02,5:40-6:10,285.392408,3
① 双预报不可知（光伏+负载都用前一日实际）,2025-09-02,6:20-9:50,1864.541547,21
① 双预报不可知（光伏+负载都用前一日实际）,2025-09-02,13:30-16:00,861.884375,15
① 双预报不可知（光伏+负载都用前一日实际）,2025-09-02,17:00-17:40,304.212150,4
① 双预报不可知（光伏+负载都用前一日实际）,2025-09-02,18:00-18:20,29.810656,2
① 双预报不可知（光伏+负载都用前一日实际）,2025-09-02,18:30-19:20,156.728483,5
① 双预报不可知（光伏+负载都用前一日实际）,2025-09-02,19:30-20:10,73.666986,4
① 双预报不可知（光伏+负载都用前一日实际）,2025-09-02,20:30-20:50,37.773589,2
① 双预报不可知（光伏+负载都用前一日实际）,2025-09-02,21:00-21:20,61.676106,2
① 双预报不可知（光伏+负载都用前一日实际）,2025-09-02,21:30-21:40,29.566936,1
① 双预报不可知（光伏+负载都用前一日实际）,2025-09-02,22:10-22:50,63.568133,4
① 双预报不可知（光伏+负载都用前一日实际）,2025-09-02,23:30-23:50,25.138389,2
① 双预报不可知（光伏+负载都用前一日实际）,2025-09-03,0:00-0:30,112.840233,3
① 双预报不可知（光伏+负载都用前一日实际）,2025-09-03,1:00-1:20,21.349861,2
① 双预报不可知（光伏+负载都用前一日实际）,2025-09-03,2:00-3:20,151.624494,8
① 双预报不可知（光伏+负载都用前一日实际）,2025-09-03,3:50-4:00,30.474656,1
① 双预报不可知（光伏+负载都用前一日实际）,2025-09-03,4:50-5:00,24.783750,1
① 双预报不可知（光伏+负载都用前一日实际）,2025-09-03,5:40-6:10,187.652550,3
① 双预报不可知（光伏+负载都用前一日实际）,2025-09-03,7:50-8:00,111.049497,1
① 双预报不可知（光伏+负载都用前一日实际）,2025-09-03,10:40-11:40,728.885106,6
① 双预报不可知（光伏+负载都用前一日实际）,2025-09-03,12:20-13:50,805.530303,9
① 双预报不可知（光伏+负载都用前一日实际）,2025-09-03,14:20-17:40,2163.188461,20
① 双预报不可知（光伏+负载都用前一日实际）,2025-09-03,18:00-18:20,42.388767,2
① 双预报不可知（光伏+负载都用前一日实际）,2025-09-03,18:40-19:00,81.195050,2
① 双预报不可知（光伏+负载都用前一日实际）,2025-09-03,20:00-20:10,28.009078,1
① 双预报不可知（光伏+负载都用前一日实际）,2025-09-03,20:30-21:50,443.472308,8
① 双预报不可知（光伏+负载都用前一日实际）,2025-09-03,22:00-22:20,24.215200,2
① 双预报不可知（光伏+负载都用前一日实际）,2025-09-03,22:40-23:30,159.693975,5
① 双预报不可知（光伏+负载都用前一日实际）,2025-09-04,1:20-1:30,7.076344,1
① 双预报不可知（光伏+负载都用前一日实际）,2025-09-04,1:40-2:00,7.464589,2
① 双预报不可知（光伏+负载都用前一日实际）,2025-09-04,2:20-3:10,52.319206,5
① 双预报不可知（光伏+负载都用前一日实际）,2025-09-04,4:00-4:30,26.085250,3
① 双预报不可知（光伏+负载都用前一日实际）,2025-09-04,4:50-5:00,9.423283,1
① 双预报不可知（光伏+负载都用前一日实际）,2025-09-04,5:40-7:00,438.123956,8
① 双预报不可知（光伏+负载都用前一日实际）,2025-09-04,7:40-9:00,963.729172,8
① 双预报不可知（光伏+负载都用前一日实际）,2025-09-04,11:30-11:50,41.827917,2
① 双预报不可知（光伏+负载都用前一日实际）,2025-09-04,12:00-12:30,233.964267,3
① 双预报不可知（光伏+负载都用前一日实际）,2025-09-04,12:50-13:10,58.183511,2
① 双预报不可知（光伏+负载都用前一日实际）,2025-09-04,13:50-14:10,63.491542,2
① 双预报不可知（光伏+负载都用前一日实际）,2025-09-04,15:10-15:30,24.843039,2
① 双预报不可知（光伏+负载都用前一日实际）,2025-09-04,15:50-16:20,139.285975,3
① 双预报不可知（光伏+负载都用前一日实际）,2025-09-04,16:30-17:40,431.367006,7
① 双预报不可知（光伏+负载都用前一日实际）,2025-09-04,18:10-18:20,5.001072,1
① 双预报不可知（光伏+负载都用前一日实际）,2025-09-04,19:00-19:10,1.863611,1
① 双预报不可知（光伏+负载都用前一日实际）,2025-09-04,19:30-20:20,218.936939,5
① 双预报不可知（光伏+负载都用前一日实际）,2025-09-04,20:30-20:50,31.796289,2
① 双预报不可知（光伏+负载都用前一日实际）,2025-09-04,21:00-21:10,11.871753,1
① 双预报不可知（光伏+负载都用前一日实际）,2025-09-04,21:30-21:40,25.965119,1
① 双预报不可知（光伏+负载都用前一日实际）,2025-09-04,22:10-22:20,19.142339,1
① 双预报不可知（光伏+负载都用前一日实际）,2025-09-04,22:50-23:40,151.482633,5
① 双预报不可知（光伏+负载都用前一日实际）,2025-09-06,0:20-0:30,3.081042,1
① 双预报不可知（光伏+负载都用前一日实际）,2025-09-06,0:40-1:10,44.098083,3
① 双预报不可知（光伏+负载都用前一日实际）,2025-09-06,1:20-1:40,33.534217,2
① 双预报不可知（光伏+负载都用前一日实际）,2025-09-06,2:20-2:40,51.649528,2
① 双预报不可知（光伏+负载都用前一日实际）,2025-09-06,2:50-3:10,7.887256,2
① 双预报不可知（光伏+负载都用前一日实际）,2025-09-06,3:30-4:00,63.329083,3
① 双预报不可知（光伏+负载都用前一日实际）,2025-09-06,4:20-4:30,0.693844,1
① 双预报不可知（光伏+负载都用前一日实际）,2025-09-06,4:50-6:00,198.439444,7
① 双预报不可知（光伏+负载都用前一日实际）,2025-09-06,6:40-7:40,321.686156,6
① 双预报不可知（光伏+负载都用前一日实际）,2025-09-06,7:50-8:20,290.304772,3
① 双预报不可知（光伏+负载都用前一日实际）,2025-09-06,8:30-8:40,34.807739,1
① 双预报不可知（光伏+负载都用前一日实际）,2025-09-06,8:50-9:00,303.598306,1
① 双预报不可知（光伏+负载都用前一日实际）,2025-09-06,9:20-9:30,278.701817,1
① 双预报不可知（光伏+负载都用前一日实际）,2025-09-06,10:10-10:30,89.643350,2
① 双预报不可知（光伏+负载都用前一日实际）,2025-09-06,15:20-15:30,2.681656,1
① 双预报不可知（光伏+负载都用前一日实际）,2025-09-06,15:40-15:50,7.591822,1
① 双预报不可知（光伏+负载都用前一日实际）,2025-09-06,16:20-16:30,26.474817,1
① 双预报不可知（光伏+负载都用前一日实际）,2025-09-06,17:00-18:30,341.178700,9
① 双预报不可知（光伏+负载都用前一日实际）,2025-09-06,18:40-19:00,13.023506,2
① 双预报不可知（光伏+负载都用前一日实际）,2025-09-06,19:30-20:00,41.823600,3
① 双预报不可知（光伏+负载都用前一日实际）,2025-09-06,21:00-21:40,163.630983,4
① 双预报不可知（光伏+负载都用前一日实际）,2025-09-06,23:00-23:10,10.552092,1
① 双预报不可知（光伏+负载都用前一日实际）,2025-09-06,23:40-0:00+1,187.148600,2
① 双预报不可知（光伏+负载都用前一日实际）,2025-09-07,0:00-9:10,12248.039725,55
① 双预报不可知（光伏+负载都用前一日实际）,2025-09-07,10:00-10:20,949.168850,2
① 双预报不可知（光伏+负载都用前一日实际）,2025-09-07,11:00-11:10,475.078861,1
① 双预报不可知（光伏+负载都用前一日实际）,2025-09-07,11:20-11:30,445.379583,1
① 双预报不可知（光伏+负载都用前一日实际）,2025-09-07,11:40-12:00,546.322972,2
① 双预报不可知（光伏+负载都用前一日实际）,2025-09-07,12:10-12:20,419.446767,1
① 双预报不可知（光伏+负载都用前一日实际）,2025-09-07,12:30-12:40,529.212317,1
① 双预报不可知（光伏+负载都用前一日实际）,2025-09-07,12:50-13:20,1808.778717,3
① 双预报不可知（光伏+负载都用前一日实际）,2025-09-07,13:40-14:00,1014.467317,2
① 双预报不可知（光伏+负载都用前一日实际）,2025-09-07,14:10-0:00+1,18076.552239,59
① 双预报不可知（光伏+负载都用前一日实际）,2025-09-08,0:00-0:10,8.538233,1
① 双预报不可知（光伏+负载都用前一日实际）,2025-09-08,0:50-1:20,50.946678,3
① 双预报不可知（光伏+负载都用前一日实际）,2025-09-08,2:10-2:40,30.264650,3
① 双预报不可知（光伏+负载都用前一日实际）,2025-09-08,3:00-3:50,55.040619,5
① 双预报不可知（光伏+负载都用前一日实际）,2025-09-08,4:20-5:00,107.942956,4
① 双预报不可知（光伏+负载都用前一日实际）,2025-09-08,5:40-6:20,240.340744,4
① 双预报不可知（光伏+负载都用前一日实际）,2025-09-08,7:40-8:00,180.003106,2
① 双预报不可知（光伏+负载都用前一日实际）,2025-09-08,9:00-11:20,1060.641033,14
① 双预报不可知（光伏+负载都用前一日实际）,2025-09-08,11:40-12:20,94.678194,4
① 双预报不可知（光伏+负载都用前一日实际）,2025-09-08,13:20-17:50,3973.435722,27
① 双预报不可知（光伏+负载都用前一日实际）,2025-09-08,18:10-19:10,73.768808,6
① 双预报不可知（光伏+负载都用前一日实际）,2025-09-08,20:10-20:30,9.946400,2
① 双预报不可知（光伏+负载都用前一日实际）,2025-09-08,20:50-21:50,287.634847,6
① 双预报不可知（光伏+负载都用前一日实际）,2025-09-08,22:00-22:20,105.535156,2
① 双预报不可知（光伏+负载都用前一日实际）,2025-09-08,22:40-23:10,90.415081,3
① 双预报不可知（光伏+负载都用前一日实际）,2025-09-08,23:40-0:00+1,75.266650,2
① 双预报不可知（光伏+负载都用前一日实际）,2025-09-09,0:00-0:40,47.931989,4
① 双预报不可知（光伏+负载都用前一日实际）,2025-09-09,0:50-1:00,6.549239,1
① 双预报不可知（光伏+负载都用前一日实际）,2025-09-09,1:50-3:10,170.917325,8
① 双预报不可知（光伏+负载都用前一日实际）,2025-09-09,4:00-4:20,15.556922,2
① 双预报不可知（光伏+负载都用前一日实际）,2025-09-09,4:40-4:50,1.777978,1
① 双预报不可知（光伏+负载都用前一日实际）,2025-09-09,5:50-6:10,134.430617,2
① 双预报不可知（光伏+负载都用前一日实际）,2025-09-09,6:30-6:50,63.304228,2
① 双预报不可知（光伏+负载都用前一日实际）,2025-09-09,7:10-7:30,35.686556,2
① 双预报不可知（光伏+负载都用前一日实际）,2025-09-09,7:40-8:00,251.180906,2
① 双预报不可知（光伏+负载都用前一日实际）,2025-09-09,11:30-11:40,23.608456,1
① 双预报不可知（光伏+负载都用前一日实际）,2025-09-09,16:10-16:40,20.167975,3
① 双预报不可知（光伏+负载都用前一日实际）,2025-09-09,17:00-17:40,155.452500,4
① 双预报不可知（光伏+负载都用前一日实际）,2025-09-09,18:00-18:40,108.877850,4
① 双预报不可知（光伏+负载都用前一日实际）,2025-09-09,18:50-19:50,151.470958,6
① 双预报不可知（光伏+负载都用前一日实际）,2025-09-09,20:00-20:30,76.526392,3
① 双预报不可知（光伏+负载都用前一日实际）,2025-09-09,20:50-21:40,98.268692,5
① 双预报不可知（光伏+负载都用前一日实际）,2025-09-09,22:30-23:10,51.796739,4
① 双预报不可知（光伏+负载都用前一日实际）,2025-09-09,23:40-0:00+1,13.451761,2
① 双预报不可知（光伏+负载都用前一日实际）,2025-09-10,0:20-1:50,341.565989,9
① 双预报不可知（光伏+负载都用前一日实际）,2025-09-10,2:10-2:30,6.822861,2
① 双预报不可知（光伏+负载都用前一日实际）,2025-09-10,3:00-3:50,90.556419,5
① 双预报不可知（光伏+负载都用前一日实际）,2025-09-10,5:40-7:30,569.266250,11
① 双预报不可知（光伏+负载都用前一日实际）,2025-09-10,7:40-9:40,2426.051272,12
① 双预报不可知（光伏+负载都用前一日实际）,2025-09-10,9:50-10:00,213.435286,1
① 双预报不可知（光伏+负载都用前一日实际）,2025-09-10,10:10-10:30,507.990217,2
① 双预报不可知（光伏+负载都用前一日实际）,2025-09-10,10:40-15:00,4241.675022,26
① 双预报不可知（光伏+负载都用前一日实际）,2025-09-10,15:50-16:00,28.974333,1
① 双预报不可知（光伏+负载都用前一日实际）,2025-09-10,17:00-17:40,318.029917,4
① 双预报不可知（光伏+负载都用前一日实际）,2025-09-10,18:40-19:00,39.347161,2
① 双预报不可知（光伏+负载都用前一日实际）,2025-09-10,19:20-19:40,21.896956,2
① 双预报不可知（光伏+负载都用前一日实际）,2025-09-10,20:10-20:30,58.950544,2
① 双预报不可知（光伏+负载都用前一日实际）,2025-09-10,20:50-21:50,326.338783,6
① 双预报不可知（光伏+负载都用前一日实际）,2025-09-10,22:10-22:20,12.680264,1
① 双预报不可知（光伏+负载都用前一日实际）,2025-09-10,22:40-23:10,88.056361,3
① 双预报不可知（光伏+负载都用前一日实际）,2025-09-10,23:50-0:00+1,13.376533,1
① 双预报不可知（光伏+负载都用前一日实际）,2025-09-11,0:00-0:10,8.949753,1
① 双预报不可知（光伏+负载都用前一日实际）,2025-09-11,1:50-2:00,9.688022,1
① 双预报不可知（光伏+负载都用前一日实际）,2025-09-11,2:20-2:50,62.552825,3
① 双预报不可知（光伏+负载都用前一日实际）,2025-09-11,3:20-3:30,9.543583,1
① 双预报不可知（光伏+负载都用前一日实际）,2025-09-11,4:00-4:40,79.797722,4
① 双预报不可知（光伏+负载都用前一日实际）,2025-09-11,4:50-5:00,16.080464,1
① 双预报不可知（光伏+负载都用前一日实际）,2025-09-11,5:40-6:00,164.521006,2
① 双预报不可知（光伏+负载都用前一日实际）,2025-09-11,7:50-8:30,187.497606,4
① 双预报不可知（光伏+负载都用前一日实际）,2025-09-11,15:40-16:00,7.695539,2
① 双预报不可知（光伏+负载都用前一日实际）,2025-09-11,16:10-17:40,494.716172,9
① 双预报不可知（光伏+负载都用前一日实际）,2025-09-11,18:00-18:40,147.323522,4
① 双预报不可知（光伏+负载都用前一日实际）,2025-09-11,19:10-19:20,9.277658,1
① 双预报不可知（光伏+负载都用前一日实际）,2025-09-11,19:40-20:00,65.910650,2
① 双预报不可知（光伏+负载都用前一日实际）,2025-09-11,20:20-20:50,39.035908,3
① 双预报不可知（光伏+负载都用前一日实际）,2025-09-11,21:00-21:40,159.139428,4
① 双预报不可知（光伏+负载都用前一日实际）,2025-09-11,22:00-22:20,31.892172,2
① 双预报不可知（光伏+负载都用前一日实际）,2025-09-11,22:30-22:40,4.245228,1
① 双预报不可知（光伏+负载都用前一日实际）,2025-09-11,23:00-23:40,37.087161,4
① 双预报不可知（光伏+负载都用前一日实际）,2025-09-13,0:00-0:20,32.590144,2
① 双预报不可知（光伏+负载都用前一日实际）,2025-09-13,1:20-2:00,45.377194,4
① 双预报不可知（光伏+负载都用前一日实际）,2025-09-13,4:10-4:30,23.772589,2
① 双预报不可知（光伏+负载都用前一日实际）,2025-09-13,4:50-5:50,108.145392,6
① 双预报不可知（光伏+负载都用前一日实际）,2025-09-13,6:40-7:00,68.413122,2
① 双预报不可知（光伏+负载都用前一日实际）,2025-09-13,8:00-8:20,65.097144,2
① 双预报不可知（光伏+负载都用前一日实际）,2025-09-13,13:00-13:10,8.305897,1
① 双预报不可知（光伏+负载都用前一日实际）,2025-09-13,14:00-14:30,203.335183,3
① 双预报不可知（光伏+负载都用前一日实际）,2025-09-13,14:40-14:50,33.807617,1
① 双预报不可知（光伏+负载都用前一日实际）,2025-09-13,15:50-16:50,347.049786,6
① 双预报不可知（光伏+负载都用前一日实际）,2025-09-13,17:00-17:20,142.862433,2
① 双预报不可知（光伏+负载都用前一日实际）,2025-09-13,17:40-18:00,46.742617,2
① 双预报不可知（光伏+负载都用前一日实际）,2025-09-13,18:30-18:40,9.764008,1
① 双预报不可知（光伏+负载都用前一日实际）,2025-09-13,19:30-19:40,9.974683,1
① 双预报不可知（光伏+负载都用前一日实际）,2025-09-13,20:00-20:20,40.903922,2
① 双预报不可知（光伏+负载都用前一日实际）,2025-09-13,20:40-21:10,50.949869,3
① 双预报不可知（光伏+负载都用前一日实际）,2025-09-13,21:30-21:40,13.640764,1
① 双预报不可知（光伏+负载都用前一日实际）,2025-09-13,22:00-22:10,6.008811,1
① 双预报不可知（光伏+负载都用前一日实际）,2025-09-13,22:40-22:50,20.256644,1
① 双预报不可知（光伏+负载都用前一日实际）,2025-09-13,23:40-0:00+1,138.937306,2
① 双预报不可知（光伏+负载都用前一日实际）,2025-09-14,0:00-9:30,13528.816650,57
① 双预报不可知（光伏+负载都用前一日实际）,2025-09-14,9:50-10:00,688.641889,1
① 双预报不可知（光伏+负载都用前一日实际）,2025-09-14,10:30-10:40,565.472317,1
① 双预报不可知（光伏+负载都用前一日实际）,2025-09-14,11:00-11:10,502.658017,1
① 双预报不可知（光伏+负载都用前一日实际）,2025-09-14,11:30-12:50,4040.706783,8
① 双预报不可知（光伏+负载都用前一日实际）,2025-09-14,13:10-13:20,537.735917,1
① 双预报不可知（光伏+负载都用前一日实际）,2025-09-14,13:30-14:00,1649.961167,3
① 双预报不可知（光伏+负载都用前一日实际）,2025-09-14,14:10-14:20,525.155122,1
① 双预报不可知（光伏+负载都用前一日实际）,2025-09-14,14:40-0:00+1,16521.989447,56
① 双预报不可知（光伏+负载都用前一日实际）,2025-09-15,0:00-0:20,49.678139,2
① 双预报不可知（光伏+负载都用前一日实际）,2025-09-15,0:30-1:00,66.061817,3
① 双预报不可知（光伏+负载都用前一日实际）,2025-09-15,1:30-2:20,152.487553,5
① 双预报不可知（光伏+负载都用前一日实际）,2025-09-15,3:20-3:40,24.431817,2
① 双预报不可知（光伏+负载都用前一日实际）,2025-09-15,5:40-7:00,453.084178,8
① 双预报不可知（光伏+负载都用前一日实际）,2025-09-15,7:10-7:30,63.313572,2
① 双预报不可知（光伏+负载都用前一日实际）,2025-09-15,7:40-8:10,398.222997,3
① 双预报不可知（光伏+负载都用前一日实际）,2025-09-15,14:30-15:30,430.535817,6
① 双预报不可知（光伏+负载都用前一日实际）,2025-09-15,15:40-16:10,90.640872,3
① 双预报不可知（光伏+负载都用前一日实际）,2025-09-15,17:10-17:40,153.336575,3
① 双预报不可知（光伏+负载都用前一日实际）,2025-09-15,18:40-19:10,43.387256,3
① 双预报不可知（光伏+负载都用前一日实际）,2025-09-15,19:30-19:50,43.954972,2
① 双预报不可知（光伏+负载都用前一日实际）,2025-09-15,20:50-21:40,155.082603,5
① 双预报不可知（光伏+负载都用前一日实际）,2025-09-15,22:10-22:20,0.774900,1
① 双预报不可知（光伏+负载都用前一日实际）,2025-09-15,22:30-22:50,24.274500,2
① 双预报不可知（光伏+负载都用前一日实际）,2025-09-15,23:20-23:30,0.313033,1
① 双预报不可知（光伏+负载都用前一日实际）,2025-09-16,0:00-0:30,154.662258,3
① 双预报不可知（光伏+负载都用前一日实际）,2025-09-16,1:40-2:10,50.045844,3
① 双预报不可知（光伏+负载都用前一日实际）,2025-09-16,2:20-3:20,189.155900,6
① 双预报不可知（光伏+负载都用前一日实际）,2025-09-16,3:40-4:50,192.512464,7
① 双预报不可知（光伏+负载都用前一日实际）,2025-09-16,5:40-6:00,142.710811,2
① 双预报不可知（光伏+负载都用前一日实际）,2025-09-16,7:50-8:00,183.439219,1
① 双预报不可知（光伏+负载都用前一日实际）,2025-09-16,8:20-8:30,6.298336,1
① 双预报不可知（光伏+负载都用前一日实际）,2025-09-16,9:10-9:30,46.456372,2
① 双预报不可知（光伏+负载都用前一日实际）,2025-09-16,9:40-12:00,2859.039108,14
① 双预报不可知（光伏+负载都用前一日实际）,2025-09-16,12:10-14:00,979.860531,11
① 双预报不可知（光伏+负载都用前一日实际）,2025-09-16,14:20-15:00,50.569272,4
① 双预报不可知（光伏+负载都用前一日实际）,2025-09-16,15:10-15:40,118.506983,3
① 双预报不可知（光伏+负载都用前一日实际）,2025-09-16,16:10-17:40,386.535208,9
① 双预报不可知（光伏+负载都用前一日实际）,2025-09-16,18:20-18:50,93.383800,3
① 双预报不可知（光伏+负载都用前一日实际）,2025-09-16,19:00-20:00,90.913533,6
① 双预报不可知（光伏+负载都用前一日实际）,2025-09-16,20:20-20:50,52.889492,3
① 双预报不可知（光伏+负载都用前一日实际）,2025-09-16,21:00-21:50,261.925058,5
① 双预报不可知（光伏+负载都用前一日实际）,2025-09-16,22:20-0:00+1,165.184956,10
① 双预报不可知（光伏+负载都用前一日实际）,2025-09-17,0:00-0:10,3.772186,1
① 双预报不可知（光伏+负载都用前一日实际）,2025-09-17,0:50-1:20,37.668436,3
① 双预报不可知（光伏+负载都用前一日实际）,2025-09-17,2:40-2:50,1.802917,1
① 双预报不可知（光伏+负载都用前一日实际）,2025-09-17,3:20-3:30,12.073750,1
① 双预报不可知（光伏+负载都用前一日实际）,2025-09-17,5:20-5:30,0.741875,1
① 双预报不可知（光伏+负载都用前一日实际）,2025-09-17,5:40-6:10,284.953653,3
① 双预报不可知（光伏+负载都用前一日实际）,2025-09-17,6:30-7:00,15.776425,3
① 双预报不可知（光伏+负载都用前一日实际）,2025-09-17,7:40-10:40,2448.306833,18
① 双预报不可知（光伏+负载都用前一日实际）,2025-09-17,10:50-11:10,34.608283,2
① 双预报不可知（光伏+负载都用前一日实际）,2025-09-17,11:20-11:30,25.146344,1
① 双预报不可知（光伏+负载都用前一日实际）,2025-09-17,13:20-14:20,363.326606,6
① 双预报不可知（光伏+负载都用前一日实际）,2025-09-17,15:50-16:50,255.490856,6
① 双预报不可知（光伏+负载都用前一日实际）,2025-09-17,17:00-17:40,289.659567,4
① 双预报不可知（光伏+负载都用前一日实际）,2025-09-17,18:40-19:00,23.949594,2
① 双预报不可知（光伏+负载都用前一日实际）,2025-09-17,20:00-20:20,43.269744,2
① 双预报不可知（光伏+负载都用前一日实际）,2025-09-17,21:00-21:40,249.376594,4
① 双预报不可知（光伏+负载都用前一日实际）,2025-09-17,22:30-23:00,143.063892,3
① 双预报不可知（光伏+负载都用前一日实际）,2025-09-17,23:20-23:30,1.841208,1
① 双预报不可知（光伏+负载都用前一日实际）,2025-09-17,23:50-0:00+1,7.162875,1
① 双预报不可知（光伏+负载都用前一日实际）,2025-09-18,0:00-0:10,14.065039,1
① 双预报不可知（光伏+负载都用前一日实际）,2025-09-18,0:40-0:50,7.132472,1
① 双预报不可知（光伏+负载都用前一日实际）,2025-09-18,1:30-1:40,1.694731,1
① 双预报不可知（光伏+负载都用前一日实际）,2025-09-18,2:30-3:00,26.422858,3
① 双预报不可知（光伏+负载都用前一日实际）,2025-09-18,3:20-4:30,68.029817,7
① 双预报不可知（光伏+负载都用前一日实际）,2025-09-18,4:50-5:00,27.331578,1
① 双预报不可知（光伏+负载都用前一日实际）,2025-09-18,5:20-5:30,1.097764,1
① 双预报不可知（光伏+负载都用前一日实际）,2025-09-18,5:50-6:50,246.243778,6
① 双预报不可知（光伏+负载都用前一日实际）,2025-09-18,7:40-8:10,258.368217,3
① 双预报不可知（光伏+负载都用前一日实际）,2025-09-18,9:10-9:30,44.057239,2
① 双预报不可知（光伏+负载都用前一日实际）,2025-09-18,12:00-13:20,639.160333,8
① 双预报不可知（光伏+负载都用前一日实际）,2025-09-18,14:30-15:20,179.989864,5
① 双预报不可知（光伏+负载都用前一日实际）,2025-09-18,16:00-16:10,1.548175,1
① 双预报不可知（光伏+负载都用前一日实际）,2025-09-18,16:40-17:40,261.528217,6
① 双预报不可知（光伏+负载都用前一日实际）,2025-09-18,18:00-18:30,112.444275,3
① 双预报不可知（光伏+负载都用前一日实际）,2025-09-18,18:50-19:50,166.910092,6
① 双预报不可知（光伏+负载都用前一日实际）,2025-09-18,20:00-21:40,343.871094,10
① 双预报不可知（光伏+负载都用前一日实际）,2025-09-18,22:10-22:20,41.784375,1
① 双预报不可知（光伏+负载都用前一日实际）,2025-09-18,23:00-23:10,7.814031,1
① 双预报不可知（光伏+负载都用前一日实际）,2025-09-18,23:30-23:40,34.586047,1
① 双预报不可知（光伏+负载都用前一日实际）,2025-09-20,0:00-0:20,85.240583,2
① 双预报不可知（光伏+负载都用前一日实际）,2025-09-20,0:40-1:00,60.264983,2
① 双预报不可知（光伏+负载都用前一日实际）,2025-09-20,2:20-2:40,18.968006,2
① 双预报不可知（光伏+负载都用前一日实际）,2025-09-20,3:00-4:00,109.681900,6
① 双预报不可知（光伏+负载都用前一日实际）,2025-09-20,4:50-5:10,24.737892,2
① 双预报不可知（光伏+负载都用前一日实际）,2025-09-20,6:40-7:50,407.869722,7
① 双预报不可知（光伏+负载都用前一日实际）,2025-09-20,8:00-8:20,74.241722,2
① 双预报不可知（光伏+负载都用前一日实际）,2025-09-20,8:40-9:30,629.835556,5
① 双预报不可知（光伏+负载都用前一日实际）,2025-09-20,13:50-14:10,107.862564,2
① 双预报不可知（光伏+负载都用前一日实际）,2025-09-20,14:30-14:50,29.683194,2
① 双预报不可知（光伏+负载都用前一日实际）,2025-09-20,15:20-16:00,205.458294,4
① 双预报不可知（光伏+负载都用前一日实际）,2025-09-20,16:20-16:40,55.856700,2
① 双预报不可知（光伏+负载都用前一日实际）,2025-09-20,17:00-17:30,54.797592,3
① 双预报不可知（光伏+负载都用前一日实际）,2025-09-20,17:40-18:10,97.415619,3
① 双预报不可知（光伏+负载都用前一日实际）,2025-09-20,18:50-19:10,51.002761,2
① 双预报不可知（光伏+负载都用前一日实际）,2025-09-20,19:40-21:00,305.524850,8
① 双预报不可知（光伏+负载都用前一日实际）,2025-09-20,23:00-23:10,3.078128,1
① 双预报不可知（光伏+负载都用前一日实际）,2025-09-20,23:40-0:00+1,256.219772,2
① 双预报不可知（光伏+负载都用前一日实际）,2025-09-21,0:00-8:50,10507.379589,53
① 双预报不可知（光伏+负载都用前一日实际）,2025-09-21,10:00-10:10,445.266856,1
① 双预报不可知（光伏+负载都用前一日实际）,2025-09-21,10:20-10:30,400.118822,1
① 双预报不可知（光伏+负载都用前一日实际）,2025-09-21,10:40-11:20,2241.396211,4
① 双预报不可知（光伏+负载都用前一日实际）,2025-09-21,11:40-12:00,1016.314250,2
① 双预报不可知（光伏+负载都用前一日实际）,2025-09-21,12:20-12:40,923.182617,2
① 双预报不可知（光伏+负载都用前一日实际）,2025-09-21,12:50-13:20,1548.224114,3
① 双预报不可知（光伏+负载都用前一日实际）,2025-09-21,14:00-14:30,1220.074967,3
① 双预报不可知（光伏+负载都用前一日实际）,2025-09-21,14:40-0:00+1,15658.856617,56
① 双预报不可知（光伏+负载都用前一日实际）,2025-09-22,0:00-0:20,102.815906,2
① 双预报不可知（光伏+负载都用前一日实际）,2025-09-22,0:30-0:50,105.224489,2
① 双预报不可知（光伏+负载都用前一日实际）,2025-09-22,1:10-2:10,125.586025,6
① 双预报不可知（光伏+负载都用前一日实际）,2025-09-22,2:30-3:00,67.499275,3
① 双预报不可知（光伏+负载都用前一日实际）,2025-09-22,3:20-3:40,26.816794,2
① 双预报不可知（光伏+负载都用前一日实际）,2025-09-22,4:00-4:20,16.942000,2
① 双预报不可知（光伏+负载都用前一日实际）,2025-09-22,5:40-6:20,162.349311,4
① 双预报不可知（光伏+负载都用前一日实际）,2025-09-22,6:50-7:00,7.874233,1
① 双预报不可知（光伏+负载都用前一日实际）,2025-09-22,7:20-7:30,17.660364,1
① 双预报不可知（光伏+负载都用前一日实际）,2025-09-22,7:40-9:40,1188.678594,12
① 双预报不可知（光伏+负载都用前一日实际）,2025-09-22,10:00-10:40,16.910900,4
① 双预报不可知（光伏+负载都用前一日实际）,2025-09-22,12:10-12:30,81.725000,2
① 双预报不可知（光伏+负载都用前一日实际）,2025-09-22,12:50-13:20,55.053753,3
① 双预报不可知（光伏+负载都用前一日实际）,2025-09-22,13:40-14:00,44.319044,2
① 双预报不可知（光伏+负载都用前一日实际）,2025-09-22,14:20-16:40,1198.576378,14
① 双预报不可知（光伏+负载都用前一日实际）,2025-09-22,16:50-17:40,357.672133,5
① 双预报不可知（光伏+负载都用前一日实际）,2025-09-22,19:30-20:20,111.367486,5
① 双预报不可知（光伏+负载都用前一日实际）,2025-09-22,21:00-21:50,286.764417,5
① 双预报不可知（光伏+负载都用前一日实际）,2025-09-22,22:40-23:40,276.897000,6
① 双预报不可知（光伏+负载都用前一日实际）,2025-09-23,1:40-1:50,3.936969,1
① 双预报不可知（光伏+负载都用前一日实际）,2025-09-23,2:00-2:20,19.095694,2
① 双预报不可知（光伏+负载都用前一日实际）,2025-09-23,2:30-2:40,1.878947,1
① 双预报不可知（光伏+负载都用前一日实际）,2025-09-23,3:50-4:00,17.521914,1
① 双预报不可知（光伏+负载都用前一日实际）,2025-09-23,4:20-5:00,51.335017,4
① 双预报不可知（光伏+负载都用前一日实际）,2025-09-23,5:40-7:00,232.863256,8
① 双预报不可知（光伏+负载都用前一日实际）,2025-09-23,7:40-8:10,293.399297,3
① 双预报不可知（光伏+负载都用前一日实际）,2025-09-23,8:20-8:40,82.038661,2
① 双预报不可知（光伏+负载都用前一日实际）,2025-09-23,9:00-11:10,1297.241147,13
① 双预报不可知（光伏+负载都用前一日实际）,2025-09-23,11:30-11:40,3.991381,1
① 双预报不可知（光伏+负载都用前一日实际）,2025-09-23,12:50-13:00,67.392650,1
① 双预报不可知（光伏+负载都用前一日实际）,2025-09-23,13:40-15:30,830.020828,11
① 双预报不可知（光伏+负载都用前一日实际）,2025-09-23,15:50-17:40,395.983994,11
① 双预报不可知（光伏+负载都用前一日实际）,2025-09-23,18:10-19:00,228.985958,5
① 双预报不可知（光伏+负载都用前一日实际）,2025-09-23,19:10-19:30,41.896578,2
① 双预报不可知（光伏+负载都用前一日实际）,2025-09-23,19:50-20:30,131.863122,4
① 双预报不可知（光伏+负载都用前一日实际）,2025-09-23,20:40-21:40,190.794072,6
① 双预报不可知（光伏+负载都用前一日实际）,2025-09-23,22:20-22:40,69.495489,2
① 双预报不可知（光伏+负载都用前一日实际）,2025-09-23,23:20-23:40,15.090139,2
① 双预报不可知（光伏+负载都用前一日实际）,2025-09-24,0:10-0:30,40.326500,2
① 双预报不可知（光伏+负载都用前一日实际）,2025-09-24,0:50-1:00,8.716875,1
① 双预报不可知（光伏+负载都用前一日实际）,2025-09-24,1:10-1:50,62.609917,4
① 双预报不可知（光伏+负载都用前一日实际）,2025-09-24,2:00-2:30,68.858567,3
① 双预报不可知（光伏+负载都用前一日实际）,2025-09-24,2:50-3:50,183.236353,6
① 双预报不可知（光伏+负载都用前一日实际）,2025-09-24,4:10-5:00,71.196753,5
① 双预报不可知（光伏+负载都用前一日实际）,2025-09-24,5:50-7:00,276.704053,7
① 双预报不可知（光伏+负载都用前一日实际）,2025-09-24,7:40-9:30,934.430636,11
① 双预报不可知（光伏+负载都用前一日实际）,2025-09-24,11:20-13:00,899.086183,10
① 双预报不可知（光伏+负载都用前一日实际）,2025-09-24,17:00-17:40,270.441350,4
① 双预报不可知（光伏+负载都用前一日实际）,2025-09-24,18:10-18:30,20.740361,2
① 双预报不可知（光伏+负载都用前一日实际）,2025-09-24,19:00-19:10,15.162283,1
① 双预报不可知（光伏+负载都用前一日实际）,2025-09-24,19:40-20:00,27.594733,2
① 双预报不可知（光伏+负载都用前一日实际）,2025-09-24,21:00-21:40,128.528700,4
① 双预报不可知（光伏+负载都用前一日实际）,2025-09-24,22:00-22:20,4.496806,2
① 双预报不可知（光伏+负载都用前一日实际）,2025-09-24,22:30-23:20,110.601506,5
① 双预报不可知（光伏+负载都用前一日实际）,2025-09-24,23:30-0:00+1,95.940275,3
① 双预报不可知（光伏+负载都用前一日实际）,2025-09-25,0:20-0:50,119.418358,3
① 双预报不可知（光伏+负载都用前一日实际）,2025-09-25,1:00-1:30,35.132042,3
① 双预报不可知（光伏+负载都用前一日实际）,2025-09-25,2:00-2:20,27.940978,2
① 双预报不可知（光伏+负载都用前一日实际）,2025-09-25,2:50-3:20,20.270486,3
① 双预报不可知（光伏+负载都用前一日实际）,2025-09-25,4:40-5:00,6.141172,2
① 双预报不可知（光伏+负载都用前一日实际）,2025-09-25,5:50-6:00,134.827089,1
① 双预报不可知（光伏+负载都用前一日实际）,2025-09-25,6:30-6:40,15.883242,1
① 双预报不可知（光伏+负载都用前一日实际）,2025-09-25,7:40-8:10,234.662861,3
① 双预报不可知（光伏+负载都用前一日实际）,2025-09-25,9:50-10:00,3.421278,1
① 双预报不可知（光伏+负载都用前一日实际）,2025-09-25,10:20-10:40,26.321161,2
① 双预报不可知（光伏+负载都用前一日实际）,2025-09-25,11:10-11:20,6.915683,1
① 双预报不可知（光伏+负载都用前一日实际）,2025-09-25,12:40-13:00,43.522961,2
① 双预报不可知（光伏+负载都用前一日实际）,2025-09-25,13:20-15:10,517.693719,11
① 双预报不可知（光伏+负载都用前一日实际）,2025-09-25,15:30-16:50,445.031867,8
① 双预报不可知（光伏+负载都用前一日实际）,2025-09-25,17:00-17:40,248.854133,4
① 双预报不可知（光伏+负载都用前一日实际）,2025-09-25,18:20-19:10,199.941247,5
① 双预报不可知（光伏+负载都用前一日实际）,2025-09-25,19:50-21:40,445.724136,11
① 双预报不可知（光伏+负载都用前一日实际）,2025-09-25,22:30-23:40,251.296753,7
① 双预报不可知（光伏+负载都用前一日实际）,2025-09-27,0:00-0:10,0.536292,1
① 双预报不可知（光伏+负载都用前一日实际）,2025-09-27,0:20-1:30,230.865300,7
① 双预报不可知（光伏+负载都用前一日实际）,2025-09-27,1:40-2:00,34.581800,2
① 双预报不可知（光伏+负载都用前一日实际）,2025-09-27,2:20-2:30,7.298519,1
① 双预报不可知（光伏+负载都用前一日实际）,2025-09-27,3:00-3:20,104.809750,2
① 双预报不可知（光伏+负载都用前一日实际）,2025-09-27,3:40-4:00,80.765500,2
① 双预报不可知（光伏+负载都用前一日实际）,2025-09-27,4:20-4:40,22.316044,2
① 双预报不可知（光伏+负载都用前一日实际）,2025-09-27,5:00-5:50,89.150253,5
① 双预报不可知（光伏+负载都用前一日实际）,2025-09-27,6:00-6:20,9.044217,2
① 双预报不可知（光伏+负载都用前一日实际）,2025-09-27,6:30-7:10,256.453389,4
① 双预报不可知（光伏+负载都用前一日实际）,2025-09-27,12:20-12:40,95.194172,2
① 双预报不可知（光伏+负载都用前一日实际）,2025-09-27,13:50-14:10,149.643308,2
① 双预报不可知（光伏+负载都用前一日实际）,2025-09-27,14:30-14:50,220.360250,2
① 双预报不可知（光伏+负载都用前一日实际）,2025-09-27,15:10-16:50,839.354992,10
① 双预报不可知（光伏+负载都用前一日实际）,2025-09-27,17:00-19:00,442.121067,12
① 双预报不可知（光伏+负载都用前一日实际）,2025-09-27,19:10-19:50,35.116733,4
① 双预报不可知（光伏+负载都用前一日实际）,2025-09-27,20:00-20:30,95.421617,3
① 双预报不可知（光伏+负载都用前一日实际）,2025-09-27,20:50-21:20,54.369650,3
① 双预报不可知（光伏+负载都用前一日实际）,2025-09-27,21:30-21:40,26.601350,1
① 双预报不可知（光伏+负载都用前一日实际）,2025-09-27,22:30-22:50,28.618828,2
① 双预报不可知（光伏+负载都用前一日实际）,2025-09-27,23:00-0:00+1,349.087433,6
① 双预报不可知（光伏+负载都用前一日实际）,2025-09-28,0:00-9:50,15359.992383,59
① 双预报不可知（光伏+负载都用前一日实际）,2025-09-28,10:00-10:20,785.644433,2
① 双预报不可知（光伏+负载都用前一日实际）,2025-09-28,10:30-10:50,1087.188267,2
① 双预报不可知（光伏+负载都用前一日实际）,2025-09-28,11:10-11:20,476.713686,1
① 双预报不可知（光伏+负载都用前一日实际）,2025-09-28,11:40-11:50,386.260886,1
① 双预报不可知（光伏+负载都用前一日实际）,2025-09-28,12:10-12:40,1002.656308,3
① 双预报不可知（光伏+负载都用前一日实际）,2025-09-28,13:50-0:00+1,16723.065286,61
① 双预报不可知（光伏+负载都用前一日实际）,2025-09-29,0:00-0:50,104.336364,5
① 双预报不可知（光伏+负载都用前一日实际）,2025-09-29,1:10-1:30,5.487606,2
① 双预报不可知（光伏+负载都用前一日实际）,2025-09-29,2:10-2:30,12.184294,2
① 双预报不可知（光伏+负载都用前一日实际）,2025-09-29,2:50-3:20,102.166969,3
① 双预报不可知（光伏+负载都用前一日实际）,2025-09-29,3:50-4:20,48.665183,3
① 双预报不可知（光伏+负载都用前一日实际）,2025-09-29,4:30-4:50,8.413806,2
① 双预报不可知（光伏+负载都用前一日实际）,2025-09-29,5:40-6:20,312.526750,4
① 双预报不可知（光伏+负载都用前一日实际）,2025-09-29,6:50-7:00,8.380733,1
① 双预报不可知（光伏+负载都用前一日实际）,2025-09-29,7:40-8:10,308.424306,3
① 双预报不可知（光伏+负载都用前一日实际）,2025-09-29,8:20-8:30,12.107256,1
① 双预报不可知（光伏+负载都用前一日实际）,2025-09-29,9:30-9:40,38.914153,1
① 双预报不可知（光伏+负载都用前一日实际）,2025-09-29,11:00-11:40,159.130744,4
① 双预报不可知（光伏+负载都用前一日实际）,2025-09-29,15:10-15:30,76.146550,2
① 双预报不可知（光伏+负载都用前一日实际）,2025-09-29,15:40-16:40,215.904144,6
① 双预报不可知（光伏+负载都用前一日实际）,2025-09-29,16:50-17:40,235.695511,5
① 双预报不可知（光伏+负载都用前一日实际）,2025-09-29,18:10-19:00,330.569231,5
① 双预报不可知（光伏+负载都用前一日实际）,2025-09-29,19:20-19:30,5.155281,1
① 双预报不可知（光伏+负载都用前一日实际）,2025-09-29,20:10-20:50,131.780444,4
① 双预报不可知（光伏+负载都用前一日实际）,2025-09-29,21:00-21:50,161.573083,5
① 双预报不可知（光伏+负载都用前一日实际）,2025-09-29,22:10-23:00,113.871097,5
① 双预报不可知（光伏+负载都用前一日实际）,2025-09-29,23:50-0:00+1,40.444661,1
① 双预报不可知（光伏+负载都用前一日实际）,2025-09-30,0:00-0:20,38.828361,2
① 双预报不可知（光伏+负载都用前一日实际）,2025-09-30,0:30-1:20,80.792081,5
① 双预报不可知（光伏+负载都用前一日实际）,2025-09-30,2:20-2:30,12.636561,1
① 双预报不可知（光伏+负载都用前一日实际）,2025-09-30,2:50-3:10,26.842628,2
① 双预报不可知（光伏+负载都用前一日实际）,2025-09-30,3:20-5:00,136.580433,10
① 双预报不可知（光伏+负载都用前一日实际）,2025-09-30,5:50-6:00,121.166875,1
① 双预报不可知（光伏+负载都用前一日实际）,2025-09-30,6:30-7:00,62.116167,3
① 双预报不可知（光伏+负载都用前一日实际）,2025-09-30,7:40-9:30,871.262017,11
① 双预报不可知（光伏+负载都用前一日实际）,2025-09-30,9:50-11:50,803.340553,12
① 双预报不可知（光伏+负载都用前一日实际）,2025-09-30,12:00-12:10,55.967511,1
① 双预报不可知（光伏+负载都用前一日实际）,2025-09-30,12:50-13:00,14.411828,1
① 双预报不可知（光伏+负载都用前一日实际）,2025-09-30,13:20-17:40,1887.173217,26
① 双预报不可知（光伏+负载都用前一日实际）,2025-09-30,18:10-18:30,35.575889,2
① 双预报不可知（光伏+负载都用前一日实际）,2025-09-30,18:50-19:10,12.428308,2
① 双预报不可知（光伏+负载都用前一日实际）,2025-09-30,20:00-20:20,100.086200,2
① 双预报不可知（光伏+负载都用前一日实际）,2025-09-30,20:30-20:50,61.575383,2
① 双预报不可知（光伏+负载都用前一日实际）,2025-09-30,21:00-21:40,162.003583,4
① 双预报不可知（光伏+负载都用前一日实际）,2025-09-30,23:00-23:50,57.260647,5
① 双预报不可知（光伏+负载都用前一日实际）,2025-10-01,1:00-1:20,10.487172,2
① 双预报不可知（光伏+负载都用前一日实际）,2025-10-01,1:40-2:00,16.382039,2
① 双预报不可知（光伏+负载都用前一日实际）,2025-10-01,2:10-2:30,13.204200,2
① 双预报不可知（光伏+负载都用前一日实际）,2025-10-01,2:50-3:00,19.742108,1
① 双预报不可知（光伏+负载都用前一日实际）,2025-10-01,3:20-3:30,5.933825,1
① 双预报不可知（光伏+负载都用前一日实际）,2025-10-01,3:50-4:00,3.960492,1
① 双预报不可知（光伏+负载都用前一日实际）,2025-10-01,4:20-4:30,9.636125,1
① 双预报不可知（光伏+负载都用前一日实际）,2025-10-01,5:40-6:10,220.963692,3
① 双预报不可知（光伏+负载都用前一日实际）,2025-10-01,7:50-8:00,107.463047,1
① 双预报不可知（光伏+负载都用前一日实际）,2025-10-01,17:00-17:40,89.538922,4
① 双预报不可知（光伏+负载都用前一日实际）,2025-10-01,21:30-21:40,1.304614,1
① 双预报不可知（光伏+负载都用前一日实际）,2025-10-02,0:00-0:10,21.119169,1
① 双预报不可知（光伏+负载都用前一日实际）,2025-10-02,0:40-1:00,9.070739,2
① 双预报不可知（光伏+负载都用前一日实际）,2025-10-02,1:10-2:30,176.280372,8
① 双预报不可知（光伏+负载都用前一日实际）,2025-10-02,2:50-3:00,16.914808,1
① 双预报不可知（光伏+负载都用前一日实际）,2025-10-02,3:40-4:00,12.974183,2
① 双预报不可知（光伏+负载都用前一日实际）,2025-10-02,4:20-4:40,22.835289,2
① 双预报不可知（光伏+负载都用前一日实际）,2025-10-02,5:40-6:10,232.161575,3
① 双预报不可知（光伏+负载都用前一日实际）,2025-10-02,6:20-7:00,134.189678,4
① 双预报不可知（光伏+负载都用前一日实际）,2025-10-02,7:40-10:30,2239.439500,17
① 双预报不可知（光伏+负载都用前一日实际）,2025-10-02,10:40-11:30,868.081689,5
① 双预报不可知（光伏+负载都用前一日实际）,2025-10-02,11:40-12:00,98.715878,2
① 双预报不可知（光伏+负载都用前一日实际）,2025-10-02,12:10-12:30,201.584500,2
① 双预报不可知（光伏+负载都用前一日实际）,2025-10-02,12:50-13:10,72.787011,2
① 双预报不可知（光伏+负载都用前一日实际）,2025-10-02,16:20-16:30,16.065569,1
① 双预报不可知（光伏+负载都用前一日实际）,2025-10-02,17:00-17:40,285.049333,4
① 双预报不可知（光伏+负载都用前一日实际）,2025-10-02,18:10-19:00,98.967475,5
① 双预报不可知（光伏+负载都用前一日实际）,2025-10-02,19:20-20:00,36.817478,4
① 双预报不可知（光伏+负载都用前一日实际）,2025-10-02,20:20-20:30,18.518036,1
① 双预报不可知（光伏+负载都用前一日实际）,2025-10-02,20:50-21:40,201.860425,5
① 双预报不可知（光伏+负载都用前一日实际）,2025-10-02,22:00-23:00,53.388350,6
① 双预报不可知（光伏+负载都用前一日实际）,2025-10-04,0:00-1:00,84.147333,6
① 双预报不可知（光伏+负载都用前一日实际）,2025-10-04,1:30-1:50,10.675828,2
① 双预报不可知（光伏+负载都用前一日实际）,2025-10-04,2:20-3:20,41.492928,6
① 双预报不可知（光伏+负载都用前一日实际）,2025-10-04,3:40-4:00,10.366794,2
① 双预报不可知（光伏+负载都用前一日实际）,2025-10-04,4:10-5:30,164.811622,8
① 双预报不可知（光伏+负载都用前一日实际）,2025-10-04,5:40-6:20,92.708439,4
① 双预报不可知（光伏+负载都用前一日实际）,2025-10-04,6:30-7:40,460.638847,7
① 双预报不可知（光伏+负载都用前一日实际）,2025-10-04,7:50-8:00,40.622597,1
① 双预报不可知（光伏+负载都用前一日实际）,2025-10-04,8:20-8:30,49.885861,1
① 双预报不可知（光伏+负载都用前一日实际）,2025-10-04,9:00-9:10,56.137875,1
① 双预报不可知（光伏+负载都用前一日实际）,2025-10-04,9:20-9:30,69.121242,1
① 双预报不可知（光伏+负载都用前一日实际）,2025-10-04,9:50-10:00,72.311242,1
① 双预报不可知（光伏+负载都用前一日实际）,2025-10-04,10:10-10:50,465.424283,4
① 双预报不可知（光伏+负载都用前一日实际）,2025-10-04,11:20-11:30,69.121667,1
① 双预报不可知（光伏+负载都用前一日实际）,2025-10-04,11:40-11:50,7.562133,1
① 双预报不可知（光伏+负载都用前一日实际）,2025-10-04,12:30-13:00,159.020833,3
① 双预报不可知（光伏+负载都用前一日实际）,2025-10-04,13:20-13:30,138.615778,1
① 双预报不可知（光伏+负载都用前一日实际）,2025-10-04,13:40-14:00,145.620922,2
① 双预报不可知（光伏+负载都用前一日实际）,2025-10-04,15:00-15:10,36.637831,1
① 双预报不可知（光伏+负载都用前一日实际）,2025-10-04,15:20-16:50,683.420894,9
① 双预报不可知（光伏+负载都用前一日实际）,2025-10-04,17:00-17:30,62.806492,3
① 双预报不可知（光伏+负载都用前一日实际）,2025-10-04,18:10-18:50,85.763572,4
① 双预报不可知（光伏+负载都用前一日实际）,2025-10-04,19:10-19:20,1.979742,1
① 双预报不可知（光伏+负载都用前一日实际）,2025-10-04,19:30-19:50,40.277283,2
① 双预报不可知（光伏+负载都用前一日实际）,2025-10-04,20:10-20:30,14.537600,2
① 双预报不可知（光伏+负载都用前一日实际）,2025-10-04,21:00-21:50,240.170131,5
① 双预报不可知（光伏+负载都用前一日实际）,2025-10-04,22:00-22:20,18.579700,2
① 双预报不可知（光伏+负载都用前一日实际）,2025-10-04,22:30-23:20,45.705653,5
① 双预报不可知（光伏+负载都用前一日实际）,2025-10-04,23:40-0:00+1,229.063411,2
① 双预报不可知（光伏+负载都用前一日实际）,2025-10-05,0:00-9:20,11532.497828,56
① 双预报不可知（光伏+负载都用前一日实际）,2025-10-05,10:00-10:10,488.841500,1
① 双预报不可知（光伏+负载都用前一日实际）,2025-10-05,10:20-10:30,370.481833,1
① 双预报不可知（光伏+负载都用前一日实际）,2025-10-05,10:40-11:20,1393.192183,4
① 双预报不可知（光伏+负载都用前一日实际）,2025-10-05,11:40-12:00,667.508650,2
① 双预报不可知（光伏+负载都用前一日实际）,2025-10-05,12:20-12:40,621.727094,2
① 双预报不可知（光伏+负载都用前一日实际）,2025-10-05,12:50-13:20,1059.748275,3
① 双预报不可知（光伏+负载都用前一日实际）,2025-10-05,14:00-14:30,1298.252100,3
① 双预报不可知（光伏+负载都用前一日实际）,2025-10-05,14:40-0:00+1,15674.000478,56
① 双预报不可知（光伏+负载都用前一日实际）,2025-10-06,1:40-2:30,43.146972,5
① 双预报不可知（光伏+负载都用前一日实际）,2025-10-06,2:50-3:30,21.792083,4
① 双预报不可知（光伏+负载都用前一日实际）,2025-10-06,3:50-4:00,13.416900,1
① 双预报不可知（光伏+负载都用前一日实际）,2025-10-06,5:40-6:00,161.896650,2
① 双预报不可知（光伏+负载都用前一日实际）,2025-10-06,6:10-6:50,63.970289,4
① 双预报不可知（光伏+负载都用前一日实际）,2025-10-06,7:50-9:50,691.689453,12
① 双预报不可知（光伏+负载都用前一日实际）,2025-10-06,10:40-17:40,2844.603639,42
① 双预报不可知（光伏+负载都用前一日实际）,2025-10-06,18:10-18:50,79.688767,4
① 双预报不可知（光伏+负载都用前一日实际）,2025-10-06,19:00-20:00,192.768683,6
① 双预报不可知（光伏+负载都用前一日实际）,2025-10-06,20:10-20:40,30.359733,3
① 双预报不可知（光伏+负载都用前一日实际）,2025-10-06,21:00-21:40,115.536400,4
① 双预报不可知（光伏+负载都用前一日实际）,2025-10-06,22:10-22:20,12.881497,1
① 双预报不可知（光伏+负载都用前一日实际）,2025-10-06,22:40-23:50,147.466472,7
① 双预报不可知（光伏+负载都用前一日实际）,2025-10-07,0:10-0:20,6.077742,1
① 双预报不可知（光伏+负载都用前一日实际）,2025-10-07,0:30-0:50,3.841233,2
① 双预报不可知（光伏+负载都用前一日实际）,2025-10-07,1:00-2:00,127.301317,6
① 双预报不可知（光伏+负载都用前一日实际）,2025-10-07,2:30-3:00,47.288733,3
① 双预报不可知（光伏+负载都用前一日实际）,2025-10-07,3:50-4:00,10.255375,1
① 双预报不可知（光伏+负载都用前一日实际）,2025-10-07,4:20-5:00,19.031406,4
① 双预报不可知（光伏+负载都用前一日实际）,2025-10-07,5:40-6:10,171.662433,3
① 双预报不可知（光伏+负载都用前一日实际）,2025-10-07,7:40-11:40,1748.233533,24
① 双预报不可知（光伏+负载都用前一日实际）,2025-10-07,12:40-13:00,38.306228,2
① 双预报不可知（光伏+负载都用前一日实际）,2025-10-07,14:50-15:00,10.690472,1
① 双预报不可知（光伏+负载都用前一日实际）,2025-10-07,15:20-16:00,95.407544,4
① 双预报不可知（光伏+负载都用前一日实际）,2025-10-07,17:00-17:40,222.548761,4
① 双预报不可知（光伏+负载都用前一日实际）,2025-10-07,18:10-19:00,44.513156,5
① 双预报不可知（光伏+负载都用前一日实际）,2025-10-07,21:00-21:40,190.453633,4
① 双预报不可知（光伏+负载都用前一日实际）,2025-10-07,22:10-22:20,0.101900,1
① 双预报不可知（光伏+负载都用前一日实际）,2025-10-07,22:40-23:10,39.746411,3
① 双预报不可知（光伏+负载都用前一日实际）,2025-10-07,23:50-0:00+1,5.482178,1
① 双预报不可知（光伏+负载都用前一日实际）,2025-10-08,0:50-1:00,25.075381,1
① 双预报不可知（光伏+负载都用前一日实际）,2025-10-08,2:10-2:20,6.194081,1
① 双预报不可知（光伏+负载都用前一日实际）,2025-10-08,2:30-4:00,210.673008,9
① 双预报不可知（光伏+负载都用前一日实际）,2025-10-08,4:20-5:00,44.446317,4
① 双预报不可知（光伏+负载都用前一日实际）,2025-10-08,5:40-7:00,383.858972,8
① 双预报不可知（光伏+负载都用前一日实际）,2025-10-08,7:40-8:10,398.554839,3
① 双预报不可知（光伏+负载都用前一日实际）,2025-10-08,11:20-13:20,574.685522,12
① 双预报不可知（光伏+负载都用前一日实际）,2025-10-08,13:30-13:40,31.799414,1
① 双预报不可知（光伏+负载都用前一日实际）,2025-10-08,16:00-16:10,11.675333,1
① 双预报不可知（光伏+负载都用前一日实际）,2025-10-08,17:00-17:40,330.198556,4
① 双预报不可知（光伏+负载都用前一日实际）,2025-10-08,18:10-18:30,25.189894,2
① 双预报不可知（光伏+负载都用前一日实际）,2025-10-08,18:50-20:40,113.596158,11
① 双预报不可知（光伏+负载都用前一日实际）,2025-10-08,21:00-21:40,151.180050,4
① 双预报不可知（光伏+负载都用前一日实际）,2025-10-08,22:10-22:40,56.331458,3
① 双预报不可知（光伏+负载都用前一日实际）,2025-10-08,23:20-23:30,11.850767,1
① 双预报不可知（光伏+负载都用前一日实际）,2025-10-08,23:50-0:00+1,16.664100,1
① 双预报不可知（光伏+负载都用前一日实际）,2025-10-09,0:20-1:40,93.880122,8
① 双预报不可知（光伏+负载都用前一日实际）,2025-10-09,1:50-2:20,54.736283,3
① 双预报不可知（光伏+负载都用前一日实际）,2025-10-09,2:50-3:00,2.203853,1
① 双预报不可知（光伏+负载都用前一日实际）,2025-10-09,4:10-4:30,18.353667,2
① 双预报不可知（光伏+负载都用前一日实际）,2025-10-09,4:40-5:00,27.729300,2
① 双预报不可知（光伏+负载都用前一日实际）,2025-10-09,5:40-6:20,150.762317,4
① 双预报不可知（光伏+负载都用前一日实际）,2025-10-09,7:40-8:40,487.810900,6
① 双预报不可知（光伏+负载都用前一日实际）,2025-10-09,9:00-9:50,199.209678,5
① 双预报不可知（光伏+负载都用前一日实际）,2025-10-09,10:10-11:30,411.699625,8
① 双预报不可知（光伏+负载都用前一日实际）,2025-10-09,13:50-14:00,1.420847,1
① 双预报不可知（光伏+负载都用前一日实际）,2025-10-09,14:20-15:20,432.504278,6
① 双预报不可知（光伏+负载都用前一日实际）,2025-10-09,15:30-15:50,29.041400,2
① 双预报不可知（光伏+负载都用前一日实际）,2025-10-09,16:00-17:40,552.077939,10
① 双预报不可知（光伏+负载都用前一日实际）,2025-10-09,18:10-19:00,76.653783,5
① 双预报不可知（光伏+负载都用前一日实际）,2025-10-09,19:20-19:30,21.452528,1
① 双预报不可知（光伏+负载都用前一日实际）,2025-10-09,19:50-20:00,6.580861,1
① 双预报不可知（光伏+负载都用前一日实际）,2025-10-09,20:20-21:40,271.257089,8
① 双预报不可知（光伏+负载都用前一日实际）,2025-10-09,22:10-22:30,29.432522,2
① 双预报不可知（光伏+负载都用前一日实际）,2025-10-09,22:50-23:10,27.240681,2
① 双预报不可知（光伏+负载都用前一日实际）,2025-10-09,23:20-23:40,40.940856,2
① 双预报不可知（光伏+负载都用前一日实际）,2025-10-11,0:00-0:10,6.650056,1
① 双预报不可知（光伏+负载都用前一日实际）,2025-10-11,1:20-1:40,18.523383,2
① 双预报不可知（光伏+负载都用前一日实际）,2025-10-11,2:10-2:50,31.534844,4
① 双预报不可知（光伏+负载都用前一日实际）,2025-10-11,3:30-3:50,19.667844,2
① 双预报不可知（光伏+负载都用前一日实际）,2025-10-11,4:00-4:20,20.774522,2
① 双预报不可知（光伏+负载都用前一日实际）,2025-10-11,4:30-4:40,1.264761,1
① 双预报不可知（光伏+负载都用前一日实际）,2025-10-11,5:10-5:30,26.159967,2
① 双预报不可知（光伏+负载都用前一日实际）,2025-10-11,5:50-6:00,13.670383,1
① 双预报不可知（光伏+负载都用前一日实际）,2025-10-11,6:40-8:20,370.869111,10
① 双预报不可知（光伏+负载都用前一日实际）,2025-10-11,8:30-8:40,71.678867,1
① 双预报不可知（光伏+负载都用前一日实际）,2025-10-11,8:50-9:10,242.438711,2
① 双预报不可知（光伏+负载都用前一日实际）,2025-10-11,10:00-10:30,215.423983,3
① 双预报不可知（光伏+负载都用前一日实际）,2025-10-11,11:00-11:30,459.117072,3
① 双预报不可知（光伏+负载都用前一日实际）,2025-10-11,11:50-12:00,60.331667,1
① 双预报不可知（光伏+负载都用前一日实际）,2025-10-11,12:10-12:20,50.769467,1
① 双预报不可知（光伏+负载都用前一日实际）,2025-10-11,12:30-12:50,93.818217,2
① 双预报不可知（光伏+负载都用前一日实际）,2025-10-11,13:10-13:20,61.666483,1
① 双预报不可知（光伏+负载都用前一日实际）,2025-10-11,13:40-14:00,212.427711,2
① 双预报不可知（光伏+负载都用前一日实际）,2025-10-11,14:10-14:30,161.684494,2
① 双预报不可知（光伏+负载都用前一日实际）,2025-10-11,14:40-15:10,167.317186,3
① 双预报不可知（光伏+负载都用前一日实际）,2025-10-11,16:00-16:40,75.972522,4
① 双预报不可知（光伏+负载都用前一日实际）,2025-10-11,17:20-17:30,8.633503,1
① 双预报不可知（光伏+负载都用前一日实际）,2025-10-11,17:50-18:30,39.175694,4
① 双预报不可知（光伏+负载都用前一日实际）,2025-10-11,18:50-20:30,242.285483,10
① 双预报不可知（光伏+负载都用前一日实际）,2025-10-11,21:00-21:40,84.009450,4
① 双预报不可知（光伏+负载都用前一日实际）,2025-10-11,22:20-22:30,4.228647,1
① 双预报不可知（光伏+负载都用前一日实际）,2025-10-11,23:30-0:00+1,261.199100,3
① 双预报不可知（光伏+负载都用前一日实际）,2025-10-12,0:00-9:40,13621.547442,58
① 双预报不可知（光伏+负载都用前一日实际）,2025-10-12,10:00-10:10,356.738264,1
① 双预报不可知（光伏+负载都用前一日实际）,2025-10-12,10:30-10:50,805.157294,2
① 双预报不可知（光伏+负载都用前一日实际）,2025-10-12,11:10-11:20,465.868675,1
① 双预报不可知（光伏+负载都用前一日实际）,2025-10-12,11:40-11:50,403.054342,1
① 双预报不可知（光伏+负载都用前一日实际）,2025-10-12,12:10-12:40,1151.864900,3
① 双预报不可知（光伏+负载都用前一日实际）,2025-10-12,13:50-14:10,1049.304639,2
① 双预报不可知（光伏+负载都用前一日实际）,2025-10-12,14:30-0:00+1,17114.413539,57
① 双预报不可知（光伏+负载都用前一日实际）,2025-10-13,0:00-1:00,138.155417,6
① 双预报不可知（光伏+负载都用前一日实际）,2025-10-13,1:20-1:30,3.252414,1
① 双预报不可知（光伏+负载都用前一日实际）,2025-10-13,1:50-2:10,58.500383,2
① 双预报不可知（光伏+负载都用前一日实际）,2025-10-13,2:40-2:50,7.279853,1
① 双预报不可知（光伏+负载都用前一日实际）,2025-10-13,3:00-3:20,3.210750,2
① 双预报不可知（光伏+负载都用前一日实际）,2025-10-13,4:10-5:00,155.348681,5
① 双预报不可知（光伏+负载都用前一日实际）,2025-10-13,5:40-6:00,210.304083,2
① 双预报不可知（光伏+负载都用前一日实际）,2025-10-13,7:40-8:00,207.895417,2
① 双预报不可知（光伏+负载都用前一日实际）,2025-10-13,8:10-8:30,42.721550,2
① 双预报不可知（光伏+负载都用前一日实际）,2025-10-13,8:50-9:50,318.656342,6
① 双预报不可知（光伏+负载都用前一日实际）,2025-10-13,10:00-10:30,173.768275,3
① 双预报不可知（光伏+负载都用前一日实际）,2025-10-13,14:30-15:10,120.342633,4
① 双预报不可知（光伏+负载都用前一日实际）,2025-10-13,15:30-16:10,158.610031,4
① 双预报不可知（光伏+负载都用前一日实际）,2025-10-13,16:30-17:40,346.593044,7
① 双预报不可知（光伏+负载都用前一日实际）,2025-10-13,19:10-20:40,172.094253,9
① 双预报不可知（光伏+负载都用前一日实际）,2025-10-13,20:50-21:50,154.646361,6
① 双预报不可知（光伏+负载都用前一日实际）,2025-10-14,0:20-0:30,5.400456,1
① 双预报不可知（光伏+负载都用前一日实际）,2025-10-14,0:50-2:40,166.555933,11
① 双预报不可知（光伏+负载都用前一日实际）,2025-10-14,3:00-4:00,114.142317,6
① 双预报不可知（光伏+负载都用前一日实际）,2025-10-14,4:30-5:00,42.078717,3
① 双预报不可知（光伏+负载都用前一日实际）,2025-10-14,5:40-7:00,227.688406,8
① 双预报不可知（光伏+负载都用前一日实际）,2025-10-14,7:10-9:50,1274.994706,16
① 双预报不可知（光伏+负载都用前一日实际）,2025-10-14,10:00-12:10,1489.404086,13
① 双预报不可知（光伏+负载都用前一日实际）,2025-10-14,12:50-14:10,579.737083,8
① 双预报不可知（光伏+负载都用前一日实际）,2025-10-14,14:50-17:40,862.294047,17
① 双预报不可知（光伏+负载都用前一日实际）,2025-10-14,18:00-19:10,97.299208,7
① 双预报不可知（光伏+负载都用前一日实际）,2025-10-14,20:20-20:30,12.059497,1
① 双预报不可知（光伏+负载都用前一日实际）,2025-10-14,21:00-21:40,191.173139,4
① 双预报不可知（光伏+负载都用前一日实际）,2025-10-14,22:00-22:30,71.531833,3
① 双预报不可知（光伏+负载都用前一日实际）,2025-10-14,22:50-23:00,15.938328,1
① 双预报不可知（光伏+负载都用前一日实际）,2025-10-14,23:10-0:00+1,110.619844,5
① 双预报不可知（光伏+负载都用前一日实际）,2025-10-15,0:00-0:10,14.694689,1
① 双预报不可知（光伏+负载都用前一日实际）,2025-10-15,0:30-1:00,46.802083,3
① 双预报不可知（光伏+负载都用前一日实际）,2025-10-15,1:10-1:20,1.578492,1
① 双预报不可知（光伏+负载都用前一日实际）,2025-10-15,1:50-2:00,13.827808,1
① 双预报不可知（光伏+负载都用前一日实际）,2025-10-15,2:20-3:10,87.534636,5
① 双预报不可知（光伏+负载都用前一日实际）,2025-10-15,3:40-3:50,0.735236,1
① 双预报不可知（光伏+负载都用前一日实际）,2025-10-15,4:00-4:20,33.778728,2
① 双预报不可知（光伏+负载都用前一日实际）,2025-10-15,4:30-4:50,34.727394,2
① 双预报不可知（光伏+负载都用前一日实际）,2025-10-15,5:40-6:10,150.639225,3
① 双预报不可知（光伏+负载都用前一日实际）,2025-10-15,6:20-7:00,52.277200,4
① 双预报不可知（光伏+负载都用前一日实际）,2025-10-15,7:40-8:10,213.498686,3
① 双预报不可知（光伏+负载都用前一日实际）,2025-10-15,9:50-10:20,172.784358,3
① 双预报不可知（光伏+负载都用前一日实际）,2025-10-15,10:40-11:50,396.700511,7
① 双预报不可知（光伏+负载都用前一日实际）,2025-10-15,12:00-13:40,1163.896644,10
① 双预报不可知（光伏+负载都用前一日实际）,2025-10-15,13:50-15:00,682.526619,7
① 双预报不可知（光伏+负载都用前一日实际）,2025-10-15,17:00-17:50,352.123856,5
① 双预报不可知（光伏+负载都用前一日实际）,2025-10-15,18:10-18:20,0.469403,1
① 双预报不可知（光伏+负载都用前一日实际）,2025-10-15,18:40-19:00,17.897889,2
① 双预报不可知（光伏+负载都用前一日实际）,2025-10-15,19:20-19:40,16.205606,2
① 双预报不可知（光伏+负载都用前一日实际）,2025-10-15,20:00-20:30,5.609992,3
① 双预报不可知（光伏+负载都用前一日实际）,2025-10-15,20:50-21:40,196.846731,5
① 双预报不可知（光伏+负载都用前一日实际）,2025-10-15,22:10-22:20,14.015569,1
① 双预报不可知（光伏+负载都用前一日实际）,2025-10-16,0:20-2:00,107.151906,10
① 双预报不可知（光伏+负载都用前一日实际）,2025-10-16,2:20-2:50,33.299617,3
① 双预报不可知（光伏+负载都用前一日实际）,2025-10-16,3:40-3:50,5.446836,1
① 双预报不可知（光伏+负载都用前一日实际）,2025-10-16,4:20-4:30,7.591536,1
① 双预报不可知（光伏+负载都用前一日实际）,2025-10-16,5:00-5:20,11.582633,2
① 双预报不可知（光伏+负载都用前一日实际）,2025-10-16,5:40-6:10,198.044358,3
① 双预报不可知（光伏+负载都用前一日实际）,2025-10-16,6:50-7:00,26.993225,1
① 双预报不可知（光伏+负载都用前一日实际）,2025-10-16,7:40-9:50,768.386031,13
① 双预报不可知（光伏+负载都用前一日实际）,2025-10-16,12:50-13:00,23.890347,1
① 双预报不可知（光伏+负载都用前一日实际）,2025-10-16,13:50-17:40,1956.926547,23
① 双预报不可知（光伏+负载都用前一日实际）,2025-10-16,18:10-19:00,102.469828,5
① 双预报不可知（光伏+负载都用前一日实际）,2025-10-16,19:20-20:10,95.036786,5
① 双预报不可知（光伏+负载都用前一日实际）,2025-10-16,20:30-21:40,190.110086,7
① 双预报不可知（光伏+负载都用前一日实际）,2025-10-16,22:20-23:00,77.436761,4
① 双预报不可知（光伏+负载都用前一日实际）,2025-10-16,23:20-23:40,3.993650,2
① 双预报不可知（光伏+负载都用前一日实际）,2025-10-18,0:20-1:00,129.443583,4
① 双预报不可知（光伏+负载都用前一日实际）,2025-10-18,1:50-2:00,4.108989,1
① 双预报不可知（光伏+负载都用前一日实际）,2025-10-18,2:20-2:30,2.620706,1
① 双预报不可知（光伏+负载都用前一日实际）,2025-10-18,2:40-3:00,58.844378,2
① 双预报不可知（光伏+负载都用前一日实际）,2025-10-18,3:20-3:40,18.948017,2
① 双预报不可知（光伏+负载都用前一日实际）,2025-10-18,3:50-4:10,24.473661,2
① 双预报不可知（光伏+负载都用前一日实际）,2025-10-18,4:40-5:40,104.010111,6
① 双预报不可知（光伏+负载都用前一日实际）,2025-10-18,6:50-7:00,53.246206,1
① 双预报不可知（光伏+负载都用前一日实际）,2025-10-18,7:40-8:10,44.608131,3
① 双预报不可知（光伏+负载都用前一日实际）,2025-10-18,8:50-9:00,73.747731,1
① 双预报不可知（光伏+负载都用前一日实际）,2025-10-18,11:20-11:30,38.287803,1
① 双预报不可知（光伏+负载都用前一日实际）,2025-10-18,12:10-12:40,195.843075,3
① 双预报不可知（光伏+负载都用前一日实际）,2025-10-18,14:30-14:50,106.407894,2
① 双预报不可知（光伏+负载都用前一日实际）,2025-10-18,15:10-16:50,474.292064,10
① 双预报不可知（光伏+负载都用前一日实际）,2025-10-18,17:20-18:00,62.524922,4
① 双预报不可知（光伏+负载都用前一日实际）,2025-10-18,18:50-19:00,0.805578,1
① 双预报不可知（光伏+负载都用前一日实际）,2025-10-18,19:30-19:50,14.312739,2
① 双预报不可知（光伏+负载都用前一日实际）,2025-10-18,20:50-21:00,9.072767,1
① 双预报不可知（光伏+负载都用前一日实际）,2025-10-18,21:20-21:50,41.171342,3
① 双预报不可知（光伏+负载都用前一日实际）,2025-10-18,22:20-22:50,68.596992,3
① 双预报不可知（光伏+负载都用前一日实际）,2025-10-18,23:40-0:00+1,187.316194,2
① 双预报不可知（光伏+负载都用前一日实际）,2025-10-19,0:00-9:40,15499.611186,58
① 双预报不可知（光伏+负载都用前一日实际）,2025-10-19,10:00-10:20,1090.937289,2
① 双预报不可知（光伏+负载都用前一日实际）,2025-10-19,10:30-10:50,847.067139,2
① 双预报不可知（光伏+负载都用前一日实际）,2025-10-19,11:10-11:20,369.424136,1
① 双预报不可知（光伏+负载都用前一日实际）,2025-10-19,11:40-11:50,340.572386,1
① 双预报不可知（光伏+负载都用前一日实际）,2025-10-19,12:10-12:40,1064.934292,3
① 双预报不可知（光伏+负载都用前一日实际）,2025-10-19,13:50-0:00+1,20007.688586,61
① 双预报不可知（光伏+负载都用前一日实际）,2025-10-20,0:00-0:10,19.966486,1
① 双预报不可知（光伏+负载都用前一日实际）,2025-10-20,0:40-1:20,28.240783,4
① 双预报不可知（光伏+负载都用前一日实际）,2025-10-20,2:00-2:50,78.706572,5
① 双预报不可知（光伏+负载都用前一日实际）,2025-10-20,5:40-6:30,185.321367,5
① 双预报不可知（光伏+负载都用前一日实际）,2025-10-20,7:40-8:10,342.882133,3
① 双预报不可知（光伏+负载都用前一日实际）,2025-10-20,8:20-12:10,2268.366656,23
① 双预报不可知（光伏+负载都用前一日实际）,2025-10-20,12:50-13:00,34.418806,1
① 双预报不可知（光伏+负载都用前一日实际）,2025-10-20,13:20-13:40,141.198806,2
① 双预报不可知（光伏+负载都用前一日实际）,2025-10-20,13:50-14:00,8.116844,1
① 双预报不可知（光伏+负载都用前一日实际）,2025-10-20,17:00-17:40,234.176533,4
① 双预报不可知（光伏+负载都用前一日实际）,2025-10-20,18:30-18:40,0.522625,1
① 双预报不可知（光伏+负载都用前一日实际）,2025-10-20,19:00-19:20,38.226872,2
① 双预报不可知（光伏+负载都用前一日实际）,2025-10-20,19:30-19:50,21.840739,2
① 双预报不可知（光伏+负载都用前一日实际）,2025-10-20,20:00-20:40,42.355639,4
① 双预报不可知（光伏+负载都用前一日实际）,2025-10-20,21:00-21:40,160.586339,4
① 双预报不可知（光伏+负载都用前一日实际）,2025-10-20,22:10-23:00,78.196306,5
① 双预报不可知（光伏+负载都用前一日实际）,2025-10-20,23:20-0:00+1,40.067111,4
① 双预报不可知（光伏+负载都用前一日实际）,2025-10-21,0:20-1:00,41.120172,4
① 双预报不可知（光伏+负载都用前一日实际）,2025-10-21,1:30-2:00,53.037300,3
① 双预报不可知（光伏+负载都用前一日实际）,2025-10-21,2:40-3:00,10.553217,2
① 双预报不可知（光伏+负载都用前一日实际）,2025-10-21,3:30-3:50,18.365578,2
① 双预报不可知（光伏+负载都用前一日实际）,2025-10-21,4:20-4:50,74.299600,3
① 双预报不可知（光伏+负载都用前一日实际）,2025-10-21,5:20-5:30,21.728081,1
① 双预报不可知（光伏+负载都用前一日实际）,2025-10-21,5:40-6:00,261.766994,2
① 双预报不可知（光伏+负载都用前一日实际）,2025-10-21,6:20-6:40,41.581450,2
① 双预报不可知（光伏+负载都用前一日实际）,2025-10-21,6:50-7:00,32.898242,1
① 双预报不可知（光伏+负载都用前一日实际）,2025-10-21,7:40-8:10,218.024058,3
① 双预报不可知（光伏+负载都用前一日实际）,2025-10-21,8:20-8:30,14.672381,1
① 双预报不可知（光伏+负载都用前一日实际）,2025-10-21,10:00-13:20,1602.040572,20
① 双预报不可知（光伏+负载都用前一日实际）,2025-10-21,13:30-15:00,634.989808,9
① 双预报不可知（光伏+负载都用前一日实际）,2025-10-21,15:20-16:10,62.503103,5
① 双预报不可知（光伏+负载都用前一日实际）,2025-10-21,16:50-17:40,280.716569,5
① 双预报不可知（光伏+负载都用前一日实际）,2025-10-21,18:10-18:20,5.864436,1
① 双预报不可知（光伏+负载都用前一日实际）,2025-10-21,18:50-19:00,4.731453,1
① 双预报不可知（光伏+负载都用前一日实际）,2025-10-21,21:00-21:40,132.708150,4
① 双预报不可知（光伏+负载都用前一日实际）,2025-10-21,22:40-22:50,12.227372,1
① 双预报不可知（光伏+负载都用前一日实际）,2025-10-21,23:00-23:50,77.881953,5
① 双预报不可知（光伏+负载都用前一日实际）,2025-10-22,0:00-0:10,7.456769,1
① 双预报不可知（光伏+负载都用前一日实际）,2025-10-22,0:40-1:50,156.946061,7
① 双预报不可知（光伏+负载都用前一日实际）,2025-10-22,2:10-2:20,20.424075,1
① 双预报不可知（光伏+负载都用前一日实际）,2025-10-22,2:50-3:00,20.165125,1
① 双预报不可知（光伏+负载都用前一日实际）,2025-10-22,3:20-4:00,71.544261,4
① 双预报不可知（光伏+负载都用前一日实际）,2025-10-22,4:10-4:20,6.696297,1
① 双预报不可知（光伏+负载都用前一日实际）,2025-10-22,4:50-5:00,12.714914,1
① 双预报不可知（光伏+负载都用前一日实际）,2025-10-22,5:40-6:10,171.471689,3
① 双预报不可知（光伏+负载都用前一日实际）,2025-10-22,7:40-8:20,380.699617,4
① 双预报不可知（光伏+负载都用前一日实际）,2025-10-22,8:30-10:30,816.851392,12
① 双预报不可知（光伏+负载都用前一日实际）,2025-10-22,12:20-12:40,4.102844,2
① 双预报不可知（光伏+负载都用前一日实际）,2025-10-22,15:10-17:40,527.979814,15
① 双预报不可知（光伏+负载都用前一日实际）,2025-10-22,18:00-19:00,179.850683,6
① 双预报不可知（光伏+负载都用前一日实际）,2025-10-22,19:10-19:50,82.139783,4
① 双预报不可知（光伏+负载都用前一日实际）,2025-10-22,20:30-21:40,220.163761,7
① 双预报不可知（光伏+负载都用前一日实际）,2025-10-22,22:20-22:30,1.120589,1
① 双预报不可知（光伏+负载都用前一日实际）,2025-10-22,22:50-23:00,12.600589,1
① 双预报不可知（光伏+负载都用前一日实际）,2025-10-23,0:00-0:10,3.139728,1
① 双预报不可知（光伏+负载都用前一日实际）,2025-10-23,0:20-0:40,5.906172,2
① 双预报不可知（光伏+负载都用前一日实际）,2025-10-23,1:30-2:50,123.882756,8
① 双预报不可知（光伏+负载都用前一日实际）,2025-10-23,3:20-3:50,59.945333,3
① 双预报不可知（光伏+负载都用前一日实际）,2025-10-23,4:10-4:40,49.210500,3
① 双预报不可知（光伏+负载都用前一日实际）,2025-10-23,4:50-5:00,0.445922,1
① 双预报不可知（光伏+负载都用前一日实际）,2025-10-23,5:40-7:00,313.530639,8
① 双预报不可知（光伏+负载都用前一日实际）,2025-10-23,7:50-8:00,223.625058,1
① 双预报不可知（光伏+负载都用前一日实际）,2025-10-23,12:00-12:20,113.349689,2
① 双预报不可知（光伏+负载都用前一日实际）,2025-10-23,12:40-15:10,953.635408,15
① 双预报不可知（光伏+负载都用前一日实际）,2025-10-23,15:40-15:50,2.764103,1
① 双预报不可知（光伏+负载都用前一日实际）,2025-10-23,17:00-17:40,297.482822,4
① 双预报不可知（光伏+负载都用前一日实际）,2025-10-23,19:00-19:10,3.777967,1
① 双预报不可知（光伏+负载都用前一日实际）,2025-10-23,19:30-20:30,99.503275,6
① 双预报不可知（光伏+负载都用前一日实际）,2025-10-23,20:50-21:40,108.724814,5
① 双预报不可知（光伏+负载都用前一日实际）,2025-10-23,22:00-23:00,100.043600,6
① 双预报不可知（光伏+负载都用前一日实际）,2025-10-25,0:20-1:00,78.816589,4
① 双预报不可知（光伏+负载都用前一日实际）,2025-10-25,1:10-2:00,176.564450,5
① 双预报不可知（光伏+负载都用前一日实际）,2025-10-25,2:20-2:30,12.921094,1
① 双预报不可知（光伏+负载都用前一日实际）,2025-10-25,3:30-3:50,29.399939,2
① 双预报不可知（光伏+负载都用前一日实际）,2025-10-25,4:10-4:20,0.858367,1
① 双预报不可知（光伏+负载都用前一日实际）,2025-10-25,4:40-5:00,28.443367,2
① 双预报不可知（光伏+负载都用前一日实际）,2025-10-25,5:30-5:50,33.960950,2
① 双预报不可知（光伏+负载都用前一日实际）,2025-10-25,6:40-7:00,118.464028,2
① 双预报不可知（光伏+负载都用前一日实际）,2025-10-25,8:40-9:40,225.484556,6
① 双预报不可知（光伏+负载都用前一日实际）,2025-10-25,10:00-10:20,323.506228,2
① 双预报不可知（光伏+负载都用前一日实际）,2025-10-25,10:30-10:50,78.139494,2
① 双预报不可知（光伏+负载都用前一日实际）,2025-10-25,12:10-12:40,322.228542,3
① 双预报不可知（光伏+负载都用前一日实际）,2025-10-25,13:50-14:10,55.990581,2
① 双预报不可知（光伏+负载都用前一日实际）,2025-10-25,14:30-14:50,88.667689,2
① 双预报不可知（光伏+负载都用前一日实际）,2025-10-25,15:30-15:40,6.213758,1
① 双预报不可知（光伏+负载都用前一日实际）,2025-10-25,16:00-16:40,74.715217,4
① 双预报不可知（光伏+负载都用前一日实际）,2025-10-25,17:00-17:20,39.845167,2
① 双预报不可知（光伏+负载都用前一日实际）,2025-10-25,17:30-18:00,49.086100,3
① 双预报不可知（光伏+负载都用前一日实际）,2025-10-25,18:10-18:30,16.571194,2
① 双预报不可知（光伏+负载都用前一日实际）,2025-10-25,18:50-19:30,33.006431,4
① 双预报不可知（光伏+负载都用前一日实际）,2025-10-25,20:10-20:40,30.266175,3
① 双预报不可知（光伏+负载都用前一日实际）,2025-10-25,21:00-21:20,89.492133,2
① 双预报不可知（光伏+负载都用前一日实际）,2025-10-25,21:30-21:50,43.353667,2
① 双预报不可知（光伏+负载都用前一日实际）,2025-10-25,22:20-22:30,0.681494,1
① 双预报不可知（光伏+负载都用前一日实际）,2025-10-25,22:50-23:20,36.804294,3
① 双预报不可知（光伏+负载都用前一日实际）,2025-10-25,23:40-0:00+1,182.774700,2
① 双预报不可知（光伏+负载都用前一日实际）,2025-10-26,0:00-9:50,15275.355856,59
① 双预报不可知（光伏+负载都用前一日实际）,2025-10-26,10:00-10:20,758.702556,2
① 双预报不可知（光伏+负载都用前一日实际）,2025-10-26,10:30-10:50,921.775389,2
① 双预报不可知（光伏+负载都用前一日实际）,2025-10-26,11:10-11:30,962.399089,2
① 双预报不可知（光伏+负载都用前一日实际）,2025-10-26,11:40-11:50,414.570719,1
① 双预报不可知（光伏+负载都用前一日实际）,2025-10-26,12:10-12:50,1692.683644,4
① 双预报不可知（光伏+负载都用前一日实际）,2025-10-26,13:50-0:00+1,17770.620231,61
① 双预报不可知（光伏+负载都用前一日实际）,2025-10-27,0:10-0:30,22.656372,2
① 双预报不可知（光伏+负载都用前一日实际）,2025-10-27,1:40-2:10,18.242100,3
① 双预报不可知（光伏+负载都用前一日实际）,2025-10-27,2:20-2:40,3.181633,2
① 双预报不可知（光伏+负载都用前一日实际）,2025-10-27,3:00-3:20,22.987406,2
① 双预报不可知（光伏+负载都用前一日实际）,2025-10-27,3:40-4:30,32.939564,5
① 双预报不可知（光伏+负载都用前一日实际）,2025-10-27,4:40-5:00,14.938017,2
① 双预报不可知（光伏+负载都用前一日实际）,2025-10-27,5:40-6:20,321.268411,4
① 双预报不可知（光伏+负载都用前一日实际）,2025-10-27,7:40-8:50,487.836025,7
① 双预报不可知（光伏+负载都用前一日实际）,2025-10-27,10:00-10:10,0.511792,1
① 双预报不可知（光伏+负载都用前一日实际）,2025-10-27,12:50-13:00,26.194481,1
① 双预报不可知（光伏+负载都用前一日实际）,2025-10-27,13:20-13:40,25.747561,2
① 双预报不可知（光伏+负载都用前一日实际）,2025-10-27,14:10-17:40,1475.678817,21
① 双预报不可知（光伏+负载都用前一日实际）,2025-10-27,18:10-18:20,4.255469,1
① 双预报不可知（光伏+负载都用前一日实际）,2025-10-27,18:30-19:20,113.629125,5
① 双预报不可知（光伏+负载都用前一日实际）,2025-10-27,19:30-20:30,142.612217,6
① 双预报不可知（光伏+负载都用前一日实际）,2025-10-27,21:00-21:40,199.309172,4
① 双预报不可知（光伏+负载都用前一日实际）,2025-10-27,22:10-23:20,155.301539,7
① 双预报不可知（光伏+负载都用前一日实际）,2025-10-28,0:00-0:30,45.225267,3
① 双预报不可知（光伏+负载都用前一日实际）,2025-10-28,0:50-2:00,107.012644,7
① 双预报不可知（光伏+负载都用前一日实际）,2025-10-28,2:20-3:00,107.494483,4
① 双预报不可知（光伏+负载都用前一日实际）,2025-10-28,3:30-4:00,27.291658,3
① 双预报不可知（光伏+负载都用前一日实际）,2025-10-28,4:20-4:40,13.199261,2
① 双预报不可知（光伏+负载都用前一日实际）,2025-10-28,5:40-6:10,193.305031,3
① 双预报不可知（光伏+负载都用前一日实际）,2025-10-28,6:50-7:00,17.335636,1
① 双预报不可知（光伏+负载都用前一日实际）,2025-10-28,7:40-13:50,3392.005936,37
① 双预报不可知（光伏+负载都用前一日实际）,2025-10-28,16:40-17:40,239.974644,6
① 双预报不可知（光伏+负载都用前一日实际）,2025-10-28,18:10-18:20,7.539214,1
① 双预报不可知（光伏+负载都用前一日实际）,2025-10-28,18:40-19:00,17.493578,2
① 双预报不可知（光伏+负载都用前一日实际）,2025-10-28,20:00-20:50,55.225511,5
① 双预报不可知（光伏+负载都用前一日实际）,2025-10-28,21:00-21:40,185.588511,4
① 双预报不可知（光伏+负载都用前一日实际）,2025-10-28,22:10-22:20,5.674464,1
① 双预报不可知（光伏+负载都用前一日实际）,2025-10-28,22:30-22:50,15.672294,2
① 双预报不可知（光伏+负载都用前一日实际）,2025-10-28,23:50-0:00+1,16.122172,1
① 双预报不可知（光伏+负载都用前一日实际）,2025-10-29,2:30-2:50,44.878283,2
① 双预报不可知（光伏+负载都用前一日实际）,2025-10-29,3:30-3:50,22.914489,2
① 双预报不可知（光伏+负载都用前一日实际）,2025-10-29,4:00-4:40,136.326906,4
① 双预报不可知（光伏+负载都用前一日实际）,2025-10-29,5:40-6:30,212.005967,5
① 双预报不可知（光伏+负载都用前一日实际）,2025-10-29,7:40-8:10,289.319944,3
① 双预报不可知（光伏+负载都用前一日实际）,2025-10-29,8:30-8:50,21.508250,2
① 双预报不可知（光伏+负载都用前一日实际）,2025-10-29,9:00-12:20,2981.884633,20
① 双预报不可知（光伏+负载都用前一日实际）,2025-10-29,12:50-13:00,6.106858,1
① 双预报不可知（光伏+负载都用前一日实际）,2025-10-29,13:20-15:20,545.641444,12
① 双预报不可知（光伏+负载都用前一日实际）,2025-10-29,15:40-16:00,24.174656,2
① 双预报不可知（光伏+负载都用前一日实际）,2025-10-29,16:30-16:40,5.106439,1
① 双预报不可知（光伏+负载都用前一日实际）,2025-10-29,17:00-17:50,380.778739,5
① 双预报不可知（光伏+负载都用前一日实际）,2025-10-29,18:00-19:10,107.882697,7
① 双预报不可知（光伏+负载都用前一日实际）,2025-10-29,19:20-20:00,32.835056,4
① 双预报不可知（光伏+负载都用前一日实际）,2025-10-29,20:20-21:40,270.269083,8
① 双预报不可知（光伏+负载都用前一日实际）,2025-10-29,22:10-22:30,24.366461,2
① 双预报不可知（光伏+负载都用前一日实际）,2025-10-29,23:20-0:00+1,51.901217,4
① 双预报不可知（光伏+负载都用前一日实际）,2025-10-30,0:00-0:20,21.724350,2
① 双预报不可知（光伏+负载都用前一日实际）,2025-10-30,0:30-1:30,104.856142,6
① 双预报不可知（光伏+负载都用前一日实际）,2025-10-30,1:50-2:00,5.632656,1
① 双预报不可知（光伏+负载都用前一日实际）,2025-10-30,2:20-2:30,3.564739,1
① 双预报不可知（光伏+负载都用前一日实际）,2025-10-30,2:50-3:30,79.146056,4
① 双预报不可知（光伏+负载都用前一日实际）,2025-10-30,3:50-4:10,27.517575,2
① 双预报不可知（光伏+负载都用前一日实际）,2025-10-30,4:40-4:50,4.231819,1
① 双预报不可知（光伏+负载都用前一日实际）,2025-10-30,5:40-6:20,206.178083,4
① 双预报不可知（光伏+负载都用前一日实际）,2025-10-30,6:30-6:50,53.330761,2
① 双预报不可知（光伏+负载都用前一日实际）,2025-10-30,7:40-8:20,273.664217,4
① 双预报不可知（光伏+负载都用前一日实际）,2025-10-30,15:30-17:40,497.127719,13
① 双预报不可知（光伏+负载都用前一日实际）,2025-10-30,18:20-18:40,38.452294,2
① 双预报不可知（光伏+负载都用前一日实际）,2025-10-30,19:40-20:10,22.358711,3
① 双预报不可知（光伏+负载都用前一日实际）,2025-10-30,20:50-21:40,205.611989,5
① 双预报不可知（光伏+负载都用前一日实际）,2025-10-30,22:30-23:40,81.081397,7
① 双预报不可知（光伏+负载都用前一日实际）,2025-11-01,1:30-3:40,300.842489,13
① 双预报不可知（光伏+负载都用前一日实际）,2025-11-01,4:20-4:40,14.672578,2
① 双预报不可知（光伏+负载都用前一日实际）,2025-11-01,5:10-5:20,5.731967,1
① 双预报不可知（光伏+负载都用前一日实际）,2025-11-01,5:40-5:50,0.425767,1
① 双预报不可知（光伏+负载都用前一日实际）,2025-11-01,6:50-7:00,54.898014,1
① 双预报不可知（光伏+负载都用前一日实际）,2025-11-01,7:20-7:50,101.771442,3
① 双预报不可知（光伏+负载都用前一日实际）,2025-11-01,8:50-9:00,0.644025,1
① 双预报不可知（光伏+负载都用前一日实际）,2025-11-01,10:00-10:20,77.454944,2
① 双预报不可知（光伏+负载都用前一日实际）,2025-11-01,10:30-10:40,17.483222,1
① 双预报不可知（光伏+负载都用前一日实际）,2025-11-01,12:40-12:50,25.343903,1
① 双预报不可知（光伏+负载都用前一日实际）,2025-11-01,13:50-14:10,96.136881,2
① 双预报不可知（光伏+负载都用前一日实际）,2025-11-01,15:00-15:30,36.451258,3
① 双预报不可知（光伏+负载都用前一日实际）,2025-11-01,16:00-16:20,59.590083,2
① 双预报不可知（光伏+负载都用前一日实际）,2025-11-01,17:00-17:30,85.990567,3
① 双预报不可知（光伏+负载都用前一日实际）,2025-11-01,17:50-18:00,3.697239,1
① 双预报不可知（光伏+负载都用前一日实际）,2025-11-01,19:30-19:40,4.115283,1
① 双预报不可知（光伏+负载都用前一日实际）,2025-11-01,20:00-20:20,13.139617,2
① 双预报不可知（光伏+负载都用前一日实际）,2025-11-01,20:30-21:00,37.580550,3
① 双预报不可知（光伏+负载都用前一日实际）,2025-11-01,21:20-21:40,42.798289,2
① 双预报不可知（光伏+负载都用前一日实际）,2025-11-01,22:00-22:10,2.174822,1
① 双预报不可知（光伏+负载都用前一日实际）,2025-11-01,22:40-23:30,63.730586,5
① 双预报不可知（光伏+负载都用前一日实际）,2025-11-01,23:40-0:00+1,237.941206,2
① 双预报不可知（光伏+负载都用前一日实际）,2025-11-02,0:00-10:20,17084.144256,62
① 双预报不可知（光伏+负载都用前一日实际）,2025-11-02,10:30-11:00,1436.117108,3
① 双预报不可知（光伏+负载都用前一日实际）,2025-11-02,11:10-11:30,879.424622,2
① 双预报不可知（光伏+负载都用前一日实际）,2025-11-02,11:40-11:50,439.612961,1
① 双预报不可知（光伏+负载都用前一日实际）,2025-11-02,12:10-12:50,1592.216472,4
① 双预报不可知（光伏+负载都用前一日实际）,2025-11-02,13:20-0:00+1,19013.632267,64
① 双预报不可知（光伏+负载都用前一日实际）,2025-11-03,0:10-0:30,21.173544,2
① 双预报不可知（光伏+负载都用前一日实际）,2025-11-03,0:40-1:00,25.572511,2
① 双预报不可知（光伏+负载都用前一日实际）,2025-11-03,1:30-1:50,15.251106,2
① 双预报不可知（光伏+负载都用前一日实际）,2025-11-03,2:20-2:30,9.202186,1
① 双预报不可知（光伏+负载都用前一日实际）,2025-11-03,3:00-3:30,54.590358,3
① 双预报不可知（光伏+负载都用前一日实际）,2025-11-03,3:50-4:10,33.876150,2
① 双预报不可知（光伏+负载都用前一日实际）,2025-11-03,4:30-4:50,12.200128,2
① 双预报不可知（光伏+负载都用前一日实际）,2025-11-03,5:40-6:10,187.601192,3
① 双预报不可知（光伏+负载都用前一日实际）,2025-11-03,6:30-6:50,26.038806,2
① 双预报不可知（光伏+负载都用前一日实际）,2025-11-03,7:50-8:00,182.519883,1
① 双预报不可知（光伏+负载都用前一日实际）,2025-11-03,9:40-13:00,1635.195450,20
① 双预报不可知（光伏+负载都用前一日实际）,2025-11-03,14:30-15:00,16.902067,3
① 双预报不可知（光伏+负载都用前一日实际）,2025-11-03,15:10-17:40,640.195153,15
① 双预报不可知（光伏+负载都用前一日实际）,2025-11-03,21:00-21:40,149.806567,4
① 双预报不可知（光伏+负载都用前一日实际）,2025-11-03,22:00-23:00,84.547100,6
① 双预报不可知（光伏+负载都用前一日实际）,2025-11-03,23:20-0:00+1,124.626339,4
① 双预报不可知（光伏+负载都用前一日实际）,2025-11-04,0:00-0:10,14.745725,1
① 双预报不可知（光伏+负载都用前一日实际）,2025-11-04,0:30-0:50,46.877267,2
① 双预报不可知（光伏+负载都用前一日实际）,2025-11-04,2:20-2:30,5.288269,1
① 双预报不可知（光伏+负载都用前一日实际）,2025-11-04,2:40-3:00,4.310922,2
① 双预报不可知（光伏+负载都用前一日实际）,2025-11-04,3:20-4:00,85.459161,4
① 双预报不可知（光伏+负载都用前一日实际）,2025-11-04,4:20-4:30,2.351306,1
① 双预报不可知（光伏+负载都用前一日实际）,2025-11-04,5:40-6:50,360.364361,7
① 双预报不可知（光伏+负载都用前一日实际）,2025-11-04,7:40-8:10,396.109139,3
① 双预报不可知（光伏+负载都用前一日实际）,2025-11-04,8:30-8:40,12.186161,1
① 双预报不可知（光伏+负载都用前一日实际）,2025-11-04,9:10-9:20,0.802644,1
① 双预报不可知（光伏+负载都用前一日实际）,2025-11-04,9:50-10:10,12.362825,2
① 双预报不可知（光伏+负载都用前一日实际）,2025-11-04,10:50-11:10,48.713192,2
① 双预报不可知（光伏+负载都用前一日实际）,2025-11-04,13:30-14:20,119.244275,5
① 双预报不可知（光伏+负载都用前一日实际）,2025-11-04,14:40-15:00,17.064083,2
① 双预报不可知（光伏+负载都用前一日实际）,2025-11-04,15:50-16:00,17.785325,1
① 双预报不可知（光伏+负载都用前一日实际）,2025-11-04,16:30-16:40,4.434456,1
① 双预报不可知（光伏+负载都用前一日实际）,2025-11-04,17:00-17:40,295.565872,4
① 双预报不可知（光伏+负载都用前一日实际）,2025-11-04,18:00-20:40,267.501111,16
① 双预报不可知（光伏+负载都用前一日实际）,2025-11-04,20:50-21:40,213.094989,5
① 双预报不可知（光伏+负载都用前一日实际）,2025-11-04,22:10-22:20,27.020231,1
① 双预报不可知（光伏+负载都用前一日实际）,2025-11-04,23:30-0:00+1,41.829917,3
① 双预报不可知（光伏+负载都用前一日实际）,2025-11-05,0:20-0:50,28.838050,3
① 双预报不可知（光伏+负载都用前一日实际）,2025-11-05,1:00-2:20,158.707800,8
① 双预报不可知（光伏+负载都用前一日实际）,2025-11-05,2:30-3:00,24.060017,3
① 双预报不可知（光伏+负载都用前一日实际）,2025-11-05,3:50-4:10,7.685683,2
① 双预报不可知（光伏+负载都用前一日实际）,2025-11-05,4:20-5:00,65.859850,4
① 双预报不可知（光伏+负载都用前一日实际）,2025-11-05,5:50-6:10,132.802489,2
① 双预报不可知（光伏+负载都用前一日实际）,2025-11-05,6:30-7:00,65.378442,3
① 双预报不可知（光伏+负载都用前一日实际）,2025-11-05,7:40-10:10,934.314014,15
① 双预报不可知（光伏+负载都用前一日实际）,2025-11-05,11:00-11:20,73.662561,2
① 双预报不可知（光伏+负载都用前一日实际）,2025-11-05,11:30-13:30,1148.125925,12
① 双预报不可知（光伏+负载都用前一日实际）,2025-11-05,14:20-17:40,940.059350,20
① 双预报不可知（光伏+负载都用前一日实际）,2025-11-05,18:00-18:20,15.826433,2
① 双预报不可知（光伏+负载都用前一日实际）,2025-11-05,18:30-18:50,22.256033,2
① 双预报不可知（光伏+负载都用前一日实际）,2025-11-05,20:50-21:40,154.635164,5
① 双预报不可知（光伏+负载都用前一日实际）,2025-11-05,22:10-23:00,75.092647,5
① 双预报不可知（光伏+负载都用前一日实际）,2025-11-05,23:20-23:30,8.391508,1
① 双预报不可知（光伏+负载都用前一日实际）,2025-11-06,0:20-0:50,24.252908,3
① 双预报不可知（光伏+负载都用前一日实际）,2025-11-06,1:30-2:00,58.138642,3
① 双预报不可知（光伏+负载都用前一日实际）,2025-11-06,2:20-3:10,66.541539,5
① 双预报不可知（光伏+负载都用前一日实际）,2025-11-06,3:30-4:00,34.296050,3
① 双预报不可知（光伏+负载都用前一日实际）,2025-11-06,5:40-6:00,171.138150,2
① 双预报不可知（光伏+负载都用前一日实际）,2025-11-06,6:30-6:50,15.720344,2
① 双预报不可知（光伏+负载都用前一日实际）,2025-11-06,7:40-11:20,2250.470017,22
① 双预报不可知（光伏+负载都用前一日实际）,2025-11-06,12:00-14:00,657.872467,12
① 双预报不可知（光伏+负载都用前一日实际）,2025-11-06,16:40-17:40,217.880528,6
① 双预报不可知（光伏+负载都用前一日实际）,2025-11-06,18:10-19:00,48.035150,5
① 双预报不可知（光伏+负载都用前一日实际）,2025-11-06,19:20-19:30,1.802461,1
① 双预报不可知（光伏+负载都用前一日实际）,2025-11-06,20:10-21:40,402.885364,9
① 双预报不可知（光伏+负载都用前一日实际）,2025-11-06,22:10-22:30,8.577267,2
① 双预报不可知（光伏+负载都用前一日实际）,2025-11-06,22:50-23:40,181.997528,5
① 双预报不可知（光伏+负载都用前一日实际）,2025-11-08,0:00-0:20,43.505378,2
① 双预报不可知（光伏+负载都用前一日实际）,2025-11-08,0:40-0:50,3.811639,1
① 双预报不可知（光伏+负载都用前一日实际）,2025-11-08,1:10-1:20,4.501444,1
① 双预报不可知（光伏+负载都用前一日实际）,2025-11-08,1:30-1:40,4.775411,1
① 双预报不可知（光伏+负载都用前一日实际）,2025-11-08,2:10-2:30,14.396911,2
① 双预报不可知（光伏+负载都用前一日实际）,2025-11-08,3:00-3:20,29.215417,2
① 双预报不可知（光伏+负载都用前一日实际）,2025-11-08,4:10-4:50,63.076422,4
① 双预报不可知（光伏+负载都用前一日实际）,2025-11-08,5:30-6:00,21.634842,3
① 双预报不可知（光伏+负载都用前一日实际）,2025-11-08,6:50-7:00,34.577781,1
① 双预报不可知（光伏+负载都用前一日实际）,2025-11-08,11:00-11:30,154.804850,3
① 双预报不可知（光伏+负载都用前一日实际）,2025-11-08,11:40-11:50,43.780994,1
① 双预报不可知（光伏+负载都用前一日实际）,2025-11-08,12:10-12:50,249.392456,4
① 双预报不可知（光伏+负载都用前一日实际）,2025-11-08,13:50-14:10,178.499397,2
① 双预报不可知（光伏+负载都用前一日实际）,2025-11-08,14:20-14:40,35.202600,2
① 双预报不可知（光伏+负载都用前一日实际）,2025-11-08,15:00-16:50,445.421203,11
① 双预报不可知（光伏+负载都用前一日实际）,2025-11-08,18:40-19:10,38.699208,3
① 双预报不可知（光伏+负载都用前一日实际）,2025-11-08,19:20-19:40,26.290567,2
① 双预报不可知（光伏+负载都用前一日实际）,2025-11-08,20:30-20:50,11.651006,2
① 双预报不可知（光伏+负载都用前一日实际）,2025-11-08,21:00-21:50,186.889606,5
① 双预报不可知（光伏+负载都用前一日实际）,2025-11-08,22:10-22:20,0.172561,1
① 双预报不可知（光伏+负载都用前一日实际）,2025-11-08,23:20-23:30,2.531164,1
① 双预报不可知（光伏+负载都用前一日实际）,2025-11-08,23:40-0:00+1,191.420411,2
① 双预报不可知（光伏+负载都用前一日实际）,2025-11-09,0:00-10:20,16731.098281,62
① 双预报不可知（光伏+负载都用前一日实际）,2025-11-09,10:30-11:00,1123.779150,3
① 双预报不可知（光伏+负载都用前一日实际）,2025-11-09,11:10-11:30,905.721411,2
① 双预报不可知（光伏+负载都用前一日实际）,2025-11-09,11:40-11:50,523.600872,1
① 双预报不可知（光伏+负载都用前一日实际）,2025-11-09,12:00-12:50,2206.802225,5
① 双预报不可知（光伏+负载都用前一日实际）,2025-11-09,13:50-0:00+1,20682.779792,61
① 双预报不可知（光伏+负载都用前一日实际）,2025-11-10,0:00-0:50,100.618611,5
① 双预报不可知（光伏+负载都用前一日实际）,2025-11-10,1:10-1:30,42.184400,2
① 双预报不可知（光伏+负载都用前一日实际）,2025-11-10,1:50-2:00,16.615650,1
① 双预报不可知（光伏+负载都用前一日实际）,2025-11-10,2:40-2:50,7.182678,1
① 双预报不可知（光伏+负载都用前一日实际）,2025-11-10,3:50-5:00,154.485892,7
① 双预报不可知（光伏+负载都用前一日实际）,2025-11-10,5:40-6:10,245.214833,3
① 双预报不可知（光伏+负载都用前一日实际）,2025-11-10,6:30-7:00,51.845217,3
① 双预报不可知（光伏+负载都用前一日实际）,2025-11-10,7:40-9:40,924.154428,12
① 双预报不可知（光伏+负载都用前一日实际）,2025-11-10,10:00-14:00,1504.683150,24
① 双预报不可知（光伏+负载都用前一日实际）,2025-11-10,15:20-17:40,602.874589,14
① 双预报不可知（光伏+负载都用前一日实际）,2025-11-10,18:00-18:20,51.111800,2
① 双预报不可知（光伏+负载都用前一日实际）,2025-11-10,18:30-18:50,59.703133,2
① 双预报不可知（光伏+负载都用前一日实际）,2025-11-10,19:10-19:30,17.529872,2
① 双预报不可知（光伏+负载都用前一日实际）,2025-11-10,19:40-20:20,27.698611,4
① 双预报不可知（光伏+负载都用前一日实际）,2025-11-10,20:50-21:50,200.843856,6
① 双预报不可知（光伏+负载都用前一日实际）,2025-11-10,22:50-0:00+1,108.212469,7
① 双预报不可知（光伏+负载都用前一日实际）,2025-11-11,0:10-0:20,15.015875,1
① 双预报不可知（光伏+负载都用前一日实际）,2025-11-11,0:50-1:00,1.742292,1
① 双预报不可知（光伏+负载都用前一日实际）,2025-11-11,1:30-2:00,45.565258,3
① 双预报不可知（光伏+负载都用前一日实际）,2025-11-11,2:20-3:00,54.953711,4
① 双预报不可知（光伏+负载都用前一日实际）,2025-11-11,3:20-3:50,61.982817,3
① 双预报不可知（光伏+负载都用前一日实际）,2025-11-11,5:40-6:10,175.543586,3
① 双预报不可知（光伏+负载都用前一日实际）,2025-11-11,6:20-6:30,28.427481,1
① 双预报不可知（光伏+负载都用前一日实际）,2025-11-11,6:50-7:00,19.845397,1
① 双预报不可知（光伏+负载都用前一日实际）,2025-11-11,7:50-8:00,206.697681,1
① 双预报不可知（光伏+负载都用前一日实际）,2025-11-11,9:10-10:10,202.799325,6
① 双预报不可知（光伏+负载都用前一日实际）,2025-11-11,12:50-13:10,69.674633,2
① 双预报不可知（光伏+负载都用前一日实际）,2025-11-11,14:40-14:50,11.429411,1
① 双预报不可知（光伏+负载都用前一日实际）,2025-11-11,15:20-16:00,28.790928,4
① 双预报不可知（光伏+负载都用前一日实际）,2025-11-11,16:30-16:40,1.208314,1
① 双预报不可知（光伏+负载都用前一日实际）,2025-11-11,17:00-17:40,232.548778,4
① 双预报不可知（光伏+负载都用前一日实际）,2025-11-11,19:00-19:20,12.061511,2
① 双预报不可知（光伏+负载都用前一日实际）,2025-11-11,19:40-20:10,31.163342,3
① 双预报不可知（光伏+负载都用前一日实际）,2025-11-11,21:00-21:40,166.861733,4
① 双预报不可知（光伏+负载都用前一日实际）,2025-11-11,22:00-22:40,102.182883,4
① 双预报不可知（光伏+负载都用前一日实际）,2025-11-11,23:00-23:30,75.425817,3
① 双预报不可知（光伏+负载都用前一日实际）,2025-11-11,23:50-0:00+1,36.788389,1
① 双预报不可知（光伏+负载都用前一日实际）,2025-11-12,0:20-0:30,0.727589,1
① 双预报不可知（光伏+负载都用前一日实际）,2025-11-12,2:10-2:20,0.021889,1
① 双预报不可知（光伏+负载都用前一日实际）,2025-11-12,2:30-3:10,26.409044,4
① 双预报不可知（光伏+负载都用前一日实际）,2025-11-12,3:30-5:00,194.202400,9
① 双预报不可知（光伏+负载都用前一日实际）,2025-11-12,5:50-6:30,169.387658,4
① 双预报不可知（光伏+负载都用前一日实际）,2025-11-12,6:50-7:00,23.758556,1
① 双预报不可知（光伏+负载都用前一日实际）,2025-11-12,7:40-9:00,485.851450,8
① 双预报不可知（光伏+负载都用前一日实际）,2025-11-12,9:40-10:00,36.587772,2
① 双预报不可知（光伏+负载都用前一日实际）,2025-11-12,10:20-10:40,41.525817,2
① 双预报不可知（光伏+负载都用前一日实际）,2025-11-12,11:20-11:40,47.770339,2
① 双预报不可知（光伏+负载都用前一日实际）,2025-11-12,13:10-14:30,401.559739,8
① 双预报不可知（光伏+负载都用前一日实际）,2025-11-12,16:40-17:40,339.760400,6
① 双预报不可知（光伏+负载都用前一日实际）,2025-11-12,18:20-18:50,47.001267,3
① 双预报不可知（光伏+负载都用前一日实际）,2025-11-12,19:20-20:40,97.264244,8
① 双预报不可知（光伏+负载都用前一日实际）,2025-11-12,21:00-21:40,135.035300,4
① 双预报不可知（光伏+负载都用前一日实际）,2025-11-12,22:10-22:40,22.197033,3
① 双预报不可知（光伏+负载都用前一日实际）,2025-11-12,23:50-0:00+1,0.907372,1
① 双预报不可知（光伏+负载都用前一日实际）,2025-11-13,0:00-0:40,55.944056,4
① 双预报不可知（光伏+负载都用前一日实际）,2025-11-13,0:50-1:20,57.860925,3
① 双预报不可知（光伏+负载都用前一日实际）,2025-11-13,1:50-3:10,136.880831,8
① 双预报不可知（光伏+负载都用前一日实际）,2025-11-13,3:50-4:10,36.473719,2
① 双预报不可知（光伏+负载都用前一日实际）,2025-11-13,4:40-5:00,12.447589,2
① 双预报不可知（光伏+负载都用前一日实际）,2025-11-13,5:40-6:10,202.782708,3
① 双预报不可知（光伏+负载都用前一日实际）,2025-11-13,6:50-7:00,26.751008,1
① 双预报不可知（光伏+负载都用前一日实际）,2025-11-13,7:40-8:00,294.689067,2
① 双预报不可知（光伏+负载都用前一日实际）,2025-11-13,10:40-10:50,16.669242,1
① 双预报不可知（光伏+负载都用前一日实际）,2025-11-13,11:00-13:10,1558.581925,13
① 双预报不可知（光伏+负载都用前一日实际）,2025-11-13,13:20-16:20,767.800000,18
① 双预报不可知（光伏+负载都用前一日实际）,2025-11-13,16:30-17:40,402.633653,7
① 双预报不可知（光伏+负载都用前一日实际）,2025-11-13,18:30-19:00,84.403608,3
① 双预报不可知（光伏+负载都用前一日实际）,2025-11-13,19:30-20:30,94.808617,6
① 双预报不可知（光伏+负载都用前一日实际）,2025-11-13,21:00-21:40,183.687089,4
① 双预报不可知（光伏+负载都用前一日实际）,2025-11-13,22:10-22:20,4.148847,1
① 双预报不可知（光伏+负载都用前一日实际）,2025-11-13,22:30-22:50,14.616294,2
① 双预报不可知（光伏+负载都用前一日实际）,2025-11-13,23:00-23:20,65.968044,2
① 双预报不可知（光伏+负载都用前一日实际）,2025-11-15,0:50-1:00,5.356622,1
① 双预报不可知（光伏+负载都用前一日实际）,2025-11-15,1:20-1:40,23.718917,2
① 双预报不可知（光伏+负载都用前一日实际）,2025-11-15,2:40-5:00,262.769139,14
① 双预报不可知（光伏+负载都用前一日实际）,2025-11-15,5:10-5:20,1.664875,1
① 双预报不可知（光伏+负载都用前一日实际）,2025-11-15,6:40-8:30,317.704522,11
① 双预报不可知（光伏+负载都用前一日实际）,2025-11-15,8:40-9:50,510.071183,7
① 双预报不可知（光伏+负载都用前一日实际）,2025-11-15,10:00-10:40,299.689261,4
① 双预报不可知（光伏+负载都用前一日实际）,2025-11-15,12:40-12:50,5.309897,1
① 双预报不可知（光伏+负载都用前一日实际）,2025-11-15,13:00-13:20,102.211050,2
① 双预报不可知（光伏+负载都用前一日实际）,2025-11-15,15:00-15:10,2.662264,1
① 双预报不可知（光伏+负载都用前一日实际）,2025-11-15,15:50-16:00,8.921014,1
① 双预报不可知（光伏+负载都用前一日实际）,2025-11-15,16:30-16:40,21.836667,1
① 双预报不可知（光伏+负载都用前一日实际）,2025-11-15,17:10-17:40,42.725367,3
① 双预报不可知（光伏+负载都用前一日实际）,2025-11-15,18:50-19:00,0.215914,1
① 双预报不可知（光伏+负载都用前一日实际）,2025-11-15,19:20-20:40,130.418228,8
① 双预报不可知（光伏+负载都用前一日实际）,2025-11-15,21:00-21:20,19.541433,2
① 双预报不可知（光伏+负载都用前一日实际）,2025-11-15,21:30-21:50,38.868983,2
① 双预报不可知（光伏+负载都用前一日实际）,2025-11-15,22:00-23:20,150.525778,8
① 双预报不可知（光伏+负载都用前一日实际）,2025-11-15,23:40-0:00+1,151.218211,2
① 双预报不可知（光伏+负载都用前一日实际）,2025-11-16,0:00-11:30,20311.709147,69
① 双预报不可知（光伏+负载都用前一日实际）,2025-11-16,11:40-12:50,2034.312739,7
① 双预报不可知（光伏+负载都用前一日实际）,2025-11-16,13:00-13:20,773.451100,2
① 双预报不可知（光伏+负载都用前一日实际）,2025-11-16,13:30-0:00+1,20285.965211,63
① 双预报不可知（光伏+负载都用前一日实际）,2025-11-17,0:50-1:20,121.423953,3
① 双预报不可知（光伏+负载都用前一日实际）,2025-11-17,1:40-2:10,115.184678,3
① 双预报不可知（光伏+负载都用前一日实际）,2025-11-17,2:40-3:20,58.202611,4
① 双预报不可知（光伏+负载都用前一日实际）,2025-11-17,3:30-4:00,17.688117,3
① 双预报不可知（光伏+负载都用前一日实际）,2025-11-17,4:30-4:50,41.017044,2
① 双预报不可知（光伏+负载都用前一日实际）,2025-11-17,5:50-6:00,105.226394,1
① 双预报不可知（光伏+负载都用前一日实际）,2025-11-17,6:30-6:50,7.351600,2
① 双预报不可知（光伏+负载都用前一日实际）,2025-11-17,7:40-8:20,437.080083,4
① 双预报不可知（光伏+负载都用前一日实际）,2025-11-17,8:30-8:50,5.664811,2
① 双预报不可知（光伏+负载都用前一日实际）,2025-11-17,9:10-9:40,125.384467,3
① 双预报不可知（光伏+负载都用前一日实际）,2025-11-17,12:40-13:10,242.252894,3
① 双预报不可知（光伏+负载都用前一日实际）,2025-11-17,13:20-13:30,15.962578,1
① 双预报不可知（光伏+负载都用前一日实际）,2025-11-17,14:00-14:20,7.821394,2
① 双预报不可知（光伏+负载都用前一日实际）,2025-11-17,16:30-17:40,238.474297,7
① 双预报不可知（光伏+负载都用前一日实际）,2025-11-17,18:20-18:30,2.641028,1
① 双预报不可知（光伏+负载都用前一日实际）,2025-11-17,19:00-19:50,52.016603,5
① 双预报不可知（光伏+负载都用前一日实际）,2025-11-17,20:30-20:40,5.999467,1
① 双预报不可知（光伏+负载都用前一日实际）,2025-11-17,21:00-21:40,141.723789,4
① 双预报不可知（光伏+负载都用前一日实际）,2025-11-17,22:00-22:20,12.594933,2
① 双预报不可知（光伏+负载都用前一日实际）,2025-11-17,23:00-23:20,4.418072,2
① 双预报不可知（光伏+负载都用前一日实际）,2025-11-18,0:00-0:20,50.537739,2
① 双预报不可知（光伏+负载都用前一日实际）,2025-11-18,0:30-1:00,29.670742,3
① 双预报不可知（光伏+负载都用前一日实际）,2025-11-18,1:10-1:30,15.528433,2
① 双预报不可知（光伏+负载都用前一日实际）,2025-11-18,2:00-2:10,3.531550,1
① 双预报不可知（光伏+负载都用前一日实际）,2025-11-18,2:30-3:00,49.031183,3
① 双预报不可知（光伏+负载都用前一日实际）,2025-11-18,3:10-3:30,16.423139,2
① 双预报不可知（光伏+负载都用前一日实际）,2025-11-18,4:00-4:50,62.259169,5
① 双预报不可知（光伏+负载都用前一日实际）,2025-11-18,5:40-6:20,209.027389,4
① 双预报不可知（光伏+负载都用前一日实际）,2025-11-18,6:30-6:50,4.493011,2
① 双预报不可知（光伏+负载都用前一日实际）,2025-11-18,7:50-8:00,212.146569,1
① 双预报不可知（光伏+负载都用前一日实际）,2025-11-18,10:00-11:10,148.199458,7
① 双预报不可知（光伏+负载都用前一日实际）,2025-11-18,11:20-17:40,2938.833150,38
① 双预报不可知（光伏+负载都用前一日实际）,2025-11-18,18:30-19:20,46.388233,5
① 双预报不可知（光伏+负载都用前一日实际）,2025-11-18,20:00-20:20,27.175833,2
① 双预报不可知（光伏+负载都用前一日实际）,2025-11-18,20:40-21:40,244.747922,6
① 双预报不可知（光伏+负载都用前一日实际）,2025-11-18,22:10-23:00,114.176850,5
① 双预报不可知（光伏+负载都用前一日实际）,2025-11-18,23:30-23:50,53.558000,2
① 双预报不可知（光伏+负载都用前一日实际）,2025-11-19,0:40-1:00,32.045844,2
① 双预报不可知（光伏+负载都用前一日实际）,2025-11-19,1:20-2:40,92.481461,8
① 双预报不可知（光伏+负载都用前一日实际）,2025-11-19,2:50-4:00,167.607664,7
① 双预报不可知（光伏+负载都用前一日实际）,2025-11-19,4:20-5:00,32.122667,4
① 双预报不可知（光伏+负载都用前一日实际）,2025-11-19,5:40-6:10,254.848575,3
① 双预报不可知（光伏+负载都用前一日实际）,2025-11-19,6:20-7:00,101.267733,4
① 双预报不可知（光伏+负载都用前一日实际）,2025-11-19,7:40-11:40,1783.989139,24
① 双预报不可知（光伏+负载都用前一日实际）,2025-11-19,15:40-15:50,10.179478,1
① 双预报不可知（光伏+负载都用前一日实际）,2025-11-19,16:20-16:30,11.709339,1
① 双预报不可知（光伏+负载都用前一日实际）,2025-11-19,17:00-17:40,283.177794,4
① 双预报不可知（光伏+负载都用前一日实际）,2025-11-19,18:10-18:50,56.286244,4
① 双预报不可知（光伏+负载都用前一日实际）,2025-11-19,19:00-19:10,2.721311,1
① 双预报不可知（光伏+负载都用前一日实际）,2025-11-19,19:30-20:00,28.864733,3
① 双预报不可知（光伏+负载都用前一日实际）,2025-11-19,20:10-21:40,270.978189,9
① 双预报不可知（光伏+负载都用前一日实际）,2025-11-19,22:10-22:30,16.869150,2
① 双预报不可知（光伏+负载都用前一日实际）,2025-11-19,22:50-0:00+1,135.905692,7
① 双预报不可知（光伏+负载都用前一日实际）,2025-11-20,0:20-0:30,6.469944,1
① 双预报不可知（光伏+负载都用前一日实际）,2025-11-20,0:50-1:10,27.890911,2
① 双预报不可知（光伏+负载都用前一日实际）,2025-11-20,1:30-1:50,4.761250,2
① 双预报不可知（光伏+负载都用前一日实际）,2025-11-20,2:00-2:10,4.973561,1
① 双预报不可知（光伏+负载都用前一日实际）,2025-11-20,2:30-2:50,45.270706,2
① 双预报不可知（光伏+负载都用前一日实际）,2025-11-20,3:30-3:50,4.918917,2
① 双预报不可知（光伏+负载都用前一日实际）,2025-11-20,4:00-4:10,1.786225,1
① 双预报不可知（光伏+负载都用前一日实际）,2025-11-20,4:30-4:50,48.483433,2
① 双预报不可知（光伏+负载都用前一日实际）,2025-11-20,5:40-6:00,139.399339,2
① 双预报不可知（光伏+负载都用前一日实际）,2025-11-20,7:40-8:10,264.889497,3
① 双预报不可知（光伏+负载都用前一日实际）,2025-11-20,12:00-15:50,1510.719144,23
① 双预报不可知（光伏+负载都用前一日实际）,2025-11-20,16:10-16:30,27.450833,2
① 双预报不可知（光伏+负载都用前一日实际）,2025-11-20,16:40-17:40,370.553606,6
① 双预报不可知（光伏+负载都用前一日实际）,2025-11-20,18:00-18:20,25.788467,2
① 双预报不可知（光伏+负载都用前一日实际）,2025-11-20,18:40-19:20,69.334389,4
① 双预报不可知（光伏+负载都用前一日实际）,2025-11-20,20:50-21:40,290.513031,5
① 双预报不可知（光伏+负载都用前一日实际）,2025-11-20,22:30-22:40,2.925169,1
① 双预报不可知（光伏+负载都用前一日实际）,2025-11-20,23:10-23:40,64.142000,3
① 双预报不可知（光伏+负载都用前一日实际）,2025-11-22,0:10-0:20,17.776275,1
① 双预报不可知（光伏+负载都用前一日实际）,2025-11-22,0:30-0:50,25.603583,2
① 双预报不可知（光伏+负载都用前一日实际）,2025-11-22,1:20-1:30,3.791458,1
① 双预报不可知（光伏+负载都用前一日实际）,2025-11-22,2:20-2:30,1.289233,1
① 双预报不可知（光伏+负载都用前一日实际）,2025-11-22,2:50-3:10,39.743864,2
① 双预报不可知（光伏+负载都用前一日实际）,2025-11-22,3:40-3:50,8.814214,1
① 双预报不可知（光伏+负载都用前一日实际）,2025-11-22,4:00-5:20,118.656244,8
① 双预报不可知（光伏+负载都用前一日实际）,2025-11-22,5:50-6:00,20.729381,1
① 双预报不可知（光伏+负载都用前一日实际）,2025-11-22,6:40-7:10,142.378133,3
① 双预报不可知（光伏+负载都用前一日实际）,2025-11-22,7:30-7:50,35.195161,2
① 双预报不可知（光伏+负载都用前一日实际）,2025-11-22,8:10-8:30,28.435500,2
① 双预报不可知（光伏+负载都用前一日实际）,2025-11-22,8:40-9:50,581.123108,7
① 双预报不可知（光伏+负载都用前一日实际）,2025-11-22,10:00-11:20,751.287172,8
① 双预报不可知（光伏+负载都用前一日实际）,2025-11-22,12:40-12:50,10.878511,1
① 双预报不可知（光伏+负载都用前一日实际）,2025-11-22,13:00-13:10,9.653000,1
① 双预报不可知（光伏+负载都用前一日实际）,2025-11-22,13:50-14:10,60.621906,2
① 双预报不可知（光伏+负载都用前一日实际）,2025-11-22,15:00-15:20,20.254322,2
① 双预报不可知（光伏+负载都用前一日实际）,2025-11-22,16:00-16:50,283.907422,5
① 双预报不可知（光伏+负载都用前一日实际）,2025-11-22,17:20-17:30,5.132200,1
① 双预报不可知（光伏+负载都用前一日实际）,2025-11-22,18:00-18:10,4.921333,1
① 双预报不可知（光伏+负载都用前一日实际）,2025-11-22,18:20-19:00,64.470267,4
① 双预报不可知（光伏+负载都用前一日实际）,2025-11-22,19:20-20:20,143.730206,6
① 双预报不可知（光伏+负载都用前一日实际）,2025-11-22,20:30-21:00,57.914042,3
① 双预报不可知（光伏+负载都用前一日实际）,2025-11-22,21:30-21:40,20.926381,1
① 双预报不可知（光伏+负载都用前一日实际）,2025-11-22,22:20-22:30,25.863325,1
① 双预报不可知（光伏+负载都用前一日实际）,2025-11-22,22:50-23:20,96.007958,3
① 双预报不可知（光伏+负载都用前一日实际）,2025-11-22,23:40-0:00+1,187.873233,2
① 双预报不可知（光伏+负载都用前一日实际）,2025-11-23,0:00-12:50,23326.299211,77
① 双预报不可知（光伏+负载都用前一日实际）,2025-11-23,13:00-13:20,616.389272,2
① 双预报不可知（光伏+负载都用前一日实际）,2025-11-23,13:40-0:00+1,19297.642909,62
① 双预报不可知（光伏+负载都用前一日实际）,2025-11-24,0:00-0:20,19.911906,2
① 双预报不可知（光伏+负载都用前一日实际）,2025-11-24,0:50-2:00,137.774986,7
① 双预报不可知（光伏+负载都用前一日实际）,2025-11-24,2:50-4:00,68.058708,7
① 双预报不可知（光伏+负载都用前一日实际）,2025-11-24,4:30-4:50,15.907811,2
① 双预报不可知（光伏+负载都用前一日实际）,2025-11-24,5:50-6:20,225.442825,3
① 双预报不可知（光伏+负载都用前一日实际）,2025-11-24,6:40-7:00,8.130211,2
① 双预报不可知（光伏+负载都用前一日实际）,2025-11-24,7:50-8:00,181.776694,1
① 双预报不可知（光伏+负载都用前一日实际）,2025-11-24,12:00-13:50,935.188406,11
① 双预报不可知（光伏+负载都用前一日实际）,2025-11-24,14:00-16:20,788.481028,14
① 双预报不可知（光伏+负载都用前一日实际）,2025-11-24,16:30-16:50,13.981578,2
① 双预报不可知（光伏+负载都用前一日实际）,2025-11-24,17:00-17:40,198.290672,4
① 双预报不可知（光伏+负载都用前一日实际）,2025-11-24,18:30-19:10,64.500314,4
① 双预报不可知（光伏+负载都用前一日实际）,2025-11-24,19:30-20:20,115.170892,5
① 双预报不可知（光伏+负载都用前一日实际）,2025-11-24,20:40-21:40,176.493628,6
① 双预报不可知（光伏+负载都用前一日实际）,2025-11-24,22:30-0:00+1,211.225992,9
① 双预报不可知（光伏+负载都用前一日实际）,2025-11-25,1:30-1:50,1.901389,2
① 双预报不可知（光伏+负载都用前一日实际）,2025-11-25,2:10-3:00,165.371125,5
① 双预报不可知（光伏+负载都用前一日实际）,2025-11-25,3:20-4:20,94.211667,6
① 双预报不可知（光伏+负载都用前一日实际）,2025-11-25,4:30-5:00,65.229725,3
① 双预报不可知（光伏+负载都用前一日实际）,2025-11-25,5:50-6:10,113.581825,2
① 双预报不可知（光伏+负载都用前一日实际）,2025-11-25,7:40-12:30,2645.550856,29
① 双预报不可知（光伏+负载都用前一日实际）,2025-11-25,12:40-13:30,132.760408,5
① 双预报不可知（光伏+负载都用前一日实际）,2025-11-25,13:40-14:10,79.046958,3
① 双预报不可知（光伏+负载都用前一日实际）,2025-11-25,15:10-15:20,12.734444,1
① 双预报不可知（光伏+负载都用前一日实际）,2025-11-25,16:00-16:50,104.224575,5
① 双预报不可知（光伏+负载都用前一日实际）,2025-11-25,17:00-17:40,281.204828,4
① 双预报不可知（光伏+负载都用前一日实际）,2025-11-25,18:10-18:20,1.939967,1
① 双预报不可知（光伏+负载都用前一日实际）,2025-11-25,18:50-19:30,50.506775,4
① 双预报不可知（光伏+负载都用前一日实际）,2025-11-25,21:00-21:40,203.221167,4
① 双预报不可知（光伏+负载都用前一日实际）,2025-11-25,22:10-22:30,18.027456,2
① 双预报不可知（光伏+负载都用前一日实际）,2025-11-25,22:40-23:00,17.501389,2
① 双预报不可知（光伏+负载都用前一日实际）,2025-11-25,23:30-23:40,9.311667,1
① 双预报不可知（光伏+负载都用前一日实际）,2025-11-26,0:20-0:30,5.697969,1
① 双预报不可知（光伏+负载都用前一日实际）,2025-11-26,0:40-1:00,47.502706,2
① 双预报不可知（光伏+负载都用前一日实际）,2025-11-26,2:10-2:50,63.023456,4
① 双预报不可知（光伏+负载都用前一日实际）,2025-11-26,3:40-3:50,0.163686,1
① 双预报不可知（光伏+负载都用前一日实际）,2025-11-26,5:40-6:30,350.427444,5
① 双预报不可知（光伏+负载都用前一日实际）,2025-11-26,7:40-8:30,286.503078,5
① 双预报不可知（光伏+负载都用前一日实际）,2025-11-26,9:20-10:50,201.817411,9
① 双预报不可知（光伏+负载都用前一日实际）,2025-11-26,11:10-11:20,9.242306,1
① 双预报不可知（光伏+负载都用前一日实际）,2025-11-26,11:40-13:30,551.452961,11
① 双预报不可知（光伏+负载都用前一日实际）,2025-11-26,13:40-15:20,492.298594,10
① 双预报不可知（光伏+负载都用前一日实际）,2025-11-26,15:40-16:10,75.440628,3
① 双预报不可知（光伏+负载都用前一日实际）,2025-11-26,16:30-16:50,20.510694,2
① 双预报不可知（光伏+负载都用前一日实际）,2025-11-26,17:00-17:40,211.833300,4
① 双预报不可知（光伏+负载都用前一日实际）,2025-11-26,18:10-18:20,21.270122,1
① 双预报不可知（光伏+负载都用前一日实际）,2025-11-26,18:30-19:10,59.338528,4
① 双预报不可知（光伏+负载都用前一日实际）,2025-11-26,20:10-20:30,30.837294,2
① 双预报不可知（光伏+负载都用前一日实际）,2025-11-26,21:00-21:40,102.476783,4
① 双预报不可知（光伏+负载都用前一日实际）,2025-11-26,22:10-22:30,18.793822,2
① 双预报不可知（光伏+负载都用前一日实际）,2025-11-26,23:00-23:30,39.150667,3
① 双预报不可知（光伏+负载都用前一日实际）,2025-11-26,23:50-0:00+1,15.900750,1
① 双预报不可知（光伏+负载都用前一日实际）,2025-11-27,0:20-0:50,51.253858,3
① 双预报不可知（光伏+负载都用前一日实际）,2025-11-27,1:20-2:00,105.393828,4
① 双预报不可知（光伏+负载都用前一日实际）,2025-11-27,3:10-3:30,26.437328,2
① 双预报不可知（光伏+负载都用前一日实际）,2025-11-27,3:40-4:20,50.540111,4
① 双预报不可知（光伏+负载都用前一日实际）,2025-11-27,4:30-5:00,81.159700,3
① 双预报不可知（光伏+负载都用前一日实际）,2025-11-27,5:40-6:00,190.076656,2
① 双预报不可知（光伏+负载都用前一日实际）,2025-11-27,6:20-6:30,10.274478,1
① 双预报不可知（光伏+负载都用前一日实际）,2025-11-27,6:50-7:00,7.539061,1
① 双预报不可知（光伏+负载都用前一日实际）,2025-11-27,7:40-8:10,304.293125,3
① 双预报不可知（光伏+负载都用前一日实际）,2025-11-27,9:40-9:50,4.501486,1
① 双预报不可知（光伏+负载都用前一日实际）,2025-11-27,11:00-11:20,58.021689,2
① 双预报不可知（光伏+负载都用前一日实际）,2025-11-27,12:50-13:00,18.687019,1
① 双预报不可知（光伏+负载都用前一日实际）,2025-11-27,13:40-14:10,50.960578,3
① 双预报不可知（光伏+负载都用前一日实际）,2025-11-27,14:30-14:50,80.653189,2
① 双预报不可知（光伏+负载都用前一日实际）,2025-11-27,15:00-17:50,811.288253,17
① 双预报不可知（光伏+负载都用前一日实际）,2025-11-27,18:20-18:30,13.431408,1
① 双预报不可知（光伏+负载都用前一日实际）,2025-11-27,19:00-19:20,14.671050,2
① 双预报不可知（光伏+负载都用前一日实际）,2025-11-27,19:30-20:40,112.664517,7
① 双预报不可知（光伏+负载都用前一日实际）,2025-11-27,21:00-21:40,226.608411,4
① 双预报不可知（光伏+负载都用前一日实际）,2025-11-27,22:00-22:20,15.350056,2
① 双预报不可知（光伏+负载都用前一日实际）,2025-11-27,22:30-22:50,45.562289,2
① 双预报不可知（光伏+负载都用前一日实际）,2025-11-27,23:10-23:20,4.304208,1
① 双预报不可知（光伏+负载都用前一日实际）,2025-11-29,1:10-1:20,5.281647,1
① 双预报不可知（光伏+负载都用前一日实际）,2025-11-29,1:40-2:40,95.600089,6
① 双预报不可知（光伏+负载都用前一日实际）,2025-11-29,3:30-4:00,57.808508,3
① 双预报不可知（光伏+负载都用前一日实际）,2025-11-29,4:20-4:40,52.485822,2
① 双预报不可知（光伏+负载都用前一日实际）,2025-11-29,5:30-5:40,0.491725,1
① 双预报不可知（光伏+负载都用前一日实际）,2025-11-29,6:10-7:00,67.559553,5
① 双预报不可知（光伏+负载都用前一日实际）,2025-11-29,7:10-7:30,47.158617,2
① 双预报不可知（光伏+负载都用前一日实际）,2025-11-29,7:50-8:00,22.736575,1
① 双预报不可知（光伏+负载都用前一日实际）,2025-11-29,8:40-9:30,171.003214,5
① 双预报不可知（光伏+负载都用前一日实际）,2025-11-29,9:40-9:50,22.526058,1
① 双预报不可知（光伏+负载都用前一日实际）,2025-11-29,10:00-10:10,14.152453,1
① 双预报不可知（光伏+负载都用前一日实际）,2025-11-29,10:20-12:50,1858.221797,15
① 双预报不可知（光伏+负载都用前一日实际）,2025-11-29,13:00-13:20,412.317667,2
① 双预报不可知（光伏+负载都用前一日实际）,2025-11-29,13:40-15:50,1126.983006,13
① 双预报不可知（光伏+负载都用前一日实际）,2025-11-29,16:00-16:40,45.724222,4
① 双预报不可知（光伏+负载都用前一日实际）,2025-11-29,17:30-17:40,2.785744,1
① 双预报不可知（光伏+负载都用前一日实际）,2025-11-29,18:20-18:30,2.180342,1
① 双预报不可知（光伏+负载都用前一日实际）,2025-11-29,18:50-19:00,14.133675,1
① 双预报不可知（光伏+负载都用前一日实际）,2025-11-29,20:00-20:20,44.590428,2
① 双预报不可知（光伏+负载都用前一日实际）,2025-11-29,20:40-21:40,107.898878,6
① 双预报不可知（光伏+负载都用前一日实际）,2025-11-29,22:00-22:20,11.329172,2
① 双预报不可知（光伏+负载都用前一日实际）,2025-11-29,22:30-0:00+1,475.839550,9
① 双预报不可知（光伏+负载都用前一日实际）,2025-11-30,0:00-0:00+1,45315.378017,144
① 双预报不可知（光伏+负载都用前一日实际）,2025-12-01,0:00-5:30,2093.472750,33
① 双预报不可知（光伏+负载都用前一日实际）,2025-12-01,5:40-10:50,3196.459033,31
① 双预报不可知（光伏+负载都用前一日实际）,2025-12-01,12:20-12:30,10.327403,1
① 双预报不可知（光伏+负载都用前一日实际）,2025-12-01,12:50-14:20,886.441869,9
① 双预报不可知（光伏+负载都用前一日实际）,2025-12-01,14:50-15:50,203.470961,6
① 双预报不可知（光伏+负载都用前一日实际）,2025-12-01,16:20-17:40,305.130017,8
① 双预报不可知（光伏+负载都用前一日实际）,2025-12-01,18:10-18:30,28.585389,2
① 双预报不可知（光伏+负载都用前一日实际）,2025-12-01,18:40-19:00,30.875306,2
① 双预报不可知（光伏+负载都用前一日实际）,2025-12-01,19:30-20:30,86.960942,6
① 双预报不可知（光伏+负载都用前一日实际）,2025-12-01,20:50-21:40,177.073675,5
① 双预报不可知（光伏+负载都用前一日实际）,2025-12-01,22:00-22:10,2.972075,1
① 双预报不可知（光伏+负载都用前一日实际）,2025-12-01,22:40-23:20,76.050600,4
① 双预报不可知（光伏+负载都用前一日实际）,2025-12-01,23:30-0:00+1,101.280833,3
① 双预报不可知（光伏+负载都用前一日实际）,2025-12-02,1:20-1:30,16.794825,1
① 双预报不可知（光伏+负载都用前一日实际）,2025-12-02,1:40-2:00,72.273667,2
① 双预报不可知（光伏+负载都用前一日实际）,2025-12-02,2:20-3:00,105.493717,4
① 双预报不可知（光伏+负载都用前一日实际）,2025-12-02,3:30-4:00,56.003150,3
① 双预报不可知（光伏+负载都用前一日实际）,2025-12-02,4:40-5:10,12.639781,3
① 双预报不可知（光伏+负载都用前一日实际）,2025-12-02,5:40-6:10,181.956033,3
① 双预报不可知（光伏+负载都用前一日实际）,2025-12-02,6:30-6:40,1.815689,1
① 双预报不可知（光伏+负载都用前一日实际）,2025-12-02,7:40-8:30,473.598403,5
① 双预报不可知（光伏+负载都用前一日实际）,2025-12-02,8:50-11:50,1585.907642,18
① 双预报不可知（光伏+负载都用前一日实际）,2025-12-02,12:00-13:00,283.452450,6
① 双预报不可知（光伏+负载都用前一日实际）,2025-12-02,14:00-15:40,309.614722,10
① 双预报不可知（光伏+负载都用前一日实际）,2025-12-02,15:50-17:40,480.908333,11
① 双预报不可知（光伏+负载都用前一日实际）,2025-12-02,18:10-19:00,173.048586,5
① 双预报不可知（光伏+负载都用前一日实际）,2025-12-02,19:20-20:10,88.057019,5
① 双预报不可知（光伏+负载都用前一日实际）,2025-12-02,20:40-21:40,279.660772,6
① 双预报不可知（光伏+负载都用前一日实际）,2025-12-02,22:10-22:40,29.846183,3
① 双预报不可知（光伏+负载都用前一日实际）,2025-12-02,23:20-23:40,14.563078,2
① 双预报不可知（光伏+负载都用前一日实际）,2025-12-03,0:10-0:50,20.846083,4
① 双预报不可知（光伏+负载都用前一日实际）,2025-12-03,1:00-1:20,22.900206,2
① 双预报不可知（光伏+负载都用前一日实际）,2025-12-03,1:30-1:50,18.518189,2
① 双预报不可知（光伏+负载都用前一日实际）,2025-12-03,2:20-2:30,4.518811,1
① 双预报不可知（光伏+负载都用前一日实际）,2025-12-03,3:40-5:00,136.876950,8
① 双预报不可知（光伏+负载都用前一日实际）,2025-12-03,5:40-6:00,167.830817,2
① 双预报不可知（光伏+负载都用前一日实际）,2025-12-03,6:20-6:30,4.651586,1
① 双预报不可知（光伏+负载都用前一日实际）,2025-12-03,7:40-8:00,230.437517,2
① 双预报不可知（光伏+负载都用前一日实际）,2025-12-03,8:50-9:10,23.473583,2
① 双预报不可知（光伏+负载都用前一日实际）,2025-12-03,11:20-14:00,850.992650,16
① 双预报不可知（光伏+负载都用前一日实际）,2025-12-03,14:10-14:50,99.409378,4
① 双预报不可知（光伏+负载都用前一日实际）,2025-12-03,15:00-15:10,7.038261,1
① 双预报不可知（光伏+负载都用前一日实际）,2025-12-03,16:20-16:40,57.343289,2
① 双预报不可知（光伏+负载都用前一日实际）,2025-12-03,17:00-17:40,176.878822,4
① 双预报不可知（光伏+负载都用前一日实际）,2025-12-03,19:00-19:10,0.009183,1
① 双预报不可知（光伏+负载都用前一日实际）,2025-12-03,20:10-20:30,44.122772,2
① 双预报不可知（光伏+负载都用前一日实际）,2025-12-03,20:40-21:40,157.587461,6
① 双预报不可知（光伏+负载都用前一日实际）,2025-12-03,22:10-22:20,3.686122,1
① 双预报不可知（光伏+负载都用前一日实际）,2025-12-03,22:30-22:50,5.092878,2
① 双预报不可知（光伏+负载都用前一日实际）,2025-12-03,23:10-0:00+1,58.843731,5
① 双预报不可知（光伏+负载都用前一日实际）,2025-12-04,0:00-0:10,10.905431,1
① 双预报不可知（光伏+负载都用前一日实际）,2025-12-04,0:40-1:00,51.363561,2
① 双预报不可知（光伏+负载都用前一日实际）,2025-12-04,2:10-3:00,75.748128,5
① 双预报不可知（光伏+负载都用前一日实际）,2025-12-04,3:10-4:20,246.915794,7
① 双预报不可知（光伏+负载都用前一日实际）,2025-12-04,4:30-4:50,28.660294,2
① 双预报不可知（光伏+负载都用前一日实际）,2025-12-04,5:40-6:10,235.721039,3
① 双预报不可知（光伏+负载都用前一日实际）,2025-12-04,6:20-7:00,132.304861,4
① 双预报不可知（光伏+负载都用前一日实际）,2025-12-04,7:50-11:20,1347.835017,21
① 双预报不可知（光伏+负载都用前一日实际）,2025-12-04,15:10-15:50,68.675228,4
① 双预报不可知（光伏+负载都用前一日实际）,2025-12-04,16:00-16:20,35.924739,2
① 双预报不可知（光伏+负载都用前一日实际）,2025-12-04,16:30-16:50,41.898089,2
① 双预报不可知（光伏+负载都用前一日实际）,2025-12-04,17:00-17:50,402.370489,5
① 双预报不可知（光伏+负载都用前一日实际）,2025-12-04,18:10-19:30,122.256756,8
① 双预报不可知（光伏+负载都用前一日实际）,2025-12-04,19:40-20:10,71.013061,3
① 双预报不可知（光伏+负载都用前一日实际）,2025-12-04,20:20-20:50,76.700533,3
① 双预报不可知（光伏+负载都用前一日实际）,2025-12-04,21:00-21:40,124.821806,4
① 双预报不可知（光伏+负载都用前一日实际）,2025-12-04,22:00-22:20,6.350761,2
① 双预报不可知（光伏+负载都用前一日实际）,2025-12-04,22:40-23:40,88.513283,6
① 双预报不可知（光伏+负载都用前一日实际）,2025-12-06,0:00-1:00,111.884667,6
① 双预报不可知（光伏+负载都用前一日实际）,2025-12-06,1:20-2:10,66.600347,5
① 双预报不可知（光伏+负载都用前一日实际）,2025-12-06,2:40-2:50,7.035231,1
① 双预报不可知（光伏+负载都用前一日实际）,2025-12-06,3:10-4:00,138.939961,5
① 双预报不可知（光伏+负载都用前一日实际）,2025-12-06,4:20-5:00,82.031633,4
① 双预报不可知（光伏+负载都用前一日实际）,2025-12-06,5:40-6:00,35.242022,2
① 双预报不可知（光伏+负载都用前一日实际）,2025-12-06,6:40-7:10,114.677936,3
① 双预报不可知（光伏+负载都用前一日实际）,2025-12-06,8:10-8:20,1.762744,1
① 双预报不可知（光伏+负载都用前一日实际）,2025-12-06,8:50-13:10,2332.029861,26
① 双预报不可知（光伏+负载都用前一日实际）,2025-12-06,14:10-14:30,19.289794,2
① 双预报不可知（光伏+负载都用前一日实际）,2025-12-06,15:00-15:40,121.095561,4
① 双预报不可知（光伏+负载都用前一日实际）,2025-12-06,16:00-16:50,397.344933,5
① 双预报不可知（光伏+负载都用前一日实际）,2025-12-06,17:50-18:00,12.031508,1
① 双预报不可知（光伏+负载都用前一日实际）,2025-12-06,18:20-18:30,23.605719,1
① 双预报不可知（光伏+负载都用前一日实际）,2025-12-06,18:50-19:40,73.246981,5
① 双预报不可知（光伏+负载都用前一日实际）,2025-12-06,20:00-20:30,104.397450,3
① 双预报不可知（光伏+负载都用前一日实际）,2025-12-06,20:50-21:30,131.799036,4
① 双预报不可知（光伏+负载都用前一日实际）,2025-12-06,22:00-22:10,18.179697,1
① 双预报不可知（光伏+负载都用前一日实际）,2025-12-06,22:30-23:00,56.448075,3
① 双预报不可知（光伏+负载都用前一日实际）,2025-12-06,23:40-0:00+1,209.606167,2
① 双预报不可知（光伏+负载都用前一日实际）,2025-12-07,0:00-0:00+1,43988.050433,144
① 双预报不可知（光伏+负载都用前一日实际）,2025-12-08,0:50-1:00,14.936697,1
① 双预报不可知（光伏+负载都用前一日实际）,2025-12-08,1:20-1:40,21.039511,2
① 双预报不可知（光伏+负载都用前一日实际）,2025-12-08,1:50-2:20,32.074908,3
① 双预报不可知（光伏+负载都用前一日实际）,2025-12-08,2:30-2:50,9.314478,2
① 双预报不可知（光伏+负载都用前一日实际）,2025-12-08,3:30-4:00,67.054108,3
① 双预报不可知（光伏+负载都用前一日实际）,2025-12-08,4:30-5:00,94.910992,3
① 双预报不可知（光伏+负载都用前一日实际）,2025-12-08,5:40-6:10,220.204078,3
① 双预报不可知（光伏+负载都用前一日实际）,2025-12-08,6:20-6:50,102.852867,3
① 双预报不可知（光伏+负载都用前一日实际）,2025-12-08,7:40-8:40,376.792578,6
① 双预报不可知（光伏+负载都用前一日实际）,2025-12-08,9:10-10:10,139.944056,6
① 双预报不可知（光伏+负载都用前一日实际）,2025-12-08,11:00-11:40,234.378350,4
① 双预报不可知（光伏+负载都用前一日实际）,2025-12-08,11:50-14:30,908.610800,16
① 双预报不可知（光伏+负载都用前一日实际）,2025-12-08,15:00-15:10,1.809589,1
① 双预报不可知（光伏+负载都用前一日实际）,2025-12-08,16:00-16:20,5.405300,2
① 双预报不可知（光伏+负载都用前一日实际）,2025-12-08,16:50-17:40,231.385397,5
① 双预报不可知（光伏+负载都用前一日实际）,2025-12-08,18:50-19:00,2.740642,1
① 双预报不可知（光伏+负载都用前一日实际）,2025-12-08,19:30-20:00,21.566817,3
① 双预报不可知（光伏+负载都用前一日实际）,2025-12-08,20:30-20:50,30.414539,2
① 双预报不可知（光伏+负载都用前一日实际）,2025-12-08,21:00-21:40,174.786022,4
① 双预报不可知（光伏+负载都用前一日实际）,2025-12-08,22:10-22:20,9.754281,1
① 双预报不可知（光伏+负载都用前一日实际）,2025-12-08,23:40-23:50,2.316656,1
① 双预报不可知（光伏+负载都用前一日实际）,2025-12-09,0:10-1:10,147.476269,6
① 双预报不可知（光伏+负载都用前一日实际）,2025-12-09,2:30-2:50,10.066672,2
① 双预报不可知（光伏+负载都用前一日实际）,2025-12-09,3:00-3:40,49.010394,4
① 双预报不可知（光伏+负载都用前一日实际）,2025-12-09,4:30-4:50,26.481211,2
① 双预报不可知（光伏+负载都用前一日实际）,2025-12-09,5:50-6:40,203.700950,5
① 双预报不可知（光伏+负载都用前一日实际）,2025-12-09,7:40-9:20,909.918156,10
① 双预报不可知（光伏+负载都用前一日实际）,2025-12-09,13:50-14:20,88.005539,3
① 双预报不可知（光伏+负载都用前一日实际）,2025-12-09,14:30-15:10,191.116547,4
① 双预报不可知（光伏+负载都用前一日实际）,2025-12-09,15:20-15:40,22.958611,2
① 双预报不可知（光伏+负载都用前一日实际）,2025-12-09,16:00-16:30,53.374083,3
① 双预报不可知（光伏+负载都用前一日实际）,2025-12-09,17:00-17:40,382.334511,4
① 双预报不可知（光伏+负载都用前一日实际）,2025-12-09,18:10-19:00,147.087547,5
① 双预报不可知（光伏+负载都用前一日实际）,2025-12-09,19:20-19:50,89.874767,3
① 双预报不可知（光伏+负载都用前一日实际）,2025-12-09,20:10-20:40,34.859958,3
① 双预报不可知（光伏+负载都用前一日实际）,2025-12-09,20:50-21:40,243.317658,5
① 双预报不可知（光伏+负载都用前一日实际）,2025-12-09,22:30-22:50,53.918878,2
① 双预报不可知（光伏+负载都用前一日实际）,2025-12-09,23:30-23:50,19.456528,2
① 双预报不可知（光伏+负载都用前一日实际）,2025-12-10,0:20-0:40,16.983267,2
① 双预报不可知（光伏+负载都用前一日实际）,2025-12-10,1:10-1:30,52.060011,2
① 双预报不可知（光伏+负载都用前一日实际）,2025-12-10,1:50-2:20,51.062239,3
① 双预报不可知（光伏+负载都用前一日实际）,2025-12-10,2:30-3:00,28.713425,3
① 双预报不可知（光伏+负载都用前一日实际）,2025-12-10,3:10-3:30,8.315911,2
① 双预报不可知（光伏+负载都用前一日实际）,2025-12-10,3:50-4:30,38.469739,4
① 双预报不可知（光伏+负载都用前一日实际）,2025-12-10,4:40-5:00,42.036144,2
① 双预报不可知（光伏+负载都用前一日实际）,2025-12-10,5:40-6:30,272.648792,5
① 双预报不可知（光伏+负载都用前一日实际）,2025-12-10,7:40-8:00,210.992967,2
① 双预报不可知（光伏+负载都用前一日实际）,2025-12-10,9:20-11:50,937.088925,15
① 双预报不可知（光伏+负载都用前一日实际）,2025-12-10,12:00-13:40,920.308972,10
① 双预报不可知（光伏+负载都用前一日实际）,2025-12-10,14:20-14:30,23.617706,1
① 双预报不可知（光伏+负载都用前一日实际）,2025-12-10,15:00-16:50,442.186022,11
① 双预报不可知（光伏+负载都用前一日实际）,2025-12-10,17:00-17:40,155.546533,4
① 双预报不可知（光伏+负载都用前一日实际）,2025-12-10,19:00-19:20,31.652372,2
① 双预报不可知（光伏+负载都用前一日实际）,2025-12-10,20:50-21:40,151.143614,5
① 双预报不可知（光伏+负载都用前一日实际）,2025-12-10,22:00-23:30,162.053000,9
① 双预报不可知（光伏+负载都用前一日实际）,2025-12-10,23:40-0:00+1,54.705267,2
① 双预报不可知（光伏+负载都用前一日实际）,2025-12-11,0:00-0:20,65.159078,2
① 双预报不可知（光伏+负载都用前一日实际）,2025-12-11,0:40-1:00,45.302194,2
① 双预报不可知（光伏+负载都用前一日实际）,2025-12-11,1:30-2:00,73.033233,3
① 双预报不可知（光伏+负载都用前一日实际）,2025-12-11,2:10-2:30,18.697406,2
① 双预报不可知（光伏+负载都用前一日实际）,2025-12-11,2:50-3:00,24.394894,1
① 双预报不可知（光伏+负载都用前一日实际）,2025-12-11,3:30-3:50,28.827422,2
① 双预报不可知（光伏+负载都用前一日实际）,2025-12-11,5:40-6:10,227.899656,3
① 双预报不可知（光伏+负载都用前一日实际）,2025-12-11,7:40-9:20,653.215889,10
① 双预报不可知（光伏+负载都用前一日实际）,2025-12-11,9:30-9:50,26.604500,2
① 双预报不可知（光伏+负载都用前一日实际）,2025-12-11,11:10-12:00,176.961781,5
① 双预报不可知（光伏+负载都用前一日实际）,2025-12-11,17:00-17:40,371.705211,4
① 双预报不可知（光伏+负载都用前一日实际）,2025-12-11,18:00-18:50,53.655317,5
① 双预报不可知（光伏+负载都用前一日实际）,2025-12-11,19:10-19:30,57.247456,2
① 双预报不可知（光伏+负载都用前一日实际）,2025-12-11,20:00-20:20,63.636511,2
① 双预报不可知（光伏+负载都用前一日实际）,2025-12-11,20:30-21:40,218.653889,7
① 双预报不可知（光伏+负载都用前一日实际）,2025-12-11,22:10-22:30,26.087283,2
① 双预报不可知（光伏+负载都用前一日实际）,2025-12-11,22:50-23:00,13.011508,1
① 双预报不可知（光伏+负载都用前一日实际）,2025-12-11,23:30-23:40,6.342258,1
① 双预报不可知（光伏+负载都用前一日实际）,2025-12-13,0:00-1:00,230.823167,6
① 双预报不可知（光伏+负载都用前一日实际）,2025-12-13,1:10-2:00,19.715322,5
① 双预报不可知（光伏+负载都用前一日实际）,2025-12-13,2:10-2:30,2.990217,2
① 双预报不可知（光伏+负载都用前一日实际）,2025-12-13,2:40-3:00,24.909600,2
① 双预报不可知（光伏+负载都用前一日实际）,2025-12-13,3:50-4:00,6.794725,1
① 双预报不可知（光伏+负载都用前一日实际）,2025-12-13,5:40-6:20,134.793406,4
① 双预报不可知（光伏+负载都用前一日实际）,2025-12-13,6:50-7:00,77.082489,1
① 双预报不可知（光伏+负载都用前一日实际）,2025-12-13,7:20-7:30,9.326314,1
① 双预报不可知（光伏+负载都用前一日实际）,2025-12-13,7:50-8:00,12.482564,1
① 双预报不可知（光伏+负载都用前一日实际）,2025-12-13,8:30-9:30,171.009592,6
① 双预报不可知（光伏+负载都用前一日实际）,2025-12-13,10:00-10:40,147.344822,4
① 双预报不可知（光伏+负载都用前一日实际）,2025-12-13,13:00-15:00,701.260300,12
① 双预报不可知（光伏+负载都用前一日实际）,2025-12-13,16:00-16:50,148.973775,5
① 双预报不可知（光伏+负载都用前一日实际）,2025-12-13,17:10-17:20,4.896558,1
① 双预报不可知（光伏+负载都用前一日实际）,2025-12-13,18:00-18:20,74.574456,2
① 双预报不可知（光伏+负载都用前一日实际）,2025-12-13,19:10-19:30,30.171361,2
① 双预报不可知（光伏+负载都用前一日实际）,2025-12-13,19:50-20:20,18.979300,3
① 双预报不可知（光伏+负载都用前一日实际）,2025-12-13,20:50-21:50,136.301278,6
① 双预报不可知（光伏+负载都用前一日实际）,2025-12-13,22:50-23:00,7.368069,1
① 双预报不可知（光伏+负载都用前一日实际）,2025-12-13,23:20-0:00+1,279.205517,4
① 双预报不可知（光伏+负载都用前一日实际）,2025-12-14,0:00-0:00+1,44980.188417,144
① 双预报不可知（光伏+负载都用前一日实际）,2025-12-15,0:20-1:30,140.657256,7
① 双预报不可知（光伏+负载都用前一日实际）,2025-12-15,1:40-2:10,87.192989,3
① 双预报不可知（光伏+负载都用前一日实际）,2025-12-15,2:30-2:50,20.569811,2
① 双预报不可知（光伏+负载都用前一日实际）,2025-12-15,3:00-3:10,3.163483,1
① 双预报不可知（光伏+负载都用前一日实际）,2025-12-15,3:20-4:00,110.925500,4
① 双预报不可知（光伏+负载都用前一日实际）,2025-12-15,4:40-4:50,3.167764,1
① 双预报不可知（光伏+负载都用前一日实际）,2025-12-15,5:40-6:40,255.889683,6
① 双预报不可知（光伏+负载都用前一日实际）,2025-12-15,7:40-8:10,368.784694,3
① 双预报不可知（光伏+负载都用前一日实际）,2025-12-15,8:30-10:20,520.895450,11
① 双预报不可知（光伏+负载都用前一日实际）,2025-12-15,11:00-13:00,665.376033,12
① 双预报不可知（光伏+负载都用前一日实际）,2025-12-15,13:30-13:40,13.493278,1
① 双预报不可知（光伏+负载都用前一日实际）,2025-12-15,14:40-15:20,54.947194,4
① 双预报不可知（光伏+负载都用前一日实际）,2025-12-15,16:30-16:50,17.914350,2
① 双预报不可知（光伏+负载都用前一日实际）,2025-12-15,17:00-17:40,316.080117,4
① 双预报不可知（光伏+负载都用前一日实际）,2025-12-15,18:10-18:20,12.723486,1
① 双预报不可知（光伏+负载都用前一日实际）,2025-12-15,18:40-19:00,68.456072,2
① 双预报不可知（光伏+负载都用前一日实际）,2025-12-15,20:20-20:40,21.550344,2
① 双预报不可知（光伏+负载都用前一日实际）,2025-12-15,21:00-21:10,0.266397,1
① 双预报不可知（光伏+负载都用前一日实际）,2025-12-15,21:20-21:40,53.797128,2
① 双预报不可知（光伏+负载都用前一日实际）,2025-12-15,22:20-23:00,69.559467,4
① 双预报不可知（光伏+负载都用前一日实际）,2025-12-15,23:20-23:40,27.339839,2
① 双预报不可知（光伏+负载都用前一日实际）,2025-12-16,0:20-0:40,32.237994,2
① 双预报不可知（光伏+负载都用前一日实际）,2025-12-16,1:20-1:40,14.281533,2
① 双预报不可知（光伏+负载都用前一日实际）,2025-12-16,1:50-2:10,16.323206,2
① 双预报不可知（光伏+负载都用前一日实际）,2025-12-16,2:50-3:00,0.842881,1
① 双预报不可知（光伏+负载都用前一日实际）,2025-12-16,3:10-3:30,13.177378,2
① 双预报不可知（光伏+负载都用前一日实际）,2025-12-16,4:00-4:50,143.782803,5
① 双预报不可知（光伏+负载都用前一日实际）,2025-12-16,5:40-6:30,255.672847,5
① 双预报不可知（光伏+负载都用前一日实际）,2025-12-16,7:40-9:20,568.438356,10
① 双预报不可知（光伏+负载都用前一日实际）,2025-12-16,9:50-10:10,26.137178,2
① 双预报不可知（光伏+负载都用前一日实际）,2025-12-16,10:40-10:50,18.610092,1
① 双预报不可知（光伏+负载都用前一日实际）,2025-12-16,11:20-11:40,81.905489,2
① 双预报不可知（光伏+负载都用前一日实际）,2025-12-16,12:20-14:00,314.008594,10
① 双预报不可知（光伏+负载都用前一日实际）,2025-12-16,16:00-16:20,26.665394,2
① 双预报不可知（光伏+负载都用前一日实际）,2025-12-16,17:00-17:40,340.339600,4
① 双预报不可知（光伏+负载都用前一日实际）,2025-12-16,18:00-19:40,135.653417,10
① 双预报不可知（光伏+负载都用前一日实际）,2025-12-16,20:10-20:20,7.486528,1
① 双预报不可知（光伏+负载都用前一日实际）,2025-12-16,20:40-21:50,285.798353,7
① 双预报不可知（光伏+负载都用前一日实际）,2025-12-16,22:00-22:20,13.906494,2
① 双预报不可知（光伏+负载都用前一日实际）,2025-12-16,22:40-22:50,0.941689,1
① 双预报不可知（光伏+负载都用前一日实际）,2025-12-16,23:00-23:20,30.812772,2
① 双预报不可知（光伏+负载都用前一日实际）,2025-12-16,23:30-0:00+1,46.114692,3
① 双预报不可知（光伏+负载都用前一日实际）,2025-12-17,0:00-0:10,0.681525,1
① 双预报不可知（光伏+负载都用前一日实际）,2025-12-17,0:30-0:40,1.634908,1
① 双预报不可知（光伏+负载都用前一日实际）,2025-12-17,1:00-2:10,104.377406,7
① 双预报不可知（光伏+负载都用前一日实际）,2025-12-17,2:50-3:10,4.249586,2
① 双预报不可知（光伏+负载都用前一日实际）,2025-12-17,3:40-4:00,45.833244,2
① 双预报不可知（光伏+负载都用前一日实际）,2025-12-17,5:10-5:20,9.030175,1
① 双预报不可知（光伏+负载都用前一日实际）,2025-12-17,5:40-6:10,272.276883,3
① 双预报不可知（光伏+负载都用前一日实际）,2025-12-17,6:30-7:00,75.868000,3
① 双预报不可知（光伏+负载都用前一日实际）,2025-12-17,7:40-8:10,257.108736,3
① 双预报不可知（光伏+负载都用前一日实际）,2025-12-17,9:10-9:20,1.786494,1
① 双预报不可知（光伏+负载都用前一日实际）,2025-12-17,12:10-12:30,71.475250,2
① 双预报不可知（光伏+负载都用前一日实际）,2025-12-17,12:50-13:00,41.177275,1
① 双预报不可知（光伏+负载都用前一日实际）,2025-12-17,14:00-17:40,550.118522,22
① 双预报不可知（光伏+负载都用前一日实际）,2025-12-17,18:10-18:30,36.505222,2
① 双预报不可知（光伏+负载都用前一日实际）,2025-12-17,20:20-20:50,55.023225,3
① 双预报不可知（光伏+负载都用前一日实际）,2025-12-17,21:00-21:40,208.586394,4
① 双预报不可知（光伏+负载都用前一日实际）,2025-12-17,22:10-22:40,20.506925,3
① 双预报不可知（光伏+负载都用前一日实际）,2025-12-17,23:30-23:50,29.730811,2
① 双预报不可知（光伏+负载都用前一日实际）,2025-12-18,0:20-1:00,67.929000,4
① 双预报不可知（光伏+负载都用前一日实际）,2025-12-18,1:30-2:10,150.798575,4
① 双预报不可知（光伏+负载都用前一日实际）,2025-12-18,2:40-3:20,111.861850,4
① 双预报不可知（光伏+负载都用前一日实际）,2025-12-18,3:40-4:00,43.962783,2
① 双预报不可知（光伏+负载都用前一日实际）,2025-12-18,4:10-4:40,78.083517,3
① 双预报不可知（光伏+负载都用前一日实际）,2025-12-18,5:40-6:00,152.451822,2
① 双预报不可知（光伏+负载都用前一日实际）,2025-12-18,7:40-9:00,450.693889,8
① 双预报不可知（光伏+负载都用前一日实际）,2025-12-18,9:10-10:50,624.811225,10
① 双预报不可知（光伏+负载都用前一日实际）,2025-12-18,11:00-11:10,9.490058,1
① 双预报不可知（光伏+负载都用前一日实际）,2025-12-18,13:10-13:20,2.987792,1
① 双预报不可知（光伏+负载都用前一日实际）,2025-12-18,13:40-14:30,108.512500,5
① 双预报不可知（光伏+负载都用前一日实际）,2025-12-18,15:20-15:30,9.387906,1
① 双预报不可知（光伏+负载都用前一日实际）,2025-12-18,16:30-17:40,401.524303,7
① 双预报不可知（光伏+负载都用前一日实际）,2025-12-18,18:10-18:20,14.550158,1
① 双预报不可知（光伏+负载都用前一日实际）,2025-12-18,19:10-20:00,94.663044,5
① 双预报不可知（光伏+负载都用前一日实际）,2025-12-18,20:30-21:40,150.046278,7
① 双预报不可知（光伏+负载都用前一日实际）,2025-12-18,22:00-22:20,58.025022,2
① 双预报不可知（光伏+负载都用前一日实际）,2025-12-18,22:40-23:00,58.572906,2
① 双预报不可知（光伏+负载都用前一日实际）,2025-12-20,0:00-0:20,15.163661,2
① 双预报不可知（光伏+负载都用前一日实际）,2025-12-20,0:30-1:00,51.087050,3
① 双预报不可知（光伏+负载都用前一日实际）,2025-12-20,1:20-2:20,146.952856,6
① 双预报不可知（光伏+负载都用前一日实际）,2025-12-20,3:50-5:40,162.478164,11
① 双预报不可知（光伏+负载都用前一日实际）,2025-12-20,6:30-7:00,127.635642,3
① 双预报不可知（光伏+负载都用前一日实际）,2025-12-20,7:50-10:50,736.820261,18
① 双预报不可知（光伏+负载都用前一日实际）,2025-12-20,11:30-11:50,50.644789,2
① 双预报不可知（光伏+负载都用前一日实际）,2025-12-20,13:00-13:30,94.616592,3
① 双预报不可知（光伏+负载都用前一日实际）,2025-12-20,14:20-14:30,8.976372,1
① 双预报不可知（光伏+负载都用前一日实际）,2025-12-20,16:00-16:40,121.872678,4
① 双预报不可知（光伏+负载都用前一日实际）,2025-12-20,17:10-17:30,26.282039,2
① 双预报不可知（光伏+负载都用前一日实际）,2025-12-20,18:20-18:40,24.662428,2
① 双预报不可知（光伏+负载都用前一日实际）,2025-12-20,19:00-19:20,22.193967,2
① 双预报不可知（光伏+负载都用前一日实际）,2025-12-20,21:00-21:50,87.960317,5
① 双预报不可知（光伏+负载都用前一日实际）,2025-12-20,22:00-22:10,4.040381,1
① 双预报不可知（光伏+负载都用前一日实际）,2025-12-20,22:30-23:00,79.432975,3
① 双预报不可知（光伏+负载都用前一日实际）,2025-12-20,23:40-0:00+1,157.605250,2
① 双预报不可知（光伏+负载都用前一日实际）,2025-12-21,0:00-0:00+1,46181.429617,144
① 双预报不可知（光伏+负载都用前一日实际）,2025-12-22,0:00-0:20,97.178939,2
① 双预报不可知（光伏+负载都用前一日实际）,2025-12-22,0:30-2:00,312.277200,9
① 双预报不可知（光伏+负载都用前一日实际）,2025-12-22,2:10-2:50,96.086617,4
① 双预报不可知（光伏+负载都用前一日实际）,2025-12-22,3:20-3:30,14.848325,1
① 双预报不可知（光伏+负载都用前一日实际）,2025-12-22,4:30-5:00,47.928517,3
① 双预报不可知（光伏+负载都用前一日实际）,2025-12-22,5:50-6:10,177.634200,2
① 双预报不可知（光伏+负载都用前一日实际）,2025-12-22,7:40-8:50,473.272906,7
① 双预报不可知（光伏+负载都用前一日实际）,2025-12-22,9:30-10:00,44.539717,3
① 双预报不可知（光伏+负载都用前一日实际）,2025-12-22,12:20-12:40,16.363522,2
① 双预报不可知（光伏+负载都用前一日实际）,2025-12-22,13:00-14:30,354.516900,9
① 双预报不可知（光伏+负载都用前一日实际）,2025-12-22,16:30-16:50,36.090083,2
① 双预报不可知（光伏+负载都用前一日实际）,2025-12-22,17:00-17:40,339.299117,4
① 双预报不可知（光伏+负载都用前一日实际）,2025-12-22,18:10-18:20,0.835528,1
① 双预报不可知（光伏+负载都用前一日实际）,2025-12-22,19:30-21:40,431.052036,13
① 双预报不可知（光伏+负载都用前一日实际）,2025-12-22,22:40-23:00,17.349833,2
① 双预报不可知（光伏+负载都用前一日实际）,2025-12-22,23:30-0:00+1,60.827108,3
① 双预报不可知（光伏+负载都用前一日实际）,2025-12-23,2:00-2:10,1.943967,1
① 双预报不可知（光伏+负载都用前一日实际）,2025-12-23,2:40-3:00,4.983050,2
① 双预报不可知（光伏+负载都用前一日实际）,2025-12-23,3:10-3:30,18.699467,2
① 双预报不可知（光伏+负载都用前一日实际）,2025-12-23,4:20-5:00,150.272439,4
① 双预报不可知（光伏+负载都用前一日实际）,2025-12-23,5:50-6:30,189.691842,4
① 双预报不可知（光伏+负载都用前一日实际）,2025-12-23,7:50-8:00,188.638261,1
① 双预报不可知（光伏+负载都用前一日实际）,2025-12-23,9:00-9:20,22.901100,2
① 双预报不可知（光伏+负载都用前一日实际）,2025-12-23,9:50-10:10,25.284225,2
① 双预报不可知（光伏+负载都用前一日实际）,2025-12-23,10:30-11:20,139.461122,5
① 双预报不可知（光伏+负载都用前一日实际）,2025-12-23,12:00-12:30,54.008117,3
① 双预报不可知（光伏+负载都用前一日实际）,2025-12-23,12:50-13:00,9.659028,1
① 双预报不可知（光伏+负载都用前一日实际）,2025-12-23,13:50-14:00,2.790581,1
① 双预报不可知（光伏+负载都用前一日实际）,2025-12-23,14:30-14:40,11.898264,1
① 双预报不可知（光伏+负载都用前一日实际）,2025-12-23,16:00-17:40,408.261728,10
① 双预报不可知（光伏+负载都用前一日实际）,2025-12-23,18:10-18:40,47.091517,3
① 双预报不可知（光伏+负载都用前一日实际）,2025-12-23,19:30-19:40,24.442825,1
① 双预报不可知（光伏+负载都用前一日实际）,2025-12-23,20:10-20:20,8.518875,1
① 双预报不可知（光伏+负载都用前一日实际）,2025-12-23,21:00-21:50,113.642047,5
① 双预报不可知（光伏+负载都用前一日实际）,2025-12-23,22:10-23:00,119.897542,5
① 双预报不可知（光伏+负载都用前一日实际）,2025-12-23,23:20-0:00+1,41.816228,4
① 双预报不可知（光伏+负载都用前一日实际）,2025-12-24,0:00-0:30,115.242250,3
① 双预报不可知（光伏+负载都用前一日实际）,2025-12-24,0:50-1:00,19.750717,1
① 双预报不可知（光伏+负载都用前一日实际）,2025-12-24,1:50-2:00,8.302867,1
① 双预报不可知（光伏+负载都用前一日实际）,2025-12-24,2:30-3:00,8.171892,3
① 双预报不可知（光伏+负载都用前一日实际）,2025-12-24,3:50-4:30,73.405539,4
① 双预报不可知（光伏+负载都用前一日实际）,2025-12-24,5:20-5:30,19.901022,1
① 双预报不可知（光伏+负载都用前一日实际）,2025-12-24,5:40-6:10,220.799031,3
① 双预报不可知（光伏+负载都用前一日实际）,2025-12-24,6:30-7:00,79.477258,3
① 双预报不可知（光伏+负载都用前一日实际）,2025-12-24,7:40-8:10,402.738175,3
① 双预报不可知（光伏+负载都用前一日实际）,2025-12-24,8:50-10:10,461.449561,8
① 双预报不可知（光伏+负载都用前一日实际）,2025-12-24,12:40-14:30,581.054300,11
① 双预报不可知（光伏+负载都用前一日实际）,2025-12-24,14:50-16:20,215.674633,9
① 双预报不可知（光伏+负载都用前一日实际）,2025-12-24,16:40-17:40,230.800067,6
① 双预报不可知（光伏+负载都用前一日实际）,2025-12-24,18:10-18:20,1.719561,1
① 双预报不可知（光伏+负载都用前一日实际）,2025-12-24,18:30-19:10,56.127314,4
① 双预报不可知（光伏+负载都用前一日实际）,2025-12-24,19:30-19:50,10.183428,2
① 双预报不可知（光伏+负载都用前一日实际）,2025-12-24,20:10-20:30,40.130428,2
① 双预报不可知（光伏+负载都用前一日实际）,2025-12-24,21:00-21:40,151.730450,4
① 双预报不可知（光伏+负载都用前一日实际）,2025-12-24,22:20-23:00,90.728561,4
① 双预报不可知（光伏+负载都用前一日实际）,2025-12-24,23:30-0:00+1,33.579408,3
① 双预报不可知（光伏+负载都用前一日实际）,2025-12-25,1:00-1:30,132.936983,3
① 双预报不可知（光伏+负载都用前一日实际）,2025-12-25,1:50-2:20,59.835800,3
① 双预报不可知（光伏+负载都用前一日实际）,2025-12-25,2:30-2:50,43.031006,2
① 双预报不可知（光伏+负载都用前一日实际）,2025-12-25,3:50-4:10,79.991764,2
① 双预报不可知（光伏+负载都用前一日实际）,2025-12-25,4:40-5:00,75.912172,2
① 双预报不可知（光伏+负载都用前一日实际）,2025-12-25,5:40-6:20,256.343689,4
① 双预报不可知（光伏+负载都用前一日实际）,2025-12-25,6:50-7:00,32.303197,1
① 双预报不可知（光伏+负载都用前一日实际）,2025-12-25,7:40-8:10,262.677492,3
① 双预报不可知（光伏+负载都用前一日实际）,2025-12-25,8:30-8:40,9.625836,1
① 双预报不可知（光伏+负载都用前一日实际）,2025-12-25,10:10-10:50,121.119161,4
① 双预报不可知（光伏+负载都用前一日实际）,2025-12-25,11:00-12:30,987.531125,9
① 双预报不可知（光伏+负载都用前一日实际）,2025-12-25,12:50-13:10,54.418600,2
① 双预报不可知（光伏+负载都用前一日实际）,2025-12-25,15:00-15:10,15.683153,1
① 双预报不可知（光伏+负载都用前一日实际）,2025-12-25,15:40-16:10,29.779650,3
① 双预报不可知（光伏+负载都用前一日实际）,2025-12-25,17:00-17:40,324.142861,4
① 双预报不可知（光伏+负载都用前一日实际）,2025-12-25,18:30-18:50,7.200961,2
① 双预报不可知（光伏+负载都用前一日实际）,2025-12-25,19:10-20:00,109.314403,5
① 双预报不可知（光伏+负载都用前一日实际）,2025-12-25,20:30-21:40,232.197886,7
① 双预报不可知（光伏+负载都用前一日实际）,2025-12-25,23:20-23:40,92.867917,2
① 双预报不可知（光伏+负载都用前一日实际）,2025-12-27,0:30-0:40,20.737536,1
① 双预报不可知（光伏+负载都用前一日实际）,2025-12-27,1:00-1:20,25.757806,2
① 双预报不可知（光伏+负载都用前一日实际）,2025-12-27,3:20-4:00,117.075111,4
① 双预报不可知（光伏+负载都用前一日实际）,2025-12-27,4:20-4:40,21.822428,2
① 双预报不可知（光伏+负载都用前一日实际）,2025-12-27,4:50-5:20,47.707625,3
① 双预报不可知（光伏+负载都用前一日实际）,2025-12-27,6:50-7:00,76.669667,1
① 双预报不可知（光伏+负载都用前一日实际）,2025-12-27,7:20-7:30,18.030139,1
① 双预报不可知（光伏+负载都用前一日实际）,2025-12-27,8:50-11:50,1228.391397,18
① 双预报不可知（光伏+负载都用前一日实际）,2025-12-27,12:10-12:20,23.197922,1
① 双预报不可知（光伏+负载都用前一日实际）,2025-12-27,13:00-13:10,5.910286,1
① 双预报不可知（光伏+负载都用前一日实际）,2025-12-27,13:40-14:10,74.992700,3
① 双预报不可知（光伏+负载都用前一日实际）,2025-12-27,15:00-15:20,18.429161,2
① 双预报不可知（光伏+负载都用前一日实际）,2025-12-27,16:00-16:40,110.991011,4
① 双预报不可知（光伏+负载都用前一日实际）,2025-12-27,17:00-17:30,95.941492,3
① 双预报不可知（光伏+负载都用前一日实际）,2025-12-27,17:40-18:10,57.146403,3
① 双预报不可知（光伏+负载都用前一日实际）,2025-12-27,18:30-18:50,71.130100,2
① 双预报不可知（光伏+负载都用前一日实际）,2025-12-27,19:20-19:30,1.064461,1
① 双预报不可知（光伏+负载都用前一日实际）,2025-12-27,19:50-20:50,169.304808,6
① 双预报不可知（光伏+负载都用前一日实际）,2025-12-27,21:10-21:40,44.833625,3
① 双预报不可知（光伏+负载都用前一日实际）,2025-12-27,22:20-22:50,74.943542,3
① 双预报不可知（光伏+负载都用前一日实际）,2025-12-27,23:20-23:30,11.051892,1
① 双预报不可知（光伏+负载都用前一日实际）,2025-12-27,23:40-0:00+1,186.770817,2
① 双预报不可知（光伏+负载都用前一日实际）,2025-12-28,0:00-0:00+1,43470.445683,144
① 双预报不可知（光伏+负载都用前一日实际）,2025-12-29,0:50-1:10,35.282203,2
① 双预报不可知（光伏+负载都用前一日实际）,2025-12-29,1:30-2:00,136.349625,3
① 双预报不可知（光伏+负载都用前一日实际）,2025-12-29,2:20-2:30,13.617400,1
① 双预报不可知（光伏+负载都用前一日实际）,2025-12-29,2:40-3:00,34.196400,2
① 双预报不可知（光伏+负载都用前一日实际）,2025-12-29,3:20-3:30,12.711794,1
① 双预报不可知（光伏+负载都用前一日实际）,2025-12-29,3:50-4:10,18.167903,2
① 双预报不可知（光伏+负载都用前一日实际）,2025-12-29,4:50-5:10,24.931839,2
① 双预报不可知（光伏+负载都用前一日实际）,2025-12-29,5:40-6:00,143.977011,2
① 双预报不可知（光伏+负载都用前一日实际）,2025-12-29,6:20-7:00,12.390183,4
① 双预报不可知（光伏+负载都用前一日实际）,2025-12-29,7:40-8:00,164.043367,2
① 双预报不可知（光伏+负载都用前一日实际）,2025-12-29,10:20-10:30,4.781256,1
① 双预报不可知（光伏+负载都用前一日实际）,2025-12-29,11:20-11:40,25.005500,2
① 双预报不可知（光伏+负载都用前一日实际）,2025-12-29,12:00-15:30,1412.753042,21
① 双预报不可知（光伏+负载都用前一日实际）,2025-12-29,16:00-16:40,68.805333,4
① 双预报不可知（光伏+负载都用前一日实际）,2025-12-29,16:50-17:40,192.301567,5
① 双预报不可知（光伏+负载都用前一日实际）,2025-12-29,18:10-18:20,0.478597,1
① 双预报不可知（光伏+负载都用前一日实际）,2025-12-29,19:10-20:30,193.718400,8
① 双预报不可知（光伏+负载都用前一日实际）,2025-12-29,20:50-21:40,200.006303,5
① 双预报不可知（光伏+负载都用前一日实际）,2025-12-29,22:10-23:00,149.282808,5
① 双预报不可知（光伏+负载都用前一日实际）,2025-12-29,23:20-0:00+1,93.963361,4
① 双预报不可知（光伏+负载都用前一日实际）,2025-12-30,0:00-0:10,1.052222,1
① 双预报不可知（光伏+负载都用前一日实际）,2025-12-30,0:20-0:40,49.225394,2
① 双预报不可知（光伏+负载都用前一日实际）,2025-12-30,1:10-1:20,4.305997,1
① 双预报不可知（光伏+负载都用前一日实际）,2025-12-30,1:30-2:00,17.078742,3
① 双预报不可知（光伏+负载都用前一日实际）,2025-12-30,3:50-4:10,29.274508,2
① 双预报不可知（光伏+负载都用前一日实际）,2025-12-30,4:30-4:40,0.745408,1
① 双预报不可知（光伏+负载都用前一日实际）,2025-12-30,5:40-6:10,179.842675,3
① 双预报不可知（光伏+负载都用前一日实际）,2025-12-30,7:40-11:20,1320.024083,22
① 双预报不可知（光伏+负载都用前一日实际）,2025-12-30,15:00-15:20,5.036439,2
① 双预报不可知（光伏+负载都用前一日实际）,2025-12-30,15:40-16:00,54.425039,2
① 双预报不可知（光伏+负载都用前一日实际）,2025-12-30,16:30-16:40,6.284689,1
① 双预报不可知（光伏+负载都用前一日实际）,2025-12-30,17:00-17:40,282.316028,4
① 双预报不可知（光伏+负载都用前一日实际）,2025-12-30,18:00-19:00,136.976317,6
① 双预报不可知（光伏+负载都用前一日实际）,2025-12-30,21:00-21:40,196.776067,4
① 双预报不可知（光伏+负载都用前一日实际）,2025-12-30,22:10-22:20,13.084781,1
① 双预报不可知（光伏+负载都用前一日实际）,2025-12-30,22:30-22:50,27.279228,2
① 双预报不可知（光伏+负载都用前一日实际）,2025-12-30,23:30-23:50,16.011861,2
① 双预报不可知（光伏+负载都用前一日实际）,2025-12-31,0:00-0:20,35.023500,2
① 双预报不可知（光伏+负载都用前一日实际）,2025-12-31,0:30-0:50,4.760450,2
① 双预报不可知（光伏+负载都用前一日实际）,2025-12-31,1:30-2:20,104.655500,5
① 双预报不可知（光伏+负载都用前一日实际）,2025-12-31,2:40-3:10,65.711050,3
① 双预报不可知（光伏+负载都用前一日实际）,2025-12-31,3:30-3:50,14.129450,2
① 双预报不可知（光伏+负载都用前一日实际）,2025-12-31,4:40-5:10,46.813728,3
① 双预报不可知（光伏+负载都用前一日实际）,2025-12-31,5:40-6:10,163.328853,3
① 双预报不可知（光伏+负载都用前一日实际）,2025-12-31,6:30-7:00,74.665092,3
① 双预报不可知（光伏+负载都用前一日实际）,2025-12-31,7:40-8:10,312.229200,3
① 双预报不可知（光伏+负载都用前一日实际）,2025-12-31,8:30-8:50,21.970833,2
① 双预报不可知（光伏+负载都用前一日实际）,2025-12-31,9:30-11:40,832.420644,13
① 双预报不可知（光伏+负载都用前一日实际）,2025-12-31,12:00-15:20,1609.830017,20
① 双预报不可知（光伏+负载都用前一日实际）,2025-12-31,15:30-16:20,72.777053,5
① 双预报不可知（光伏+负载都用前一日实际）,2025-12-31,16:40-16:50,0.721656,1
① 双预报不可知（光伏+负载都用前一日实际）,2025-12-31,17:00-17:40,288.209378,4
① 双预报不可知（光伏+负载都用前一日实际）,2025-12-31,18:10-18:30,26.041406,2
① 双预报不可知（光伏+负载都用前一日实际）,2025-12-31,19:10-20:20,112.702100,7
① 双预报不可知（光伏+负载都用前一日实际）,2025-12-31,20:30-21:40,274.083867,7
① 双预报不可知（光伏+负载都用前一日实际）,2025-12-31,22:00-22:10,4.440089,1
① 双预报不可知（光伏+负载都用前一日实际）,2025-12-31,23:30-0:00+1,172.257925,3
② 光伏用第 d 日 0:00 预报 + 负载用前一日剖面,2025-02-01,1:30-1:40,3.871967,1
② 光伏用第 d 日 0:00 预报 + 负载用前一日剖面,2025-02-01,2:20-2:30,9.240328,1
② 光伏用第 d 日 0:00 预报 + 负载用前一日剖面,2025-02-01,6:00-6:20,11.459222,2
② 光伏用第 d 日 0:00 预报 + 负载用前一日剖面,2025-02-01,6:40-7:50,596.122211,7
② 光伏用第 d 日 0:00 预报 + 负载用前一日剖面,2025-02-01,8:00-11:20,2386.271189,20
② 光伏用第 d 日 0:00 预报 + 负载用前一日剖面,2025-02-01,18:00-18:30,66.290017,3
② 光伏用第 d 日 0:00 预报 + 负载用前一日剖面,2025-02-01,19:20-19:50,79.150083,3
② 光伏用第 d 日 0:00 预报 + 负载用前一日剖面,2025-02-01,21:00-21:40,64.134661,4
② 光伏用第 d 日 0:00 预报 + 负载用前一日剖面,2025-02-01,22:40-23:00,64.198350,2
② 光伏用第 d 日 0:00 预报 + 负载用前一日剖面,2025-02-01,23:40-0:00+1,201.121806,2
② 光伏用第 d 日 0:00 预报 + 负载用前一日剖面,2025-02-02,0:00-0:00+1,43958.483167,144
② 光伏用第 d 日 0:00 预报 + 负载用前一日剖面,2025-02-03,0:20-0:40,23.915989,2
② 光伏用第 d 日 0:00 预报 + 负载用前一日剖面,2025-02-03,1:20-1:30,11.325686,1
② 光伏用第 d 日 0:00 预报 + 负载用前一日剖面,2025-02-03,1:50-2:20,56.609836,3
② 光伏用第 d 日 0:00 预报 + 负载用前一日剖面,2025-02-03,2:50-3:30,69.728225,4
② 光伏用第 d 日 0:00 预报 + 负载用前一日剖面,2025-02-03,3:50-4:40,188.753100,5
② 光伏用第 d 日 0:00 预报 + 负载用前一日剖面,2025-02-03,4:50-5:00,0.642933,1
② 光伏用第 d 日 0:00 预报 + 负载用前一日剖面,2025-02-03,5:40-8:40,2003.636000,18
② 光伏用第 d 日 0:00 预报 + 负载用前一日剖面,2025-02-03,9:00-9:50,613.598692,5
② 光伏用第 d 日 0:00 预报 + 负载用前一日剖面,2025-02-03,10:20-10:40,54.377300,2
② 光伏用第 d 日 0:00 预报 + 负载用前一日剖面,2025-02-03,16:50-17:40,321.832703,5
② 光伏用第 d 日 0:00 预报 + 负载用前一日剖面,2025-02-03,18:10-18:20,1.510189,1
② 光伏用第 d 日 0:00 预报 + 负载用前一日剖面,2025-02-03,19:10-20:40,111.681789,9
② 光伏用第 d 日 0:00 预报 + 负载用前一日剖面,2025-02-03,21:00-21:50,226.633603,5
② 光伏用第 d 日 0:00 预报 + 负载用前一日剖面,2025-02-03,22:20-23:20,112.344133,6
② 光伏用第 d 日 0:00 预报 + 负载用前一日剖面,2025-02-03,23:40-0:00+1,51.735556,2
② 光伏用第 d 日 0:00 预报 + 负载用前一日剖面,2025-02-04,0:20-0:30,31.121069,1
② 光伏用第 d 日 0:00 预报 + 负载用前一日剖面,2025-02-04,0:50-1:10,25.254506,2
② 光伏用第 d 日 0:00 预报 + 负载用前一日剖面,2025-02-04,1:30-2:00,59.694708,3
② 光伏用第 d 日 0:00 预报 + 负载用前一日剖面,2025-02-04,2:20-3:00,31.756556,4
② 光伏用第 d 日 0:00 预报 + 负载用前一日剖面,2025-02-04,5:40-6:50,279.579753,7
② 光伏用第 d 日 0:00 预报 + 负载用前一日剖面,2025-02-04,7:00-8:40,1114.150739,10
② 光伏用第 d 日 0:00 预报 + 负载用前一日剖面,2025-02-04,9:00-10:40,885.278433,10
② 光伏用第 d 日 0:00 预报 + 负载用前一日剖面,2025-02-04,11:00-11:20,76.744383,2
② 光伏用第 d 日 0:00 预报 + 负载用前一日剖面,2025-02-04,17:00-17:40,185.147072,4
② 光伏用第 d 日 0:00 预报 + 负载用前一日剖面,2025-02-04,18:20-18:40,27.380111,2
② 光伏用第 d 日 0:00 预报 + 负载用前一日剖面,2025-02-04,19:40-20:00,33.131939,2
② 光伏用第 d 日 0:00 预报 + 负载用前一日剖面,2025-02-04,20:40-21:40,102.208228,6
② 光伏用第 d 日 0:00 预报 + 负载用前一日剖面,2025-02-04,22:00-23:00,140.076350,6
② 光伏用第 d 日 0:00 预报 + 负载用前一日剖面,2025-02-05,0:00-0:30,89.993425,3
② 光伏用第 d 日 0:00 预报 + 负载用前一日剖面,2025-02-05,0:50-1:20,31.172475,3
② 光伏用第 d 日 0:00 预报 + 负载用前一日剖面,2025-02-05,1:30-1:50,19.454972,2
② 光伏用第 d 日 0:00 预报 + 负载用前一日剖面,2025-02-05,2:10-2:40,45.855100,3
② 光伏用第 d 日 0:00 预报 + 负载用前一日剖面,2025-02-05,2:50-3:00,13.192311,1
② 光伏用第 d 日 0:00 预报 + 负载用前一日剖面,2025-02-05,3:20-3:30,16.061561,1
② 光伏用第 d 日 0:00 预报 + 负载用前一日剖面,2025-02-05,3:40-5:00,247.296256,8
② 光伏用第 d 日 0:00 预报 + 负载用前一日剖面,2025-02-05,5:40-6:50,559.846311,7
② 光伏用第 d 日 0:00 预报 + 负载用前一日剖面,2025-02-05,7:00-8:50,1577.038406,11
② 光伏用第 d 日 0:00 预报 + 负载用前一日剖面,2025-02-05,9:00-9:50,629.185472,5
② 光伏用第 d 日 0:00 预报 + 负载用前一日剖面,2025-02-05,10:00-12:00,1678.662250,12
② 光伏用第 d 日 0:00 预报 + 负载用前一日剖面,2025-02-05,13:50-14:00,17.186831,1
② 光伏用第 d 日 0:00 预报 + 负载用前一日剖面,2025-02-05,17:00-17:40,265.259144,4
② 光伏用第 d 日 0:00 预报 + 负载用前一日剖面,2025-02-05,18:00-18:20,41.784089,2
② 光伏用第 d 日 0:00 预报 + 负载用前一日剖面,2025-02-05,18:30-18:50,39.105856,2
② 光伏用第 d 日 0:00 预报 + 负载用前一日剖面,2025-02-05,19:10-19:20,9.837531,1
② 光伏用第 d 日 0:00 预报 + 负载用前一日剖面,2025-02-05,20:00-20:30,31.359608,3
② 光伏用第 d 日 0:00 预报 + 负载用前一日剖面,2025-02-05,20:40-21:40,223.857167,6
② 光伏用第 d 日 0:00 预报 + 负载用前一日剖面,2025-02-05,23:00-23:10,0.405622,1
② 光伏用第 d 日 0:00 预报 + 负载用前一日剖面,2025-02-05,23:20-0:00+1,37.925706,4
② 光伏用第 d 日 0:00 预报 + 负载用前一日剖面,2025-02-06,0:10-0:30,30.437672,2
② 光伏用第 d 日 0:00 预报 + 负载用前一日剖面,2025-02-06,0:40-1:10,56.940369,3
② 光伏用第 d 日 0:00 预报 + 负载用前一日剖面,2025-02-06,1:30-1:50,28.775128,2
② 光伏用第 d 日 0:00 预报 + 负载用前一日剖面,2025-02-06,2:40-3:00,39.334561,2
② 光伏用第 d 日 0:00 预报 + 负载用前一日剖面,2025-02-06,3:20-4:00,93.568667,4
② 光伏用第 d 日 0:00 预报 + 负载用前一日剖面,2025-02-06,5:50-6:50,465.360281,6
② 光伏用第 d 日 0:00 预报 + 负载用前一日剖面,2025-02-06,7:00-7:30,229.534933,3
② 光伏用第 d 日 0:00 预报 + 负载用前一日剖面,2025-02-06,7:40-8:50,1202.021644,7
② 光伏用第 d 日 0:00 预报 + 负载用前一日剖面,2025-02-06,9:00-9:40,219.255044,4
② 光伏用第 d 日 0:00 预报 + 负载用前一日剖面,2025-02-06,10:00-10:40,310.171178,4
② 光伏用第 d 日 0:00 预报 + 负载用前一日剖面,2025-02-06,17:00-17:40,280.324861,4
② 光伏用第 d 日 0:00 预报 + 负载用前一日剖面,2025-02-06,18:10-18:20,7.654447,1
② 光伏用第 d 日 0:00 预报 + 负载用前一日剖面,2025-02-06,18:50-19:10,41.164225,2
② 光伏用第 d 日 0:00 预报 + 负载用前一日剖面,2025-02-06,20:00-20:50,63.185206,5
② 光伏用第 d 日 0:00 预报 + 负载用前一日剖面,2025-02-06,21:00-21:50,215.582700,5
② 光伏用第 d 日 0:00 预报 + 负载用前一日剖面,2025-02-06,22:10-22:20,0.772372,1
② 光伏用第 d 日 0:00 预报 + 负载用前一日剖面,2025-02-06,22:30-23:20,66.559939,5
② 光伏用第 d 日 0:00 预报 + 负载用前一日剖面,2025-02-06,23:30-23:40,29.572836,1
② 光伏用第 d 日 0:00 预报 + 负载用前一日剖面,2025-02-08,0:10-1:10,115.708653,6
② 光伏用第 d 日 0:00 预报 + 负载用前一日剖面,2025-02-08,1:40-2:00,28.476683,2
② 光伏用第 d 日 0:00 预报 + 负载用前一日剖面,2025-02-08,2:50-3:10,16.612586,2
② 光伏用第 d 日 0:00 预报 + 负载用前一日剖面,2025-02-08,3:50-4:00,1.153550,1
② 光伏用第 d 日 0:00 预报 + 负载用前一日剖面,2025-02-08,4:20-4:30,11.209481,1
② 光伏用第 d 日 0:00 预报 + 负载用前一日剖面,2025-02-08,5:00-6:40,155.983189,10
② 光伏用第 d 日 0:00 预报 + 负载用前一日剖面,2025-02-08,6:50-9:50,2779.349281,18
② 光伏用第 d 日 0:00 预报 + 负载用前一日剖面,2025-02-08,10:00-10:20,575.887867,2
② 光伏用第 d 日 0:00 预报 + 负载用前一日剖面,2025-02-08,10:30-11:00,171.699817,3
② 光伏用第 d 日 0:00 预报 + 负载用前一日剖面,2025-02-08,11:10-11:20,7.102572,1
② 光伏用第 d 日 0:00 预报 + 负载用前一日剖面,2025-02-08,11:40-11:50,38.603239,1
② 光伏用第 d 日 0:00 预报 + 负载用前一日剖面,2025-02-08,12:00-12:50,611.486628,5
② 光伏用第 d 日 0:00 预报 + 负载用前一日剖面,2025-02-08,13:50-14:00,15.364033,1
② 光伏用第 d 日 0:00 预报 + 负载用前一日剖面,2025-02-08,14:20-14:50,128.533183,3
② 光伏用第 d 日 0:00 预报 + 负载用前一日剖面,2025-02-08,15:50-16:00,46.213408,1
② 光伏用第 d 日 0:00 预报 + 负载用前一日剖面,2025-02-08,17:20-18:20,100.672756,6
② 光伏用第 d 日 0:00 预报 + 负载用前一日剖面,2025-02-08,18:50-19:20,42.423044,3
② 光伏用第 d 日 0:00 预报 + 负载用前一日剖面,2025-02-08,19:30-19:50,7.500639,2
② 光伏用第 d 日 0:00 预报 + 负载用前一日剖面,2025-02-08,20:20-20:50,47.147967,3
② 光伏用第 d 日 0:00 预报 + 负载用前一日剖面,2025-02-08,21:20-21:40,27.042144,2
② 光伏用第 d 日 0:00 预报 + 负载用前一日剖面,2025-02-08,22:00-22:20,33.545856,2
② 光伏用第 d 日 0:00 预报 + 负载用前一日剖面,2025-02-08,22:40-23:00,14.992972,2
② 光伏用第 d 日 0:00 预报 + 负载用前一日剖面,2025-02-08,23:20-23:30,6.134572,1
② 光伏用第 d 日 0:00 预报 + 负载用前一日剖面,2025-02-08,23:40-0:00+1,151.594711,2
② 光伏用第 d 日 0:00 预报 + 负载用前一日剖面,2025-02-09,0:00-0:00+1,44050.218650,144
② 光伏用第 d 日 0:00 预报 + 负载用前一日剖面,2025-02-10,1:10-1:30,25.272233,2
② 光伏用第 d 日 0:00 预报 + 负载用前一日剖面,2025-02-10,1:50-2:00,7.585867,1
② 光伏用第 d 日 0:00 预报 + 负载用前一日剖面,2025-02-10,2:20-2:30,14.619231,1
② 光伏用第 d 日 0:00 预报 + 负载用前一日剖面,2025-02-10,2:40-3:00,24.742594,2
② 光伏用第 d 日 0:00 预报 + 负载用前一日剖面,2025-02-10,3:30-5:00,225.127475,9
② 光伏用第 d 日 0:00 预报 + 负载用前一日剖面,2025-02-10,5:40-7:30,984.617269,11
② 光伏用第 d 日 0:00 预报 + 负载用前一日剖面,2025-02-10,7:40-8:40,860.702306,6
② 光伏用第 d 日 0:00 预报 + 负载用前一日剖面,2025-02-10,9:00-9:20,116.902039,2
② 光伏用第 d 日 0:00 预报 + 负载用前一日剖面,2025-02-10,10:00-10:10,34.087214,1
② 光伏用第 d 日 0:00 预报 + 负载用前一日剖面,2025-02-10,11:00-11:10,3.671506,1
② 光伏用第 d 日 0:00 预报 + 负载用前一日剖面,2025-02-10,12:50-13:00,13.428047,1
② 光伏用第 d 日 0:00 预报 + 负载用前一日剖面,2025-02-10,17:10-17:40,206.029417,3
② 光伏用第 d 日 0:00 预报 + 负载用前一日剖面,2025-02-10,18:40-19:00,39.601594,2
② 光伏用第 d 日 0:00 预报 + 负载用前一日剖面,2025-02-10,19:30-19:40,3.302175,1
② 光伏用第 d 日 0:00 预报 + 负载用前一日剖面,2025-02-10,20:20-21:50,295.487200,9
② 光伏用第 d 日 0:00 预报 + 负载用前一日剖面,2025-02-10,22:30-23:00,27.006492,3
② 光伏用第 d 日 0:00 预报 + 负载用前一日剖面,2025-02-10,23:10-0:00+1,118.119814,5
② 光伏用第 d 日 0:00 预报 + 负载用前一日剖面,2025-02-11,0:00-0:10,5.919658,1
② 光伏用第 d 日 0:00 预报 + 负载用前一日剖面,2025-02-11,0:20-0:50,37.090558,3
② 光伏用第 d 日 0:00 预报 + 负载用前一日剖面,2025-02-11,1:30-2:00,52.185283,3
② 光伏用第 d 日 0:00 预报 + 负载用前一日剖面,2025-02-11,2:10-3:20,31.652414,7
② 光伏用第 d 日 0:00 预报 + 负载用前一日剖面,2025-02-11,3:30-3:50,22.318000,2
② 光伏用第 d 日 0:00 预报 + 负载用前一日剖面,2025-02-11,5:50-6:50,621.942881,6
② 光伏用第 d 日 0:00 预报 + 负载用前一日剖面,2025-02-11,7:00-9:50,2737.519233,17
② 光伏用第 d 日 0:00 预报 + 负载用前一日剖面,2025-02-11,10:00-12:00,1036.639667,12
② 光伏用第 d 日 0:00 预报 + 负载用前一日剖面,2025-02-11,17:00-17:40,212.162017,4
② 光伏用第 d 日 0:00 预报 + 负载用前一日剖面,2025-02-11,18:10-21:40,312.210947,21
② 光伏用第 d 日 0:00 预报 + 负载用前一日剖面,2025-02-11,22:10-22:30,31.424539,2
② 光伏用第 d 日 0:00 预报 + 负载用前一日剖面,2025-02-11,22:50-23:00,26.167228,1
② 光伏用第 d 日 0:00 预报 + 负载用前一日剖面,2025-02-11,23:30-23:40,2.479006,1
② 光伏用第 d 日 0:00 预报 + 负载用前一日剖面,2025-02-12,0:30-1:20,28.683019,5
② 光伏用第 d 日 0:00 预报 + 负载用前一日剖面,2025-02-12,2:40-2:50,2.304864,1
② 光伏用第 d 日 0:00 预报 + 负载用前一日剖面,2025-02-12,3:20-5:00,188.205717,10
② 光伏用第 d 日 0:00 预报 + 负载用前一日剖面,2025-02-12,5:40-7:30,840.772786,11
② 光伏用第 d 日 0:00 预报 + 负载用前一日剖面,2025-02-12,7:40-8:50,875.122656,7
② 光伏用第 d 日 0:00 预报 + 负载用前一日剖面,2025-02-12,9:00-9:30,274.832908,3
② 光伏用第 d 日 0:00 预报 + 负载用前一日剖面,2025-02-12,10:00-10:10,16.656725,1
② 光伏用第 d 日 0:00 预报 + 负载用前一日剖面,2025-02-12,11:00-11:10,20.387311,1
② 光伏用第 d 日 0:00 预报 + 负载用前一日剖面,2025-02-12,12:50-13:00,8.207372,1
② 光伏用第 d 日 0:00 预报 + 负载用前一日剖面,2025-02-12,16:50-17:40,254.109989,5
② 光伏用第 d 日 0:00 预报 + 负载用前一日剖面,2025-02-12,18:10-18:50,62.550039,4
② 光伏用第 d 日 0:00 预报 + 负载用前一日剖面,2025-02-12,19:10-19:30,23.067028,2
② 光伏用第 d 日 0:00 预报 + 负载用前一日剖面,2025-02-12,19:50-20:00,14.757006,1
② 光伏用第 d 日 0:00 预报 + 负载用前一日剖面,2025-02-12,20:50-21:40,236.761325,5
② 光伏用第 d 日 0:00 预报 + 负载用前一日剖面,2025-02-12,22:30-23:40,89.547758,7
② 光伏用第 d 日 0:00 预报 + 负载用前一日剖面,2025-02-13,0:00-0:20,58.388067,2
② 光伏用第 d 日 0:00 预报 + 负载用前一日剖面,2025-02-13,0:30-2:20,319.898156,11
② 光伏用第 d 日 0:00 预报 + 负载用前一日剖面,2025-02-13,2:30-2:40,0.413786,1
② 光伏用第 d 日 0:00 预报 + 负载用前一日剖面,2025-02-13,3:10-4:00,119.664094,5
② 光伏用第 d 日 0:00 预报 + 负载用前一日剖面,2025-02-13,5:40-6:50,582.773039,7
② 光伏用第 d 日 0:00 预报 + 负载用前一日剖面,2025-02-13,7:00-7:30,372.835225,3
② 光伏用第 d 日 0:00 预报 + 负载用前一日剖面,2025-02-13,7:40-8:40,841.073211,6
② 光伏用第 d 日 0:00 预报 + 负载用前一日剖面,2025-02-13,9:00-9:40,447.104289,4
② 光伏用第 d 日 0:00 预报 + 负载用前一日剖面,2025-02-13,10:00-10:10,4.083411,1
② 光伏用第 d 日 0:00 预报 + 负载用前一日剖面,2025-02-13,10:20-10:30,8.983744,1
② 光伏用第 d 日 0:00 预报 + 负载用前一日剖面,2025-02-13,13:50-14:00,26.475533,1
② 光伏用第 d 日 0:00 预报 + 负载用前一日剖面,2025-02-13,15:50-16:00,41.004872,1
② 光伏用第 d 日 0:00 预报 + 负载用前一日剖面,2025-02-13,16:50-17:00,17.679772,1
② 光伏用第 d 日 0:00 预报 + 负载用前一日剖面,2025-02-13,17:10-17:40,141.309158,3
② 光伏用第 d 日 0:00 预报 + 负载用前一日剖面,2025-02-13,18:30-18:40,4.118131,1
② 光伏用第 d 日 0:00 预报 + 负载用前一日剖面,2025-02-13,19:00-19:50,86.016344,5
② 光伏用第 d 日 0:00 预报 + 负载用前一日剖面,2025-02-13,20:20-20:30,7.070825,1
② 光伏用第 d 日 0:00 预报 + 负载用前一日剖面,2025-02-13,20:50-21:40,158.845731,5
② 光伏用第 d 日 0:00 预报 + 负载用前一日剖面,2025-02-13,22:10-23:00,90.456728,5
② 光伏用第 d 日 0:00 预报 + 负载用前一日剖面,2025-02-13,23:20-23:40,31.182683,2
② 光伏用第 d 日 0:00 预报 + 负载用前一日剖面,2025-02-15,0:30-2:00,161.306517,9
② 光伏用第 d 日 0:00 预报 + 负载用前一日剖面,2025-02-15,4:40-5:00,44.051567,2
② 光伏用第 d 日 0:00 预报 + 负载用前一日剖面,2025-02-15,5:20-7:50,1335.700336,15
② 光伏用第 d 日 0:00 预报 + 负载用前一日剖面,2025-02-15,8:00-8:30,705.744083,3
② 光伏用第 d 日 0:00 预报 + 负载用前一日剖面,2025-02-15,8:40-9:50,923.637283,7
② 光伏用第 d 日 0:00 预报 + 负载用前一日剖面,2025-02-15,10:00-10:20,63.373194,2
② 光伏用第 d 日 0:00 预报 + 负载用前一日剖面,2025-02-15,18:00-18:20,38.789017,2
② 光伏用第 d 日 0:00 预报 + 负载用前一日剖面,2025-02-15,18:40-19:00,17.832617,2
② 光伏用第 d 日 0:00 预报 + 负载用前一日剖面,2025-02-15,19:30-20:00,113.876600,3
② 光伏用第 d 日 0:00 预报 + 负载用前一日剖面,2025-02-15,20:30-20:40,0.771283,1
② 光伏用第 d 日 0:00 预报 + 负载用前一日剖面,2025-02-15,20:50-21:40,170.971239,5
② 光伏用第 d 日 0:00 预报 + 负载用前一日剖面,2025-02-15,22:10-23:20,150.699856,7
② 光伏用第 d 日 0:00 预报 + 负载用前一日剖面,2025-02-15,23:40-0:00+1,164.696089,2
② 光伏用第 d 日 0:00 预报 + 负载用前一日剖面,2025-02-16,0:00-0:00+1,41327.146550,144
② 光伏用第 d 日 0:00 预报 + 负载用前一日剖面,2025-02-17,0:50-1:10,6.985992,2
② 光伏用第 d 日 0:00 预报 + 负载用前一日剖面,2025-02-17,1:30-2:30,127.091867,6
② 光伏用第 d 日 0:00 预报 + 负载用前一日剖面,2025-02-17,2:50-3:30,50.013372,4
② 光伏用第 d 日 0:00 预报 + 负载用前一日剖面,2025-02-17,3:40-4:00,29.272961,2
② 光伏用第 d 日 0:00 预报 + 负载用前一日剖面,2025-02-17,4:10-4:40,48.984500,3
② 光伏用第 d 日 0:00 预报 + 负载用前一日剖面,2025-02-17,5:40-7:30,1024.131739,11
② 光伏用第 d 日 0:00 预报 + 负载用前一日剖面,2025-02-17,7:40-8:20,388.930639,4
② 光伏用第 d 日 0:00 预报 + 负载用前一日剖面,2025-02-17,9:00-9:20,137.331378,2
② 光伏用第 d 日 0:00 预报 + 负载用前一日剖面,2025-02-17,15:50-16:00,25.264778,1
② 光伏用第 d 日 0:00 预报 + 负载用前一日剖面,2025-02-17,17:00-17:40,148.035806,4
② 光伏用第 d 日 0:00 预报 + 负载用前一日剖面,2025-02-17,18:10-18:20,2.907286,1
② 光伏用第 d 日 0:00 预报 + 负载用前一日剖面,2025-02-17,18:30-19:30,115.136517,6
② 光伏用第 d 日 0:00 预报 + 负载用前一日剖面,2025-02-17,20:00-20:40,68.263778,4
② 光伏用第 d 日 0:00 预报 + 负载用前一日剖面,2025-02-17,21:00-21:40,217.324750,4
② 光伏用第 d 日 0:00 预报 + 负载用前一日剖面,2025-02-17,22:10-0:00+1,154.142322,11
② 光伏用第 d 日 0:00 预报 + 负载用前一日剖面,2025-02-18,0:40-1:00,26.097828,2
② 光伏用第 d 日 0:00 预报 + 负载用前一日剖面,2025-02-18,1:20-1:30,16.256089,1
② 光伏用第 d 日 0:00 预报 + 负载用前一日剖面,2025-02-18,1:40-2:00,29.997328,2
② 光伏用第 d 日 0:00 预报 + 负载用前一日剖面,2025-02-18,2:30-2:40,1.572575,1
② 光伏用第 d 日 0:00 预报 + 负载用前一日剖面,2025-02-18,3:10-3:30,2.907900,2
② 光伏用第 d 日 0:00 预报 + 负载用前一日剖面,2025-02-18,3:40-4:00,44.667717,2
② 光伏用第 d 日 0:00 预报 + 负载用前一日剖面,2025-02-18,4:20-5:00,52.324400,4
② 光伏用第 d 日 0:00 预报 + 负载用前一日剖面,2025-02-18,5:40-6:50,695.047717,7
② 光伏用第 d 日 0:00 预报 + 负载用前一日剖面,2025-02-18,7:00-8:50,1375.659503,11
② 光伏用第 d 日 0:00 预报 + 负载用前一日剖面,2025-02-18,9:00-9:30,442.622392,3
② 光伏用第 d 日 0:00 预报 + 负载用前一日剖面,2025-02-18,10:20-14:00,2241.503672,22
② 光伏用第 d 日 0:00 预报 + 负载用前一日剖面,2025-02-18,14:40-15:00,133.928383,2
② 光伏用第 d 日 0:00 预报 + 负载用前一日剖面,2025-02-18,17:10-17:40,235.184117,3
② 光伏用第 d 日 0:00 预报 + 负载用前一日剖面,2025-02-18,18:30-18:50,27.871711,2
② 光伏用第 d 日 0:00 预报 + 负载用前一日剖面,2025-02-18,19:10-19:20,2.391892,1
② 光伏用第 d 日 0:00 预报 + 负载用前一日剖面,2025-02-18,19:50-20:40,86.019053,5
② 光伏用第 d 日 0:00 预报 + 负载用前一日剖面,2025-02-18,21:00-21:40,115.055717,4
② 光伏用第 d 日 0:00 预报 + 负载用前一日剖面,2025-02-18,22:10-22:20,7.448533,1
② 光伏用第 d 日 0:00 预报 + 负载用前一日剖面,2025-02-18,22:50-23:00,13.367717,1
② 光伏用第 d 日 0:00 预报 + 负载用前一日剖面,2025-02-19,0:40-1:30,86.610142,5
② 光伏用第 d 日 0:00 预报 + 负载用前一日剖面,2025-02-19,1:40-3:00,232.952383,8
② 光伏用第 d 日 0:00 预报 + 负载用前一日剖面,2025-02-19,3:20-3:40,28.684867,2
② 光伏用第 d 日 0:00 预报 + 负载用前一日剖面,2025-02-19,4:40-5:00,74.944928,2
② 光伏用第 d 日 0:00 预报 + 负载用前一日剖面,2025-02-19,5:50-8:50,2255.143786,18
② 光伏用第 d 日 0:00 预报 + 负载用前一日剖面,2025-02-19,9:00-11:50,2035.851650,17
② 光伏用第 d 日 0:00 预报 + 负载用前一日剖面,2025-02-19,12:40-13:00,165.430344,2
② 光伏用第 d 日 0:00 预报 + 负载用前一日剖面,2025-02-19,15:50-16:00,10.176908,1
② 光伏用第 d 日 0:00 预报 + 负载用前一日剖面,2025-02-19,17:10-17:40,155.823192,3
② 光伏用第 d 日 0:00 预报 + 负载用前一日剖面,2025-02-19,18:10-18:20,18.611319,1
② 光伏用第 d 日 0:00 预报 + 负载用前一日剖面,2025-02-19,18:30-18:50,9.187689,2
② 光伏用第 d 日 0:00 预报 + 负载用前一日剖面,2025-02-19,19:10-19:30,45.773644,2
② 光伏用第 d 日 0:00 预报 + 负载用前一日剖面,2025-02-19,19:40-20:10,76.890092,3
② 光伏用第 d 日 0:00 预报 + 负载用前一日剖面,2025-02-19,20:40-21:50,323.081419,7
② 光伏用第 d 日 0:00 预报 + 负载用前一日剖面,2025-02-19,22:10-23:10,154.811725,6
② 光伏用第 d 日 0:00 预报 + 负载用前一日剖面,2025-02-19,23:30-0:00+1,136.162883,3
② 光伏用第 d 日 0:00 预报 + 负载用前一日剖面,2025-02-20,0:00-1:10,193.292592,7
② 光伏用第 d 日 0:00 预报 + 负载用前一日剖面,2025-02-20,2:50-3:00,3.535136,1
② 光伏用第 d 日 0:00 预报 + 负载用前一日剖面,2025-02-20,3:30-4:10,83.711000,4
② 光伏用第 d 日 0:00 预报 + 负载用前一日剖面,2025-02-20,4:40-4:50,16.203208,1
② 光伏用第 d 日 0:00 预报 + 负载用前一日剖面,2025-02-20,5:40-6:50,677.419061,7
② 光伏用第 d 日 0:00 预报 + 负载用前一日剖面,2025-02-20,7:00-8:50,1600.615100,11
② 光伏用第 d 日 0:00 预报 + 负载用前一日剖面,2025-02-20,9:00-9:30,85.583558,3
② 光伏用第 d 日 0:00 预报 + 负载用前一日剖面,2025-02-20,11:00-11:10,0.356994,1
② 光伏用第 d 日 0:00 预报 + 负载用前一日剖面,2025-02-20,15:50-16:00,11.875317,1
② 光伏用第 d 日 0:00 预报 + 负载用前一日剖面,2025-02-20,16:50-17:40,268.884081,5
② 光伏用第 d 日 0:00 预报 + 负载用前一日剖面,2025-02-20,18:10-18:40,87.820258,3
② 光伏用第 d 日 0:00 预报 + 负载用前一日剖面,2025-02-20,20:00-20:20,26.316906,2
② 光伏用第 d 日 0:00 预报 + 负载用前一日剖面,2025-02-20,20:50-21:20,82.632050,3
② 光伏用第 d 日 0:00 预报 + 负载用前一日剖面,2025-02-20,21:30-21:40,32.549578,1
② 光伏用第 d 日 0:00 预报 + 负载用前一日剖面,2025-02-20,22:10-22:20,1.779464,1
② 光伏用第 d 日 0:00 预报 + 负载用前一日剖面,2025-02-20,22:50-23:10,36.554022,2
② 光伏用第 d 日 0:00 预报 + 负载用前一日剖面,2025-02-22,0:30-1:20,56.526292,5
② 光伏用第 d 日 0:00 预报 + 负载用前一日剖面,2025-02-22,1:40-2:10,50.877767,3
② 光伏用第 d 日 0:00 预报 + 负载用前一日剖面,2025-02-22,2:50-4:10,162.768419,8
② 光伏用第 d 日 0:00 预报 + 负载用前一日剖面,2025-02-22,5:50-7:50,1283.317964,12
② 光伏用第 d 日 0:00 预报 + 负载用前一日剖面,2025-02-22,8:00-8:20,414.163950,2
② 光伏用第 d 日 0:00 预报 + 负载用前一日剖面,2025-02-22,8:40-9:50,757.452747,7
② 光伏用第 d 日 0:00 预报 + 负载用前一日剖面,2025-02-22,10:00-10:30,227.407783,3
② 光伏用第 d 日 0:00 预报 + 负载用前一日剖面,2025-02-22,11:20-11:30,38.942678,1
② 光伏用第 d 日 0:00 预报 + 负载用前一日剖面,2025-02-22,11:40-11:50,1.662961,1
② 光伏用第 d 日 0:00 预报 + 负载用前一日剖面,2025-02-22,12:00-12:20,114.318806,2
② 光伏用第 d 日 0:00 预报 + 负载用前一日剖面,2025-02-22,12:30-12:50,43.997939,2
② 光伏用第 d 日 0:00 预报 + 负载用前一日剖面,2025-02-22,15:50-16:00,43.229950,1
② 光伏用第 d 日 0:00 预报 + 负载用前一日剖面,2025-02-22,17:30-18:10,101.550939,4
② 光伏用第 d 日 0:00 预报 + 负载用前一日剖面,2025-02-22,19:10-20:20,125.703989,7
② 光伏用第 d 日 0:00 预报 + 负载用前一日剖面,2025-02-22,20:30-20:50,49.375217,2
② 光伏用第 d 日 0:00 预报 + 负载用前一日剖面,2025-02-22,21:10-21:50,66.209567,4
② 光伏用第 d 日 0:00 预报 + 负载用前一日剖面,2025-02-22,22:50-23:00,26.538653,1
② 光伏用第 d 日 0:00 预报 + 负载用前一日剖面,2025-02-22,23:40-0:00+1,219.557289,2
② 光伏用第 d 日 0:00 预报 + 负载用前一日剖面,2025-02-23,0:00-11:30,22296.316808,69
② 光伏用第 d 日 0:00 预报 + 负载用前一日剖面,2025-02-23,11:40-11:50,353.549311,1
② 光伏用第 d 日 0:00 预报 + 负载用前一日剖面,2025-02-23,12:00-12:50,1822.238267,5
② 光伏用第 d 日 0:00 预报 + 负载用前一日剖面,2025-02-23,13:00-13:20,448.786117,2
② 光伏用第 d 日 0:00 预报 + 负载用前一日剖面,2025-02-23,13:40-0:00+1,16034.420514,62
② 光伏用第 d 日 0:00 预报 + 负载用前一日剖面,2025-02-24,0:30-0:50,35.524583,2
② 光伏用第 d 日 0:00 预报 + 负载用前一日剖面,2025-02-24,1:10-1:30,17.998711,2
② 光伏用第 d 日 0:00 预报 + 负载用前一日剖面,2025-02-24,2:00-2:20,21.559183,2
② 光伏用第 d 日 0:00 预报 + 负载用前一日剖面,2025-02-24,2:50-3:20,28.181706,3
② 光伏用第 d 日 0:00 预报 + 负载用前一日剖面,2025-02-24,3:40-4:00,8.056539,2
② 光伏用第 d 日 0:00 预报 + 负载用前一日剖面,2025-02-24,4:50-5:00,0.727664,1
② 光伏用第 d 日 0:00 预报 + 负载用前一日剖面,2025-02-24,5:50-6:50,754.584253,6
② 光伏用第 d 日 0:00 预报 + 负载用前一日剖面,2025-02-24,7:00-7:20,175.805439,2
② 光伏用第 d 日 0:00 预报 + 负载用前一日剖面,2025-02-24,7:40-8:40,695.845956,6
② 光伏用第 d 日 0:00 预报 + 负载用前一日剖面,2025-02-24,9:00-9:30,171.708367,3
② 光伏用第 d 日 0:00 预报 + 负载用前一日剖面,2025-02-24,10:00-13:00,2060.108767,18
② 光伏用第 d 日 0:00 预报 + 负载用前一日剖面,2025-02-24,13:20-13:30,9.568411,1
② 光伏用第 d 日 0:00 预报 + 负载用前一日剖面,2025-02-24,17:10-17:40,236.480450,3
② 光伏用第 d 日 0:00 预报 + 负载用前一日剖面,2025-02-24,18:30-18:50,33.570161,2
② 光伏用第 d 日 0:00 预报 + 负载用前一日剖面,2025-02-24,20:10-21:10,136.749944,6
② 光伏用第 d 日 0:00 预报 + 负载用前一日剖面,2025-02-24,21:20-21:50,124.436633,3
② 光伏用第 d 日 0:00 预报 + 负载用前一日剖面,2025-02-24,22:00-22:20,23.719678,2
② 光伏用第 d 日 0:00 预报 + 负载用前一日剖面,2025-02-24,22:30-23:00,39.149950,3
② 光伏用第 d 日 0:00 预报 + 负载用前一日剖面,2025-02-24,23:10-23:40,26.852425,3
② 光伏用第 d 日 0:00 预报 + 负载用前一日剖面,2025-02-25,0:00-0:20,25.752583,2
② 光伏用第 d 日 0:00 预报 + 负载用前一日剖面,2025-02-25,0:40-1:20,87.253494,4
② 光伏用第 d 日 0:00 预报 + 负载用前一日剖面,2025-02-25,2:00-3:40,200.397389,10
② 光伏用第 d 日 0:00 预报 + 负载用前一日剖面,2025-02-25,4:10-4:20,6.291814,1
② 光伏用第 d 日 0:00 预报 + 负载用前一日剖面,2025-02-25,4:50-5:00,6.515231,1
② 光伏用第 d 日 0:00 预报 + 负载用前一日剖面,2025-02-25,5:40-6:50,782.559769,7
② 光伏用第 d 日 0:00 预报 + 负载用前一日剖面,2025-02-25,7:00-7:30,372.039492,3
② 光伏用第 d 日 0:00 预报 + 负载用前一日剖面,2025-02-25,7:40-8:30,559.213722,5
② 光伏用第 d 日 0:00 预报 + 负载用前一日剖面,2025-02-25,9:00-9:10,29.668492,1
② 光伏用第 d 日 0:00 预报 + 负载用前一日剖面,2025-02-25,16:50-17:00,9.548147,1
② 光伏用第 d 日 0:00 预报 + 负载用前一日剖面,2025-02-25,17:20-17:40,92.393117,2
② 光伏用第 d 日 0:00 预报 + 负载用前一日剖面,2025-02-25,18:10-18:20,12.586261,1
② 光伏用第 d 日 0:00 预报 + 负载用前一日剖面,2025-02-25,18:40-20:00,156.404339,8
② 光伏用第 d 日 0:00 预报 + 负载用前一日剖面,2025-02-25,21:00-21:40,171.594844,4
② 光伏用第 d 日 0:00 预报 + 负载用前一日剖面,2025-02-25,22:00-22:20,43.144000,2
② 光伏用第 d 日 0:00 预报 + 负载用前一日剖面,2025-02-25,22:40-22:50,1.026175,1
② 光伏用第 d 日 0:00 预报 + 负载用前一日剖面,2025-02-25,23:10-23:40,68.064458,3
② 光伏用第 d 日 0:00 预报 + 负载用前一日剖面,2025-02-26,0:50-1:50,139.284981,6
② 光伏用第 d 日 0:00 预报 + 负载用前一日剖面,2025-02-26,2:10-2:40,10.615492,3
② 光伏用第 d 日 0:00 预报 + 负载用前一日剖面,2025-02-26,3:00-3:30,65.886225,3
② 光伏用第 d 日 0:00 预报 + 负载用前一日剖面,2025-02-26,4:00-5:00,124.929050,6
② 光伏用第 d 日 0:00 预报 + 负载用前一日剖面,2025-02-26,5:50-11:50,4216.867317,36
② 光伏用第 d 日 0:00 预报 + 负载用前一日剖面,2025-02-26,12:00-13:00,1099.899683,6
② 光伏用第 d 日 0:00 预报 + 负载用前一日剖面,2025-02-26,13:50-14:00,5.802769,1
② 光伏用第 d 日 0:00 预报 + 负载用前一日剖面,2025-02-26,14:30-15:00,229.718850,3
② 光伏用第 d 日 0:00 预报 + 负载用前一日剖面,2025-02-26,15:50-16:00,59.869081,1
② 光伏用第 d 日 0:00 预报 + 负载用前一日剖面,2025-02-26,16:50-17:00,35.759206,1
② 光伏用第 d 日 0:00 预报 + 负载用前一日剖面,2025-02-26,17:20-17:40,118.117389,2
② 光伏用第 d 日 0:00 预报 + 负载用前一日剖面,2025-02-26,18:10-18:30,27.743694,2
② 光伏用第 d 日 0:00 预报 + 负载用前一日剖面,2025-02-26,19:00-19:10,11.838333,1
② 光伏用第 d 日 0:00 预报 + 负载用前一日剖面,2025-02-26,19:30-20:20,54.095067,5
② 光伏用第 d 日 0:00 预报 + 负载用前一日剖面,2025-02-26,20:40-21:40,175.047967,6
② 光伏用第 d 日 0:00 预报 + 负载用前一日剖面,2025-02-26,22:20-22:40,38.997217,2
② 光伏用第 d 日 0:00 预报 + 负载用前一日剖面,2025-02-26,23:20-23:30,6.287881,1
② 光伏用第 d 日 0:00 预报 + 负载用前一日剖面,2025-02-27,0:30-1:20,116.572739,5
② 光伏用第 d 日 0:00 预报 + 负载用前一日剖面,2025-02-27,3:20-3:50,33.638175,3
② 光伏用第 d 日 0:00 预报 + 负载用前一日剖面,2025-02-27,5:40-6:50,685.049542,7
② 光伏用第 d 日 0:00 预报 + 负载用前一日剖面,2025-02-27,7:00-7:30,354.464575,3
② 光伏用第 d 日 0:00 预报 + 负载用前一日剖面,2025-02-27,7:40-10:30,2349.816350,17
② 光伏用第 d 日 0:00 预报 + 负载用前一日剖面,2025-02-27,12:20-12:40,13.167494,2
② 光伏用第 d 日 0:00 预报 + 负载用前一日剖面,2025-02-27,12:50-13:00,56.573306,1
② 光伏用第 d 日 0:00 预报 + 负载用前一日剖面,2025-02-27,13:40-14:00,64.341578,2
② 光伏用第 d 日 0:00 预报 + 负载用前一日剖面,2025-02-27,14:40-15:00,68.183356,2
② 光伏用第 d 日 0:00 预报 + 负载用前一日剖面,2025-02-27,15:50-16:00,30.285781,1
② 光伏用第 d 日 0:00 预报 + 负载用前一日剖面,2025-02-27,17:20-17:40,147.465600,2
② 光伏用第 d 日 0:00 预报 + 负载用前一日剖面,2025-02-27,18:10-18:50,131.803228,4
② 光伏用第 d 日 0:00 预报 + 负载用前一日剖面,2025-02-27,19:10-19:30,6.973222,2
② 光伏用第 d 日 0:00 预报 + 负载用前一日剖面,2025-02-27,20:10-21:40,220.205750,9
② 光伏用第 d 日 0:00 预报 + 负载用前一日剖面,2025-02-27,22:10-22:20,5.915317,1
② 光伏用第 d 日 0:00 预报 + 负载用前一日剖面,2025-02-27,22:30-23:10,31.183944,4
② 光伏用第 d 日 0:00 预报 + 负载用前一日剖面,2025-03-01,0:00-0:10,14.685044,1
② 光伏用第 d 日 0:00 预报 + 负载用前一日剖面,2025-03-01,0:30-0:50,26.565606,2
② 光伏用第 d 日 0:00 预报 + 负载用前一日剖面,2025-03-01,1:30-1:40,4.107675,1
② 光伏用第 d 日 0:00 预报 + 负载用前一日剖面,2025-03-01,2:10-2:30,19.751089,2
② 光伏用第 d 日 0:00 预报 + 负载用前一日剖面,2025-03-01,3:50-4:00,1.412861,1
② 光伏用第 d 日 0:00 预报 + 负载用前一日剖面,2025-03-01,6:00-6:50,274.447386,5
② 光伏用第 d 日 0:00 预报 + 负载用前一日剖面,2025-03-01,7:00-7:40,382.321850,4
② 光伏用第 d 日 0:00 预报 + 负载用前一日剖面,2025-03-01,8:00-8:10,67.063119,1
② 光伏用第 d 日 0:00 预报 + 负载用前一日剖面,2025-03-01,8:40-9:20,173.642428,4
② 光伏用第 d 日 0:00 预报 + 负载用前一日剖面,2025-03-01,11:20-11:30,9.191133,1
② 光伏用第 d 日 0:00 预报 + 负载用前一日剖面,2025-03-01,17:30-17:40,3.221864,1
② 光伏用第 d 日 0:00 预报 + 负载用前一日剖面,2025-03-01,18:00-18:40,86.341444,4
② 光伏用第 d 日 0:00 预报 + 负载用前一日剖面,2025-03-01,18:50-19:50,100.740981,6
② 光伏用第 d 日 0:00 预报 + 负载用前一日剖面,2025-03-01,20:10-20:30,8.239983,2
② 光伏用第 d 日 0:00 预报 + 负载用前一日剖面,2025-03-01,21:00-21:40,58.013278,4
② 光伏用第 d 日 0:00 预报 + 负载用前一日剖面,2025-03-01,22:10-23:00,51.774981,5
② 光伏用第 d 日 0:00 预报 + 负载用前一日剖面,2025-03-01,23:40-0:00+1,145.289933,2
② 光伏用第 d 日 0:00 预报 + 负载用前一日剖面,2025-03-02,0:00-0:00+1,43516.937067,144
② 光伏用第 d 日 0:00 预报 + 负载用前一日剖面,2025-03-03,0:00-0:50,35.471881,5
② 光伏用第 d 日 0:00 预报 + 负载用前一日剖面,2025-03-03,1:10-2:20,152.709872,7
② 光伏用第 d 日 0:00 预报 + 负载用前一日剖面,2025-03-03,2:30-2:50,14.244133,2
② 光伏用第 d 日 0:00 预报 + 负载用前一日剖面,2025-03-03,3:10-4:00,89.518422,5
② 光伏用第 d 日 0:00 预报 + 负载用前一日剖面,2025-03-03,5:50-8:30,1916.607756,16
② 光伏用第 d 日 0:00 预报 + 负载用前一日剖面,2025-03-03,9:00-10:10,374.807586,7
② 光伏用第 d 日 0:00 预报 + 负载用前一日剖面,2025-03-03,15:30-16:00,133.875483,3
② 光伏用第 d 日 0:00 预报 + 负载用前一日剖面,2025-03-03,16:40-17:00,50.819306,2
② 光伏用第 d 日 0:00 预报 + 负载用前一日剖面,2025-03-03,17:30-17:40,63.897836,1
② 光伏用第 d 日 0:00 预报 + 负载用前一日剖面,2025-03-03,18:50-19:20,51.994519,3
② 光伏用第 d 日 0:00 预报 + 负载用前一日剖面,2025-03-03,20:20-21:40,391.916639,8
② 光伏用第 d 日 0:00 预报 + 负载用前一日剖面,2025-03-03,22:00-23:00,147.993850,6
② 光伏用第 d 日 0:00 预报 + 负载用前一日剖面,2025-03-03,23:30-23:50,8.477450,2
② 光伏用第 d 日 0:00 预报 + 负载用前一日剖面,2025-03-04,0:10-1:10,65.867347,6
② 光伏用第 d 日 0:00 预报 + 负载用前一日剖面,2025-03-04,1:40-2:10,87.969992,3
② 光伏用第 d 日 0:00 预报 + 负载用前一日剖面,2025-03-04,2:50-3:00,3.226903,1
② 光伏用第 d 日 0:00 预报 + 负载用前一日剖面,2025-03-04,3:20-3:30,37.154092,1
② 光伏用第 d 日 0:00 预报 + 负载用前一日剖面,2025-03-04,3:50-5:00,206.137792,7
② 光伏用第 d 日 0:00 预报 + 负载用前一日剖面,2025-03-04,5:40-6:50,843.303919,7
② 光伏用第 d 日 0:00 预报 + 负载用前一日剖面,2025-03-04,7:00-7:30,277.908875,3
② 光伏用第 d 日 0:00 预报 + 负载用前一日剖面,2025-03-04,7:40-10:40,2396.211256,18
② 光伏用第 d 日 0:00 预报 + 负载用前一日剖面,2025-03-04,10:50-13:00,1678.597483,13
② 光伏用第 d 日 0:00 预报 + 负载用前一日剖面,2025-03-04,13:20-14:00,290.262672,4
② 光伏用第 d 日 0:00 预报 + 负载用前一日剖面,2025-03-04,14:30-15:00,143.914583,3
② 光伏用第 d 日 0:00 预报 + 负载用前一日剖面,2025-03-04,17:20-17:40,94.655361,2
② 光伏用第 d 日 0:00 预报 + 负载用前一日剖面,2025-03-04,18:50-19:10,8.323064,2
② 光伏用第 d 日 0:00 预报 + 负载用前一日剖面,2025-03-04,19:30-19:50,44.485939,2
② 光伏用第 d 日 0:00 预报 + 负载用前一日剖面,2025-03-04,20:20-20:30,1.992661,1
② 光伏用第 d 日 0:00 预报 + 负载用前一日剖面,2025-03-04,20:50-21:40,122.446639,5
② 光伏用第 d 日 0:00 预报 + 负载用前一日剖面,2025-03-04,22:20-22:30,8.940925,1
② 光伏用第 d 日 0:00 预报 + 负载用前一日剖面,2025-03-04,23:00-0:00+1,157.935183,6
② 光伏用第 d 日 0:00 预报 + 负载用前一日剖面,2025-03-05,0:40-1:00,36.366494,2
② 光伏用第 d 日 0:00 预报 + 负载用前一日剖面,2025-03-05,2:00-2:10,1.440678,1
② 光伏用第 d 日 0:00 预报 + 负载用前一日剖面,2025-03-05,2:30-3:00,40.223183,3
② 光伏用第 d 日 0:00 预报 + 负载用前一日剖面,2025-03-05,3:10-3:30,29.348306,2
② 光伏用第 d 日 0:00 预报 + 负载用前一日剖面,2025-03-05,4:00-4:20,16.854839,2
② 光伏用第 d 日 0:00 预报 + 负载用前一日剖面,2025-03-05,5:40-8:40,2394.808328,18
② 光伏用第 d 日 0:00 预报 + 负载用前一日剖面,2025-03-05,9:00-9:20,163.708650,2
② 光伏用第 d 日 0:00 预报 + 负载用前一日剖面,2025-03-05,10:00-10:30,195.258167,3
② 光伏用第 d 日 0:00 预报 + 负载用前一日剖面,2025-03-05,14:50-15:00,11.298356,1
② 光伏用第 d 日 0:00 预报 + 负载用前一日剖面,2025-03-05,16:50-17:00,2.192064,1
② 光伏用第 d 日 0:00 预报 + 负载用前一日剖面,2025-03-05,17:20-17:40,101.358789,2
② 光伏用第 d 日 0:00 预报 + 负载用前一日剖面,2025-03-05,18:10-18:50,66.284122,4
② 光伏用第 d 日 0:00 预报 + 负载用前一日剖面,2025-03-05,19:00-19:20,27.446350,2
② 光伏用第 d 日 0:00 预报 + 负载用前一日剖面,2025-03-05,19:40-20:20,61.402100,4
② 光伏用第 d 日 0:00 预报 + 负载用前一日剖面,2025-03-05,20:30-20:50,28.421367,2
② 光伏用第 d 日 0:00 预报 + 负载用前一日剖面,2025-03-05,21:00-21:40,166.725789,4
② 光伏用第 d 日 0:00 预报 + 负载用前一日剖面,2025-03-05,22:10-22:50,88.213806,4
② 光伏用第 d 日 0:00 预报 + 负载用前一日剖面,2025-03-05,23:50-0:00+1,3.464106,1
② 光伏用第 d 日 0:00 预报 + 负载用前一日剖面,2025-03-06,0:20-0:40,11.928894,2
② 光伏用第 d 日 0:00 预报 + 负载用前一日剖面,2025-03-06,0:50-1:20,31.156714,3
② 光伏用第 d 日 0:00 预报 + 负载用前一日剖面,2025-03-06,1:40-2:10,22.737642,3
② 光伏用第 d 日 0:00 预报 + 负载用前一日剖面,2025-03-06,2:30-2:50,33.054583,2
② 光伏用第 d 日 0:00 预报 + 负载用前一日剖面,2025-03-06,3:30-4:20,81.059253,5
② 光伏用第 d 日 0:00 预报 + 负载用前一日剖面,2025-03-06,4:40-5:00,10.853544,2
② 光伏用第 d 日 0:00 预报 + 负载用前一日剖面,2025-03-06,5:40-7:30,1147.187181,11
② 光伏用第 d 日 0:00 预报 + 负载用前一日剖面,2025-03-06,7:40-11:50,2863.626578,25
② 光伏用第 d 日 0:00 预报 + 负载用前一日剖面,2025-03-06,12:20-13:00,50.786089,4
② 光伏用第 d 日 0:00 预报 + 负载用前一日剖面,2025-03-06,16:50-17:00,14.737947,1
② 光伏用第 d 日 0:00 预报 + 负载用前一日剖面,2025-03-06,17:20-17:40,164.976472,2
② 光伏用第 d 日 0:00 预报 + 负载用前一日剖面,2025-03-06,18:10-19:00,55.555400,5
② 光伏用第 d 日 0:00 预报 + 负载用前一日剖面,2025-03-06,19:30-19:40,2.741583,1
② 光伏用第 d 日 0:00 预报 + 负载用前一日剖面,2025-03-06,20:40-21:40,188.984022,6
② 光伏用第 d 日 0:00 预报 + 负载用前一日剖面,2025-03-06,22:10-23:20,147.107764,7
② 光伏用第 d 日 0:00 预报 + 负载用前一日剖面,2025-03-08,0:00-0:10,3.678689,1
② 光伏用第 d 日 0:00 预报 + 负载用前一日剖面,2025-03-08,0:50-1:00,2.014939,1
② 光伏用第 d 日 0:00 预报 + 负载用前一日剖面,2025-03-08,1:40-3:00,275.442083,8
② 光伏用第 d 日 0:00 预报 + 负载用前一日剖面,2025-03-08,3:20-5:40,141.124172,14
② 光伏用第 d 日 0:00 预报 + 负载用前一日剖面,2025-03-08,6:00-8:20,2249.681128,14
② 光伏用第 d 日 0:00 预报 + 负载用前一日剖面,2025-03-08,8:40-9:40,1186.132711,6
② 光伏用第 d 日 0:00 预报 + 负载用前一日剖面,2025-03-08,10:00-10:20,99.196194,2
② 光伏用第 d 日 0:00 预报 + 负载用前一日剖面,2025-03-08,10:30-10:40,5.729814,1
② 光伏用第 d 日 0:00 预报 + 负载用前一日剖面,2025-03-08,11:10-11:30,66.802750,2
② 光伏用第 d 日 0:00 预报 + 负载用前一日剖面,2025-03-08,11:40-11:50,20.924967,1
② 光伏用第 d 日 0:00 预报 + 负载用前一日剖面,2025-03-08,17:40-19:00,30.798428,8
② 光伏用第 d 日 0:00 预报 + 负载用前一日剖面,2025-03-08,19:10-20:10,61.473969,6
② 光伏用第 d 日 0:00 预报 + 负载用前一日剖面,2025-03-08,21:10-21:40,59.598442,3
② 光伏用第 d 日 0:00 预报 + 负载用前一日剖面,2025-03-08,22:00-22:50,91.779494,5
② 光伏用第 d 日 0:00 预报 + 负载用前一日剖面,2025-03-08,23:40-0:00+1,169.832372,2
② 光伏用第 d 日 0:00 预报 + 负载用前一日剖面,2025-03-09,0:00-10:20,18290.299281,62
② 光伏用第 d 日 0:00 预报 + 负载用前一日剖面,2025-03-09,10:30-11:30,1830.925650,6
② 光伏用第 d 日 0:00 预报 + 负载用前一日剖面,2025-03-09,11:40-11:50,187.749192,1
② 光伏用第 d 日 0:00 预报 + 负载用前一日剖面,2025-03-09,12:00-12:50,559.852192,5
② 光伏用第 d 日 0:00 预报 + 负载用前一日剖面,2025-03-09,13:50-0:00+1,16333.862586,61
② 光伏用第 d 日 0:00 预报 + 负载用前一日剖面,2025-03-10,0:00-1:20,151.672106,8
② 光伏用第 d 日 0:00 预报 + 负载用前一日剖面,2025-03-10,1:30-1:50,9.747389,2
② 光伏用第 d 日 0:00 预报 + 负载用前一日剖面,2025-03-10,2:00-2:30,62.929175,3
② 光伏用第 d 日 0:00 预报 + 负载用前一日剖面,2025-03-10,3:20-3:30,7.290397,1
② 光伏用第 d 日 0:00 预报 + 负载用前一日剖面,2025-03-10,4:10-5:00,67.331836,5
② 光伏用第 d 日 0:00 预报 + 负载用前一日剖面,2025-03-10,5:40-7:30,1333.963103,11
② 光伏用第 d 日 0:00 预报 + 负载用前一日剖面,2025-03-10,7:40-10:30,3026.182236,17
② 光伏用第 d 日 0:00 预报 + 负载用前一日剖面,2025-03-10,10:40-11:30,211.247128,5
② 光伏用第 d 日 0:00 预报 + 负载用前一日剖面,2025-03-10,12:00-13:00,462.659117,6
② 光伏用第 d 日 0:00 预报 + 负载用前一日剖面,2025-03-10,14:50-15:00,4.729747,1
② 光伏用第 d 日 0:00 预报 + 负载用前一日剖面,2025-03-10,16:50-17:00,33.545792,1
② 光伏用第 d 日 0:00 预报 + 负载用前一日剖面,2025-03-10,17:20-17:40,67.014911,2
② 光伏用第 d 日 0:00 预报 + 负载用前一日剖面,2025-03-10,18:50-20:00,196.469756,7
② 光伏用第 d 日 0:00 预报 + 负载用前一日剖面,2025-03-10,20:30-20:50,11.544350,2
② 光伏用第 d 日 0:00 预报 + 负载用前一日剖面,2025-03-10,21:00-21:40,175.438778,4
② 光伏用第 d 日 0:00 预报 + 负载用前一日剖面,2025-03-10,22:10-23:00,164.582489,5
② 光伏用第 d 日 0:00 预报 + 负载用前一日剖面,2025-03-10,23:10-23:30,42.497778,2
② 光伏用第 d 日 0:00 预报 + 负载用前一日剖面,2025-03-10,23:50-0:00+1,15.398081,1
② 光伏用第 d 日 0:00 预报 + 负载用前一日剖面,2025-03-11,0:00-0:10,1.830428,1
② 光伏用第 d 日 0:00 预报 + 负载用前一日剖面,2025-03-11,0:30-0:40,1.203044,1
② 光伏用第 d 日 0:00 预报 + 负载用前一日剖面,2025-03-11,1:00-1:20,40.323783,2
② 光伏用第 d 日 0:00 预报 + 负载用前一日剖面,2025-03-11,1:40-1:50,8.490800,1
② 光伏用第 d 日 0:00 预报 + 负载用前一日剖面,2025-03-11,4:00-4:20,26.043056,2
② 光伏用第 d 日 0:00 预报 + 负载用前一日剖面,2025-03-11,4:50-5:00,12.750136,1
② 光伏用第 d 日 0:00 预报 + 负载用前一日剖面,2025-03-11,5:40-13:20,8926.763033,46
② 光伏用第 d 日 0:00 预报 + 负载用前一日剖面,2025-03-11,13:40-14:00,113.126567,2
② 光伏用第 d 日 0:00 预报 + 负载用前一日剖面,2025-03-11,14:40-15:00,80.719756,2
② 光伏用第 d 日 0:00 预报 + 负载用前一日剖面,2025-03-11,15:50-16:00,21.967561,1
② 光伏用第 d 日 0:00 预报 + 负载用前一日剖面,2025-03-11,16:50-17:00,10.704994,1
② 光伏用第 d 日 0:00 预报 + 负载用前一日剖面,2025-03-11,17:30-17:40,57.000522,1
② 光伏用第 d 日 0:00 预报 + 负载用前一日剖面,2025-03-11,18:10-18:30,27.166700,2
② 光伏用第 d 日 0:00 预报 + 负载用前一日剖面,2025-03-11,19:20-19:30,4.679658,1
② 光伏用第 d 日 0:00 预报 + 负载用前一日剖面,2025-03-11,20:00-20:20,16.643550,2
② 光伏用第 d 日 0:00 预报 + 负载用前一日剖面,2025-03-11,20:50-21:40,198.493697,5
② 光伏用第 d 日 0:00 预报 + 负载用前一日剖面,2025-03-11,22:10-22:20,4.974128,1
② 光伏用第 d 日 0:00 预报 + 负载用前一日剖面,2025-03-11,22:30-22:40,12.171511,1
② 光伏用第 d 日 0:00 预报 + 负载用前一日剖面,2025-03-12,0:10-0:40,27.054550,3
② 光伏用第 d 日 0:00 预报 + 负载用前一日剖面,2025-03-12,1:30-1:50,34.462156,2
② 光伏用第 d 日 0:00 预报 + 负载用前一日剖面,2025-03-12,2:00-2:20,49.203683,2
② 光伏用第 d 日 0:00 预报 + 负载用前一日剖面,2025-03-12,2:40-4:00,245.440083,8
② 光伏用第 d 日 0:00 预报 + 负载用前一日剖面,2025-03-12,4:30-4:50,32.389533,2
② 光伏用第 d 日 0:00 预报 + 负载用前一日剖面,2025-03-12,5:40-6:50,962.553808,7
② 光伏用第 d 日 0:00 预报 + 负载用前一日剖面,2025-03-12,7:00-7:30,500.970517,3
② 光伏用第 d 日 0:00 预报 + 负载用前一日剖面,2025-03-12,7:40-8:50,1088.508089,7
② 光伏用第 d 日 0:00 预报 + 负载用前一日剖面,2025-03-12,9:00-9:30,326.368675,3
② 光伏用第 d 日 0:00 预报 + 负载用前一日剖面,2025-03-12,17:20-17:40,79.565739,2
② 光伏用第 d 日 0:00 预报 + 负载用前一日剖面,2025-03-12,18:10-18:40,69.183483,3
② 光伏用第 d 日 0:00 预报 + 负载用前一日剖面,2025-03-12,19:00-19:30,11.033300,3
② 光伏用第 d 日 0:00 预报 + 负载用前一日剖面,2025-03-12,19:40-21:40,242.927756,12
② 光伏用第 d 日 0:00 预报 + 负载用前一日剖面,2025-03-12,22:10-0:00+1,294.757211,11
② 光伏用第 d 日 0:00 预报 + 负载用前一日剖面,2025-03-13,0:00-0:50,128.088431,5
② 光伏用第 d 日 0:00 预报 + 负载用前一日剖面,2025-03-13,1:40-2:00,36.570906,2
② 光伏用第 d 日 0:00 预报 + 负载用前一日剖面,2025-03-13,2:40-3:00,28.050150,2
② 光伏用第 d 日 0:00 预报 + 负载用前一日剖面,2025-03-13,4:10-4:20,1.170636,1
② 光伏用第 d 日 0:00 预报 + 负载用前一日剖面,2025-03-13,4:40-5:00,27.829072,2
② 光伏用第 d 日 0:00 预报 + 负载用前一日剖面,2025-03-13,5:40-6:50,1068.766703,7
② 光伏用第 d 日 0:00 预报 + 负载用前一日剖面,2025-03-13,7:00-7:30,355.134342,3
② 光伏用第 d 日 0:00 预报 + 负载用前一日剖面,2025-03-13,7:40-8:30,382.360942,5
② 光伏用第 d 日 0:00 预报 + 负载用前一日剖面,2025-03-13,10:00-10:30,133.956675,3
② 光伏用第 d 日 0:00 预报 + 负载用前一日剖面,2025-03-13,11:00-11:10,31.196642,1
② 光伏用第 d 日 0:00 预报 + 负载用前一日剖面,2025-03-13,12:00-14:00,1538.567000,12
② 光伏用第 d 日 0:00 预报 + 负载用前一日剖面,2025-03-13,14:50-15:00,5.680272,1
② 光伏用第 d 日 0:00 预报 + 负载用前一日剖面,2025-03-13,15:50-16:00,1.611100,1
② 光伏用第 d 日 0:00 预报 + 负载用前一日剖面,2025-03-13,16:50-17:00,12.297131,1
② 光伏用第 d 日 0:00 预报 + 负载用前一日剖面,2025-03-13,17:30-17:40,51.659269,1
② 光伏用第 d 日 0:00 预报 + 负载用前一日剖面,2025-03-13,18:10-18:50,25.329417,4
② 光伏用第 d 日 0:00 预报 + 负载用前一日剖面,2025-03-13,19:00-20:20,161.063522,8
② 光伏用第 d 日 0:00 预报 + 负载用前一日剖面,2025-03-13,20:40-21:40,168.418022,6
② 光伏用第 d 日 0:00 预报 + 负载用前一日剖面,2025-03-13,22:10-22:20,3.455156,1
② 光伏用第 d 日 0:00 预报 + 负载用前一日剖面,2025-03-13,23:00-23:40,65.693733,4
② 光伏用第 d 日 0:00 预报 + 负载用前一日剖面,2025-03-15,0:00-1:20,152.868700,8
② 光伏用第 d 日 0:00 预报 + 负载用前一日剖面,2025-03-15,1:50-2:50,142.878447,6
② 光伏用第 d 日 0:00 预报 + 负载用前一日剖面,2025-03-15,3:40-4:00,6.302567,2
② 光伏用第 d 日 0:00 预报 + 负载用前一日剖面,2025-03-15,4:20-4:30,5.009756,1
② 光伏用第 d 日 0:00 预报 + 负载用前一日剖面,2025-03-15,5:00-5:20,37.629878,2
② 光伏用第 d 日 0:00 预报 + 负载用前一日剖面,2025-03-15,5:50-7:50,1446.024856,12
② 光伏用第 d 日 0:00 预报 + 负载用前一日剖面,2025-03-15,8:00-8:20,435.330594,2
② 光伏用第 d 日 0:00 预报 + 负载用前一日剖面,2025-03-15,8:40-9:00,123.710078,2
② 光伏用第 d 日 0:00 预报 + 负载用前一日剖面,2025-03-15,10:00-10:20,192.360656,2
② 光伏用第 d 日 0:00 预报 + 负载用前一日剖面,2025-03-15,10:30-10:40,28.903378,1
② 光伏用第 d 日 0:00 预报 + 负载用前一日剖面,2025-03-15,11:00-11:10,6.212064,1
② 光伏用第 d 日 0:00 预报 + 负载用前一日剖面,2025-03-15,11:40-11:50,67.677647,1
② 光伏用第 d 日 0:00 预报 + 负载用前一日剖面,2025-03-15,14:40-14:50,9.686228,1
② 光伏用第 d 日 0:00 预报 + 负载用前一日剖面,2025-03-15,15:40-16:00,71.917489,2
② 光伏用第 d 日 0:00 预报 + 负载用前一日剖面,2025-03-15,18:00-19:30,160.568842,9
② 光伏用第 d 日 0:00 预报 + 负载用前一日剖面,2025-03-15,20:00-20:20,15.331683,2
② 光伏用第 d 日 0:00 预报 + 负载用前一日剖面,2025-03-15,20:30-21:50,369.787567,8
② 光伏用第 d 日 0:00 预报 + 负载用前一日剖面,2025-03-15,22:00-22:20,23.415389,2
② 光伏用第 d 日 0:00 预报 + 负载用前一日剖面,2025-03-15,22:30-23:00,78.406883,3
② 光伏用第 d 日 0:00 预报 + 负载用前一日剖面,2025-03-15,23:20-0:00+1,284.413367,4
② 光伏用第 d 日 0:00 预报 + 负载用前一日剖面,2025-03-16,0:00-9:40,17113.826611,58
② 光伏用第 d 日 0:00 预报 + 负载用前一日剖面,2025-03-16,10:00-10:20,1330.421011,2
② 光伏用第 d 日 0:00 预报 + 负载用前一日剖面,2025-03-16,10:30-10:50,1295.251094,2
② 光伏用第 d 日 0:00 预报 + 负载用前一日剖面,2025-03-16,11:10-11:20,401.195872,1
② 光伏用第 d 日 0:00 预报 + 负载用前一日剖面,2025-03-16,11:40-11:50,459.434439,1
② 光伏用第 d 日 0:00 预报 + 负载用前一日剖面,2025-03-16,12:10-12:40,1204.107142,3
② 光伏用第 d 日 0:00 预报 + 负载用前一日剖面,2025-03-16,13:10-13:30,28.464733,2
② 光伏用第 d 日 0:00 预报 + 负载用前一日剖面,2025-03-16,13:40-0:00+1,15000.281736,62
② 光伏用第 d 日 0:00 预报 + 负载用前一日剖面,2025-03-17,0:20-0:30,12.535869,1
② 光伏用第 d 日 0:00 预报 + 负载用前一日剖面,2025-03-17,1:10-1:20,5.576286,1
② 光伏用第 d 日 0:00 预报 + 负载用前一日剖面,2025-03-17,1:50-2:20,50.154647,3
② 光伏用第 d 日 0:00 预报 + 负载用前一日剖面,2025-03-17,2:30-2:50,11.435578,2
② 光伏用第 d 日 0:00 预报 + 负载用前一日剖面,2025-03-17,3:20-3:30,3.143236,1
② 光伏用第 d 日 0:00 预报 + 负载用前一日剖面,2025-03-17,3:50-4:10,52.858406,2
② 光伏用第 d 日 0:00 预报 + 负载用前一日剖面,2025-03-17,4:30-4:50,49.325222,2
② 光伏用第 d 日 0:00 预报 + 负载用前一日剖面,2025-03-17,5:50-8:50,3334.349056,18
② 光伏用第 d 日 0:00 预报 + 负载用前一日剖面,2025-03-17,9:00-9:30,164.776125,3
② 光伏用第 d 日 0:00 预报 + 负载用前一日剖面,2025-03-17,14:50-15:00,24.163356,1
② 光伏用第 d 日 0:00 预报 + 负载用前一日剖面,2025-03-17,15:40-16:00,83.280383,2
② 光伏用第 d 日 0:00 预报 + 负载用前一日剖面,2025-03-17,17:30-17:40,45.306428,1
② 光伏用第 d 日 0:00 预报 + 负载用前一日剖面,2025-03-17,18:30-18:50,19.319028,2
② 光伏用第 d 日 0:00 预报 + 负载用前一日剖面,2025-03-17,19:20-20:10,117.725833,5
② 光伏用第 d 日 0:00 预报 + 负载用前一日剖面,2025-03-17,20:20-21:50,266.260119,9
② 光伏用第 d 日 0:00 预报 + 负载用前一日剖面,2025-03-17,22:20-22:40,12.503733,2
② 光伏用第 d 日 0:00 预报 + 负载用前一日剖面,2025-03-17,23:20-23:30,7.681408,1
② 光伏用第 d 日 0:00 预报 + 负载用前一日剖面,2025-03-18,0:10-0:40,38.385642,3
② 光伏用第 d 日 0:00 预报 + 负载用前一日剖面,2025-03-18,1:30-1:50,15.051233,2
② 光伏用第 d 日 0:00 预报 + 负载用前一日剖面,2025-03-18,2:10-2:20,6.868622,1
② 光伏用第 d 日 0:00 预报 + 负载用前一日剖面,2025-03-18,3:20-3:30,17.572928,1
② 光伏用第 d 日 0:00 预报 + 负载用前一日剖面,2025-03-18,4:00-4:50,111.112800,5
② 光伏用第 d 日 0:00 预报 + 负载用前一日剖面,2025-03-18,5:50-6:50,725.160525,6
② 光伏用第 d 日 0:00 预报 + 负载用前一日剖面,2025-03-18,7:00-7:30,330.273925,3
② 光伏用第 d 日 0:00 预报 + 负载用前一日剖面,2025-03-18,7:40-8:50,687.834889,7
② 光伏用第 d 日 0:00 预报 + 负载用前一日剖面,2025-03-18,17:30-17:40,45.224608,1
② 光伏用第 d 日 0:00 预报 + 负载用前一日剖面,2025-03-18,18:10-18:40,61.134042,3
② 光伏用第 d 日 0:00 预报 + 负载用前一日剖面,2025-03-18,18:50-19:30,36.768006,4
② 光伏用第 d 日 0:00 预报 + 负载用前一日剖面,2025-03-18,21:00-21:40,96.657722,4
② 光伏用第 d 日 0:00 预报 + 负载用前一日剖面,2025-03-18,22:00-23:10,144.710875,7
② 光伏用第 d 日 0:00 预报 + 负载用前一日剖面,2025-03-18,23:30-0:00+1,47.728008,3
② 光伏用第 d 日 0:00 预报 + 负载用前一日剖面,2025-03-19,0:00-0:10,10.664742,1
② 光伏用第 d 日 0:00 预报 + 负载用前一日剖面,2025-03-19,0:40-1:00,19.798950,2
② 光伏用第 d 日 0:00 预报 + 负载用前一日剖面,2025-03-19,1:40-2:20,105.560544,4
② 光伏用第 d 日 0:00 预报 + 负载用前一日剖面,2025-03-19,2:30-3:40,145.839703,7
② 光伏用第 d 日 0:00 预报 + 负载用前一日剖面,2025-03-19,5:40-8:50,2687.908636,19
② 光伏用第 d 日 0:00 预报 + 负载用前一日剖面,2025-03-19,9:00-13:00,4376.387467,24
② 光伏用第 d 日 0:00 预报 + 负载用前一日剖面,2025-03-19,13:10-14:00,350.653114,5
② 光伏用第 d 日 0:00 预报 + 负载用前一日剖面,2025-03-19,14:30-15:00,108.639258,3
② 光伏用第 d 日 0:00 预报 + 负载用前一日剖面,2025-03-19,15:50-16:00,10.449944,1
② 光伏用第 d 日 0:00 预报 + 负载用前一日剖面,2025-03-19,17:30-17:40,43.979164,1
② 光伏用第 d 日 0:00 预报 + 负载用前一日剖面,2025-03-19,18:40-19:10,21.150464,3
② 光伏用第 d 日 0:00 预报 + 负载用前一日剖面,2025-03-19,19:50-20:20,28.462658,3
② 光伏用第 d 日 0:00 预报 + 负载用前一日剖面,2025-03-19,20:30-21:50,241.084861,8
② 光伏用第 d 日 0:00 预报 + 负载用前一日剖面,2025-03-19,23:10-23:20,1.375867,1
② 光伏用第 d 日 0:00 预报 + 负载用前一日剖面,2025-03-19,23:50-0:00+1,8.988183,1
② 光伏用第 d 日 0:00 预报 + 负载用前一日剖面,2025-03-20,0:10-0:40,97.742142,3
② 光伏用第 d 日 0:00 预报 + 负载用前一日剖面,2025-03-20,0:50-2:00,120.589353,7
② 光伏用第 d 日 0:00 预报 + 负载用前一日剖面,2025-03-20,3:00-4:00,94.712767,6
② 光伏用第 d 日 0:00 预报 + 负载用前一日剖面,2025-03-20,4:40-5:00,30.240433,2
② 光伏用第 d 日 0:00 预报 + 负载用前一日剖面,2025-03-20,5:40-11:50,6395.022431,37
② 光伏用第 d 日 0:00 预报 + 负载用前一日剖面,2025-03-20,17:30-17:40,11.779414,1
② 光伏用第 d 日 0:00 预报 + 负载用前一日剖面,2025-03-20,18:10-18:20,28.088839,1
② 光伏用第 d 日 0:00 预报 + 负载用前一日剖面,2025-03-20,18:30-19:20,139.331294,5
② 光伏用第 d 日 0:00 预报 + 负载用前一日剖面,2025-03-20,19:30-20:20,144.522311,5
② 光伏用第 d 日 0:00 预报 + 负载用前一日剖面,2025-03-20,20:40-20:50,2.562547,1
② 光伏用第 d 日 0:00 预报 + 负载用前一日剖面,2025-03-20,21:00-21:40,172.846906,4
② 光伏用第 d 日 0:00 预报 + 负载用前一日剖面,2025-03-20,22:10-22:30,11.131667,2
② 光伏用第 d 日 0:00 预报 + 负载用前一日剖面,2025-03-20,22:50-23:10,12.623447,2
② 光伏用第 d 日 0:00 预报 + 负载用前一日剖面,2025-03-20,23:30-23:40,46.919847,1
② 光伏用第 d 日 0:00 预报 + 负载用前一日剖面,2025-03-21,7:00-7:20,67.042333,2
② 光伏用第 d 日 0:00 预报 + 负载用前一日剖面,2025-03-22,0:50-1:00,5.896461,1
② 光伏用第 d 日 0:00 预报 + 负载用前一日剖面,2025-03-22,1:30-1:50,45.253700,2
② 光伏用第 d 日 0:00 预报 + 负载用前一日剖面,2025-03-22,2:40-2:50,9.191794,1
② 光伏用第 d 日 0:00 预报 + 负载用前一日剖面,2025-03-22,4:00-4:20,7.321839,2
② 光伏用第 d 日 0:00 预报 + 负载用前一日剖面,2025-03-22,4:30-5:20,77.287889,5
② 光伏用第 d 日 0:00 预报 + 负载用前一日剖面,2025-03-22,5:40-5:50,4.020769,1
② 光伏用第 d 日 0:00 预报 + 负载用前一日剖面,2025-03-22,6:00-7:50,1117.111167,11
② 光伏用第 d 日 0:00 预报 + 负载用前一日剖面,2025-03-22,8:00-8:20,452.181683,2
② 光伏用第 d 日 0:00 预报 + 负载用前一日剖面,2025-03-22,8:40-9:40,856.240050,6
② 光伏用第 d 日 0:00 预报 + 负载用前一日剖面,2025-03-22,10:00-10:20,248.179028,2
② 光伏用第 d 日 0:00 预报 + 负载用前一日剖面,2025-03-22,11:10-11:30,120.579533,2
② 光伏用第 d 日 0:00 预报 + 负载用前一日剖面,2025-03-22,17:50-18:00,1.923383,1
② 光伏用第 d 日 0:00 预报 + 负载用前一日剖面,2025-03-22,18:10-18:30,29.304072,2
② 光伏用第 d 日 0:00 预报 + 负载用前一日剖面,2025-03-22,18:50-19:00,14.482636,1
② 光伏用第 d 日 0:00 预报 + 负载用前一日剖面,2025-03-22,21:00-21:40,85.507906,4
② 光伏用第 d 日 0:00 预报 + 负载用前一日剖面,2025-03-22,22:20-22:30,5.237242,1
② 光伏用第 d 日 0:00 预报 + 负载用前一日剖面,2025-03-22,23:10-23:30,56.490078,2
② 光伏用第 d 日 0:00 预报 + 负载用前一日剖面,2025-03-22,23:40-0:00+1,230.888794,2
② 光伏用第 d 日 0:00 预报 + 负载用前一日剖面,2025-03-23,0:00-10:20,17398.341122,62
② 光伏用第 d 日 0:00 预报 + 负载用前一日剖面,2025-03-23,10:30-11:00,1281.043925,3
② 光伏用第 d 日 0:00 预报 + 负载用前一日剖面,2025-03-23,11:10-11:30,976.969294,2
② 光伏用第 d 日 0:00 预报 + 负载用前一日剖面,2025-03-23,11:40-11:50,326.097014,1
② 光伏用第 d 日 0:00 预报 + 负载用前一日剖面,2025-03-23,12:10-12:50,1315.824928,4
② 光伏用第 d 日 0:00 预报 + 负载用前一日剖面,2025-03-23,13:50-14:00,329.663708,1
② 光伏用第 d 日 0:00 预报 + 负载用前一日剖面,2025-03-23,14:40-15:00,151.853408,2
② 光伏用第 d 日 0:00 预报 + 负载用前一日剖面,2025-03-23,15:10-0:00+1,13167.209564,53
② 光伏用第 d 日 0:00 预报 + 负载用前一日剖面,2025-03-24,0:00-0:10,15.985950,1
② 光伏用第 d 日 0:00 预报 + 负载用前一日剖面,2025-03-24,1:40-2:00,23.337417,2
② 光伏用第 d 日 0:00 预报 + 负载用前一日剖面,2025-03-24,2:20-2:30,3.990056,1
② 光伏用第 d 日 0:00 预报 + 负载用前一日剖面,2025-03-24,3:20-3:40,33.221589,2
② 光伏用第 d 日 0:00 预报 + 负载用前一日剖面,2025-03-24,5:40-6:50,892.546022,7
② 光伏用第 d 日 0:00 预报 + 负载用前一日剖面,2025-03-24,7:00-7:30,340.886992,3
② 光伏用第 d 日 0:00 预报 + 负载用前一日剖面,2025-03-24,7:40-8:50,802.739019,7
② 光伏用第 d 日 0:00 预报 + 负载用前一日剖面,2025-03-24,9:00-9:40,584.029056,4
② 光伏用第 d 日 0:00 预报 + 负载用前一日剖面,2025-03-24,11:00-11:10,28.400253,1
② 光伏用第 d 日 0:00 预报 + 负载用前一日剖面,2025-03-24,12:20-12:40,44.100239,2
② 光伏用第 d 日 0:00 预报 + 负载用前一日剖面,2025-03-24,14:50-15:00,52.380469,1
② 光伏用第 d 日 0:00 预报 + 负载用前一日剖面,2025-03-24,15:50-16:00,57.998953,1
② 光伏用第 d 日 0:00 预报 + 负载用前一日剖面,2025-03-24,17:30-17:40,8.581269,1
② 光伏用第 d 日 0:00 预报 + 负载用前一日剖面,2025-03-24,18:10-18:30,25.926761,2
② 光伏用第 d 日 0:00 预报 + 负载用前一日剖面,2025-03-24,20:30-21:40,137.598153,7
② 光伏用第 d 日 0:00 预报 + 负载用前一日剖面,2025-03-24,22:10-22:30,20.952589,2
② 光伏用第 d 日 0:00 预报 + 负载用前一日剖面,2025-03-24,22:40-23:10,57.239900,3
② 光伏用第 d 日 0:00 预报 + 负载用前一日剖面,2025-03-24,23:30-0:00+1,147.117383,3
② 光伏用第 d 日 0:00 预报 + 负载用前一日剖面,2025-03-25,0:00-0:30,64.540492,3
② 光伏用第 d 日 0:00 预报 + 负载用前一日剖面,2025-03-25,0:40-1:00,53.912983,2
② 光伏用第 d 日 0:00 预报 + 负载用前一日剖面,2025-03-25,1:20-2:20,130.168072,6
② 光伏用第 d 日 0:00 预报 + 负载用前一日剖面,2025-03-25,2:30-3:20,65.737981,5
② 光伏用第 d 日 0:00 预报 + 负载用前一日剖面,2025-03-25,3:40-4:20,93.622033,4
② 光伏用第 d 日 0:00 预报 + 负载用前一日剖面,2025-03-25,4:40-4:50,6.129714,1
② 光伏用第 d 日 0:00 预报 + 负载用前一日剖面,2025-03-25,5:40-7:30,1322.715347,11
② 光伏用第 d 日 0:00 预报 + 负载用前一日剖面,2025-03-25,7:40-9:00,796.382672,8
② 光伏用第 d 日 0:00 预报 + 负载用前一日剖面,2025-03-25,18:40-20:30,226.381236,11
② 光伏用第 d 日 0:00 预报 + 负载用前一日剖面,2025-03-25,20:50-21:40,247.688914,5
② 光伏用第 d 日 0:00 预报 + 负载用前一日剖面,2025-03-25,22:00-22:20,5.776089,2
② 光伏用第 d 日 0:00 预报 + 负载用前一日剖面,2025-03-25,22:30-22:50,61.680989,2
② 光伏用第 d 日 0:00 预报 + 负载用前一日剖面,2025-03-25,23:10-23:30,19.422706,2
② 光伏用第 d 日 0:00 预报 + 负载用前一日剖面,2025-03-26,1:30-2:00,61.119792,3
② 光伏用第 d 日 0:00 预报 + 负载用前一日剖面,2025-03-26,3:00-3:20,17.899017,2
② 光伏用第 d 日 0:00 预报 + 负载用前一日剖面,2025-03-26,3:40-3:50,3.563725,1
② 光伏用第 d 日 0:00 预报 + 负载用前一日剖面,2025-03-26,4:00-4:50,79.918472,5
② 光伏用第 d 日 0:00 预报 + 负载用前一日剖面,2025-03-26,5:40-6:50,931.759414,7
② 光伏用第 d 日 0:00 预报 + 负载用前一日剖面,2025-03-26,7:00-10:40,3654.265456,22
② 光伏用第 d 日 0:00 预报 + 负载用前一日剖面,2025-03-26,11:00-12:00,416.629617,6
② 光伏用第 d 日 0:00 预报 + 负载用前一日剖面,2025-03-26,17:30-17:40,1.396872,1
② 光伏用第 d 日 0:00 预报 + 负载用前一日剖面,2025-03-26,18:20-18:30,0.371444,1
② 光伏用第 d 日 0:00 预报 + 负载用前一日剖面,2025-03-26,18:40-19:00,24.736039,2
② 光伏用第 d 日 0:00 预报 + 负载用前一日剖面,2025-03-26,19:50-20:20,45.793992,3
② 光伏用第 d 日 0:00 预报 + 负载用前一日剖面,2025-03-26,21:00-21:40,152.992106,4
② 光伏用第 d 日 0:00 预报 + 负载用前一日剖面,2025-03-26,22:00-22:20,40.413800,2
② 光伏用第 d 日 0:00 预报 + 负载用前一日剖面,2025-03-26,22:40-22:50,4.140317,1
② 光伏用第 d 日 0:00 预报 + 负载用前一日剖面,2025-03-26,23:20-23:40,26.612578,2
② 光伏用第 d 日 0:00 预报 + 负载用前一日剖面,2025-03-26,23:50-0:00+1,12.078447,1
② 光伏用第 d 日 0:00 预报 + 负载用前一日剖面,2025-03-27,0:20-1:00,32.480661,4
② 光伏用第 d 日 0:00 预报 + 负载用前一日剖面,2025-03-27,1:10-1:30,40.518439,2
② 光伏用第 d 日 0:00 预报 + 负载用前一日剖面,2025-03-27,1:50-3:00,209.013803,7
② 光伏用第 d 日 0:00 预报 + 负载用前一日剖面,2025-03-27,3:50-4:00,21.917214,1
② 光伏用第 d 日 0:00 预报 + 负载用前一日剖面,2025-03-27,4:20-5:00,78.630278,4
② 光伏用第 d 日 0:00 预报 + 负载用前一日剖面,2025-03-27,5:40-6:50,839.471133,7
② 光伏用第 d 日 0:00 预报 + 负载用前一日剖面,2025-03-27,7:00-7:30,353.117175,3
② 光伏用第 d 日 0:00 预报 + 负载用前一日剖面,2025-03-27,7:40-8:30,584.577158,5
② 光伏用第 d 日 0:00 预报 + 负载用前一日剖面,2025-03-27,9:00-9:40,268.473278,4
② 光伏用第 d 日 0:00 预报 + 负载用前一日剖面,2025-03-27,10:00-10:20,162.971256,2
② 光伏用第 d 日 0:00 预报 + 负载用前一日剖面,2025-03-27,10:40-10:50,42.392494,1
② 光伏用第 d 日 0:00 预报 + 负载用前一日剖面,2025-03-27,11:00-11:50,469.107219,5
② 光伏用第 d 日 0:00 预报 + 负载用前一日剖面,2025-03-27,18:10-18:20,3.422336,1
② 光伏用第 d 日 0:00 预报 + 负载用前一日剖面,2025-03-27,18:40-19:10,76.493161,3
② 光伏用第 d 日 0:00 预报 + 负载用前一日剖面,2025-03-27,19:40-20:00,40.050344,2
② 光伏用第 d 日 0:00 预报 + 负载用前一日剖面,2025-03-27,20:30-21:50,276.686189,8
② 光伏用第 d 日 0:00 预报 + 负载用前一日剖面,2025-03-27,22:40-23:20,83.211633,4
② 光伏用第 d 日 0:00 预报 + 负载用前一日剖面,2025-03-27,23:30-23:40,2.006722,1
② 光伏用第 d 日 0:00 预报 + 负载用前一日剖面,2025-03-29,0:00-0:30,46.596092,3
② 光伏用第 d 日 0:00 预报 + 负载用前一日剖面,2025-03-29,0:40-1:00,60.226144,2
② 光伏用第 d 日 0:00 预报 + 负载用前一日剖面,2025-03-29,1:20-1:30,8.994389,1
② 光伏用第 d 日 0:00 预报 + 负载用前一日剖面,2025-03-29,2:00-2:10,1.639667,1
② 光伏用第 d 日 0:00 预报 + 负载用前一日剖面,2025-03-29,2:40-3:00,27.013133,2
② 光伏用第 d 日 0:00 预报 + 负载用前一日剖面,2025-03-29,4:00-5:40,197.490250,10
② 光伏用第 d 日 0:00 预报 + 负载用前一日剖面,2025-03-29,6:00-7:50,1288.787500,11
② 光伏用第 d 日 0:00 预报 + 负载用前一日剖面,2025-03-29,9:00-9:10,14.337486,1
② 光伏用第 d 日 0:00 预报 + 负载用前一日剖面,2025-03-29,10:00-10:20,204.556989,2
② 光伏用第 d 日 0:00 预报 + 负载用前一日剖面,2025-03-29,13:10-13:30,32.374978,2
② 光伏用第 d 日 0:00 预报 + 负载用前一日剖面,2025-03-29,15:50-16:00,90.621397,1
② 光伏用第 d 日 0:00 预报 + 负载用前一日剖面,2025-03-29,16:40-16:50,0.355683,1
② 光伏用第 d 日 0:00 预报 + 负载用前一日剖面,2025-03-29,18:00-19:00,110.793067,6
② 光伏用第 d 日 0:00 预报 + 负载用前一日剖面,2025-03-29,19:20-19:30,6.950208,1
② 光伏用第 d 日 0:00 预报 + 负载用前一日剖面,2025-03-29,19:50-21:40,206.592225,11
② 光伏用第 d 日 0:00 预报 + 负载用前一日剖面,2025-03-29,22:10-23:00,81.434819,5
② 光伏用第 d 日 0:00 预报 + 负载用前一日剖面,2025-03-29,23:40-0:00+1,190.303000,2
② 光伏用第 d 日 0:00 预报 + 负载用前一日剖面,2025-03-30,0:00-9:40,16411.685033,58
② 光伏用第 d 日 0:00 预报 + 负载用前一日剖面,2025-03-30,10:00-10:20,951.972300,2
② 光伏用第 d 日 0:00 预报 + 负载用前一日剖面,2025-03-30,10:30-11:00,618.339194,3
② 光伏用第 d 日 0:00 预报 + 负载用前一日剖面,2025-03-30,11:10-11:30,276.481800,2
② 光伏用第 d 日 0:00 预报 + 负载用前一日剖面,2025-03-30,11:40-11:50,221.784517,1
② 光伏用第 d 日 0:00 预报 + 负载用前一日剖面,2025-03-30,12:10-12:40,512.989950,3
② 光伏用第 d 日 0:00 预报 + 负载用前一日剖面,2025-03-30,13:50-0:00+1,14994.266722,61
② 光伏用第 d 日 0:00 预报 + 负载用前一日剖面,2025-03-31,0:00-0:20,35.068878,2
② 光伏用第 d 日 0:00 预报 + 负载用前一日剖面,2025-03-31,0:40-1:00,16.890094,2
② 光伏用第 d 日 0:00 预报 + 负载用前一日剖面,2025-03-31,1:30-2:30,66.202367,6
② 光伏用第 d 日 0:00 预报 + 负载用前一日剖面,2025-03-31,4:40-5:00,43.861061,2
② 光伏用第 d 日 0:00 预报 + 负载用前一日剖面,2025-03-31,5:20-5:30,1.533942,1
② 光伏用第 d 日 0:00 预报 + 负载用前一日剖面,2025-03-31,5:40-6:50,1074.596042,7
② 光伏用第 d 日 0:00 预报 + 负载用前一日剖面,2025-03-31,7:00-12:30,4632.329458,33
② 光伏用第 d 日 0:00 预报 + 负载用前一日剖面,2025-03-31,12:40-14:00,818.089378,8
② 光伏用第 d 日 0:00 预报 + 负载用前一日剖面,2025-03-31,14:30-15:00,219.868483,3
② 光伏用第 d 日 0:00 预报 + 负载用前一日剖面,2025-03-31,15:40-16:00,17.401044,2
② 光伏用第 d 日 0:00 预报 + 负载用前一日剖面,2025-03-31,16:50-17:00,1.877858,1
② 光伏用第 d 日 0:00 预报 + 负载用前一日剖面,2025-03-31,17:30-17:40,32.203700,1
② 光伏用第 d 日 0:00 预报 + 负载用前一日剖面,2025-03-31,19:20-20:30,61.478064,7
② 光伏用第 d 日 0:00 预报 + 负载用前一日剖面,2025-03-31,20:40-21:40,250.853117,6
② 光伏用第 d 日 0:00 预报 + 负载用前一日剖面,2025-03-31,23:20-23:30,16.055472,1
② 光伏用第 d 日 0:00 预报 + 负载用前一日剖面,2025-04-01,0:00-0:20,10.981406,2
② 光伏用第 d 日 0:00 预报 + 负载用前一日剖面,2025-04-01,0:40-1:00,4.283022,2
② 光伏用第 d 日 0:00 预报 + 负载用前一日剖面,2025-04-01,1:10-1:30,27.327050,2
② 光伏用第 d 日 0:00 预报 + 负载用前一日剖面,2025-04-01,1:50-3:50,322.921533,12
② 光伏用第 d 日 0:00 预报 + 负载用前一日剖面,2025-04-01,4:00-7:30,1707.043800,21
② 光伏用第 d 日 0:00 预报 + 负载用前一日剖面,2025-04-01,7:40-8:40,628.814561,6
② 光伏用第 d 日 0:00 预报 + 负载用前一日剖面,2025-04-01,14:30-15:00,145.444417,3
② 光伏用第 d 日 0:00 预报 + 负载用前一日剖面,2025-04-01,15:50-16:00,11.580794,1
② 光伏用第 d 日 0:00 预报 + 负载用前一日剖面,2025-04-01,17:30-17:40,28.055844,1
② 光伏用第 d 日 0:00 预报 + 负载用前一日剖面,2025-04-01,18:10-18:20,4.238567,1
② 光伏用第 d 日 0:00 预报 + 负载用前一日剖面,2025-04-01,18:40-19:50,108.644444,7
② 光伏用第 d 日 0:00 预报 + 负载用前一日剖面,2025-04-01,20:00-21:40,263.736533,10
② 光伏用第 d 日 0:00 预报 + 负载用前一日剖面,2025-04-01,22:10-22:20,15.225114,1
② 光伏用第 d 日 0:00 预报 + 负载用前一日剖面,2025-04-01,22:40-23:30,62.122003,5
② 光伏用第 d 日 0:00 预报 + 负载用前一日剖面,2025-04-01,23:50-0:00+1,19.069303,1
② 光伏用第 d 日 0:00 预报 + 负载用前一日剖面,2025-04-02,0:00-0:20,20.445606,2
② 光伏用第 d 日 0:00 预报 + 负载用前一日剖面,2025-04-02,1:30-1:40,0.427397,1
② 光伏用第 d 日 0:00 预报 + 负载用前一日剖面,2025-04-02,3:00-5:00,132.576133,12
② 光伏用第 d 日 0:00 预报 + 负载用前一日剖面,2025-04-02,5:10-5:30,32.319733,2
② 光伏用第 d 日 0:00 预报 + 负载用前一日剖面,2025-04-02,5:40-6:50,1016.165389,7
② 光伏用第 d 日 0:00 预报 + 负载用前一日剖面,2025-04-02,7:00-8:40,1288.232872,10
② 光伏用第 d 日 0:00 预报 + 负载用前一日剖面,2025-04-02,10:00-10:40,178.284706,4
② 光伏用第 d 日 0:00 预报 + 负载用前一日剖面,2025-04-02,11:00-11:20,48.343061,2
② 光伏用第 d 日 0:00 预报 + 负载用前一日剖面,2025-04-02,12:40-13:00,96.350950,2
② 光伏用第 d 日 0:00 预报 + 负载用前一日剖面,2025-04-02,13:10-13:30,55.884006,2
② 光伏用第 d 日 0:00 预报 + 负载用前一日剖面,2025-04-02,13:50-14:00,38.739553,1
② 光伏用第 d 日 0:00 预报 + 负载用前一日剖面,2025-04-02,14:50-15:00,47.255211,1
② 光伏用第 d 日 0:00 预报 + 负载用前一日剖面,2025-04-02,15:50-16:00,42.741472,1
② 光伏用第 d 日 0:00 预报 + 负载用前一日剖面,2025-04-02,18:10-18:50,80.216578,4
② 光伏用第 d 日 0:00 预报 + 负载用前一日剖面,2025-04-02,19:20-19:50,49.487108,3
② 光伏用第 d 日 0:00 预报 + 负载用前一日剖面,2025-04-02,20:10-20:40,48.632808,3
② 光伏用第 d 日 0:00 预报 + 负载用前一日剖面,2025-04-02,21:00-21:40,157.796672,4
② 光伏用第 d 日 0:00 预报 + 负载用前一日剖面,2025-04-02,22:00-22:20,22.533983,2
② 光伏用第 d 日 0:00 预报 + 负载用前一日剖面,2025-04-02,22:50-23:20,35.071758,3
② 光伏用第 d 日 0:00 预报 + 负载用前一日剖面,2025-04-02,23:30-23:50,25.944733,2
② 光伏用第 d 日 0:00 预报 + 负载用前一日剖面,2025-04-03,0:10-0:30,33.154950,2
② 光伏用第 d 日 0:00 预报 + 负载用前一日剖面,2025-04-03,0:50-1:00,5.858858,1
② 光伏用第 d 日 0:00 预报 + 负载用前一日剖面,2025-04-03,1:20-2:20,112.045900,6
② 光伏用第 d 日 0:00 预报 + 负载用前一日剖面,2025-04-03,2:30-2:50,20.277111,2
② 光伏用第 d 日 0:00 预报 + 负载用前一日剖面,2025-04-03,3:50-4:00,3.822189,1
② 光伏用第 d 日 0:00 预报 + 负载用前一日剖面,2025-04-03,5:40-7:30,949.186514,11
② 光伏用第 d 日 0:00 预报 + 负载用前一日剖面,2025-04-03,7:40-8:20,398.997806,4
② 光伏用第 d 日 0:00 预报 + 负载用前一日剖面,2025-04-03,9:00-9:20,222.456900,2
② 光伏用第 d 日 0:00 预报 + 负载用前一日剖面,2025-04-03,10:00-10:40,181.608128,4
② 光伏用第 d 日 0:00 预报 + 负载用前一日剖面,2025-04-03,17:30-17:40,7.559178,1
② 光伏用第 d 日 0:00 预报 + 负载用前一日剖面,2025-04-03,18:10-18:30,13.475928,2
② 光伏用第 d 日 0:00 预报 + 负载用前一日剖面,2025-04-03,18:40-19:20,108.493478,4
② 光伏用第 d 日 0:00 预报 + 负载用前一日剖面,2025-04-03,20:20-20:30,10.152508,1
② 光伏用第 d 日 0:00 预报 + 负载用前一日剖面,2025-04-03,21:00-21:40,174.112383,4
② 光伏用第 d 日 0:00 预报 + 负载用前一日剖面,2025-04-03,22:00-22:20,11.525144,2
② 光伏用第 d 日 0:00 预报 + 负载用前一日剖面,2025-04-03,22:30-23:40,183.634514,7
② 光伏用第 d 日 0:00 预报 + 负载用前一日剖面,2025-04-05,0:20-0:40,36.876756,2
② 光伏用第 d 日 0:00 预报 + 负载用前一日剖面,2025-04-05,1:00-2:30,164.847717,9
② 光伏用第 d 日 0:00 预报 + 负载用前一日剖面,2025-04-05,3:40-4:10,46.927689,3
② 光伏用第 d 日 0:00 预报 + 负载用前一日剖面,2025-04-05,4:30-4:50,12.824939,2
② 光伏用第 d 日 0:00 预报 + 负载用前一日剖面,2025-04-05,5:00-7:20,1253.868433,14
② 光伏用第 d 日 0:00 预报 + 负载用前一日剖面,2025-04-05,7:40-8:00,78.030672,2
② 光伏用第 d 日 0:00 预报 + 负载用前一日剖面,2025-04-05,8:10-8:20,122.550656,1
② 光伏用第 d 日 0:00 预报 + 负载用前一日剖面,2025-04-05,8:40-8:50,97.282806,1
② 光伏用第 d 日 0:00 预报 + 负载用前一日剖面,2025-04-05,9:00-9:10,71.947192,1
② 光伏用第 d 日 0:00 预报 + 负载用前一日剖面,2025-04-05,10:00-10:10,54.284108,1
② 光伏用第 d 日 0:00 预报 + 负载用前一日剖面,2025-04-05,11:00-11:10,61.482542,1
② 光伏用第 d 日 0:00 预报 + 负载用前一日剖面,2025-04-05,12:00-12:10,15.635033,1
② 光伏用第 d 日 0:00 预报 + 负载用前一日剖面,2025-04-05,12:20-12:30,22.758750,1
② 光伏用第 d 日 0:00 预报 + 负载用前一日剖面,2025-04-05,12:40-13:00,111.459667,2
② 光伏用第 d 日 0:00 预报 + 负载用前一日剖面,2025-04-05,13:20-13:40,373.187844,2
② 光伏用第 d 日 0:00 预报 + 负载用前一日剖面,2025-04-05,14:30-14:50,393.602600,2
② 光伏用第 d 日 0:00 预报 + 负载用前一日剖面,2025-04-05,15:20-15:50,124.770550,3
② 光伏用第 d 日 0:00 预报 + 负载用前一日剖面,2025-04-05,17:50-18:30,30.653961,4
② 光伏用第 d 日 0:00 预报 + 负载用前一日剖面,2025-04-05,18:40-19:00,15.887122,2
② 光伏用第 d 日 0:00 预报 + 负载用前一日剖面,2025-04-05,19:20-19:50,43.676758,3
② 光伏用第 d 日 0:00 预报 + 负载用前一日剖面,2025-04-05,20:20-21:50,133.333886,9
② 光伏用第 d 日 0:00 预报 + 负载用前一日剖面,2025-04-05,22:00-22:10,3.927911,1
② 光伏用第 d 日 0:00 预报 + 负载用前一日剖面,2025-04-05,22:30-22:50,28.397772,2
② 光伏用第 d 日 0:00 预报 + 负载用前一日剖面,2025-04-05,23:00-0:00+1,283.499017,6
② 光伏用第 d 日 0:00 预报 + 负载用前一日剖面,2025-04-06,0:00-9:40,16403.849139,58
② 光伏用第 d 日 0:00 预报 + 负载用前一日剖面,2025-04-06,10:00-10:10,381.660369,1
② 光伏用第 d 日 0:00 预报 + 负载用前一日剖面,2025-04-06,10:30-10:50,696.056822,2
② 光伏用第 d 日 0:00 预报 + 负载用前一日剖面,2025-04-06,11:10-11:20,286.305453,1
② 光伏用第 d 日 0:00 预报 + 负载用前一日剖面,2025-04-06,11:40-11:50,254.938286,1
② 光伏用第 d 日 0:00 预报 + 负载用前一日剖面,2025-04-06,12:10-12:40,860.816575,3
② 光伏用第 d 日 0:00 预报 + 负载用前一日剖面,2025-04-06,13:50-14:10,440.889367,2
② 光伏用第 d 日 0:00 预报 + 负载用前一日剖面,2025-04-06,14:30-0:00+1,14899.122878,57
② 光伏用第 d 日 0:00 预报 + 负载用前一日剖面,2025-04-07,0:00-0:40,42.637283,4
② 光伏用第 d 日 0:00 预报 + 负载用前一日剖面,2025-04-07,0:50-1:20,30.107264,3
② 光伏用第 d 日 0:00 预报 + 负载用前一日剖面,2025-04-07,1:40-2:00,10.662056,2
② 光伏用第 d 日 0:00 预报 + 负载用前一日剖面,2025-04-07,2:20-3:00,56.865711,4
② 光伏用第 d 日 0:00 预报 + 负载用前一日剖面,2025-04-07,3:20-3:40,19.627761,2
② 光伏用第 d 日 0:00 预报 + 负载用前一日剖面,2025-04-07,4:00-4:20,16.370978,2
② 光伏用第 d 日 0:00 预报 + 负载用前一日剖面,2025-04-07,5:00-5:30,103.390983,3
② 光伏用第 d 日 0:00 预报 + 负载用前一日剖面,2025-04-07,5:40-6:50,765.368447,7
② 光伏用第 d 日 0:00 预报 + 负载用前一日剖面,2025-04-07,7:00-7:30,251.818875,3
② 光伏用第 d 日 0:00 预报 + 负载用前一日剖面,2025-04-07,7:40-8:40,802.613589,6
② 光伏用第 d 日 0:00 预报 + 负载用前一日剖面,2025-04-07,9:00-9:40,430.987833,4
② 光伏用第 d 日 0:00 预报 + 负载用前一日剖面,2025-04-07,10:00-10:10,18.090236,1
② 光伏用第 d 日 0:00 预报 + 负载用前一日剖面,2025-04-07,11:00-11:20,120.320122,2
② 光伏用第 d 日 0:00 预报 + 负载用前一日剖面,2025-04-07,11:40-14:00,1486.635606,14
② 光伏用第 d 日 0:00 预报 + 负载用前一日剖面,2025-04-07,14:20-15:00,408.765739,4
② 光伏用第 d 日 0:00 预报 + 负载用前一日剖面,2025-04-07,15:30-16:00,122.124892,3
② 光伏用第 d 日 0:00 预报 + 负载用前一日剖面,2025-04-07,16:50-17:00,5.787661,1
② 光伏用第 d 日 0:00 预报 + 负载用前一日剖面,2025-04-07,18:10-18:30,21.236839,2
② 光伏用第 d 日 0:00 预报 + 负载用前一日剖面,2025-04-07,18:40-19:00,14.369522,2
② 光伏用第 d 日 0:00 预报 + 负载用前一日剖面,2025-04-07,19:30-19:40,0.090553,1
② 光伏用第 d 日 0:00 预报 + 负载用前一日剖面,2025-04-07,20:00-20:20,7.943861,2
② 光伏用第 d 日 0:00 预报 + 负载用前一日剖面,2025-04-07,20:50-21:20,97.691883,3
② 光伏用第 d 日 0:00 预报 + 负载用前一日剖面,2025-04-07,21:30-21:50,73.845778,2
② 光伏用第 d 日 0:00 预报 + 负载用前一日剖面,2025-04-07,22:10-23:00,127.342208,5
② 光伏用第 d 日 0:00 预报 + 负载用前一日剖面,2025-04-07,23:10-23:30,49.101006,2
② 光伏用第 d 日 0:00 预报 + 负载用前一日剖面,2025-04-07,23:50-0:00+1,14.957344,1
② 光伏用第 d 日 0:00 预报 + 负载用前一日剖面,2025-04-08,0:00-0:20,61.654767,2
② 光伏用第 d 日 0:00 预报 + 负载用前一日剖面,2025-04-08,0:40-1:00,27.037100,2
② 光伏用第 d 日 0:00 预报 + 负载用前一日剖面,2025-04-08,1:40-2:00,24.170794,2
② 光伏用第 d 日 0:00 预报 + 负载用前一日剖面,2025-04-08,2:30-2:50,18.768778,2
② 光伏用第 d 日 0:00 预报 + 负载用前一日剖面,2025-04-08,3:20-3:30,0.960822,1
② 光伏用第 d 日 0:00 预报 + 负载用前一日剖面,2025-04-08,4:10-4:40,27.095917,3
② 光伏用第 d 日 0:00 预报 + 负载用前一日剖面,2025-04-08,5:00-5:20,30.776739,2
② 光伏用第 d 日 0:00 预报 + 负载用前一日剖面,2025-04-08,5:40-6:50,832.986622,7
② 光伏用第 d 日 0:00 预报 + 负载用前一日剖面,2025-04-08,7:00-7:30,351.449258,3
② 光伏用第 d 日 0:00 预报 + 负载用前一日剖面,2025-04-08,7:40-8:40,641.083939,6
② 光伏用第 d 日 0:00 预报 + 负载用前一日剖面,2025-04-08,9:00-9:50,409.906561,5
② 光伏用第 d 日 0:00 预报 + 负载用前一日剖面,2025-04-08,10:00-11:00,701.103900,6
② 光伏用第 d 日 0:00 预报 + 负载用前一日剖面,2025-04-08,16:50-17:00,29.265822,1
② 光伏用第 d 日 0:00 预报 + 负载用前一日剖面,2025-04-08,17:30-17:40,34.970000,1
② 光伏用第 d 日 0:00 预报 + 负载用前一日剖面,2025-04-08,18:10-19:10,90.971572,6
② 光伏用第 d 日 0:00 预报 + 负载用前一日剖面,2025-04-08,19:20-21:40,402.057200,14
② 光伏用第 d 日 0:00 预报 + 负载用前一日剖面,2025-04-08,22:10-22:30,20.266361,2
② 光伏用第 d 日 0:00 预报 + 负载用前一日剖面,2025-04-08,22:40-23:20,64.655361,4
② 光伏用第 d 日 0:00 预报 + 负载用前一日剖面,2025-04-08,23:40-0:00+1,20.861017,2
② 光伏用第 d 日 0:00 预报 + 负载用前一日剖面,2025-04-09,0:00-0:40,21.197717,4
② 光伏用第 d 日 0:00 预报 + 负载用前一日剖面,2025-04-09,1:10-1:30,22.721411,2
② 光伏用第 d 日 0:00 预报 + 负载用前一日剖面,2025-04-09,1:50-2:00,5.724256,1
② 光伏用第 d 日 0:00 预报 + 负载用前一日剖面,2025-04-09,2:30-3:20,86.956142,5
② 光伏用第 d 日 0:00 预报 + 负载用前一日剖面,2025-04-09,3:30-4:50,140.848519,8
② 光伏用第 d 日 0:00 预报 + 负载用前一日剖面,2025-04-09,5:20-7:30,1259.804328,13
② 光伏用第 d 日 0:00 预报 + 负载用前一日剖面,2025-04-09,7:40-8:40,898.575239,6
② 光伏用第 d 日 0:00 预报 + 负载用前一日剖面,2025-04-09,9:00-12:00,3197.104383,18
② 光伏用第 d 日 0:00 预报 + 负载用前一日剖面,2025-04-09,12:40-13:00,125.475728,2
② 光伏用第 d 日 0:00 预报 + 负载用前一日剖面,2025-04-09,16:50-17:00,16.312375,1
② 光伏用第 d 日 0:00 预报 + 负载用前一日剖面,2025-04-09,18:10-18:30,25.306283,2
② 光伏用第 d 日 0:00 预报 + 负载用前一日剖面,2025-04-09,19:50-20:20,50.237719,3
② 光伏用第 d 日 0:00 预报 + 负载用前一日剖面,2025-04-09,20:30-21:40,120.203703,7
② 光伏用第 d 日 0:00 预报 + 负载用前一日剖面,2025-04-09,22:20-22:40,46.689372,2
② 光伏用第 d 日 0:00 预报 + 负载用前一日剖面,2025-04-09,23:20-23:50,17.857950,3
② 光伏用第 d 日 0:00 预报 + 负载用前一日剖面,2025-04-10,0:20-1:00,81.098489,4
② 光伏用第 d 日 0:00 预报 + 负载用前一日剖面,2025-04-10,1:20-2:10,58.507561,5
② 光伏用第 d 日 0:00 预报 + 负载用前一日剖面,2025-04-10,2:30-3:20,24.304789,5
② 光伏用第 d 日 0:00 预报 + 负载用前一日剖面,2025-04-10,3:30-3:50,34.495489,2
② 光伏用第 d 日 0:00 预报 + 负载用前一日剖面,2025-04-10,4:40-5:30,188.423650,5
② 光伏用第 d 日 0:00 预报 + 负载用前一日剖面,2025-04-10,5:40-6:50,1012.366686,7
② 光伏用第 d 日 0:00 预报 + 负载用前一日剖面,2025-04-10,7:00-7:30,406.503808,3
② 光伏用第 d 日 0:00 预报 + 负载用前一日剖面,2025-04-10,7:40-8:40,761.544461,6
② 光伏用第 d 日 0:00 预报 + 负载用前一日剖面,2025-04-10,9:00-9:50,445.619789,5
② 光伏用第 d 日 0:00 预报 + 负载用前一日剖面,2025-04-10,10:00-11:10,764.884686,7
② 光伏用第 d 日 0:00 预报 + 负载用前一日剖面,2025-04-10,12:40-13:00,118.429967,2
② 光伏用第 d 日 0:00 预报 + 负载用前一日剖面,2025-04-10,13:30-14:00,116.134142,3
② 光伏用第 d 日 0:00 预报 + 负载用前一日剖面,2025-04-10,18:10-18:20,10.139883,1
② 光伏用第 d 日 0:00 预报 + 负载用前一日剖面,2025-04-10,18:30-18:50,0.777817,2
② 光伏用第 d 日 0:00 预报 + 负载用前一日剖面,2025-04-10,19:00-19:20,92.980311,2
② 光伏用第 d 日 0:00 预报 + 负载用前一日剖面,2025-04-10,19:40-20:00,19.005261,2
② 光伏用第 d 日 0:00 预报 + 负载用前一日剖面,2025-04-10,20:40-20:50,7.446708,1
② 光伏用第 d 日 0:00 预报 + 负载用前一日剖面,2025-04-10,21:00-21:50,225.128692,5
② 光伏用第 d 日 0:00 预报 + 负载用前一日剖面,2025-04-10,22:10-22:20,1.433931,1
② 光伏用第 d 日 0:00 预报 + 负载用前一日剖面,2025-04-10,23:10-23:30,18.905956,2
② 光伏用第 d 日 0:00 预报 + 负载用前一日剖面,2025-04-11,6:00-6:10,0.467089,1
② 光伏用第 d 日 0:00 预报 + 负载用前一日剖面,2025-04-12,0:20-1:00,88.480928,4
② 光伏用第 d 日 0:00 预报 + 负载用前一日剖面,2025-04-12,1:30-1:50,12.791083,2
② 光伏用第 d 日 0:00 预报 + 负载用前一日剖面,2025-04-12,2:10-3:00,74.509972,5
② 光伏用第 d 日 0:00 预报 + 负载用前一日剖面,2025-04-12,3:30-3:50,16.535039,2
② 光伏用第 d 日 0:00 预报 + 负载用前一日剖面,2025-04-12,4:30-4:40,1.639747,1
② 光伏用第 d 日 0:00 预报 + 负载用前一日剖面,2025-04-12,5:00-5:50,253.785442,5
② 光伏用第 d 日 0:00 预报 + 负载用前一日剖面,2025-04-12,6:00-6:50,522.647006,5
② 光伏用第 d 日 0:00 预报 + 负载用前一日剖面,2025-04-12,7:00-7:40,331.866133,4
② 光伏用第 d 日 0:00 预报 + 负载用前一日剖面,2025-04-12,8:00-8:20,80.125472,2
② 光伏用第 d 日 0:00 预报 + 负载用前一日剖面,2025-04-12,9:00-9:20,190.650711,2
② 光伏用第 d 日 0:00 预报 + 负载用前一日剖面,2025-04-12,17:50-18:00,33.780317,1
② 光伏用第 d 日 0:00 预报 + 负载用前一日剖面,2025-04-12,20:00-20:50,155.660942,5
② 光伏用第 d 日 0:00 预报 + 负载用前一日剖面,2025-04-12,21:00-21:50,83.720900,5
② 光伏用第 d 日 0:00 预报 + 负载用前一日剖面,2025-04-12,22:30-22:50,37.843517,2
② 光伏用第 d 日 0:00 预报 + 负载用前一日剖面,2025-04-12,23:40-0:00+1,183.657806,2
② 光伏用第 d 日 0:00 预报 + 负载用前一日剖面,2025-04-13,0:00-9:50,15960.611131,59
② 光伏用第 d 日 0:00 预报 + 负载用前一日剖面,2025-04-13,10:30-10:50,597.094336,2
② 光伏用第 d 日 0:00 预报 + 负载用前一日剖面,2025-04-13,11:10-11:20,406.893836,1
② 光伏用第 d 日 0:00 预报 + 负载用前一日剖面,2025-04-13,11:40-11:50,417.036036,1
② 光伏用第 d 日 0:00 预报 + 负载用前一日剖面,2025-04-13,12:10-12:40,1016.272567,3
② 光伏用第 d 日 0:00 预报 + 负载用前一日剖面,2025-04-13,13:50-14:10,960.620408,2
② 光伏用第 d 日 0:00 预报 + 负载用前一日剖面,2025-04-13,14:30-14:50,904.001944,2
② 光伏用第 d 日 0:00 预报 + 负载用前一日剖面,2025-04-13,15:00-0:00+1,13693.039542,54
② 光伏用第 d 日 0:00 预报 + 负载用前一日剖面,2025-04-14,0:30-0:50,66.074650,2
② 光伏用第 d 日 0:00 预报 + 负载用前一日剖面,2025-04-14,1:00-1:20,46.721694,2
② 光伏用第 d 日 0:00 预报 + 负载用前一日剖面,2025-04-14,1:30-3:10,150.748500,10
② 光伏用第 d 日 0:00 预报 + 负载用前一日剖面,2025-04-14,3:30-4:20,86.309739,5
② 光伏用第 d 日 0:00 预报 + 负载用前一日剖面,2025-04-14,4:30-6:50,882.412506,14
② 光伏用第 d 日 0:00 预报 + 负载用前一日剖面,2025-04-14,7:00-7:30,330.186892,3
② 光伏用第 d 日 0:00 预报 + 负载用前一日剖面,2025-04-14,7:40-8:20,221.635317,4
② 光伏用第 d 日 0:00 预报 + 负载用前一日剖面,2025-04-14,9:00-9:30,268.515450,3
② 光伏用第 d 日 0:00 预报 + 负载用前一日剖面,2025-04-14,10:00-11:10,680.995944,7
② 光伏用第 d 日 0:00 预报 + 负载用前一日剖面,2025-04-14,11:20-11:40,50.889689,2
② 光伏用第 d 日 0:00 预报 + 负载用前一日剖面,2025-04-14,12:00-12:20,69.687383,2
② 光伏用第 d 日 0:00 预报 + 负载用前一日剖面,2025-04-14,18:10-19:00,128.550808,5
② 光伏用第 d 日 0:00 预报 + 负载用前一日剖面,2025-04-14,19:30-20:00,60.091042,3
② 光伏用第 d 日 0:00 预报 + 负载用前一日剖面,2025-04-14,20:30-20:40,1.534208,1
② 光伏用第 d 日 0:00 预报 + 负载用前一日剖面,2025-04-14,21:00-21:40,139.407183,4
② 光伏用第 d 日 0:00 预报 + 负载用前一日剖面,2025-04-14,22:10-22:30,21.521294,2
② 光伏用第 d 日 0:00 预报 + 负载用前一日剖面,2025-04-14,23:00-0:00+1,127.385667,6
② 光伏用第 d 日 0:00 预报 + 负载用前一日剖面,2025-04-15,1:20-1:30,15.934722,1
② 光伏用第 d 日 0:00 预报 + 负载用前一日剖面,2025-04-15,1:50-2:00,7.921389,1
② 光伏用第 d 日 0:00 预报 + 负载用前一日剖面,2025-04-15,3:00-3:20,15.054150,2
② 光伏用第 d 日 0:00 预报 + 负载用前一日剖面,2025-04-15,3:50-4:00,8.235892,1
② 光伏用第 d 日 0:00 预报 + 负载用前一日剖面,2025-04-15,5:00-6:50,949.936397,11
② 光伏用第 d 日 0:00 预报 + 负载用前一日剖面,2025-04-15,7:00-7:30,282.456025,3
② 光伏用第 d 日 0:00 预报 + 负载用前一日剖面,2025-04-15,7:40-8:40,819.429567,6
② 光伏用第 d 日 0:00 预报 + 负载用前一日剖面,2025-04-15,9:00-9:30,278.074092,3
② 光伏用第 d 日 0:00 预报 + 负载用前一日剖面,2025-04-15,10:00-10:50,315.368997,5
② 光伏用第 d 日 0:00 预报 + 负载用前一日剖面,2025-04-15,11:00-12:00,456.295533,6
② 光伏用第 d 日 0:00 预报 + 负载用前一日剖面,2025-04-15,12:50-13:00,31.172503,1
② 光伏用第 d 日 0:00 预报 + 负载用前一日剖面,2025-04-15,13:20-14:00,427.160461,4
② 光伏用第 d 日 0:00 预报 + 负载用前一日剖面,2025-04-15,14:10-15:00,276.755258,5
② 光伏用第 d 日 0:00 预报 + 负载用前一日剖面,2025-04-15,15:30-16:00,191.469792,3
② 光伏用第 d 日 0:00 预报 + 负载用前一日剖面,2025-04-15,16:50-17:00,68.900022,1
② 光伏用第 d 日 0:00 预报 + 负载用前一日剖面,2025-04-15,17:30-17:40,58.843308,1
② 光伏用第 d 日 0:00 预报 + 负载用前一日剖面,2025-04-15,18:50-20:00,89.928597,7
② 光伏用第 d 日 0:00 预报 + 负载用前一日剖面,2025-04-15,20:20-21:50,254.849469,9
② 光伏用第 d 日 0:00 预报 + 负载用前一日剖面,2025-04-15,22:40-23:00,58.366083,2
② 光伏用第 d 日 0:00 预报 + 负载用前一日剖面,2025-04-16,0:00-1:00,132.076283,6
② 光伏用第 d 日 0:00 预报 + 负载用前一日剖面,2025-04-16,1:20-2:10,94.686906,5
② 光伏用第 d 日 0:00 预报 + 负载用前一日剖面,2025-04-16,2:20-3:30,84.982619,7
② 光伏用第 d 日 0:00 预报 + 负载用前一日剖面,2025-04-16,3:40-5:30,389.721858,11
② 光伏用第 d 日 0:00 预报 + 负载用前一日剖面,2025-04-16,5:40-6:50,820.050286,7
② 光伏用第 d 日 0:00 预报 + 负载用前一日剖面,2025-04-16,7:00-7:30,283.462850,3
② 光伏用第 d 日 0:00 预报 + 负载用前一日剖面,2025-04-16,7:40-8:50,816.605669,7
② 光伏用第 d 日 0:00 预报 + 负载用前一日剖面,2025-04-16,9:00-9:50,145.915631,5
② 光伏用第 d 日 0:00 预报 + 负载用前一日剖面,2025-04-16,10:00-10:30,350.254292,3
② 光伏用第 d 日 0:00 预报 + 负载用前一日剖面,2025-04-16,12:00-13:00,428.906933,6
② 光伏用第 d 日 0:00 预报 + 负载用前一日剖面,2025-04-16,13:30-14:00,88.263192,3
② 光伏用第 d 日 0:00 预报 + 负载用前一日剖面,2025-04-16,14:30-15:00,192.115617,3
② 光伏用第 d 日 0:00 预报 + 负载用前一日剖面,2025-04-16,15:50-16:00,9.063728,1
② 光伏用第 d 日 0:00 预报 + 负载用前一日剖面,2025-04-16,16:50-17:00,56.695194,1
② 光伏用第 d 日 0:00 预报 + 负载用前一日剖面,2025-04-16,18:30-19:00,93.909658,3
② 光伏用第 d 日 0:00 预报 + 负载用前一日剖面,2025-04-16,20:20-20:30,2.128203,1
② 光伏用第 d 日 0:00 预报 + 负载用前一日剖面,2025-04-16,20:50-21:40,194.514075,5
② 光伏用第 d 日 0:00 预报 + 负载用前一日剖面,2025-04-16,22:00-22:20,33.026072,2
② 光伏用第 d 日 0:00 预报 + 负载用前一日剖面,2025-04-16,22:30-0:00+1,233.032083,9
② 光伏用第 d 日 0:00 预报 + 负载用前一日剖面,2025-04-17,0:40-1:00,29.471789,2
② 光伏用第 d 日 0:00 预报 + 负载用前一日剖面,2025-04-17,2:10-2:30,8.490589,2
② 光伏用第 d 日 0:00 预报 + 负载用前一日剖面,2025-04-17,2:50-3:00,27.866694,1
② 光伏用第 d 日 0:00 预报 + 负载用前一日剖面,2025-04-17,3:20-3:30,0.676283,1
② 光伏用第 d 日 0:00 预报 + 负载用前一日剖面,2025-04-17,3:50-4:00,16.946283,1
② 光伏用第 d 日 0:00 预报 + 负载用前一日剖面,2025-04-17,4:40-12:00,6866.347939,44
② 光伏用第 d 日 0:00 预报 + 负载用前一日剖面,2025-04-17,12:30-13:00,106.039667,3
② 光伏用第 d 日 0:00 预报 + 负载用前一日剖面,2025-04-17,13:50-14:00,14.564922,1
② 光伏用第 d 日 0:00 预报 + 负载用前一日剖面,2025-04-17,18:50-19:30,49.166656,4
② 光伏用第 d 日 0:00 预报 + 负载用前一日剖面,2025-04-17,19:40-20:50,119.926236,7
② 光伏用第 d 日 0:00 预报 + 负载用前一日剖面,2025-04-17,21:00-21:40,161.400367,4
② 光伏用第 d 日 0:00 预报 + 负载用前一日剖面,2025-04-17,22:40-23:00,16.539867,2
② 光伏用第 d 日 0:00 预报 + 负载用前一日剖面,2025-04-17,23:30-23:40,0.050917,1
② 光伏用第 d 日 0:00 预报 + 负载用前一日剖面,2025-04-19,0:00-0:20,31.803956,2
② 光伏用第 d 日 0:00 预报 + 负载用前一日剖面,2025-04-19,0:40-1:00,17.257339,2
② 光伏用第 d 日 0:00 预报 + 负载用前一日剖面,2025-04-19,1:50-2:20,44.525864,3
② 光伏用第 d 日 0:00 预报 + 负载用前一日剖面,2025-04-19,3:30-3:50,18.467561,2
② 光伏用第 d 日 0:00 预报 + 负载用前一日剖面,2025-04-19,4:00-4:10,0.030153,1
② 光伏用第 d 日 0:00 预报 + 负载用前一日剖面,2025-04-19,4:40-4:50,2.897253,1
② 光伏用第 d 日 0:00 预报 + 负载用前一日剖面,2025-04-19,5:00-5:50,414.948619,5
② 光伏用第 d 日 0:00 预报 + 负载用前一日剖面,2025-04-19,6:00-7:40,1086.448225,10
② 光伏用第 d 日 0:00 预报 + 负载用前一日剖面,2025-04-19,8:00-8:10,40.226200,1
② 光伏用第 d 日 0:00 预报 + 负载用前一日剖面,2025-04-19,9:00-9:10,30.125200,1
② 光伏用第 d 日 0:00 预报 + 负载用前一日剖面,2025-04-19,13:50-14:00,95.130781,1
② 光伏用第 d 日 0:00 预报 + 负载用前一日剖面,2025-04-19,14:30-14:50,196.017961,2
② 光伏用第 d 日 0:00 预报 + 负载用前一日剖面,2025-04-19,15:30-15:50,130.177933,2
② 光伏用第 d 日 0:00 预报 + 负载用前一日剖面,2025-04-19,16:30-16:50,33.079844,2
② 光伏用第 d 日 0:00 预报 + 负载用前一日剖面,2025-04-19,17:50-18:00,26.509003,1
② 光伏用第 d 日 0:00 预报 + 负载用前一日剖面,2025-04-19,18:50-19:20,53.298919,3
② 光伏用第 d 日 0:00 预报 + 负载用前一日剖面,2025-04-19,20:00-20:20,12.134083,2
② 光伏用第 d 日 0:00 预报 + 负载用前一日剖面,2025-04-19,20:30-20:50,3.089350,2
② 光伏用第 d 日 0:00 预报 + 负载用前一日剖面,2025-04-19,21:00-21:40,105.007606,4
② 光伏用第 d 日 0:00 预报 + 负载用前一日剖面,2025-04-19,22:00-23:00,159.618250,6
② 光伏用第 d 日 0:00 预报 + 负载用前一日剖面,2025-04-19,23:40-0:00+1,252.535106,2
② 光伏用第 d 日 0:00 预报 + 负载用前一日剖面,2025-04-20,0:00-10:10,16471.358811,61
② 光伏用第 d 日 0:00 预报 + 负载用前一日剖面,2025-04-20,10:20-10:30,284.943111,1
② 光伏用第 d 日 0:00 预报 + 负载用前一日剖面,2025-04-20,10:50-11:10,751.691481,2
② 光伏用第 d 日 0:00 预报 + 负载用前一日剖面,2025-04-20,11:40-11:50,402.842336,1
② 光伏用第 d 日 0:00 预报 + 负载用前一日剖面,2025-04-20,12:10-12:20,482.306350,1
② 光伏用第 d 日 0:00 预报 + 负载用前一日剖面,2025-04-20,12:30-12:50,953.828600,2
② 光伏用第 d 日 0:00 预报 + 负载用前一日剖面,2025-04-20,13:20-13:40,934.082822,2
② 光伏用第 d 日 0:00 预报 + 负载用前一日剖面,2025-04-20,14:00-14:10,488.510922,1
② 光伏用第 d 日 0:00 预报 + 负载用前一日剖面,2025-04-20,14:20-14:50,985.566111,3
② 光伏用第 d 日 0:00 预报 + 负载用前一日剖面,2025-04-20,15:00-0:00+1,13552.613972,54
② 光伏用第 d 日 0:00 预报 + 负载用前一日剖面,2025-04-21,0:00-1:00,121.894967,6
② 光伏用第 d 日 0:00 预报 + 负载用前一日剖面,2025-04-21,1:10-1:40,48.246417,3
② 光伏用第 d 日 0:00 预报 + 负载用前一日剖面,2025-04-21,2:20-3:40,121.990983,8
② 光伏用第 d 日 0:00 预报 + 负载用前一日剖面,2025-04-21,4:00-4:20,29.546189,2
② 光伏用第 d 日 0:00 预报 + 负载用前一日剖面,2025-04-21,4:40-7:30,2076.217606,17
② 光伏用第 d 日 0:00 预报 + 负载用前一日剖面,2025-04-21,7:40-8:50,1075.942142,7
② 光伏用第 d 日 0:00 预报 + 负载用前一日剖面,2025-04-21,10:00-10:30,166.664083,3
② 光伏用第 d 日 0:00 预报 + 负载用前一日剖面,2025-04-21,18:10-18:20,0.519228,1
② 光伏用第 d 日 0:00 预报 + 负载用前一日剖面,2025-04-21,18:40-19:10,64.956375,3
② 光伏用第 d 日 0:00 预报 + 负载用前一日剖面,2025-04-21,19:50-21:50,420.102597,12
② 光伏用第 d 日 0:00 预报 + 负载用前一日剖面,2025-04-21,22:10-23:10,152.257356,6
② 光伏用第 d 日 0:00 预报 + 负载用前一日剖面,2025-04-21,23:40-23:50,3.046067,1
② 光伏用第 d 日 0:00 预报 + 负载用前一日剖面,2025-04-22,0:30-0:50,9.546156,2
② 光伏用第 d 日 0:00 预报 + 负载用前一日剖面,2025-04-22,1:30-2:10,62.999925,4
② 光伏用第 d 日 0:00 预报 + 负载用前一日剖面,2025-04-22,2:40-3:00,28.283967,2
② 光伏用第 d 日 0:00 预报 + 负载用前一日剖面,2025-04-22,3:30-3:50,23.523761,2
② 光伏用第 d 日 0:00 预报 + 负载用前一日剖面,2025-04-22,4:50-5:30,151.204897,4
② 光伏用第 d 日 0:00 预报 + 负载用前一日剖面,2025-04-22,5:40-6:30,541.470594,5
② 光伏用第 d 日 0:00 预报 + 负载用前一日剖面,2025-04-22,7:00-7:30,225.124875,3
② 光伏用第 d 日 0:00 预报 + 负载用前一日剖面,2025-04-22,7:40-8:20,380.139206,4
② 光伏用第 d 日 0:00 预报 + 负载用前一日剖面,2025-04-22,9:00-9:50,777.391544,5
② 光伏用第 d 日 0:00 预报 + 负载用前一日剖面,2025-04-22,10:00-12:50,3420.918797,17
② 光伏用第 d 日 0:00 预报 + 负载用前一日剖面,2025-04-22,13:50-14:00,124.070111,1
② 光伏用第 d 日 0:00 预报 + 负载用前一日剖面,2025-04-22,14:20-15:00,226.293461,4
② 光伏用第 d 日 0:00 预报 + 负载用前一日剖面,2025-04-22,15:20-15:30,6.545289,1
② 光伏用第 d 日 0:00 预报 + 负载用前一日剖面,2025-04-22,15:50-16:00,15.159872,1
② 光伏用第 d 日 0:00 预报 + 负载用前一日剖面,2025-04-22,16:50-17:00,24.832181,1
② 光伏用第 d 日 0:00 预报 + 负载用前一日剖面,2025-04-22,17:30-17:40,10.552581,1
② 光伏用第 d 日 0:00 预报 + 负载用前一日剖面,2025-04-22,18:20-18:40,38.533428,2
② 光伏用第 d 日 0:00 预报 + 负载用前一日剖面,2025-04-22,18:50-19:20,29.215675,3
② 光伏用第 d 日 0:00 预报 + 负载用前一日剖面,2025-04-22,19:30-19:50,62.960311,2
② 光伏用第 d 日 0:00 预报 + 负载用前一日剖面,2025-04-22,21:00-21:40,216.251017,4
② 光伏用第 d 日 0:00 预报 + 负载用前一日剖面,2025-04-22,22:10-22:20,1.148378,1
② 光伏用第 d 日 0:00 预报 + 负载用前一日剖面,2025-04-22,23:00-23:30,52.003717,3
② 光伏用第 d 日 0:00 预报 + 负载用前一日剖面,2025-04-22,23:40-0:00+1,72.663283,2
② 光伏用第 d 日 0:00 预报 + 负载用前一日剖面,2025-04-23,0:00-1:10,183.667186,7
② 光伏用第 d 日 0:00 预报 + 负载用前一日剖面,2025-04-23,1:30-2:10,62.146556,4
② 光伏用第 d 日 0:00 预报 + 负载用前一日剖面,2025-04-23,2:50-4:30,93.905089,10
② 光伏用第 d 日 0:00 预报 + 负载用前一日剖面,2025-04-23,4:50-7:30,2024.045633,16
② 光伏用第 d 日 0:00 预报 + 负载用前一日剖面,2025-04-23,7:40-8:50,1086.444100,7
② 光伏用第 d 日 0:00 预报 + 负载用前一日剖面,2025-04-23,9:00-9:10,217.700478,1
② 光伏用第 d 日 0:00 预报 + 负载用前一日剖面,2025-04-23,9:20-10:50,949.903483,9
② 光伏用第 d 日 0:00 预报 + 负载用前一日剖面,2025-04-23,11:00-12:00,782.363317,6
② 光伏用第 d 日 0:00 预报 + 负载用前一日剖面,2025-04-23,12:10-12:50,865.224111,4
② 光伏用第 d 日 0:00 预报 + 负载用前一日剖面,2025-04-23,13:00-13:40,443.814633,4
② 光伏用第 d 日 0:00 预报 + 负载用前一日剖面,2025-04-23,13:50-15:00,764.715275,7
② 光伏用第 d 日 0:00 预报 + 负载用前一日剖面,2025-04-23,15:50-16:00,39.203300,1
② 光伏用第 d 日 0:00 预报 + 负载用前一日剖面,2025-04-23,16:50-17:00,68.192419,1
② 光伏用第 d 日 0:00 预报 + 负载用前一日剖面,2025-04-23,18:20-18:40,55.537467,2
② 光伏用第 d 日 0:00 预报 + 负载用前一日剖面,2025-04-23,19:40-20:20,81.692556,4
② 光伏用第 d 日 0:00 预报 + 负载用前一日剖面,2025-04-23,20:40-20:50,0.778792,1
② 光伏用第 d 日 0:00 预报 + 负载用前一日剖面,2025-04-23,21:00-21:40,160.349678,4
② 光伏用第 d 日 0:00 预报 + 负载用前一日剖面,2025-04-23,22:40-23:00,17.718550,2
② 光伏用第 d 日 0:00 预报 + 负载用前一日剖面,2025-04-23,23:50-0:00+1,5.477367,1
② 光伏用第 d 日 0:00 预报 + 负载用前一日剖面,2025-04-24,1:10-1:20,8.009806,1
② 光伏用第 d 日 0:00 预报 + 负载用前一日剖面,2025-04-24,1:40-3:00,127.630661,8
② 光伏用第 d 日 0:00 预报 + 负载用前一日剖面,2025-04-24,3:20-3:40,14.275261,2
② 光伏用第 d 日 0:00 预报 + 负载用前一日剖面,2025-04-24,5:00-6:50,1315.860908,11
② 光伏用第 d 日 0:00 预报 + 负载用前一日剖面,2025-04-24,7:00-7:30,265.789417,3
② 光伏用第 d 日 0:00 预报 + 负载用前一日剖面,2025-04-24,7:40-8:30,516.918072,5
② 光伏用第 d 日 0:00 预报 + 负载用前一日剖面,2025-04-24,9:00-9:10,56.579228,1
② 光伏用第 d 日 0:00 预报 + 负载用前一日剖面,2025-04-24,9:20-9:30,2.965911,1
② 光伏用第 d 日 0:00 预报 + 负载用前一日剖面,2025-04-24,10:00-10:50,342.424811,5
② 光伏用第 d 日 0:00 预报 + 负载用前一日剖面,2025-04-24,11:00-12:50,1671.871628,11
② 光伏用第 d 日 0:00 预报 + 负载用前一日剖面,2025-04-24,13:50-14:00,3.000569,1
② 光伏用第 d 日 0:00 预报 + 负载用前一日剖面,2025-04-24,15:50-16:00,56.799100,1
② 光伏用第 d 日 0:00 预报 + 负载用前一日剖面,2025-04-24,16:50-17:00,1.006350,1
② 光伏用第 d 日 0:00 预报 + 负载用前一日剖面,2025-04-24,18:10-19:00,98.598608,5
② 光伏用第 d 日 0:00 预报 + 负载用前一日剖面,2025-04-24,19:20-19:50,54.275917,3
② 光伏用第 d 日 0:00 预报 + 负载用前一日剖面,2025-04-24,20:20-20:40,51.025317,2
② 光伏用第 d 日 0:00 预报 + 负载用前一日剖面,2025-04-24,21:00-21:40,205.816633,4
② 光伏用第 d 日 0:00 预报 + 负载用前一日剖面,2025-04-24,22:40-23:00,21.166144,2
② 光伏用第 d 日 0:00 预报 + 负载用前一日剖面,2025-04-24,23:20-23:40,20.677733,2
② 光伏用第 d 日 0:00 预报 + 负载用前一日剖面,2025-04-26,0:30-2:00,160.294233,9
② 光伏用第 d 日 0:00 预报 + 负载用前一日剖面,2025-04-26,2:20-3:00,53.130506,4
② 光伏用第 d 日 0:00 预报 + 负载用前一日剖面,2025-04-26,3:10-3:30,17.793561,2
② 光伏用第 d 日 0:00 预报 + 负载用前一日剖面,2025-04-26,4:20-4:30,8.767047,1
② 光伏用第 d 日 0:00 预报 + 负载用前一日剖面,2025-04-26,5:00-7:10,1729.687936,13
② 光伏用第 d 日 0:00 预报 + 负载用前一日剖面,2025-04-26,7:20-7:50,391.876650,3
② 光伏用第 d 日 0:00 预报 + 负载用前一日剖面,2025-04-26,9:00-9:10,224.174717,1
② 光伏用第 d 日 0:00 预报 + 负载用前一日剖面,2025-04-26,9:40-10:20,102.011756,4
② 光伏用第 d 日 0:00 预报 + 负载用前一日剖面,2025-04-26,13:10-13:30,112.646917,2
② 光伏用第 d 日 0:00 预报 + 负载用前一日剖面,2025-04-26,13:40-13:50,46.599250,1
② 光伏用第 d 日 0:00 预报 + 负载用前一日剖面,2025-04-26,15:30-16:00,111.482375,3
② 光伏用第 d 日 0:00 预报 + 负载用前一日剖面,2025-04-26,18:20-19:00,112.687917,4
② 光伏用第 d 日 0:00 预报 + 负载用前一日剖面,2025-04-26,19:20-19:40,20.607550,2
② 光伏用第 d 日 0:00 预报 + 负载用前一日剖面,2025-04-26,20:00-20:20,9.292939,2
② 光伏用第 d 日 0:00 预报 + 负载用前一日剖面,2025-04-26,20:40-21:10,29.991142,3
② 光伏用第 d 日 0:00 预报 + 负载用前一日剖面,2025-04-26,21:20-21:50,40.617875,3
② 光伏用第 d 日 0:00 预报 + 负载用前一日剖面,2025-04-26,22:20-23:00,101.373872,4
② 光伏用第 d 日 0:00 预报 + 负载用前一日剖面,2025-04-26,23:40-0:00+1,218.295117,2
② 光伏用第 d 日 0:00 预报 + 负载用前一日剖面,2025-04-27,0:00-9:10,13894.397525,55
② 光伏用第 d 日 0:00 预报 + 负载用前一日剖面,2025-04-27,9:40-10:10,1631.464350,3
② 光伏用第 d 日 0:00 预报 + 负载用前一日剖面,2025-04-27,10:30-10:40,524.146933,1
② 光伏用第 d 日 0:00 预报 + 负载用前一日剖面,2025-04-27,10:50-11:20,1292.614717,3
② 光伏用第 d 日 0:00 预报 + 负载用前一日剖面,2025-04-27,11:40-11:50,349.503167,1
② 光伏用第 d 日 0:00 预报 + 负载用前一日剖面,2025-04-27,12:00-12:10,110.585986,1
② 光伏用第 d 日 0:00 预报 + 负载用前一日剖面,2025-04-27,12:20-13:00,936.555678,4
② 光伏用第 d 日 0:00 预报 + 负载用前一日剖面,2025-04-27,13:10-13:30,626.931689,2
② 光伏用第 d 日 0:00 预报 + 负载用前一日剖面,2025-04-27,13:40-13:50,395.875986,1
② 光伏用第 d 日 0:00 预报 + 负载用前一日剖面,2025-04-27,14:00-14:10,315.701847,1
② 光伏用第 d 日 0:00 预报 + 负载用前一日剖面,2025-04-27,14:20-14:40,797.410694,2
② 光伏用第 d 日 0:00 预报 + 负载用前一日剖面,2025-04-27,14:50-0:00+1,14568.846883,55
② 光伏用第 d 日 0:00 预报 + 负载用前一日剖面,2025-04-28,0:00-0:10,7.828236,1
② 光伏用第 d 日 0:00 预报 + 负载用前一日剖面,2025-04-28,0:30-1:20,131.583147,5
② 光伏用第 d 日 0:00 预报 + 负载用前一日剖面,2025-04-28,1:30-2:00,157.281158,3
② 光伏用第 d 日 0:00 预报 + 负载用前一日剖面,2025-04-28,2:20-3:00,74.078028,4
② 光伏用第 d 日 0:00 预报 + 负载用前一日剖面,2025-04-28,3:20-3:30,7.522386,1
② 光伏用第 d 日 0:00 预报 + 负载用前一日剖面,2025-04-28,4:00-4:50,61.635361,5
② 光伏用第 d 日 0:00 预报 + 负载用前一日剖面,2025-04-28,5:00-5:30,207.104483,3
② 光伏用第 d 日 0:00 预报 + 负载用前一日剖面,2025-04-28,5:40-11:30,4081.220500,35
② 光伏用第 d 日 0:00 预报 + 负载用前一日剖面,2025-04-28,13:50-14:00,1.324117,1
② 光伏用第 d 日 0:00 预报 + 负载用前一日剖面,2025-04-28,16:50-17:00,14.108111,1
② 光伏用第 d 日 0:00 预报 + 负载用前一日剖面,2025-04-28,17:30-17:40,23.979950,1
② 光伏用第 d 日 0:00 预报 + 负载用前一日剖面,2025-04-28,18:20-18:30,0.136300,1
② 光伏用第 d 日 0:00 预报 + 负载用前一日剖面,2025-04-28,18:40-19:10,36.255686,3
② 光伏用第 d 日 0:00 预报 + 负载用前一日剖面,2025-04-28,19:40-19:50,4.473203,1
② 光伏用第 d 日 0:00 预报 + 负载用前一日剖面,2025-04-28,20:30-21:50,288.437008,8
② 光伏用第 d 日 0:00 预报 + 负载用前一日剖面,2025-04-28,22:00-22:30,22.091883,3
② 光伏用第 d 日 0:00 预报 + 负载用前一日剖面,2025-04-28,22:50-23:00,1.961050,1
② 光伏用第 d 日 0:00 预报 + 负载用前一日剖面,2025-04-28,23:20-23:30,3.703792,1
② 光伏用第 d 日 0:00 预报 + 负载用前一日剖面,2025-04-28,23:50-0:00+1,11.198792,1
② 光伏用第 d 日 0:00 预报 + 负载用前一日剖面,2025-04-29,2:00-2:10,6.112144,1
② 光伏用第 d 日 0:00 预报 + 负载用前一日剖面,2025-04-29,2:30-3:00,37.796183,3
② 光伏用第 d 日 0:00 预报 + 负载用前一日剖面,2025-04-29,3:40-4:10,34.160525,3
② 光伏用第 d 日 0:00 预报 + 负载用前一日剖面,2025-04-29,4:30-11:00,5055.117542,39
② 光伏用第 d 日 0:00 预报 + 负载用前一日剖面,2025-04-29,14:50-15:00,24.207078,1
② 光伏用第 d 日 0:00 预报 + 负载用前一日剖面,2025-04-29,15:30-16:00,170.993800,3
② 光伏用第 d 日 0:00 预报 + 负载用前一日剖面,2025-04-29,16:30-17:00,74.854133,3
② 光伏用第 d 日 0:00 预报 + 负载用前一日剖面,2025-04-29,17:30-17:40,1.598631,1
② 光伏用第 d 日 0:00 预报 + 负载用前一日剖面,2025-04-29,18:30-18:40,9.185967,1
② 光伏用第 d 日 0:00 预报 + 负载用前一日剖面,2025-04-29,19:00-20:00,112.512150,6
② 光伏用第 d 日 0:00 预报 + 负载用前一日剖面,2025-04-29,20:10-20:40,40.989475,3
② 光伏用第 d 日 0:00 预报 + 负载用前一日剖面,2025-04-29,21:00-21:20,35.930822,2
② 光伏用第 d 日 0:00 预报 + 负载用前一日剖面,2025-04-29,21:30-21:40,41.679261,1
② 光伏用第 d 日 0:00 预报 + 负载用前一日剖面,2025-04-29,22:10-22:50,21.681383,4
② 光伏用第 d 日 0:00 预报 + 负载用前一日剖面,2025-04-29,23:30-23:50,32.086767,2
② 光伏用第 d 日 0:00 预报 + 负载用前一日剖面,2025-04-30,0:00-0:20,39.016117,2
② 光伏用第 d 日 0:00 预报 + 负载用前一日剖面,2025-04-30,0:30-0:50,7.938600,2
② 光伏用第 d 日 0:00 预报 + 负载用前一日剖面,2025-04-30,1:10-1:50,38.975628,4
② 光伏用第 d 日 0:00 预报 + 负载用前一日剖面,2025-04-30,2:10-2:50,99.765128,4
② 光伏用第 d 日 0:00 预报 + 负载用前一日剖面,2025-04-30,3:40-4:00,56.110111,2
② 光伏用第 d 日 0:00 预报 + 负载用前一日剖面,2025-04-30,4:20-4:40,14.216056,2
② 光伏用第 d 日 0:00 预报 + 负载用前一日剖面,2025-04-30,5:00-8:50,3965.444242,23
② 光伏用第 d 日 0:00 预报 + 负载用前一日剖面,2025-04-30,9:00-9:50,454.049742,5
② 光伏用第 d 日 0:00 预报 + 负载用前一日剖面,2025-04-30,10:00-11:50,2178.678628,11
② 光伏用第 d 日 0:00 预报 + 负载用前一日剖面,2025-04-30,12:00-12:50,586.648969,5
② 光伏用第 d 日 0:00 预报 + 负载用前一日剖面,2025-04-30,13:00-13:10,35.550700,1
② 光伏用第 d 日 0:00 预报 + 负载用前一日剖面,2025-04-30,13:50-14:00,26.058083,1
② 光伏用第 d 日 0:00 预报 + 负载用前一日剖面,2025-04-30,14:50-15:00,77.408131,1
② 光伏用第 d 日 0:00 预报 + 负载用前一日剖面,2025-04-30,19:10-20:20,67.017433,7
② 光伏用第 d 日 0:00 预报 + 负载用前一日剖面,2025-04-30,20:40-21:40,317.378161,6
② 光伏用第 d 日 0:00 预报 + 负载用前一日剖面,2025-04-30,22:10-22:20,24.424367,1
② 光伏用第 d 日 0:00 预报 + 负载用前一日剖面,2025-04-30,22:50-23:00,7.039033,1
② 光伏用第 d 日 0:00 预报 + 负载用前一日剖面,2025-04-30,23:20-0:00+1,170.513028,4
② 光伏用第 d 日 0:00 预报 + 负载用前一日剖面,2025-05-01,0:00-1:00,105.987083,6
② 光伏用第 d 日 0:00 预报 + 负载用前一日剖面,2025-05-01,1:40-1:50,1.283153,1
② 光伏用第 d 日 0:00 预报 + 负载用前一日剖面,2025-05-01,2:00-2:30,20.622925,3
② 光伏用第 d 日 0:00 预报 + 负载用前一日剖面,2025-05-01,3:00-4:10,191.654003,7
② 光伏用第 d 日 0:00 预报 + 负载用前一日剖面,2025-05-01,4:20-4:50,79.113175,3
② 光伏用第 d 日 0:00 预报 + 负载用前一日剖面,2025-05-01,5:00-5:30,302.616017,3
② 光伏用第 d 日 0:00 预报 + 负载用前一日剖面,2025-05-01,5:40-6:50,855.654875,7
② 光伏用第 d 日 0:00 预报 + 负载用前一日剖面,2025-05-01,7:00-9:50,3678.342344,17
② 光伏用第 d 日 0:00 预报 + 负载用前一日剖面,2025-05-01,10:00-11:50,669.881711,11
② 光伏用第 d 日 0:00 预报 + 负载用前一日剖面,2025-05-01,12:50-13:00,2.937992,1
② 光伏用第 d 日 0:00 预报 + 负载用前一日剖面,2025-05-01,14:50-15:00,34.497831,1
② 光伏用第 d 日 0:00 预报 + 负载用前一日剖面,2025-05-01,15:50-16:00,18.775761,1
② 光伏用第 d 日 0:00 预报 + 负载用前一日剖面,2025-05-01,16:50-17:00,35.402350,1
② 光伏用第 d 日 0:00 预报 + 负载用前一日剖面,2025-05-01,17:20-17:40,65.880100,2
② 光伏用第 d 日 0:00 预报 + 负载用前一日剖面,2025-05-01,18:00-21:50,1721.341461,23
② 光伏用第 d 日 0:00 预报 + 负载用前一日剖面,2025-05-01,22:00-23:40,642.229989,10
② 光伏用第 d 日 0:00 预报 + 负载用前一日剖面,2025-05-03,0:00-0:10,4.082719,1
② 光伏用第 d 日 0:00 预报 + 负载用前一日剖面,2025-05-03,0:30-0:50,39.159822,2
② 光伏用第 d 日 0:00 预报 + 负载用前一日剖面,2025-05-03,1:10-2:00,163.613267,5
② 光伏用第 d 日 0:00 预报 + 负载用前一日剖面,2025-05-03,3:40-4:00,38.172783,2
② 光伏用第 d 日 0:00 预报 + 负载用前一日剖面,2025-05-03,5:00-5:50,411.898350,5
② 光伏用第 d 日 0:00 预报 + 负载用前一日剖面,2025-05-03,6:00-6:40,327.259978,4
② 光伏用第 d 日 0:00 预报 + 负载用前一日剖面,2025-05-03,6:50-7:40,544.813944,5
② 光伏用第 d 日 0:00 预报 + 负载用前一日剖面,2025-05-03,8:00-8:20,453.199050,2
② 光伏用第 d 日 0:00 预报 + 负载用前一日剖面,2025-05-03,8:40-9:30,519.666450,5
② 光伏用第 d 日 0:00 预报 + 负载用前一日剖面,2025-05-03,10:00-10:10,36.990703,1
② 光伏用第 d 日 0:00 预报 + 负载用前一日剖面,2025-05-03,18:20-18:30,35.364531,1
② 光伏用第 d 日 0:00 预报 + 负载用前一日剖面,2025-05-03,18:50-19:10,85.429144,2
② 光伏用第 d 日 0:00 预报 + 负载用前一日剖面,2025-05-03,19:30-20:10,101.328308,4
② 光伏用第 d 日 0:00 预报 + 负载用前一日剖面,2025-05-03,21:00-21:50,292.265833,5
② 光伏用第 d 日 0:00 预报 + 负载用前一日剖面,2025-05-03,22:20-22:30,15.593308,1
② 光伏用第 d 日 0:00 预报 + 负载用前一日剖面,2025-05-03,23:10-23:30,13.600039,2
② 光伏用第 d 日 0:00 预报 + 负载用前一日剖面,2025-05-03,23:40-0:00+1,183.688939,2
② 光伏用第 d 日 0:00 预报 + 负载用前一日剖面,2025-05-04,0:00-9:30,15785.401303,57
② 光伏用第 d 日 0:00 预报 + 负载用前一日剖面,2025-05-04,10:40-10:50,345.314906,1
② 光伏用第 d 日 0:00 预报 + 负载用前一日剖面,2025-05-04,11:10-11:20,432.189456,1
② 光伏用第 d 日 0:00 预报 + 负载用前一日剖面,2025-05-04,11:40-11:50,353.394622,1
② 光伏用第 d 日 0:00 预报 + 负载用前一日剖面,2025-05-04,12:10-12:40,887.146917,3
② 光伏用第 d 日 0:00 预报 + 负载用前一日剖面,2025-05-04,13:50-14:00,413.345603,1
② 光伏用第 d 日 0:00 预报 + 负载用前一日剖面,2025-05-04,14:30-14:50,418.746167,2
② 光伏用第 d 日 0:00 预报 + 负载用前一日剖面,2025-05-04,15:00-0:00+1,13163.443050,54
② 光伏用第 d 日 0:00 预报 + 负载用前一日剖面,2025-05-05,0:00-0:30,69.497417,3
② 光伏用第 d 日 0:00 预报 + 负载用前一日剖面,2025-05-05,0:50-1:00,4.075267,1
② 光伏用第 d 日 0:00 预报 + 负载用前一日剖面,2025-05-05,2:00-2:30,130.107333,3
② 光伏用第 d 日 0:00 预报 + 负载用前一日剖面,2025-05-05,3:30-4:10,41.898772,4
② 光伏用第 d 日 0:00 预报 + 负载用前一日剖面,2025-05-05,4:40-6:40,744.602317,12
② 光伏用第 d 日 0:00 预报 + 负载用前一日剖面,2025-05-05,7:00-7:30,286.005617,3
② 光伏用第 d 日 0:00 预报 + 负载用前一日剖面,2025-05-05,7:40-8:50,885.261772,7
② 光伏用第 d 日 0:00 预报 + 负载用前一日剖面,2025-05-05,9:00-9:40,249.861900,4
② 光伏用第 d 日 0:00 预报 + 负载用前一日剖面,2025-05-05,10:00-12:00,2224.195400,12
② 光伏用第 d 日 0:00 预报 + 负载用前一日剖面,2025-05-05,12:40-14:00,841.306561,8
② 光伏用第 d 日 0:00 预报 + 负载用前一日剖面,2025-05-05,14:40-15:00,81.224328,2
② 光伏用第 d 日 0:00 预报 + 负载用前一日剖面,2025-05-05,17:30-17:40,54.598622,1
② 光伏用第 d 日 0:00 预报 + 负载用前一日剖面,2025-05-05,18:30-19:00,59.351750,3
② 光伏用第 d 日 0:00 预报 + 负载用前一日剖面,2025-05-05,20:00-20:20,32.638567,2
② 光伏用第 d 日 0:00 预报 + 负载用前一日剖面,2025-05-05,20:50-21:40,120.359164,5
② 光伏用第 d 日 0:00 预报 + 负载用前一日剖面,2025-05-05,22:00-22:20,36.650389,2
② 光伏用第 d 日 0:00 预报 + 负载用前一日剖面,2025-05-05,22:30-22:50,4.681172,2
② 光伏用第 d 日 0:00 预报 + 负载用前一日剖面,2025-05-05,23:10-23:40,85.935883,3
② 光伏用第 d 日 0:00 预报 + 负载用前一日剖面,2025-05-06,0:30-0:50,56.302067,2
② 光伏用第 d 日 0:00 预报 + 负载用前一日剖面,2025-05-06,1:00-2:40,160.733072,10
② 光伏用第 d 日 0:00 预报 + 负载用前一日剖面,2025-05-06,3:00-3:30,50.565892,3
② 光伏用第 d 日 0:00 预报 + 负载用前一日剖面,2025-05-06,3:40-10:50,7010.802553,43
② 光伏用第 d 日 0:00 预报 + 负载用前一日剖面,2025-05-06,11:00-12:00,783.215700,6
② 光伏用第 d 日 0:00 预报 + 负载用前一日剖面,2025-05-06,12:10-12:50,228.904933,4
② 光伏用第 d 日 0:00 预报 + 负载用前一日剖面,2025-05-06,13:50-14:00,61.656314,1
② 光伏用第 d 日 0:00 预报 + 负载用前一日剖面,2025-05-06,16:40-17:00,147.349144,2
② 光伏用第 d 日 0:00 预报 + 负载用前一日剖面,2025-05-06,17:30-17:40,21.587508,1
② 光伏用第 d 日 0:00 预报 + 负载用前一日剖面,2025-05-06,18:30-18:50,46.425461,2
② 光伏用第 d 日 0:00 预报 + 负载用前一日剖面,2025-05-06,19:00-19:30,96.723925,3
② 光伏用第 d 日 0:00 预报 + 负载用前一日剖面,2025-05-06,19:50-20:00,39.594153,1
② 光伏用第 d 日 0:00 预报 + 负载用前一日剖面,2025-05-06,20:30-21:50,260.619106,8
② 光伏用第 d 日 0:00 预报 + 负载用前一日剖面,2025-05-06,22:00-23:00,207.704483,6
② 光伏用第 d 日 0:00 预报 + 负载用前一日剖面,2025-05-06,23:50-0:00+1,6.141511,1
② 光伏用第 d 日 0:00 预报 + 负载用前一日剖面,2025-05-07,0:20-1:00,86.302144,4
② 光伏用第 d 日 0:00 预报 + 负载用前一日剖面,2025-05-07,1:30-2:00,30.031933,3
② 光伏用第 d 日 0:00 预报 + 负载用前一日剖面,2025-05-07,2:20-3:10,47.516703,5
② 光伏用第 d 日 0:00 预报 + 负载用前一日剖面,2025-05-07,5:00-10:50,5662.147858,35
② 光伏用第 d 日 0:00 预报 + 负载用前一日剖面,2025-05-07,11:00-12:00,1192.148400,6
② 光伏用第 d 日 0:00 预报 + 负载用前一日剖面,2025-05-07,12:10-12:30,63.433867,2
② 光伏用第 d 日 0:00 预报 + 负载用前一日剖面,2025-05-07,12:40-12:50,29.105358,1
② 光伏用第 d 日 0:00 预报 + 负载用前一日剖面,2025-05-07,13:00-13:40,212.156806,4
② 光伏用第 d 日 0:00 预报 + 负载用前一日剖面,2025-05-07,13:50-14:00,120.137022,1
② 光伏用第 d 日 0:00 预报 + 负载用前一日剖面,2025-05-07,14:50-15:00,61.665769,1
② 光伏用第 d 日 0:00 预报 + 负载用前一日剖面,2025-05-07,17:30-17:40,38.745183,1
② 光伏用第 d 日 0:00 预报 + 负载用前一日剖面,2025-05-07,19:10-19:40,35.017950,3
② 光伏用第 d 日 0:00 预报 + 负载用前一日剖面,2025-05-07,19:50-21:40,295.752206,11
② 光伏用第 d 日 0:00 预报 + 负载用前一日剖面,2025-05-07,23:00-23:20,40.420283,2
② 光伏用第 d 日 0:00 预报 + 负载用前一日剖面,2025-05-07,23:40-0:00+1,45.835400,2
② 光伏用第 d 日 0:00 预报 + 负载用前一日剖面,2025-05-08,0:10-0:30,39.114311,2
② 光伏用第 d 日 0:00 预报 + 负载用前一日剖面,2025-05-08,2:20-2:50,16.601333,3
② 光伏用第 d 日 0:00 预报 + 负载用前一日剖面,2025-05-08,3:00-3:20,30.972711,2
② 光伏用第 d 日 0:00 预报 + 负载用前一日剖面,2025-05-08,4:50-6:50,1094.591492,12
② 光伏用第 d 日 0:00 预报 + 负载用前一日剖面,2025-05-08,7:00-8:40,1156.657544,10
② 光伏用第 d 日 0:00 预报 + 负载用前一日剖面,2025-05-08,9:00-9:40,414.641050,4
② 光伏用第 d 日 0:00 预报 + 负载用前一日剖面,2025-05-08,12:50-13:00,1.721281,1
② 光伏用第 d 日 0:00 预报 + 负载用前一日剖面,2025-05-08,13:40-13:50,7.739978,1
② 光伏用第 d 日 0:00 预报 + 负载用前一日剖面,2025-05-08,14:30-15:00,57.042875,3
② 光伏用第 d 日 0:00 预报 + 负载用前一日剖面,2025-05-08,15:30-16:00,128.278658,3
② 光伏用第 d 日 0:00 预报 + 负载用前一日剖面,2025-05-08,16:50-17:00,23.893958,1
② 光伏用第 d 日 0:00 预报 + 负载用前一日剖面,2025-05-08,17:30-17:50,11.387667,2
② 光伏用第 d 日 0:00 预报 + 负载用前一日剖面,2025-05-08,18:40-19:20,41.210028,4
② 光伏用第 d 日 0:00 预报 + 负载用前一日剖面,2025-05-08,19:50-20:30,146.187292,4
② 光伏用第 d 日 0:00 预报 + 负载用前一日剖面,2025-05-08,21:00-21:50,199.531936,5
② 光伏用第 d 日 0:00 预报 + 负载用前一日剖面,2025-05-08,22:20-22:50,31.635225,3
② 光伏用第 d 日 0:00 预报 + 负载用前一日剖面,2025-05-08,23:30-23:40,34.720336,1
② 光伏用第 d 日 0:00 预报 + 负载用前一日剖面,2025-05-10,1:10-1:20,1.629661,1
② 光伏用第 d 日 0:00 预报 + 负载用前一日剖面,2025-05-10,1:50-2:00,13.343378,1
② 光伏用第 d 日 0:00 预报 + 负载用前一日剖面,2025-05-10,2:20-2:30,4.783375,1
② 光伏用第 d 日 0:00 预报 + 负载用前一日剖面,2025-05-10,3:00-3:30,47.201333,3
② 光伏用第 d 日 0:00 预报 + 负载用前一日剖面,2025-05-10,3:50-4:20,42.389867,3
② 光伏用第 d 日 0:00 预报 + 负载用前一日剖面,2025-05-10,4:40-7:50,1629.621131,19
② 光伏用第 d 日 0:00 预报 + 负载用前一日剖面,2025-05-10,8:00-8:20,219.913578,2
② 光伏用第 d 日 0:00 预报 + 负载用前一日剖面,2025-05-10,8:40-9:30,612.156869,5
② 光伏用第 d 日 0:00 预报 + 负载用前一日剖面,2025-05-10,10:00-10:10,99.981558,1
② 光伏用第 d 日 0:00 预报 + 负载用前一日剖面,2025-05-10,10:30-10:50,77.451500,2
② 光伏用第 d 日 0:00 预报 + 负载用前一日剖面,2025-05-10,15:30-15:50,131.737383,2
② 光伏用第 d 日 0:00 预报 + 负载用前一日剖面,2025-05-10,16:30-16:50,123.024356,2
② 光伏用第 d 日 0:00 预报 + 负载用前一日剖面,2025-05-10,18:30-19:00,79.387217,3
② 光伏用第 d 日 0:00 预报 + 负载用前一日剖面,2025-05-10,19:20-19:50,66.905067,3
② 光伏用第 d 日 0:00 预报 + 负载用前一日剖面,2025-05-10,20:40-21:40,222.373111,6
② 光伏用第 d 日 0:00 预报 + 负载用前一日剖面,2025-05-10,22:00-23:30,453.253183,9
② 光伏用第 d 日 0:00 预报 + 负载用前一日剖面,2025-05-10,23:40-0:00+1,214.130200,2
② 光伏用第 d 日 0:00 预报 + 负载用前一日剖面,2025-05-11,0:00-9:50,16170.142658,59
② 光伏用第 d 日 0:00 预报 + 负载用前一日剖面,2025-05-11,10:00-10:10,7.643314,1
② 光伏用第 d 日 0:00 预报 + 负载用前一日剖面,2025-05-11,10:40-10:50,393.552706,1
② 光伏用第 d 日 0:00 预报 + 负载用前一日剖面,2025-05-11,11:10-11:20,596.454997,1
② 光伏用第 d 日 0:00 预报 + 负载用前一日剖面,2025-05-11,11:40-11:50,440.805931,1
② 光伏用第 d 日 0:00 预报 + 负载用前一日剖面,2025-05-11,12:10-12:40,1347.655333,3
② 光伏用第 d 日 0:00 预报 + 负载用前一日剖面,2025-05-11,13:50-0:00+1,16222.948911,61
② 光伏用第 d 日 0:00 预报 + 负载用前一日剖面,2025-05-12,0:00-0:10,9.047308,1
② 光伏用第 d 日 0:00 预报 + 负载用前一日剖面,2025-05-12,0:40-1:10,43.542039,3
② 光伏用第 d 日 0:00 预报 + 负载用前一日剖面,2025-05-12,1:30-1:50,65.040161,2
② 光伏用第 d 日 0:00 预报 + 负载用前一日剖面,2025-05-12,2:20-2:30,17.892089,1
② 光伏用第 d 日 0:00 预报 + 负载用前一日剖面,2025-05-12,2:50-3:20,55.760689,3
② 光伏用第 d 日 0:00 预报 + 负载用前一日剖面,2025-05-12,4:00-4:20,7.536833,2
② 光伏用第 d 日 0:00 预报 + 负载用前一日剖面,2025-05-12,4:50-5:30,290.828150,4
② 光伏用第 d 日 0:00 预报 + 负载用前一日剖面,2025-05-12,5:40-6:50,1099.890322,7
② 光伏用第 d 日 0:00 预报 + 负载用前一日剖面,2025-05-12,7:00-9:50,2825.603075,17
② 光伏用第 d 日 0:00 预报 + 负载用前一日剖面,2025-05-12,10:00-13:30,2033.404333,21
② 光伏用第 d 日 0:00 预报 + 负载用前一日剖面,2025-05-12,13:40-14:00,222.417044,2
② 光伏用第 d 日 0:00 预报 + 负载用前一日剖面,2025-05-12,14:30-15:00,230.475600,3
② 光伏用第 d 日 0:00 预报 + 负载用前一日剖面,2025-05-12,15:50-16:00,43.628044,1
② 光伏用第 d 日 0:00 预报 + 负载用前一日剖面,2025-05-12,16:30-17:00,260.470817,3
② 光伏用第 d 日 0:00 预报 + 负载用前一日剖面,2025-05-12,17:30-17:40,44.365808,1
② 光伏用第 d 日 0:00 预报 + 负载用前一日剖面,2025-05-12,19:10-19:30,16.002728,2
② 光伏用第 d 日 0:00 预报 + 负载用前一日剖面,2025-05-12,20:10-20:20,1.444978,1
② 光伏用第 d 日 0:00 预报 + 负载用前一日剖面,2025-05-12,20:40-21:20,113.408006,4
② 光伏用第 d 日 0:00 预报 + 负载用前一日剖面,2025-05-12,21:30-21:40,43.097258,1
② 光伏用第 d 日 0:00 预报 + 负载用前一日剖面,2025-05-12,22:00-22:30,34.639750,3
② 光伏用第 d 日 0:00 预报 + 负载用前一日剖面,2025-05-12,22:50-23:00,21.504239,1
② 光伏用第 d 日 0:00 预报 + 负载用前一日剖面,2025-05-13,0:40-1:00,26.077544,2
② 光伏用第 d 日 0:00 预报 + 负载用前一日剖面,2025-05-13,1:50-2:00,5.903178,1
② 光伏用第 d 日 0:00 预报 + 负载用前一日剖面,2025-05-13,2:30-2:40,3.449417,1
② 光伏用第 d 日 0:00 预报 + 负载用前一日剖面,2025-05-13,4:00-4:30,61.467717,3
② 光伏用第 d 日 0:00 预报 + 负载用前一日剖面,2025-05-13,4:50-6:40,1104.230994,11
② 光伏用第 d 日 0:00 预报 + 负载用前一日剖面,2025-05-13,7:00-7:30,265.029992,3
② 光伏用第 d 日 0:00 预报 + 负载用前一日剖面,2025-05-13,7:50-8:30,229.487297,4
② 光伏用第 d 日 0:00 预报 + 负载用前一日剖面,2025-05-13,11:40-12:10,141.311483,3
② 光伏用第 d 日 0:00 预报 + 负载用前一日剖面,2025-05-13,12:40-13:00,126.559672,2
② 光伏用第 d 日 0:00 预报 + 负载用前一日剖面,2025-05-13,14:20-15:00,180.197439,4
② 光伏用第 d 日 0:00 预报 + 负载用前一日剖面,2025-05-13,15:40-16:00,125.572411,2
② 光伏用第 d 日 0:00 预报 + 负载用前一日剖面,2025-05-13,16:40-17:00,36.008122,2
② 光伏用第 d 日 0:00 预报 + 负载用前一日剖面,2025-05-13,17:30-17:40,41.444022,1
② 光伏用第 d 日 0:00 预报 + 负载用前一日剖面,2025-05-13,18:50-19:20,88.366328,3
② 光伏用第 d 日 0:00 预报 + 负载用前一日剖面,2025-05-13,19:30-20:00,69.070108,3
② 光伏用第 d 日 0:00 预报 + 负载用前一日剖面,2025-05-13,20:20-20:30,21.712656,1
② 光伏用第 d 日 0:00 预报 + 负载用前一日剖面,2025-05-13,20:50-21:40,272.406394,5
② 光伏用第 d 日 0:00 预报 + 负载用前一日剖面,2025-05-13,22:20-23:40,102.831456,8
② 光伏用第 d 日 0:00 预报 + 负载用前一日剖面,2025-05-14,1:30-2:40,63.256369,7
② 光伏用第 d 日 0:00 预报 + 负载用前一日剖面,2025-05-14,3:00-4:00,227.354467,6
② 光伏用第 d 日 0:00 预报 + 负载用前一日剖面,2025-05-14,4:40-5:30,218.699603,5
② 光伏用第 d 日 0:00 预报 + 负载用前一日剖面,2025-05-14,5:40-6:50,877.728511,7
② 光伏用第 d 日 0:00 预报 + 负载用前一日剖面,2025-05-14,7:00-11:50,4378.829881,29
② 光伏用第 d 日 0:00 预报 + 负载用前一日剖面,2025-05-14,18:30-19:00,65.827008,3
② 光伏用第 d 日 0:00 预报 + 负载用前一日剖面,2025-05-14,19:50-20:10,21.270978,2
② 光伏用第 d 日 0:00 预报 + 负载用前一日剖面,2025-05-14,20:20-20:50,37.937492,3
② 光伏用第 d 日 0:00 预报 + 负载用前一日剖面,2025-05-14,21:00-21:40,231.710289,4
② 光伏用第 d 日 0:00 预报 + 负载用前一日剖面,2025-05-14,22:00-22:20,26.327150,2
② 光伏用第 d 日 0:00 预报 + 负载用前一日剖面,2025-05-14,22:30-23:20,146.930192,5
② 光伏用第 d 日 0:00 预报 + 负载用前一日剖面,2025-05-14,23:30-0:00+1,88.529375,3
② 光伏用第 d 日 0:00 预报 + 负载用前一日剖面,2025-05-15,0:00-1:00,34.154333,6
② 光伏用第 d 日 0:00 预报 + 负载用前一日剖面,2025-05-15,1:40-2:10,79.632561,3
② 光伏用第 d 日 0:00 预报 + 负载用前一日剖面,2025-05-15,2:30-3:00,69.958100,3
② 光伏用第 d 日 0:00 预报 + 负载用前一日剖面,2025-05-15,4:20-4:50,15.903342,3
② 光伏用第 d 日 0:00 预报 + 负载用前一日剖面,2025-05-15,5:00-5:30,314.725575,3
② 光伏用第 d 日 0:00 预报 + 负载用前一日剖面,2025-05-15,5:40-8:50,2805.455192,19
② 光伏用第 d 日 0:00 预报 + 负载用前一日剖面,2025-05-15,9:00-12:00,3092.857833,18
② 光伏用第 d 日 0:00 预报 + 负载用前一日剖面,2025-05-15,12:20-13:00,320.890117,4
② 光伏用第 d 日 0:00 预报 + 负载用前一日剖面,2025-05-15,18:40-19:10,55.973783,3
② 光伏用第 d 日 0:00 预报 + 负载用前一日剖面,2025-05-15,20:10-20:20,0.811822,1
② 光伏用第 d 日 0:00 预报 + 负载用前一日剖面,2025-05-15,20:50-21:40,268.731578,5
② 光伏用第 d 日 0:00 预报 + 负载用前一日剖面,2025-05-15,22:00-22:40,57.429083,4
② 光伏用第 d 日 0:00 预报 + 负载用前一日剖面,2025-05-15,23:20-23:30,5.570833,1
② 光伏用第 d 日 0:00 预报 + 负载用前一日剖面,2025-05-16,5:00-5:20,21.995678,2
② 光伏用第 d 日 0:00 预报 + 负载用前一日剖面,2025-05-16,7:00-7:10,57.041669,1
② 光伏用第 d 日 0:00 预报 + 负载用前一日剖面,2025-05-17,1:10-1:50,55.525350,4
② 光伏用第 d 日 0:00 预报 + 负载用前一日剖面,2025-05-17,2:00-3:00,39.688600,6
② 光伏用第 d 日 0:00 预报 + 负载用前一日剖面,2025-05-17,3:10-4:30,171.478894,8
② 光伏用第 d 日 0:00 预报 + 负载用前一日剖面,2025-05-17,4:40-7:10,1676.597433,15
② 光伏用第 d 日 0:00 预报 + 负载用前一日剖面,2025-05-17,7:20-7:40,194.513456,2
② 光伏用第 d 日 0:00 预报 + 负载用前一日剖面,2025-05-17,8:00-8:20,214.594278,2
② 光伏用第 d 日 0:00 预报 + 负载用前一日剖面,2025-05-17,8:40-9:30,278.389969,5
② 光伏用第 d 日 0:00 预报 + 负载用前一日剖面,2025-05-17,10:00-10:10,185.146389,1
② 光伏用第 d 日 0:00 预报 + 负载用前一日剖面,2025-05-17,10:40-10:50,48.650889,1
② 光伏用第 d 日 0:00 预报 + 负载用前一日剖面,2025-05-17,16:40-16:50,20.294219,1
② 光伏用第 d 日 0:00 预报 + 负载用前一日剖面,2025-05-17,18:30-18:50,56.635300,2
② 光伏用第 d 日 0:00 预报 + 负载用前一日剖面,2025-05-17,19:10-20:00,280.934111,5
② 光伏用第 d 日 0:00 预报 + 负载用前一日剖面,2025-05-17,20:10-21:00,110.704694,5
② 光伏用第 d 日 0:00 预报 + 负载用前一日剖面,2025-05-17,22:00-22:10,13.241025,1
② 光伏用第 d 日 0:00 预报 + 负载用前一日剖面,2025-05-17,22:30-23:00,140.986442,3
② 光伏用第 d 日 0:00 预报 + 负载用前一日剖面,2025-05-17,23:40-0:00+1,178.219389,2
② 光伏用第 d 日 0:00 预报 + 负载用前一日剖面,2025-05-18,0:00-9:30,16189.405861,57
② 光伏用第 d 日 0:00 预报 + 负载用前一日剖面,2025-05-18,10:00-10:10,412.369108,1
② 光伏用第 d 日 0:00 预报 + 负载用前一日剖面,2025-05-18,10:30-10:50,730.788039,2
② 光伏用第 d 日 0:00 预报 + 负载用前一日剖面,2025-05-18,11:10-11:20,278.645061,1
② 光伏用第 d 日 0:00 预报 + 负载用前一日剖面,2025-05-18,11:40-11:50,306.674528,1
② 光伏用第 d 日 0:00 预报 + 负载用前一日剖面,2025-05-18,12:10-12:40,1067.641300,3
② 光伏用第 d 日 0:00 预报 + 负载用前一日剖面,2025-05-18,13:50-14:10,571.266586,2
② 光伏用第 d 日 0:00 预报 + 负载用前一日剖面,2025-05-18,14:30-0:00+1,13021.635500,57
② 光伏用第 d 日 0:00 预报 + 负载用前一日剖面,2025-05-19,0:00-0:10,1.013656,1
② 光伏用第 d 日 0:00 预报 + 负载用前一日剖面,2025-05-19,0:20-0:30,1.693006,1
② 光伏用第 d 日 0:00 预报 + 负载用前一日剖面,2025-05-19,1:40-2:00,30.924033,2
② 光伏用第 d 日 0:00 预报 + 负载用前一日剖面,2025-05-19,5:00-7:30,1700.710650,15
② 光伏用第 d 日 0:00 预报 + 负载用前一日剖面,2025-05-19,7:40-8:40,804.201517,6
② 光伏用第 d 日 0:00 预报 + 负载用前一日剖面,2025-05-19,10:30-10:40,64.887606,1
② 光伏用第 d 日 0:00 预报 + 负载用前一日剖面,2025-05-19,11:10-11:20,37.425147,1
② 光伏用第 d 日 0:00 预报 + 负载用前一日剖面,2025-05-19,12:50-13:00,19.797667,1
② 光伏用第 d 日 0:00 预报 + 负载用前一日剖面,2025-05-19,13:50-14:00,41.246914,1
② 光伏用第 d 日 0:00 预报 + 负载用前一日剖面,2025-05-19,14:50-15:00,5.520628,1
② 光伏用第 d 日 0:00 预报 + 负载用前一日剖面,2025-05-19,15:50-16:00,86.013325,1
② 光伏用第 d 日 0:00 预报 + 负载用前一日剖面,2025-05-19,16:50-17:00,12.631644,1
② 光伏用第 d 日 0:00 预报 + 负载用前一日剖面,2025-05-19,17:30-17:40,9.937347,1
② 光伏用第 d 日 0:00 预报 + 负载用前一日剖面,2025-05-19,18:40-19:20,73.240300,4
② 光伏用第 d 日 0:00 预报 + 负载用前一日剖面,2025-05-19,19:30-19:50,24.593156,2
② 光伏用第 d 日 0:00 预报 + 负载用前一日剖面,2025-05-19,20:10-20:40,222.787658,3
② 光伏用第 d 日 0:00 预报 + 负载用前一日剖面,2025-05-19,21:00-21:40,174.958622,4
② 光伏用第 d 日 0:00 预报 + 负载用前一日剖面,2025-05-19,22:00-22:20,22.865489,2
② 光伏用第 d 日 0:00 预报 + 负载用前一日剖面,2025-05-19,23:10-23:30,32.427083,2
② 光伏用第 d 日 0:00 预报 + 负载用前一日剖面,2025-05-19,23:50-0:00+1,7.132658,1
② 光伏用第 d 日 0:00 预报 + 负载用前一日剖面,2025-05-20,0:00-0:10,0.993108,1
② 光伏用第 d 日 0:00 预报 + 负载用前一日剖面,2025-05-20,0:20-0:30,11.190142,1
② 光伏用第 d 日 0:00 预报 + 负载用前一日剖面,2025-05-20,0:50-1:20,12.356003,3
② 光伏用第 d 日 0:00 预报 + 负载用前一日剖面,2025-05-20,1:50-2:00,3.448339,1
② 光伏用第 d 日 0:00 预报 + 负载用前一日剖面,2025-05-20,2:10-3:00,36.259344,5
② 光伏用第 d 日 0:00 预报 + 负载用前一日剖面,2025-05-20,3:30-3:40,1.137994,1
② 光伏用第 d 日 0:00 预报 + 负载用前一日剖面,2025-05-20,4:00-4:20,21.547544,2
② 光伏用第 d 日 0:00 预报 + 负载用前一日剖面,2025-05-20,4:50-6:50,1260.888281,12
② 光伏用第 d 日 0:00 预报 + 负载用前一日剖面,2025-05-20,7:00-8:50,1681.590219,11
② 光伏用第 d 日 0:00 预报 + 负载用前一日剖面,2025-05-20,9:00-9:30,166.005183,3
② 光伏用第 d 日 0:00 预报 + 负载用前一日剖面,2025-05-20,10:00-14:20,2925.045039,26
② 光伏用第 d 日 0:00 预报 + 负载用前一日剖面,2025-05-20,14:30-15:00,266.690767,3
② 光伏用第 d 日 0:00 预报 + 负载用前一日剖面,2025-05-20,15:30-16:00,224.883067,3
② 光伏用第 d 日 0:00 预报 + 负载用前一日剖面,2025-05-20,18:40-20:20,288.369456,10
② 光伏用第 d 日 0:00 预报 + 负载用前一日剖面,2025-05-20,21:20-21:40,138.799322,2
② 光伏用第 d 日 0:00 预报 + 负载用前一日剖面,2025-05-20,22:00-22:20,64.942628,2
② 光伏用第 d 日 0:00 预报 + 负载用前一日剖面,2025-05-20,22:30-23:00,104.199125,3
② 光伏用第 d 日 0:00 预报 + 负载用前一日剖面,2025-05-20,23:20-23:50,27.646808,3
② 光伏用第 d 日 0:00 预报 + 负载用前一日剖面,2025-05-21,0:30-0:50,26.575939,2
② 光伏用第 d 日 0:00 预报 + 负载用前一日剖面,2025-05-21,1:40-2:00,30.701489,2
② 光伏用第 d 日 0:00 预报 + 负载用前一日剖面,2025-05-21,2:30-3:10,108.482278,4
② 光伏用第 d 日 0:00 预报 + 负载用前一日剖面,2025-05-21,3:40-4:10,31.702814,3
② 光伏用第 d 日 0:00 预报 + 负载用前一日剖面,2025-05-21,4:30-6:50,1678.742883,14
② 光伏用第 d 日 0:00 预报 + 负载用前一日剖面,2025-05-21,7:00-9:50,2658.265156,17
② 光伏用第 d 日 0:00 预报 + 负载用前一日剖面,2025-05-21,10:00-13:00,2549.831483,18
② 光伏用第 d 日 0:00 预报 + 负载用前一日剖面,2025-05-21,14:30-15:00,265.766225,3
② 光伏用第 d 日 0:00 预报 + 负载用前一日剖面,2025-05-21,15:20-16:00,312.940678,4
② 光伏用第 d 日 0:00 预报 + 负载用前一日剖面,2025-05-21,16:40-17:00,57.888628,2
② 光伏用第 d 日 0:00 预报 + 负载用前一日剖面,2025-05-21,19:20-19:50,24.935925,3
② 光伏用第 d 日 0:00 预报 + 负载用前一日剖面,2025-05-21,20:40-21:50,317.713211,7
② 光伏用第 d 日 0:00 预报 + 负载用前一日剖面,2025-05-21,22:20-22:30,10.769178,1
② 光伏用第 d 日 0:00 预报 + 负载用前一日剖面,2025-05-21,22:50-23:10,18.987689,2
② 光伏用第 d 日 0:00 预报 + 负载用前一日剖面,2025-05-21,23:20-0:00+1,144.080594,4
② 光伏用第 d 日 0:00 预报 + 负载用前一日剖面,2025-05-22,0:00-0:10,0.074725,1
② 光伏用第 d 日 0:00 预报 + 负载用前一日剖面,2025-05-22,1:00-1:20,37.533683,2
② 光伏用第 d 日 0:00 预报 + 负载用前一日剖面,2025-05-22,1:30-2:10,32.311242,4
② 光伏用第 d 日 0:00 预报 + 负载用前一日剖面,2025-05-22,3:00-3:20,38.225406,2
② 光伏用第 d 日 0:00 预报 + 负载用前一日剖面,2025-05-22,3:40-4:10,41.470364,3
② 光伏用第 d 日 0:00 预报 + 负载用前一日剖面,2025-05-22,4:30-4:50,14.518700,2
② 光伏用第 d 日 0:00 预报 + 负载用前一日剖面,2025-05-22,5:00-6:50,964.436114,11
② 光伏用第 d 日 0:00 预报 + 负载用前一日剖面,2025-05-22,7:00-8:40,881.989472,10
② 光伏用第 d 日 0:00 预报 + 负载用前一日剖面,2025-05-22,9:00-9:30,119.647325,3
② 光伏用第 d 日 0:00 预报 + 负载用前一日剖面,2025-05-22,10:00-12:50,3237.391197,17
② 光伏用第 d 日 0:00 预报 + 负载用前一日剖面,2025-05-22,13:40-14:00,122.736833,2
② 光伏用第 d 日 0:00 预报 + 负载用前一日剖面,2025-05-22,14:30-15:00,195.854000,3
② 光伏用第 d 日 0:00 预报 + 负载用前一日剖面,2025-05-22,15:50-16:00,24.509014,1
② 光伏用第 d 日 0:00 预报 + 负载用前一日剖面,2025-05-22,20:20-20:30,37.338558,1
② 光伏用第 d 日 0:00 预报 + 负载用前一日剖面,2025-05-22,21:00-21:10,33.325494,1
② 光伏用第 d 日 0:00 预报 + 负载用前一日剖面,2025-05-22,22:10-22:50,93.525222,4
② 光伏用第 d 日 0:00 预报 + 负载用前一日剖面,2025-05-24,0:00-0:10,0.476992,1
② 光伏用第 d 日 0:00 预报 + 负载用前一日剖面,2025-05-24,0:20-0:40,5.575550,2
② 光伏用第 d 日 0:00 预报 + 负载用前一日剖面,2025-05-24,1:00-1:20,28.944139,2
② 光伏用第 d 日 0:00 预报 + 负载用前一日剖面,2025-05-24,1:30-2:50,106.324422,8
② 光伏用第 d 日 0:00 预报 + 负载用前一日剖面,2025-05-24,3:50-4:10,45.401983,2
② 光伏用第 d 日 0:00 预报 + 负载用前一日剖面,2025-05-24,4:30-4:50,36.820733,2
② 光伏用第 d 日 0:00 预报 + 负载用前一日剖面,2025-05-24,5:00-6:50,1302.765567,11
② 光伏用第 d 日 0:00 预报 + 负载用前一日剖面,2025-05-24,7:10-7:30,412.789356,2
② 光伏用第 d 日 0:00 预报 + 负载用前一日剖面,2025-05-24,8:00-8:10,229.972561,1
② 光伏用第 d 日 0:00 预报 + 负载用前一日剖面,2025-05-24,8:40-9:20,658.523044,4
② 光伏用第 d 日 0:00 预报 + 负载用前一日剖面,2025-05-24,9:40-9:50,11.685353,1
② 光伏用第 d 日 0:00 预报 + 负载用前一日剖面,2025-05-24,10:00-10:10,158.170133,1
② 光伏用第 d 日 0:00 预报 + 负载用前一日剖面,2025-05-24,10:20-10:30,62.119167,1
② 光伏用第 d 日 0:00 预报 + 负载用前一日剖面,2025-05-24,12:40-13:00,156.763117,2
② 光伏用第 d 日 0:00 预报 + 负载用前一日剖面,2025-05-24,13:20-13:30,45.501986,1
② 光伏用第 d 日 0:00 预报 + 负载用前一日剖面,2025-05-24,14:50-15:00,73.407314,1
② 光伏用第 d 日 0:00 预报 + 负载用前一日剖面,2025-05-24,19:00-19:50,81.837553,5
② 光伏用第 d 日 0:00 预报 + 负载用前一日剖面,2025-05-24,20:20-21:50,326.995167,9
② 光伏用第 d 日 0:00 预报 + 负载用前一日剖面,2025-05-24,22:30-22:50,19.125811,2
② 光伏用第 d 日 0:00 预报 + 负载用前一日剖面,2025-05-24,23:00-0:00+1,339.702783,6
② 光伏用第 d 日 0:00 预报 + 负载用前一日剖面,2025-05-25,0:00-9:00,13536.058347,54
② 光伏用第 d 日 0:00 预报 + 负载用前一日剖面,2025-05-25,9:10-9:30,1080.653494,2
② 光伏用第 d 日 0:00 预报 + 负载用前一日剖面,2025-05-25,10:40-10:50,305.211356,1
② 光伏用第 d 日 0:00 预报 + 负载用前一日剖面,2025-05-25,11:10-11:20,411.160897,1
② 光伏用第 d 日 0:00 预报 + 负载用前一日剖面,2025-05-25,11:40-11:50,270.843731,1
② 光伏用第 d 日 0:00 预报 + 负载用前一日剖面,2025-05-25,12:10-12:40,1035.535300,3
② 光伏用第 d 日 0:00 预报 + 负载用前一日剖面,2025-05-25,13:50-14:00,452.688639,1
② 光伏用第 d 日 0:00 预报 + 负载用前一日剖面,2025-05-25,14:30-14:50,837.448678,2
② 光伏用第 d 日 0:00 预报 + 负载用前一日剖面,2025-05-25,15:10-0:00+1,13766.431158,53
② 光伏用第 d 日 0:00 预报 + 负载用前一日剖面,2025-05-26,0:20-0:30,11.593322,1
② 光伏用第 d 日 0:00 预报 + 负载用前一日剖面,2025-05-26,1:20-2:10,80.073928,5
② 光伏用第 d 日 0:00 预报 + 负载用前一日剖面,2025-05-26,2:40-3:00,22.426139,2
② 光伏用第 d 日 0:00 预报 + 负载用前一日剖面,2025-05-26,4:20-14:00,8982.842122,58
② 光伏用第 d 日 0:00 预报 + 负载用前一日剖面,2025-05-26,14:40-15:00,126.182861,2
② 光伏用第 d 日 0:00 预报 + 负载用前一日剖面,2025-05-26,15:50-16:00,47.700061,1
② 光伏用第 d 日 0:00 预报 + 负载用前一日剖面,2025-05-26,16:50-17:00,0.124853,1
② 光伏用第 d 日 0:00 预报 + 负载用前一日剖面,2025-05-26,18:40-19:10,100.217408,3
② 光伏用第 d 日 0:00 预报 + 负载用前一日剖面,2025-05-26,21:00-21:40,193.310994,4
② 光伏用第 d 日 0:00 预报 + 负载用前一日剖面,2025-05-26,22:10-22:20,2.831556,1
② 光伏用第 d 日 0:00 预报 + 负载用前一日剖面,2025-05-26,22:30-23:10,68.930294,4
② 光伏用第 d 日 0:00 预报 + 负载用前一日剖面,2025-05-26,23:20-23:40,29.821022,2
② 光伏用第 d 日 0:00 预报 + 负载用前一日剖面,2025-05-26,23:50-0:00+1,11.398078,1
② 光伏用第 d 日 0:00 预报 + 负载用前一日剖面,2025-05-27,0:00-0:40,80.520911,4
② 光伏用第 d 日 0:00 预报 + 负载用前一日剖面,2025-05-27,1:30-1:40,9.438214,1
② 光伏用第 d 日 0:00 预报 + 负载用前一日剖面,2025-05-27,2:10-4:00,331.073667,11
② 光伏用第 d 日 0:00 预报 + 负载用前一日剖面,2025-05-27,4:20-4:50,45.034992,3
② 光伏用第 d 日 0:00 预报 + 负载用前一日剖面,2025-05-27,5:00-9:50,4972.129214,29
② 光伏用第 d 日 0:00 预报 + 负载用前一日剖面,2025-05-27,10:00-11:30,1885.082650,9
② 光伏用第 d 日 0:00 预报 + 负载用前一日剖面,2025-05-27,11:40-12:00,175.982561,2
② 光伏用第 d 日 0:00 预报 + 负载用前一日剖面,2025-05-27,12:40-12:50,33.804169,1
② 光伏用第 d 日 0:00 预报 + 负载用前一日剖面,2025-05-27,13:50-14:00,10.547303,1
② 光伏用第 d 日 0:00 预报 + 负载用前一日剖面,2025-05-27,14:40-15:00,158.736150,2
② 光伏用第 d 日 0:00 预报 + 负载用前一日剖面,2025-05-27,15:50-16:00,17.526019,1
② 光伏用第 d 日 0:00 预报 + 负载用前一日剖面,2025-05-27,19:00-20:50,354.494511,11
② 光伏用第 d 日 0:00 预报 + 负载用前一日剖面,2025-05-27,21:00-21:40,132.668567,4
② 光伏用第 d 日 0:00 预报 + 负载用前一日剖面,2025-05-27,22:10-22:30,78.366206,2
② 光伏用第 d 日 0:00 预报 + 负载用前一日剖面,2025-05-27,22:50-23:10,34.168308,2
② 光伏用第 d 日 0:00 预报 + 负载用前一日剖面,2025-05-27,23:20-0:00+1,137.438389,4
② 光伏用第 d 日 0:00 预报 + 负载用前一日剖面,2025-05-28,0:10-1:30,210.069931,8
② 光伏用第 d 日 0:00 预报 + 负载用前一日剖面,2025-05-28,1:50-2:00,13.194364,1
② 光伏用第 d 日 0:00 预报 + 负载用前一日剖面,2025-05-28,2:50-3:10,27.518169,2
② 光伏用第 d 日 0:00 预报 + 负载用前一日剖面,2025-05-28,3:30-3:50,30.715033,2
② 光伏用第 d 日 0:00 预报 + 负载用前一日剖面,2025-05-28,4:30-4:50,8.563111,2
② 光伏用第 d 日 0:00 预报 + 负载用前一日剖面,2025-05-28,5:00-6:50,911.109886,11
② 光伏用第 d 日 0:00 预报 + 负载用前一日剖面,2025-05-28,7:00-7:30,226.604283,3
② 光伏用第 d 日 0:00 预报 + 负载用前一日剖面,2025-05-28,7:50-8:40,658.501639,5
② 光伏用第 d 日 0:00 预报 + 负载用前一日剖面,2025-05-28,9:00-9:10,31.687086,1
② 光伏用第 d 日 0:00 预报 + 负载用前一日剖面,2025-05-28,10:00-10:30,213.439033,3
② 光伏用第 d 日 0:00 预报 + 负载用前一日剖面,2025-05-28,10:50-11:20,104.764006,3
② 光伏用第 d 日 0:00 预报 + 负载用前一日剖面,2025-05-28,11:30-11:50,20.151822,2
② 光伏用第 d 日 0:00 预报 + 负载用前一日剖面,2025-05-28,12:00-13:00,922.205367,6
② 光伏用第 d 日 0:00 预报 + 负载用前一日剖面,2025-05-28,13:50-14:00,19.800658,1
② 光伏用第 d 日 0:00 预报 + 负载用前一日剖面,2025-05-28,14:50-15:00,8.972369,1
② 光伏用第 d 日 0:00 预报 + 负载用前一日剖面,2025-05-28,15:40-16:00,58.850750,2
② 光伏用第 d 日 0:00 预报 + 负载用前一日剖面,2025-05-28,16:40-17:00,175.258211,2
② 光伏用第 d 日 0:00 预报 + 负载用前一日剖面,2025-05-28,17:30-17:40,21.095764,1
② 光伏用第 d 日 0:00 预报 + 负载用前一日剖面,2025-05-28,18:50-19:00,21.065297,1
② 光伏用第 d 日 0:00 预报 + 负载用前一日剖面,2025-05-28,19:30-19:50,44.550439,2
② 光伏用第 d 日 0:00 预报 + 负载用前一日剖面,2025-05-28,20:00-20:20,22.008517,2
② 光伏用第 d 日 0:00 预报 + 负载用前一日剖面,2025-05-28,21:00-21:50,182.253253,5
② 光伏用第 d 日 0:00 预报 + 负载用前一日剖面,2025-05-28,22:30-22:40,1.548914,1
② 光伏用第 d 日 0:00 预报 + 负载用前一日剖面,2025-05-28,23:00-23:30,30.780067,3
② 光伏用第 d 日 0:00 预报 + 负载用前一日剖面,2025-05-28,23:40-0:00+1,27.018500,2
② 光伏用第 d 日 0:00 预报 + 负载用前一日剖面,2025-05-29,0:00-0:30,25.202033,3
② 光伏用第 d 日 0:00 预报 + 负载用前一日剖面,2025-05-29,1:00-1:30,22.372083,3
② 光伏用第 d 日 0:00 预报 + 负载用前一日剖面,2025-05-29,2:30-3:00,84.235367,3
② 光伏用第 d 日 0:00 预报 + 负载用前一日剖面,2025-05-29,4:10-7:30,1937.492625,20
② 光伏用第 d 日 0:00 预报 + 负载用前一日剖面,2025-05-29,7:40-8:40,966.605800,6
② 光伏用第 d 日 0:00 预报 + 负载用前一日剖面,2025-05-29,9:00-9:30,200.865575,3
② 光伏用第 d 日 0:00 预报 + 负载用前一日剖面,2025-05-29,11:00-11:50,877.141714,5
② 光伏用第 d 日 0:00 预报 + 负载用前一日剖面,2025-05-29,12:00-13:00,456.635417,6
② 光伏用第 d 日 0:00 预报 + 负载用前一日剖面,2025-05-29,13:20-15:00,690.459694,10
② 光伏用第 d 日 0:00 预报 + 负载用前一日剖面,2025-05-29,15:40-16:00,190.813622,2
② 光伏用第 d 日 0:00 预报 + 负载用前一日剖面,2025-05-29,16:50-17:00,22.826494,1
② 光伏用第 d 日 0:00 预报 + 负载用前一日剖面,2025-05-29,17:30-17:40,31.216481,1
② 光伏用第 d 日 0:00 预报 + 负载用前一日剖面,2025-05-29,18:30-18:40,21.458644,1
② 光伏用第 d 日 0:00 预报 + 负载用前一日剖面,2025-05-29,19:00-19:30,105.419158,3
② 光伏用第 d 日 0:00 预报 + 负载用前一日剖面,2025-05-29,19:40-20:30,88.432322,5
② 光伏用第 d 日 0:00 预报 + 负载用前一日剖面,2025-05-29,20:50-21:40,192.473028,5
② 光伏用第 d 日 0:00 预报 + 负载用前一日剖面,2025-05-29,22:10-22:20,33.117417,1
② 光伏用第 d 日 0:00 预报 + 负载用前一日剖面,2025-05-29,22:50-23:00,3.714600,1
② 光伏用第 d 日 0:00 预报 + 负载用前一日剖面,2025-05-29,23:30-23:40,16.485914,1
② 光伏用第 d 日 0:00 预报 + 负载用前一日剖面,2025-05-31,0:00-0:10,19.874203,1
② 光伏用第 d 日 0:00 预报 + 负载用前一日剖面,2025-05-31,0:30-1:00,104.629608,3
② 光伏用第 d 日 0:00 预报 + 负载用前一日剖面,2025-05-31,1:10-2:00,105.038167,5
② 光伏用第 d 日 0:00 预报 + 负载用前一日剖面,2025-05-31,2:30-3:00,77.778308,3
② 光伏用第 d 日 0:00 预报 + 负载用前一日剖面,2025-05-31,3:10-3:30,3.179544,2
② 光伏用第 d 日 0:00 预报 + 负载用前一日剖面,2025-05-31,3:50-5:50,701.076975,12
② 光伏用第 d 日 0:00 预报 + 负载用前一日剖面,2025-05-31,6:00-6:30,234.898233,3
② 光伏用第 d 日 0:00 预报 + 负载用前一日剖面,2025-05-31,7:00-7:20,59.415717,2
② 光伏用第 d 日 0:00 预报 + 负载用前一日剖面,2025-05-31,8:10-8:20,80.226833,1
② 光伏用第 d 日 0:00 预报 + 负载用前一日剖面,2025-05-31,9:00-9:10,90.413622,1
② 光伏用第 d 日 0:00 预报 + 负载用前一日剖面,2025-05-31,9:30-9:40,29.771706,1
② 光伏用第 d 日 0:00 预报 + 负载用前一日剖面,2025-05-31,10:00-10:20,561.817400,2
② 光伏用第 d 日 0:00 预报 + 负载用前一日剖面,2025-05-31,10:30-10:50,332.420150,2
② 光伏用第 d 日 0:00 预报 + 负载用前一日剖面,2025-05-31,11:20-11:30,64.268064,1
② 光伏用第 d 日 0:00 预报 + 负载用前一日剖面,2025-05-31,11:40-12:00,118.015178,2
② 光伏用第 d 日 0:00 预报 + 负载用前一日剖面,2025-05-31,17:50-18:00,12.291628,1
② 光伏用第 d 日 0:00 预报 + 负载用前一日剖面,2025-05-31,18:50-19:10,60.211072,2
② 光伏用第 d 日 0:00 预报 + 负载用前一日剖面,2025-05-31,19:20-20:10,81.869767,5
② 光伏用第 d 日 0:00 预报 + 负载用前一日剖面,2025-05-31,20:30-21:40,174.132006,7
② 光伏用第 d 日 0:00 预报 + 负载用前一日剖面,2025-05-31,23:00-23:30,102.729083,3
② 光伏用第 d 日 0:00 预报 + 负载用前一日剖面,2025-05-31,23:40-0:00+1,397.832828,2
② 光伏用第 d 日 0:00 预报 + 负载用前一日剖面,2025-06-01,0:00-0:00+1,45759.995217,144
② 光伏用第 d 日 0:00 预报 + 负载用前一日剖面,2025-06-02,0:00-0:10,6.642619,1
② 光伏用第 d 日 0:00 预报 + 负载用前一日剖面,2025-06-02,1:00-1:20,8.540733,2
② 光伏用第 d 日 0:00 预报 + 负载用前一日剖面,2025-06-02,1:30-1:50,19.255067,2
② 光伏用第 d 日 0:00 预报 + 负载用前一日剖面,2025-06-02,2:00-2:20,16.023272,2
② 光伏用第 d 日 0:00 预报 + 负载用前一日剖面,2025-06-02,3:00-3:30,38.540708,3
② 光伏用第 d 日 0:00 预报 + 负载用前一日剖面,2025-06-02,4:10-4:50,104.070522,4
② 光伏用第 d 日 0:00 预报 + 负载用前一日剖面,2025-06-02,5:00-5:30,273.452375,3
② 光伏用第 d 日 0:00 预报 + 负载用前一日剖面,2025-06-02,5:40-7:20,881.369783,10
② 光伏用第 d 日 0:00 预报 + 负载用前一日剖面,2025-06-02,7:40-8:40,628.603983,6
② 光伏用第 d 日 0:00 预报 + 负载用前一日剖面,2025-06-02,9:00-9:20,294.884900,2
② 光伏用第 d 日 0:00 预报 + 负载用前一日剖面,2025-06-02,16:50-17:00,8.946628,1
② 光伏用第 d 日 0:00 预报 + 负载用前一日剖面,2025-06-02,17:30-17:40,32.920408,1
② 光伏用第 d 日 0:00 预报 + 负载用前一日剖面,2025-06-02,19:10-19:30,38.974417,2
② 光伏用第 d 日 0:00 预报 + 负载用前一日剖面,2025-06-02,19:50-20:10,18.741844,2
② 光伏用第 d 日 0:00 预报 + 负载用前一日剖面,2025-06-02,21:00-21:40,159.078472,4
② 光伏用第 d 日 0:00 预报 + 负载用前一日剖面,2025-06-02,22:00-22:20,92.179122,2
② 光伏用第 d 日 0:00 预报 + 负载用前一日剖面,2025-06-02,22:30-22:50,38.897856,2
② 光伏用第 d 日 0:00 预报 + 负载用前一日剖面,2025-06-02,23:00-23:20,39.431267,2
② 光伏用第 d 日 0:00 预报 + 负载用前一日剖面,2025-06-03,0:00-0:30,41.604933,3
② 光伏用第 d 日 0:00 预报 + 负载用前一日剖面,2025-06-03,1:10-1:40,49.065933,3
② 光伏用第 d 日 0:00 预报 + 负载用前一日剖面,2025-06-03,2:20-2:30,12.833800,1
② 光伏用第 d 日 0:00 预报 + 负载用前一日剖面,2025-06-03,2:40-3:40,81.325161,6
② 光伏用第 d 日 0:00 预报 + 负载用前一日剖面,2025-06-03,4:00-4:10,6.619392,1
② 光伏用第 d 日 0:00 预报 + 负载用前一日剖面,2025-06-03,5:00-5:30,259.269533,3
② 光伏用第 d 日 0:00 预报 + 负载用前一日剖面,2025-06-03,5:40-6:40,473.903144,6
② 光伏用第 d 日 0:00 预报 + 负载用前一日剖面,2025-06-03,7:00-7:20,68.846078,2
② 光伏用第 d 日 0:00 预报 + 负载用前一日剖面,2025-06-03,7:50-8:40,470.621792,5
② 光伏用第 d 日 0:00 预报 + 负载用前一日剖面,2025-06-03,9:00-9:50,178.461369,5
② 光伏用第 d 日 0:00 预报 + 负载用前一日剖面,2025-06-03,10:00-10:50,209.730636,5
② 光伏用第 d 日 0:00 预报 + 负载用前一日剖面,2025-06-03,11:00-11:40,262.877883,4
② 光伏用第 d 日 0:00 预报 + 负载用前一日剖面,2025-06-03,12:20-12:40,49.981200,2
② 光伏用第 d 日 0:00 预报 + 负载用前一日剖面,2025-06-03,12:50-13:00,3.833575,1
② 光伏用第 d 日 0:00 预报 + 负载用前一日剖面,2025-06-03,14:30-15:00,173.199625,3
② 光伏用第 d 日 0:00 预报 + 负载用前一日剖面,2025-06-03,15:40-16:00,115.875494,2
② 光伏用第 d 日 0:00 预报 + 负载用前一日剖面,2025-06-03,17:30-17:40,61.187997,1
② 光伏用第 d 日 0:00 预报 + 负载用前一日剖面,2025-06-03,18:40-19:10,34.226639,3
② 光伏用第 d 日 0:00 预报 + 负载用前一日剖面,2025-06-03,19:30-19:50,104.564672,2
② 光伏用第 d 日 0:00 预报 + 负载用前一日剖面,2025-06-03,20:20-20:30,39.606372,1
② 光伏用第 d 日 0:00 预报 + 负载用前一日剖面,2025-06-03,20:50-21:40,171.944294,5
② 光伏用第 d 日 0:00 预报 + 负载用前一日剖面,2025-06-03,22:00-22:20,13.364083,2
② 光伏用第 d 日 0:00 预报 + 负载用前一日剖面,2025-06-03,23:00-23:20,40.011211,2
② 光伏用第 d 日 0:00 预报 + 负载用前一日剖面,2025-06-03,23:40-0:00+1,12.465728,2
② 光伏用第 d 日 0:00 预报 + 负载用前一日剖面,2025-06-04,0:00-0:50,110.593403,5
② 光伏用第 d 日 0:00 预报 + 负载用前一日剖面,2025-06-04,1:00-1:30,135.477442,3
② 光伏用第 d 日 0:00 预报 + 负载用前一日剖面,2025-06-04,1:50-2:30,142.517564,4
② 光伏用第 d 日 0:00 预报 + 负载用前一日剖面,2025-06-04,3:00-3:50,83.926286,5
② 光伏用第 d 日 0:00 预报 + 负载用前一日剖面,2025-06-04,4:00-6:30,998.069133,15
② 光伏用第 d 日 0:00 预报 + 负载用前一日剖面,2025-06-04,7:00-7:30,155.017225,3
② 光伏用第 d 日 0:00 预报 + 负载用前一日剖面,2025-06-04,7:50-8:20,255.685392,3
② 光伏用第 d 日 0:00 预报 + 负载用前一日剖面,2025-06-04,16:50-17:00,0.134369,1
② 光伏用第 d 日 0:00 预报 + 负载用前一日剖面,2025-06-04,17:30-17:40,36.827683,1
② 光伏用第 d 日 0:00 预报 + 负载用前一日剖面,2025-06-04,19:00-19:10,4.216031,1
② 光伏用第 d 日 0:00 预报 + 负载用前一日剖面,2025-06-04,19:40-19:50,6.501147,1
② 光伏用第 d 日 0:00 预报 + 负载用前一日剖面,2025-06-04,20:00-21:40,312.622994,10
② 光伏用第 d 日 0:00 预报 + 负载用前一日剖面,2025-06-04,22:20-23:20,266.600472,6
② 光伏用第 d 日 0:00 预报 + 负载用前一日剖面,2025-06-04,23:50-0:00+1,10.724092,1
② 光伏用第 d 日 0:00 预报 + 负载用前一日剖面,2025-06-05,0:00-0:10,6.488522,1
② 光伏用第 d 日 0:00 预报 + 负载用前一日剖面,2025-06-05,1:20-1:40,26.759222,2
② 光伏用第 d 日 0:00 预报 + 负载用前一日剖面,2025-06-05,2:00-3:20,197.373850,8
② 光伏用第 d 日 0:00 预报 + 负载用前一日剖面,2025-06-05,5:00-7:30,1159.676533,15
② 光伏用第 d 日 0:00 预报 + 负载用前一日剖面,2025-06-05,7:40-8:50,796.342958,7
② 光伏用第 d 日 0:00 预报 + 负载用前一日剖面,2025-06-05,9:00-10:20,613.220128,8
② 光伏用第 d 日 0:00 预报 + 负载用前一日剖面,2025-06-05,10:40-11:00,28.390494,2
② 光伏用第 d 日 0:00 预报 + 负载用前一日剖面,2025-06-05,12:00-13:00,373.413667,6
② 光伏用第 d 日 0:00 预报 + 负载用前一日剖面,2025-06-05,13:40-14:00,129.252189,2
② 光伏用第 d 日 0:00 预报 + 负载用前一日剖面,2025-06-05,14:50-16:00,621.455394,7
② 光伏用第 d 日 0:00 预报 + 负载用前一日剖面,2025-06-05,16:20-17:00,229.207406,4
② 光伏用第 d 日 0:00 预报 + 负载用前一日剖面,2025-06-05,17:30-17:40,50.357658,1
② 光伏用第 d 日 0:00 预报 + 负载用前一日剖面,2025-06-05,18:40-19:20,164.733267,4
② 光伏用第 d 日 0:00 预报 + 负载用前一日剖面,2025-06-05,19:50-20:20,91.893997,3
② 光伏用第 d 日 0:00 预报 + 负载用前一日剖面,2025-06-05,20:30-20:50,6.516861,2
② 光伏用第 d 日 0:00 预报 + 负载用前一日剖面,2025-06-05,21:00-21:40,92.155811,4
② 光伏用第 d 日 0:00 预报 + 负载用前一日剖面,2025-06-05,22:30-22:50,56.709517,2
② 光伏用第 d 日 0:00 预报 + 负载用前一日剖面,2025-06-05,23:30-23:40,28.584922,1
② 光伏用第 d 日 0:00 预报 + 负载用前一日剖面,2025-06-07,1:40-2:20,60.031317,4
② 光伏用第 d 日 0:00 预报 + 负载用前一日剖面,2025-06-07,3:10-3:50,69.525672,4
② 光伏用第 d 日 0:00 预报 + 负载用前一日剖面,2025-06-07,4:00-4:20,39.068789,2
② 光伏用第 d 日 0:00 预报 + 负载用前一日剖面,2025-06-07,4:40-4:50,1.423819,1
② 光伏用第 d 日 0:00 预报 + 负载用前一日剖面,2025-06-07,5:00-7:40,1265.690789,16
② 光伏用第 d 日 0:00 预报 + 负载用前一日剖面,2025-06-07,8:00-8:20,54.049489,2
② 光伏用第 d 日 0:00 预报 + 负载用前一日剖面,2025-06-07,10:00-10:20,77.644194,2
② 光伏用第 d 日 0:00 预报 + 负载用前一日剖面,2025-06-07,18:30-18:50,26.554589,2
② 光伏用第 d 日 0:00 预报 + 负载用前一日剖面,2025-06-07,19:30-20:50,154.990875,8
② 光伏用第 d 日 0:00 预报 + 负载用前一日剖面,2025-06-07,21:10-21:30,31.398867,2
② 光伏用第 d 日 0:00 预报 + 负载用前一日剖面,2025-06-07,22:00-22:10,4.263058,1
② 光伏用第 d 日 0:00 预报 + 负载用前一日剖面,2025-06-07,22:30-23:00,21.792492,3
② 光伏用第 d 日 0:00 预报 + 负载用前一日剖面,2025-06-07,23:20-23:30,27.798789,1
② 光伏用第 d 日 0:00 预报 + 负载用前一日剖面,2025-06-07,23:40-0:00+1,216.769828,2
② 光伏用第 d 日 0:00 预报 + 负载用前一日剖面,2025-06-08,0:00-9:40,14131.471867,58
② 光伏用第 d 日 0:00 预报 + 负载用前一日剖面,2025-06-08,10:00-10:20,604.184406,2
② 光伏用第 d 日 0:00 预报 + 负载用前一日剖面,2025-06-08,10:30-10:50,489.250322,2
② 光伏用第 d 日 0:00 预报 + 负载用前一日剖面,2025-06-08,11:10-11:30,582.304611,2
② 光伏用第 d 日 0:00 预报 + 负载用前一日剖面,2025-06-08,11:40-11:50,283.494481,1
② 光伏用第 d 日 0:00 预报 + 负载用前一日剖面,2025-06-08,12:10-12:50,1569.802597,4
② 光伏用第 d 日 0:00 预报 + 负载用前一日剖面,2025-06-08,13:30-0:00+1,17206.315167,63
② 光伏用第 d 日 0:00 预报 + 负载用前一日剖面,2025-06-09,0:40-1:50,165.688769,7
② 光伏用第 d 日 0:00 预报 + 负载用前一日剖面,2025-06-09,2:10-2:20,3.663161,1
② 光伏用第 d 日 0:00 预报 + 负载用前一日剖面,2025-06-09,2:40-4:10,257.968364,9
② 光伏用第 d 日 0:00 预报 + 负载用前一日剖面,2025-06-09,4:20-4:50,95.549225,3
② 光伏用第 d 日 0:00 预报 + 负载用前一日剖面,2025-06-09,5:00-6:50,1029.350858,11
② 光伏用第 d 日 0:00 预报 + 负载用前一日剖面,2025-06-09,7:00-7:20,36.803317,2
② 光伏用第 d 日 0:00 预报 + 负载用前一日剖面,2025-06-09,7:50-8:50,950.455592,6
② 光伏用第 d 日 0:00 预报 + 负载用前一日剖面,2025-06-09,9:00-9:20,69.842828,2
② 光伏用第 d 日 0:00 预报 + 负载用前一日剖面,2025-06-09,13:20-13:50,69.916067,3
② 光伏用第 d 日 0:00 预报 + 负载用前一日剖面,2025-06-09,17:30-17:40,12.670558,1
② 光伏用第 d 日 0:00 预报 + 负载用前一日剖面,2025-06-09,18:40-19:00,78.526128,2
② 光伏用第 d 日 0:00 预报 + 负载用前一日剖面,2025-06-09,20:00-20:40,114.641228,4
② 光伏用第 d 日 0:00 预报 + 负载用前一日剖面,2025-06-09,20:50-21:00,6.118303,1
② 光伏用第 d 日 0:00 预报 + 负载用前一日剖面,2025-06-09,21:20-21:40,55.219828,2
② 光伏用第 d 日 0:00 预报 + 负载用前一日剖面,2025-06-09,22:50-23:00,8.548775,1
② 光伏用第 d 日 0:00 预报 + 负载用前一日剖面,2025-06-09,23:20-0:00+1,85.250078,4
② 光伏用第 d 日 0:00 预报 + 负载用前一日剖面,2025-06-10,0:00-0:20,55.170456,2
② 光伏用第 d 日 0:00 预报 + 负载用前一日剖面,2025-06-10,1:00-1:20,49.577772,2
② 光伏用第 d 日 0:00 预报 + 负载用前一日剖面,2025-06-10,1:30-2:00,42.296433,3
② 光伏用第 d 日 0:00 预报 + 负载用前一日剖面,2025-06-10,2:10-2:40,108.761625,3
② 光伏用第 d 日 0:00 预报 + 负载用前一日剖面,2025-06-10,4:40-7:20,1426.560389,16
② 光伏用第 d 日 0:00 预报 + 负载用前一日剖面,2025-06-10,7:40-10:20,2393.764544,16
② 光伏用第 d 日 0:00 预报 + 负载用前一日剖面,2025-06-10,10:50-11:00,13.625675,1
② 光伏用第 d 日 0:00 预报 + 负载用前一日剖面,2025-06-10,11:10-11:50,146.464183,4
② 光伏用第 d 日 0:00 预报 + 负载用前一日剖面,2025-06-10,12:00-13:00,544.922467,6
② 光伏用第 d 日 0:00 预报 + 负载用前一日剖面,2025-06-10,13:50-14:00,22.387906,1
② 光伏用第 d 日 0:00 预报 + 负载用前一日剖面,2025-06-10,14:50-15:00,45.892286,1
② 光伏用第 d 日 0:00 预报 + 负载用前一日剖面,2025-06-10,15:40-16:00,113.721844,2
② 光伏用第 d 日 0:00 预报 + 负载用前一日剖面,2025-06-10,17:30-17:40,26.841575,1
② 光伏用第 d 日 0:00 预报 + 负载用前一日剖面,2025-06-10,19:00-19:20,37.129067,2
② 光伏用第 d 日 0:00 预报 + 负载用前一日剖面,2025-06-10,19:40-19:50,9.318083,1
② 光伏用第 d 日 0:00 预报 + 负载用前一日剖面,2025-06-10,20:20-20:30,14.577022,1
② 光伏用第 d 日 0:00 预报 + 负载用前一日剖面,2025-06-10,20:50-21:50,303.093925,6
② 光伏用第 d 日 0:00 预报 + 负载用前一日剖面,2025-06-10,22:00-22:10,24.383386,1
② 光伏用第 d 日 0:00 预报 + 负载用前一日剖面,2025-06-10,22:30-23:20,94.939097,5
② 光伏用第 d 日 0:00 预报 + 负载用前一日剖面,2025-06-11,0:00-0:50,98.065919,5
② 光伏用第 d 日 0:00 预报 + 负载用前一日剖面,2025-06-11,1:10-1:30,80.291333,2
② 光伏用第 d 日 0:00 预报 + 负载用前一日剖面,2025-06-11,1:50-2:20,97.871761,3
② 光伏用第 d 日 0:00 预报 + 负载用前一日剖面,2025-06-11,4:30-5:30,241.713342,6
② 光伏用第 d 日 0:00 预报 + 负载用前一日剖面,2025-06-11,5:40-12:00,5977.486178,38
② 光伏用第 d 日 0:00 预报 + 负载用前一日剖面,2025-06-11,12:40-13:00,126.212917,2
② 光伏用第 d 日 0:00 预报 + 负载用前一日剖面,2025-06-11,14:50-15:00,18.241614,1
② 光伏用第 d 日 0:00 预报 + 负载用前一日剖面,2025-06-11,17:10-17:40,30.403775,3
② 光伏用第 d 日 0:00 预报 + 负载用前一日剖面,2025-06-11,18:40-19:20,60.319489,4
② 光伏用第 d 日 0:00 预报 + 负载用前一日剖面,2025-06-11,19:30-19:40,0.693517,1
② 光伏用第 d 日 0:00 预报 + 负载用前一日剖面,2025-06-11,20:30-20:50,13.357594,2
② 光伏用第 d 日 0:00 预报 + 负载用前一日剖面,2025-06-11,21:00-21:40,183.059533,4
② 光伏用第 d 日 0:00 预报 + 负载用前一日剖面,2025-06-11,22:10-22:40,103.887658,3
② 光伏用第 d 日 0:00 预报 + 负载用前一日剖面,2025-06-11,23:10-23:20,22.629519,1
② 光伏用第 d 日 0:00 预报 + 负载用前一日剖面,2025-06-12,0:20-0:40,60.173406,2
② 光伏用第 d 日 0:00 预报 + 负载用前一日剖面,2025-06-12,2:10-2:30,39.888372,2
② 光伏用第 d 日 0:00 预报 + 负载用前一日剖面,2025-06-12,2:50-4:00,316.267211,7
② 光伏用第 d 日 0:00 预报 + 负载用前一日剖面,2025-06-12,5:00-5:30,202.600667,3
② 光伏用第 d 日 0:00 预报 + 负载用前一日剖面,2025-06-12,5:40-6:50,724.812667,7
② 光伏用第 d 日 0:00 预报 + 负载用前一日剖面,2025-06-12,7:00-7:30,251.047492,3
② 光伏用第 d 日 0:00 预报 + 负载用前一日剖面,2025-06-12,7:40-8:40,685.751167,6
② 光伏用第 d 日 0:00 预报 + 负载用前一日剖面,2025-06-12,9:00-9:30,218.385550,3
② 光伏用第 d 日 0:00 预报 + 负载用前一日剖面,2025-06-12,10:00-11:00,429.423033,6
② 光伏用第 d 日 0:00 预报 + 负载用前一日剖面,2025-06-12,11:20-11:50,142.684300,3
② 光伏用第 d 日 0:00 预报 + 负载用前一日剖面,2025-06-12,12:40-13:00,118.554833,2
② 光伏用第 d 日 0:00 预报 + 负载用前一日剖面,2025-06-12,13:20-14:00,215.117711,4
② 光伏用第 d 日 0:00 预报 + 负载用前一日剖面,2025-06-12,14:30-15:00,329.976592,3
② 光伏用第 d 日 0:00 预报 + 负载用前一日剖面,2025-06-12,18:50-19:20,25.038936,3
② 光伏用第 d 日 0:00 预报 + 负载用前一日剖面,2025-06-12,19:50-20:10,22.646864,2
② 光伏用第 d 日 0:00 预报 + 负载用前一日剖面,2025-06-12,20:40-21:40,194.499311,6
② 光伏用第 d 日 0:00 预报 + 负载用前一日剖面,2025-06-12,22:20-22:30,42.732381,1
② 光伏用第 d 日 0:00 预报 + 负载用前一日剖面,2025-06-12,23:20-23:40,73.492144,2
② 光伏用第 d 日 0:00 预报 + 负载用前一日剖面,2025-06-14,0:00-1:20,299.299189,8
② 光伏用第 d 日 0:00 预报 + 负载用前一日剖面,2025-06-14,1:30-1:40,6.538961,1
② 光伏用第 d 日 0:00 预报 + 负载用前一日剖面,2025-06-14,2:00-2:20,61.388511,2
② 光伏用第 d 日 0:00 预报 + 负载用前一日剖面,2025-06-14,2:30-2:50,11.807194,2
② 光伏用第 d 日 0:00 预报 + 负载用前一日剖面,2025-06-14,3:10-4:00,86.210769,5
② 光伏用第 d 日 0:00 预报 + 负载用前一日剖面,2025-06-14,4:20-4:30,8.846275,1
② 光伏用第 d 日 0:00 预报 + 负载用前一日剖面,2025-06-14,5:00-8:20,2566.122814,20
② 光伏用第 d 日 0:00 预报 + 负载用前一日剖面,2025-06-14,8:40-9:30,242.345619,5
② 光伏用第 d 日 0:00 预报 + 负载用前一日剖面,2025-06-14,12:00-12:20,81.317056,2
② 光伏用第 d 日 0:00 预报 + 负载用前一日剖面,2025-06-14,14:50-15:00,8.055650,1
② 光伏用第 d 日 0:00 预报 + 负载用前一日剖面,2025-06-14,15:50-16:00,1.674636,1
② 光伏用第 d 日 0:00 预报 + 负载用前一日剖面,2025-06-14,18:50-19:20,35.470461,3
② 光伏用第 d 日 0:00 预报 + 负载用前一日剖面,2025-06-14,20:00-20:20,17.147322,2
② 光伏用第 d 日 0:00 预报 + 负载用前一日剖面,2025-06-14,20:30-21:10,118.018522,4
② 光伏用第 d 日 0:00 预报 + 负载用前一日剖面,2025-06-14,21:30-21:50,19.596744,2
② 光伏用第 d 日 0:00 预报 + 负载用前一日剖面,2025-06-14,22:00-23:00,244.162883,6
② 光伏用第 d 日 0:00 预报 + 负载用前一日剖面,2025-06-14,23:30-0:00+1,226.723175,3
② 光伏用第 d 日 0:00 预报 + 负载用前一日剖面,2025-06-15,0:00-11:00,19718.368481,66
② 光伏用第 d 日 0:00 预报 + 负载用前一日剖面,2025-06-15,11:10-11:30,1419.195283,2
② 光伏用第 d 日 0:00 预报 + 负载用前一日剖面,2025-06-15,11:40-11:50,615.851842,1
② 光伏用第 d 日 0:00 预报 + 负载用前一日剖面,2025-06-15,12:10-0:00+1,17648.038694,71
② 光伏用第 d 日 0:00 预报 + 负载用前一日剖面,2025-06-16,0:00-1:50,354.344278,11
② 光伏用第 d 日 0:00 预报 + 负载用前一日剖面,2025-06-16,2:00-2:50,141.146122,5
② 光伏用第 d 日 0:00 预报 + 负载用前一日剖面,2025-06-16,3:00-3:10,2.673311,1
② 光伏用第 d 日 0:00 预报 + 负载用前一日剖面,2025-06-16,3:30-3:40,7.129428,1
② 光伏用第 d 日 0:00 预报 + 负载用前一日剖面,2025-06-16,4:00-4:20,50.306694,2
② 光伏用第 d 日 0:00 预报 + 负载用前一日剖面,2025-06-16,5:00-11:00,5669.580733,36
② 光伏用第 d 日 0:00 预报 + 负载用前一日剖面,2025-06-16,11:20-12:00,199.985928,4
② 光伏用第 d 日 0:00 预报 + 负载用前一日剖面,2025-06-16,12:30-13:00,109.908317,3
② 光伏用第 d 日 0:00 预报 + 负载用前一日剖面,2025-06-16,14:40-15:00,24.230611,2
② 光伏用第 d 日 0:00 预报 + 负载用前一日剖面,2025-06-16,19:00-19:30,103.861567,3
② 光伏用第 d 日 0:00 预报 + 负载用前一日剖面,2025-06-16,19:50-20:20,118.765128,3
② 光伏用第 d 日 0:00 预报 + 负载用前一日剖面,2025-06-16,20:30-21:40,235.590161,7
② 光伏用第 d 日 0:00 预报 + 负载用前一日剖面,2025-06-16,22:40-23:00,25.728094,2
② 光伏用第 d 日 0:00 预报 + 负载用前一日剖面,2025-06-17,0:40-1:00,46.979422,2
② 光伏用第 d 日 0:00 预报 + 负载用前一日剖面,2025-06-17,2:20-2:30,27.504531,1
② 光伏用第 d 日 0:00 预报 + 负载用前一日剖面,2025-06-17,2:50-4:10,146.930414,8
② 光伏用第 d 日 0:00 预报 + 负载用前一日剖面,2025-06-17,4:50-5:30,293.395842,4
② 光伏用第 d 日 0:00 预报 + 负载用前一日剖面,2025-06-17,5:40-7:30,1334.400233,11
② 光伏用第 d 日 0:00 预报 + 负载用前一日剖面,2025-06-17,7:40-11:00,3417.301228,20
② 光伏用第 d 日 0:00 预报 + 负载用前一日剖面,2025-06-17,11:10-11:50,294.436211,4
② 光伏用第 d 日 0:00 预报 + 负载用前一日剖面,2025-06-17,12:50-13:00,0.821164,1
② 光伏用第 d 日 0:00 预报 + 负载用前一日剖面,2025-06-17,13:20-13:50,132.621292,3
② 光伏用第 d 日 0:00 预报 + 负载用前一日剖面,2025-06-17,14:20-14:30,12.714764,1
② 光伏用第 d 日 0:00 预报 + 负载用前一日剖面,2025-06-17,15:50-16:00,57.088550,1
② 光伏用第 d 日 0:00 预报 + 负载用前一日剖面,2025-06-17,16:50-17:00,39.191736,1
② 光伏用第 d 日 0:00 预报 + 负载用前一日剖面,2025-06-17,18:50-19:00,6.025408,1
② 光伏用第 d 日 0:00 预报 + 负载用前一日剖面,2025-06-17,19:20-19:40,63.135444,2
② 光伏用第 d 日 0:00 预报 + 负载用前一日剖面,2025-06-17,19:50-20:00,6.739472,1
② 光伏用第 d 日 0:00 预报 + 负载用前一日剖面,2025-06-17,20:10-20:40,93.084558,3
② 光伏用第 d 日 0:00 预报 + 负载用前一日剖面,2025-06-17,21:00-21:40,249.646856,4
② 光伏用第 d 日 0:00 预报 + 负载用前一日剖面,2025-06-17,22:00-0:00+1,382.284567,12
② 光伏用第 d 日 0:00 预报 + 负载用前一日剖面,2025-06-18,1:00-1:30,73.438100,3
② 光伏用第 d 日 0:00 预报 + 负载用前一日剖面,2025-06-18,1:40-2:00,66.444311,2
② 光伏用第 d 日 0:00 预报 + 负载用前一日剖面,2025-06-18,2:30-2:50,27.198800,2
② 光伏用第 d 日 0:00 预报 + 负载用前一日剖面,2025-06-18,4:20-9:20,3388.704767,30
② 光伏用第 d 日 0:00 预报 + 负载用前一日剖面,2025-06-18,9:40-10:50,598.217908,7
② 光伏用第 d 日 0:00 预报 + 负载用前一日剖面,2025-06-18,14:50-15:00,17.610253,1
② 光伏用第 d 日 0:00 预报 + 负载用前一日剖面,2025-06-18,15:50-16:00,11.742275,1
② 光伏用第 d 日 0:00 预报 + 负载用前一日剖面,2025-06-18,16:50-17:00,5.007664,1
② 光伏用第 d 日 0:00 预报 + 负载用前一日剖面,2025-06-18,17:30-17:40,29.646428,1
② 光伏用第 d 日 0:00 预报 + 负载用前一日剖面,2025-06-18,19:50-20:00,14.288447,1
② 光伏用第 d 日 0:00 预报 + 负载用前一日剖面,2025-06-18,20:20-20:30,8.998417,1
② 光伏用第 d 日 0:00 预报 + 负载用前一日剖面,2025-06-18,21:00-21:40,159.023656,4
② 光伏用第 d 日 0:00 预报 + 负载用前一日剖面,2025-06-18,22:20-23:00,59.339489,4
② 光伏用第 d 日 0:00 预报 + 负载用前一日剖面,2025-06-19,0:00-0:20,74.477139,2
② 光伏用第 d 日 0:00 预报 + 负载用前一日剖面,2025-06-19,0:30-1:00,81.745108,3
② 光伏用第 d 日 0:00 预报 + 负载用前一日剖面,2025-06-19,1:10-1:20,0.096856,1
② 光伏用第 d 日 0:00 预报 + 负载用前一日剖面,2025-06-19,2:00-4:00,187.782517,12
② 光伏用第 d 日 0:00 预报 + 负载用前一日剖面,2025-06-19,4:20-6:40,1195.080300,14
② 光伏用第 d 日 0:00 预报 + 负载用前一日剖面,2025-06-19,7:00-7:10,8.249306,1
② 光伏用第 d 日 0:00 预报 + 负载用前一日剖面,2025-06-19,7:40-8:50,368.612553,7
② 光伏用第 d 日 0:00 预报 + 负载用前一日剖面,2025-06-19,9:00-9:10,60.076981,1
② 光伏用第 d 日 0:00 预报 + 负载用前一日剖面,2025-06-19,10:00-10:10,20.015908,1
② 光伏用第 d 日 0:00 预报 + 负载用前一日剖面,2025-06-19,11:20-11:50,176.508158,3
② 光伏用第 d 日 0:00 预报 + 负载用前一日剖面,2025-06-19,12:00-13:00,137.446217,6
② 光伏用第 d 日 0:00 预报 + 负载用前一日剖面,2025-06-19,13:30-15:00,986.822183,9
② 光伏用第 d 日 0:00 预报 + 负载用前一日剖面,2025-06-19,15:50-16:00,97.054692,1
② 光伏用第 d 日 0:00 预报 + 负载用前一日剖面,2025-06-19,16:40-17:00,26.572800,2
② 光伏用第 d 日 0:00 预报 + 负载用前一日剖面,2025-06-19,17:30-17:50,126.313756,2
② 光伏用第 d 日 0:00 预报 + 负载用前一日剖面,2025-06-19,19:00-19:40,199.882067,4
② 光伏用第 d 日 0:00 预报 + 负载用前一日剖面,2025-06-19,19:50-20:10,27.417400,2
② 光伏用第 d 日 0:00 预报 + 负载用前一日剖面,2025-06-19,20:20-21:40,259.288517,8
② 光伏用第 d 日 0:00 预报 + 负载用前一日剖面,2025-06-19,22:50-23:20,39.938781,3
② 光伏用第 d 日 0:00 预报 + 负载用前一日剖面,2025-06-21,0:00-0:40,197.518067,4
② 光伏用第 d 日 0:00 预报 + 负载用前一日剖面,2025-06-21,1:20-1:40,37.927433,2
② 光伏用第 d 日 0:00 预报 + 负载用前一日剖面,2025-06-21,2:00-3:40,270.315656,10
② 光伏用第 d 日 0:00 预报 + 负载用前一日剖面,2025-06-21,3:50-4:30,61.930222,4
② 光伏用第 d 日 0:00 预报 + 负载用前一日剖面,2025-06-21,4:40-7:40,1454.312636,18
② 光伏用第 d 日 0:00 预报 + 负载用前一日剖面,2025-06-21,8:00-8:10,9.951156,1
② 光伏用第 d 日 0:00 预报 + 负载用前一日剖面,2025-06-21,8:50-9:40,901.825828,5
② 光伏用第 d 日 0:00 预报 + 负载用前一日剖面,2025-06-21,10:00-10:20,264.170881,2
② 光伏用第 d 日 0:00 预报 + 负载用前一日剖面,2025-06-21,10:30-10:40,50.212428,1
② 光伏用第 d 日 0:00 预报 + 负载用前一日剖面,2025-06-21,11:10-11:20,71.869825,1
② 光伏用第 d 日 0:00 预报 + 负载用前一日剖面,2025-06-21,11:40-11:50,60.019458,1
② 光伏用第 d 日 0:00 预报 + 负载用前一日剖面,2025-06-21,13:50-14:10,94.018408,2
② 光伏用第 d 日 0:00 预报 + 负载用前一日剖面,2025-06-21,14:30-14:50,198.462261,2
② 光伏用第 d 日 0:00 预报 + 负载用前一日剖面,2025-06-21,18:40-19:20,167.013739,4
② 光伏用第 d 日 0:00 预报 + 负载用前一日剖面,2025-06-21,20:10-20:40,86.519517,3
② 光伏用第 d 日 0:00 预报 + 负载用前一日剖面,2025-06-21,21:20-21:40,39.346344,2
② 光伏用第 d 日 0:00 预报 + 负载用前一日剖面,2025-06-21,22:00-23:00,142.322400,6
② 光伏用第 d 日 0:00 预报 + 负载用前一日剖面,2025-06-21,23:50-0:00+1,73.677364,1
② 光伏用第 d 日 0:00 预报 + 负载用前一日剖面,2025-06-22,0:00-9:50,16555.210161,59
② 光伏用第 d 日 0:00 预报 + 负载用前一日剖面,2025-06-22,10:00-10:20,609.095461,2
② 光伏用第 d 日 0:00 预报 + 负载用前一日剖面,2025-06-22,10:30-10:50,480.713744,2
② 光伏用第 d 日 0:00 预报 + 负载用前一日剖面,2025-06-22,11:10-11:30,875.821244,2
② 光伏用第 d 日 0:00 预报 + 负载用前一日剖面,2025-06-22,11:40-11:50,425.598364,1
② 光伏用第 d 日 0:00 预报 + 负载用前一日剖面,2025-06-22,12:10-12:50,1357.041528,4
② 光伏用第 d 日 0:00 预报 + 负载用前一日剖面,2025-06-22,13:00-0:00+1,19021.418414,66
② 光伏用第 d 日 0:00 预报 + 负载用前一日剖面,2025-06-23,0:20-0:30,10.000244,1
② 光伏用第 d 日 0:00 预报 + 负载用前一日剖面,2025-06-23,2:20-2:30,30.076386,1
② 光伏用第 d 日 0:00 预报 + 负载用前一日剖面,2025-06-23,3:00-4:30,285.966075,9
② 光伏用第 d 日 0:00 预报 + 负载用前一日剖面,2025-06-23,4:50-5:30,258.334492,4
② 光伏用第 d 日 0:00 预报 + 负载用前一日剖面,2025-06-23,5:40-6:50,514.615267,7
② 光伏用第 d 日 0:00 预报 + 负载用前一日剖面,2025-06-23,7:00-7:30,119.777908,3
② 光伏用第 d 日 0:00 预报 + 负载用前一日剖面,2025-06-23,7:40-8:40,418.632728,6
② 光伏用第 d 日 0:00 预报 + 负载用前一日剖面,2025-06-23,9:00-9:50,497.521669,5
② 光伏用第 d 日 0:00 预报 + 负载用前一日剖面,2025-06-23,10:00-10:20,174.812194,2
② 光伏用第 d 日 0:00 预报 + 负载用前一日剖面,2025-06-23,10:50-13:00,1310.172989,13
② 光伏用第 d 日 0:00 预报 + 负载用前一日剖面,2025-06-23,13:40-14:50,437.376083,7
② 光伏用第 d 日 0:00 预报 + 负载用前一日剖面,2025-06-23,15:50-16:00,21.975036,1
② 光伏用第 d 日 0:00 预报 + 负载用前一日剖面,2025-06-23,18:30-18:50,18.393089,2
② 光伏用第 d 日 0:00 预报 + 负载用前一日剖面,2025-06-23,19:20-19:30,5.045344,1
② 光伏用第 d 日 0:00 预报 + 负载用前一日剖面,2025-06-23,19:50-20:10,35.852814,2
② 光伏用第 d 日 0:00 预报 + 负载用前一日剖面,2025-06-23,20:20-21:40,306.702944,8
② 光伏用第 d 日 0:00 预报 + 负载用前一日剖面,2025-06-23,22:00-22:20,37.683256,2
② 光伏用第 d 日 0:00 预报 + 负载用前一日剖面,2025-06-23,22:30-22:50,10.300889,2
② 光伏用第 d 日 0:00 预报 + 负载用前一日剖面,2025-06-23,23:10-23:20,5.198572,1
② 光伏用第 d 日 0:00 预报 + 负载用前一日剖面,2025-06-24,0:00-0:10,8.114569,1
② 光伏用第 d 日 0:00 预报 + 负载用前一日剖面,2025-06-24,0:30-0:50,14.553172,2
② 光伏用第 d 日 0:00 预报 + 负载用前一日剖面,2025-06-24,1:00-2:20,448.195428,8
② 光伏用第 d 日 0:00 预报 + 负载用前一日剖面,2025-06-24,2:40-3:00,61.902011,2
② 光伏用第 d 日 0:00 预报 + 负载用前一日剖面,2025-06-24,3:20-3:30,16.970861,1
② 光伏用第 d 日 0:00 预报 + 负载用前一日剖面,2025-06-24,4:30-7:30,1579.995958,18
② 光伏用第 d 日 0:00 预报 + 负载用前一日剖面,2025-06-24,7:40-9:30,1240.518617,11
② 光伏用第 d 日 0:00 预报 + 负载用前一日剖面,2025-06-24,9:50-11:00,968.273372,7
② 光伏用第 d 日 0:00 预报 + 负载用前一日剖面,2025-06-24,12:10-12:20,11.371236,1
② 光伏用第 d 日 0:00 预报 + 负载用前一日剖面,2025-06-24,17:30-17:40,13.930425,1
② 光伏用第 d 日 0:00 预报 + 负载用前一日剖面,2025-06-24,18:50-19:40,74.974778,5
② 光伏用第 d 日 0:00 预报 + 负载用前一日剖面,2025-06-24,20:10-20:20,8.497375,1
② 光伏用第 d 日 0:00 预报 + 负载用前一日剖面,2025-06-24,20:30-21:40,333.500742,7
② 光伏用第 d 日 0:00 预报 + 负载用前一日剖面,2025-06-24,22:00-22:20,12.003972,2
② 光伏用第 d 日 0:00 预报 + 负载用前一日剖面,2025-06-24,22:40-22:50,18.881711,1
② 光伏用第 d 日 0:00 预报 + 负载用前一日剖面,2025-06-24,23:00-23:30,106.692142,3
② 光伏用第 d 日 0:00 预报 + 负载用前一日剖面,2025-06-24,23:50-0:00+1,32.282931,1
② 光伏用第 d 日 0:00 预报 + 负载用前一日剖面,2025-06-25,0:00-0:10,21.796133,1
② 光伏用第 d 日 0:00 预报 + 负载用前一日剖面,2025-06-25,0:20-1:00,42.041417,4
② 光伏用第 d 日 0:00 预报 + 负载用前一日剖面,2025-06-25,2:30-3:30,75.565000,6
② 光伏用第 d 日 0:00 预报 + 负载用前一日剖面,2025-06-25,4:00-4:30,67.942225,3
② 光伏用第 d 日 0:00 预报 + 负载用前一日剖面,2025-06-25,4:50-5:30,221.222464,4
② 光伏用第 d 日 0:00 预报 + 负载用前一日剖面,2025-06-25,5:40-6:50,666.724592,7
② 光伏用第 d 日 0:00 预报 + 负载用前一日剖面,2025-06-25,7:00-7:30,115.247883,3
② 光伏用第 d 日 0:00 预报 + 负载用前一日剖面,2025-06-25,7:40-8:40,369.882222,6
② 光伏用第 d 日 0:00 预报 + 负载用前一日剖面,2025-06-25,10:00-10:10,21.274308,1
② 光伏用第 d 日 0:00 预报 + 负载用前一日剖面,2025-06-25,10:40-10:50,13.576175,1
② 光伏用第 d 日 0:00 预报 + 负载用前一日剖面,2025-06-25,11:00-11:40,481.125650,4
② 光伏用第 d 日 0:00 预报 + 负载用前一日剖面,2025-06-25,12:00-14:00,1200.294217,12
② 光伏用第 d 日 0:00 预报 + 负载用前一日剖面,2025-06-25,14:10-15:00,758.892189,5
② 光伏用第 d 日 0:00 预报 + 负载用前一日剖面,2025-06-25,15:30-16:00,180.535542,3
② 光伏用第 d 日 0:00 预报 + 负载用前一日剖面,2025-06-25,16:40-17:00,70.155406,2
② 光伏用第 d 日 0:00 预报 + 负载用前一日剖面,2025-06-25,17:30-17:40,7.201550,1
② 光伏用第 d 日 0:00 预报 + 负载用前一日剖面,2025-06-25,18:40-19:00,67.854633,2
② 光伏用第 d 日 0:00 预报 + 负载用前一日剖面,2025-06-25,19:50-20:10,29.486600,2
② 光伏用第 d 日 0:00 预报 + 负载用前一日剖面,2025-06-25,21:00-21:50,182.433833,5
② 光伏用第 d 日 0:00 预报 + 负载用前一日剖面,2025-06-25,22:00-22:10,6.174742,1
② 光伏用第 d 日 0:00 预报 + 负载用前一日剖面,2025-06-25,22:30-23:00,64.084975,3
② 光伏用第 d 日 0:00 预报 + 负载用前一日剖面,2025-06-25,23:30-23:40,0.586381,1
② 光伏用第 d 日 0:00 预报 + 负载用前一日剖面,2025-06-26,0:00-0:20,67.132011,2
② 光伏用第 d 日 0:00 预报 + 负载用前一日剖面,2025-06-26,0:30-0:40,3.731797,1
② 光伏用第 d 日 0:00 预报 + 负载用前一日剖面,2025-06-26,1:00-1:20,45.846900,2
② 光伏用第 d 日 0:00 预报 + 负载用前一日剖面,2025-06-26,1:30-1:50,78.365850,2
② 光伏用第 d 日 0:00 预报 + 负载用前一日剖面,2025-06-26,2:30-2:50,16.360856,2
② 光伏用第 d 日 0:00 预报 + 负载用前一日剖面,2025-06-26,3:00-3:20,9.675067,2
② 光伏用第 d 日 0:00 预报 + 负载用前一日剖面,2025-06-26,4:00-4:30,32.946825,3
② 光伏用第 d 日 0:00 预报 + 负载用前一日剖面,2025-06-26,5:00-5:30,200.045758,3
② 光伏用第 d 日 0:00 预报 + 负载用前一日剖面,2025-06-26,5:40-6:50,585.783333,7
② 光伏用第 d 日 0:00 预报 + 负载用前一日剖面,2025-06-26,7:00-7:30,151.901517,3
② 光伏用第 d 日 0:00 预报 + 负载用前一日剖面,2025-06-26,7:40-8:10,173.450817,3
② 光伏用第 d 日 0:00 预报 + 负载用前一日剖面,2025-06-26,9:00-9:40,221.509744,4
② 光伏用第 d 日 0:00 预报 + 负载用前一日剖面,2025-06-26,10:00-15:00,3827.242417,30
② 光伏用第 d 日 0:00 预报 + 负载用前一日剖面,2025-06-26,15:50-16:00,77.735589,1
② 光伏用第 d 日 0:00 预报 + 负载用前一日剖面,2025-06-26,19:00-20:00,284.009583,6
② 光伏用第 d 日 0:00 预报 + 负载用前一日剖面,2025-06-26,21:00-21:40,193.249761,4
② 光伏用第 d 日 0:00 预报 + 负载用前一日剖面,2025-06-26,22:10-22:30,28.126494,2
② 光伏用第 d 日 0:00 预报 + 负载用前一日剖面,2025-06-26,22:50-23:10,59.424725,2
② 光伏用第 d 日 0:00 预报 + 负载用前一日剖面,2025-06-26,23:30-23:40,33.763419,1
② 光伏用第 d 日 0:00 预报 + 负载用前一日剖面,2025-06-28,0:40-2:10,206.642547,9
② 光伏用第 d 日 0:00 预报 + 负载用前一日剖面,2025-06-28,3:00-4:10,140.137519,7
② 光伏用第 d 日 0:00 预报 + 负载用前一日剖面,2025-06-28,4:30-7:50,1725.970522,20
② 光伏用第 d 日 0:00 预报 + 负载用前一日剖面,2025-06-28,8:10-8:20,14.035597,1
② 光伏用第 d 日 0:00 预报 + 负载用前一日剖面,2025-06-28,9:00-9:10,292.605725,1
② 光伏用第 d 日 0:00 预报 + 负载用前一日剖面,2025-06-28,9:30-10:10,491.108036,4
② 光伏用第 d 日 0:00 预报 + 负载用前一日剖面,2025-06-28,10:20-10:30,93.580211,1
② 光伏用第 d 日 0:00 预报 + 负载用前一日剖面,2025-06-28,11:00-11:50,737.430850,5
② 光伏用第 d 日 0:00 预报 + 负载用前一日剖面,2025-06-28,14:40-14:50,15.456897,1
② 光伏用第 d 日 0:00 预报 + 负载用前一日剖面,2025-06-28,15:40-16:00,42.673194,2
② 光伏用第 d 日 0:00 预报 + 负载用前一日剖面,2025-06-28,18:50-19:10,32.016728,2
② 光伏用第 d 日 0:00 预报 + 负载用前一日剖面,2025-06-28,19:50-20:10,40.472022,2
② 光伏用第 d 日 0:00 预报 + 负载用前一日剖面,2025-06-28,20:40-21:20,112.153100,4
② 光伏用第 d 日 0:00 预报 + 负载用前一日剖面,2025-06-28,21:30-21:50,40.198528,2
② 光伏用第 d 日 0:00 预报 + 负载用前一日剖面,2025-06-28,22:00-22:20,56.660606,2
② 光伏用第 d 日 0:00 预报 + 负载用前一日剖面,2025-06-28,22:40-23:00,54.433856,2
② 光伏用第 d 日 0:00 预报 + 负载用前一日剖面,2025-06-28,23:20-23:30,38.769306,1
② 光伏用第 d 日 0:00 预报 + 负载用前一日剖面,2025-06-28,23:40-0:00+1,207.618678,2
② 光伏用第 d 日 0:00 预报 + 负载用前一日剖面,2025-06-29,0:00-10:20,17348.883731,62
② 光伏用第 d 日 0:00 预报 + 负载用前一日剖面,2025-06-29,10:30-10:50,824.276394,2
② 光伏用第 d 日 0:00 预报 + 负载用前一日剖面,2025-06-29,11:10-11:50,1697.920608,4
② 光伏用第 d 日 0:00 预报 + 负载用前一日剖面,2025-06-29,12:10-13:10,1889.765850,6
② 光伏用第 d 日 0:00 预报 + 负载用前一日剖面,2025-06-29,13:30-0:00+1,18496.683417,63
② 光伏用第 d 日 0:00 预报 + 负载用前一日剖面,2025-06-30,0:00-0:10,3.110889,1
② 光伏用第 d 日 0:00 预报 + 负载用前一日剖面,2025-06-30,0:50-1:00,4.551206,1
② 光伏用第 d 日 0:00 预报 + 负载用前一日剖面,2025-06-30,2:50-3:30,54.921236,4
② 光伏用第 d 日 0:00 预报 + 负载用前一日剖面,2025-06-30,3:40-4:00,40.731967,2
② 光伏用第 d 日 0:00 预报 + 负载用前一日剖面,2025-06-30,4:30-4:50,44.124800,2
② 光伏用第 d 日 0:00 预报 + 负载用前一日剖面,2025-06-30,5:00-5:30,236.009058,3
② 光伏用第 d 日 0:00 预报 + 负载用前一日剖面,2025-06-30,5:40-7:30,1067.790486,11
② 光伏用第 d 日 0:00 预报 + 负载用前一日剖面,2025-06-30,7:40-9:20,849.563856,10
② 光伏用第 d 日 0:00 预报 + 负载用前一日剖面,2025-06-30,9:50-11:00,1566.408800,7
② 光伏用第 d 日 0:00 预报 + 负载用前一日剖面,2025-06-30,12:10-13:00,319.661489,5
② 光伏用第 d 日 0:00 预报 + 负载用前一日剖面,2025-06-30,14:30-14:50,60.358428,2
② 光伏用第 d 日 0:00 预报 + 负载用前一日剖面,2025-06-30,15:40-15:50,24.710861,1
② 光伏用第 d 日 0:00 预报 + 负载用前一日剖面,2025-06-30,17:20-17:40,73.949950,2
② 光伏用第 d 日 0:00 预报 + 负载用前一日剖面,2025-06-30,18:50-19:00,27.194458,1
② 光伏用第 d 日 0:00 预报 + 负载用前一日剖面,2025-06-30,19:20-19:40,81.128289,2
② 光伏用第 d 日 0:00 预报 + 负载用前一日剖面,2025-06-30,20:30-20:50,34.600939,2
② 光伏用第 d 日 0:00 预报 + 负载用前一日剖面,2025-06-30,21:00-21:40,135.418228,4
② 光伏用第 d 日 0:00 预报 + 负载用前一日剖面,2025-06-30,22:00-23:10,365.403669,7
② 光伏用第 d 日 0:00 预报 + 负载用前一日剖面,2025-06-30,23:40-0:00+1,206.728756,2
② 光伏用第 d 日 0:00 预报 + 负载用前一日剖面,2025-07-01,0:00-9:20,7813.100128,56
② 光伏用第 d 日 0:00 预报 + 负载用前一日剖面,2025-07-01,9:40-16:00,7153.056728,38
② 光伏用第 d 日 0:00 预报 + 负载用前一日剖面,2025-07-01,16:30-17:00,297.020083,3
② 光伏用第 d 日 0:00 预报 + 负载用前一日剖面,2025-07-01,17:10-17:50,382.633933,4
② 光伏用第 d 日 0:00 预报 + 负载用前一日剖面,2025-07-01,18:20-21:50,2554.324628,21
② 光伏用第 d 日 0:00 预报 + 负载用前一日剖面,2025-07-01,22:00-0:00+1,1152.472983,12
② 光伏用第 d 日 0:00 预报 + 负载用前一日剖面,2025-07-02,0:00-0:20,33.064744,2
② 光伏用第 d 日 0:00 预报 + 负载用前一日剖面,2025-07-02,1:20-2:20,157.902183,6
② 光伏用第 d 日 0:00 预报 + 负载用前一日剖面,2025-07-02,3:30-4:30,143.353475,6
② 光伏用第 d 日 0:00 预报 + 负载用前一日剖面,2025-07-02,5:00-6:50,1103.943639,11
② 光伏用第 d 日 0:00 预报 + 负载用前一日剖面,2025-07-02,7:00-7:30,426.121042,3
② 光伏用第 d 日 0:00 预报 + 负载用前一日剖面,2025-07-02,7:40-9:50,1012.018589,13
② 光伏用第 d 日 0:00 预报 + 负载用前一日剖面,2025-07-02,10:00-11:00,849.582050,6
② 光伏用第 d 日 0:00 预报 + 负载用前一日剖面,2025-07-02,11:10-14:00,1390.156086,17
② 光伏用第 d 日 0:00 预报 + 负载用前一日剖面,2025-07-02,18:50-19:20,109.863872,3
② 光伏用第 d 日 0:00 预报 + 负载用前一日剖面,2025-07-02,19:50-20:10,102.549247,2
② 光伏用第 d 日 0:00 预报 + 负载用前一日剖面,2025-07-02,20:20-20:40,0.947617,2
② 光伏用第 d 日 0:00 预报 + 负载用前一日剖面,2025-07-02,21:00-21:20,49.873794,2
② 光伏用第 d 日 0:00 预报 + 负载用前一日剖面,2025-07-02,21:30-21:40,42.389231,1
② 光伏用第 d 日 0:00 预报 + 负载用前一日剖面,2025-07-02,22:00-22:20,127.309211,2
② 光伏用第 d 日 0:00 预报 + 负载用前一日剖面,2025-07-02,22:30-23:00,102.322467,3
② 光伏用第 d 日 0:00 预报 + 负载用前一日剖面,2025-07-03,0:00-0:50,223.148147,5
② 光伏用第 d 日 0:00 预报 + 负载用前一日剖面,2025-07-03,1:30-1:40,22.061450,1
② 光伏用第 d 日 0:00 预报 + 负载用前一日剖面,2025-07-03,2:00-3:00,269.938567,6
② 光伏用第 d 日 0:00 预报 + 负载用前一日剖面,2025-07-03,4:50-6:40,942.958169,11
② 光伏用第 d 日 0:00 预报 + 负载用前一日剖面,2025-07-03,7:40-8:30,708.173342,5
② 光伏用第 d 日 0:00 预报 + 负载用前一日剖面,2025-07-03,9:00-9:50,513.218428,5
② 光伏用第 d 日 0:00 预报 + 负载用前一日剖面,2025-07-03,10:00-11:00,630.725483,6
② 光伏用第 d 日 0:00 预报 + 负载用前一日剖面,2025-07-03,11:30-11:50,32.611644,2
② 光伏用第 d 日 0:00 预报 + 负载用前一日剖面,2025-07-03,12:00-13:00,832.551683,6
② 光伏用第 d 日 0:00 预报 + 负载用前一日剖面,2025-07-03,13:40-14:00,146.625300,2
② 光伏用第 d 日 0:00 预报 + 负载用前一日剖面,2025-07-03,16:50-17:00,30.443236,1
② 光伏用第 d 日 0:00 预报 + 负载用前一日剖面,2025-07-03,17:30-17:40,17.050000,1
② 光伏用第 d 日 0:00 预报 + 负载用前一日剖面,2025-07-03,18:30-19:00,138.592858,3
② 光伏用第 d 日 0:00 预报 + 负载用前一日剖面,2025-07-03,20:20-20:40,64.818494,2
② 光伏用第 d 日 0:00 预报 + 负载用前一日剖面,2025-07-03,21:00-21:40,427.847461,4
② 光伏用第 d 日 0:00 预报 + 负载用前一日剖面,2025-07-03,22:10-22:20,15.127906,1
② 光伏用第 d 日 0:00 预报 + 负载用前一日剖面,2025-07-03,23:00-23:40,56.839217,4
② 光伏用第 d 日 0:00 预报 + 负载用前一日剖面,2025-07-05,0:00-0:40,84.993189,4
② 光伏用第 d 日 0:00 预报 + 负载用前一日剖面,2025-07-05,0:50-1:00,14.609339,1
② 光伏用第 d 日 0:00 预报 + 负载用前一日剖面,2025-07-05,1:20-1:30,15.965142,1
② 光伏用第 d 日 0:00 预报 + 负载用前一日剖面,2025-07-05,2:10-2:20,4.458392,1
② 光伏用第 d 日 0:00 预报 + 负载用前一日剖面,2025-07-05,3:00-3:20,53.631689,2
② 光伏用第 d 日 0:00 预报 + 负载用前一日剖面,2025-07-05,4:00-5:50,716.568072,11
② 光伏用第 d 日 0:00 预报 + 负载用前一日剖面,2025-07-05,6:00-6:40,514.905467,4
② 光伏用第 d 日 0:00 预报 + 负载用前一日剖面,2025-07-05,7:00-7:40,563.652483,4
② 光伏用第 d 日 0:00 预报 + 负载用前一日剖面,2025-07-05,8:00-8:20,71.828106,2
② 光伏用第 d 日 0:00 预报 + 负载用前一日剖面,2025-07-05,8:50-9:30,741.245119,4
② 光伏用第 d 日 0:00 预报 + 负载用前一日剖面,2025-07-05,10:00-10:10,62.955750,1
② 光伏用第 d 日 0:00 预报 + 负载用前一日剖面,2025-07-05,10:30-10:50,182.455939,2
② 光伏用第 d 日 0:00 预报 + 负载用前一日剖面,2025-07-05,11:10-11:20,121.348886,1
② 光伏用第 d 日 0:00 预报 + 负载用前一日剖面,2025-07-05,11:40-11:50,145.680336,1
② 光伏用第 d 日 0:00 预报 + 负载用前一日剖面,2025-07-05,12:10-12:40,366.788133,3
② 光伏用第 d 日 0:00 预报 + 负载用前一日剖面,2025-07-05,13:50-14:00,168.067969,1
② 光伏用第 d 日 0:00 预报 + 负载用前一日剖面,2025-07-05,14:40-14:50,54.373219,1
② 光伏用第 d 日 0:00 预报 + 负载用前一日剖面,2025-07-05,15:40-16:00,114.168883,2
② 光伏用第 d 日 0:00 预报 + 负载用前一日剖面,2025-07-05,16:30-16:40,26.324475,1
② 光伏用第 d 日 0:00 预报 + 负载用前一日剖面,2025-07-05,17:50-18:00,7.673417,1
② 光伏用第 d 日 0:00 预报 + 负载用前一日剖面,2025-07-05,19:40-20:00,27.823228,2
② 光伏用第 d 日 0:00 预报 + 负载用前一日剖面,2025-07-05,20:30-20:40,9.624297,1
② 光伏用第 d 日 0:00 预报 + 负载用前一日剖面,2025-07-05,21:20-21:50,85.205683,3
② 光伏用第 d 日 0:00 预报 + 负载用前一日剖面,2025-07-05,22:10-22:20,5.686747,1
② 光伏用第 d 日 0:00 预报 + 负载用前一日剖面,2025-07-05,22:50-23:00,3.608747,1
② 光伏用第 d 日 0:00 预报 + 负载用前一日剖面,2025-07-05,23:10-0:00+1,240.075606,5
② 光伏用第 d 日 0:00 预报 + 负载用前一日剖面,2025-07-06,0:00-9:40,18841.392833,58
② 光伏用第 d 日 0:00 预报 + 负载用前一日剖面,2025-07-06,9:50-10:20,979.800694,3
② 光伏用第 d 日 0:00 预报 + 负载用前一日剖面,2025-07-06,10:30-10:50,1345.397022,2
② 光伏用第 d 日 0:00 预报 + 负载用前一日剖面,2025-07-06,11:10-11:20,633.033869,1
② 光伏用第 d 日 0:00 预报 + 负载用前一日剖面,2025-07-06,11:40-11:50,572.513253,1
② 光伏用第 d 日 0:00 预报 + 负载用前一日剖面,2025-07-06,12:10-12:40,961.303600,3
② 光伏用第 d 日 0:00 预报 + 负载用前一日剖面,2025-07-06,12:50-0:00+1,18384.135661,67
② 光伏用第 d 日 0:00 预报 + 负载用前一日剖面,2025-07-07,0:20-1:10,205.763736,5
② 光伏用第 d 日 0:00 预报 + 负载用前一日剖面,2025-07-07,1:30-1:50,57.886750,2
② 光伏用第 d 日 0:00 预报 + 负载用前一日剖面,2025-07-07,2:00-2:20,114.092328,2
② 光伏用第 d 日 0:00 预报 + 负载用前一日剖面,2025-07-07,2:50-3:40,144.511400,5
② 光伏用第 d 日 0:00 预报 + 负载用前一日剖面,2025-07-07,4:10-4:30,29.704739,2
② 光伏用第 d 日 0:00 预报 + 负载用前一日剖面,2025-07-07,4:40-6:50,1185.899692,13
② 光伏用第 d 日 0:00 预报 + 负载用前一日剖面,2025-07-07,7:00-10:00,2462.668000,18
② 光伏用第 d 日 0:00 预报 + 负载用前一日剖面,2025-07-07,10:40-10:50,2.115311,1
② 光伏用第 d 日 0:00 预报 + 负载用前一日剖面,2025-07-07,11:00-11:10,15.604136,1
② 光伏用第 d 日 0:00 预报 + 负载用前一日剖面,2025-07-07,11:20-11:50,39.805758,3
② 光伏用第 d 日 0:00 预报 + 负载用前一日剖面,2025-07-07,12:40-13:00,182.252811,2
② 光伏用第 d 日 0:00 预报 + 负载用前一日剖面,2025-07-07,16:50-17:00,20.607386,1
② 光伏用第 d 日 0:00 预报 + 负载用前一日剖面,2025-07-07,19:00-19:10,19.725831,1
② 光伏用第 d 日 0:00 预报 + 负载用前一日剖面,2025-07-07,19:30-20:00,69.622408,3
② 光伏用第 d 日 0:00 预报 + 负载用前一日剖面,2025-07-07,21:00-21:50,241.759858,5
② 光伏用第 d 日 0:00 预报 + 负载用前一日剖面,2025-07-07,22:10-22:40,179.764783,3
② 光伏用第 d 日 0:00 预报 + 负载用前一日剖面,2025-07-07,23:00-23:20,8.642272,2
② 光伏用第 d 日 0:00 预报 + 负载用前一日剖面,2025-07-07,23:40-0:00+1,39.042106,2
② 光伏用第 d 日 0:00 预报 + 负载用前一日剖面,2025-07-08,0:20-0:40,30.754667,2
② 光伏用第 d 日 0:00 预报 + 负载用前一日剖面,2025-07-08,1:00-1:50,114.354564,5
② 光伏用第 d 日 0:00 预报 + 负载用前一日剖面,2025-07-08,2:40-3:10,93.689842,3
② 光伏用第 d 日 0:00 预报 + 负载用前一日剖面,2025-07-08,4:40-7:30,1623.436003,17
② 光伏用第 d 日 0:00 预报 + 负载用前一日剖面,2025-07-08,7:40-8:40,591.565850,6
② 光伏用第 d 日 0:00 预报 + 负载用前一日剖面,2025-07-08,9:00-9:10,37.478117,1
② 光伏用第 d 日 0:00 预报 + 负载用前一日剖面,2025-07-08,10:00-10:50,535.102075,5
② 光伏用第 d 日 0:00 预报 + 负载用前一日剖面,2025-07-08,11:10-11:30,106.980678,2
② 光伏用第 d 日 0:00 预报 + 负载用前一日剖面,2025-07-08,14:20-15:00,229.470100,4
② 光伏用第 d 日 0:00 预报 + 负载用前一日剖面,2025-07-08,15:50-16:00,73.466542,1
② 光伏用第 d 日 0:00 预报 + 负载用前一日剖面,2025-07-08,16:50-17:00,23.774439,1
② 光伏用第 d 日 0:00 预报 + 负载用前一日剖面,2025-07-08,17:30-17:50,97.532683,2
② 光伏用第 d 日 0:00 预报 + 负载用前一日剖面,2025-07-08,18:50-19:00,62.083250,1
② 光伏用第 d 日 0:00 预报 + 负载用前一日剖面,2025-07-08,19:30-20:00,12.597417,3
② 光伏用第 d 日 0:00 预报 + 负载用前一日剖面,2025-07-08,20:10-20:50,107.290417,4
② 光伏用第 d 日 0:00 预报 + 负载用前一日剖面,2025-07-08,21:00-21:40,198.316044,4
② 光伏用第 d 日 0:00 预报 + 负载用前一日剖面,2025-07-08,23:00-23:20,53.204644,2
② 光伏用第 d 日 0:00 预报 + 负载用前一日剖面,2025-07-08,23:40-0:00+1,23.724261,2
② 光伏用第 d 日 0:00 预报 + 负载用前一日剖面,2025-07-09,0:20-0:30,15.797972,1
② 光伏用第 d 日 0:00 预报 + 负载用前一日剖面,2025-07-09,0:50-1:20,48.728100,3
② 光伏用第 d 日 0:00 预报 + 负载用前一日剖面,2025-07-09,1:50-2:00,3.119506,1
② 光伏用第 d 日 0:00 预报 + 负载用前一日剖面,2025-07-09,2:20-2:30,0.014617,1
② 光伏用第 d 日 0:00 预报 + 负载用前一日剖面,2025-07-09,2:40-3:10,73.163619,3
② 光伏用第 d 日 0:00 预报 + 负载用前一日剖面,2025-07-09,3:30-4:40,59.404653,7
② 光伏用第 d 日 0:00 预报 + 负载用前一日剖面,2025-07-09,5:00-6:50,947.900069,11
② 光伏用第 d 日 0:00 预报 + 负载用前一日剖面,2025-07-09,7:00-7:30,161.963342,3
② 光伏用第 d 日 0:00 预报 + 负载用前一日剖面,2025-07-09,7:40-8:40,740.876683,6
② 光伏用第 d 日 0:00 预报 + 负载用前一日剖面,2025-07-09,9:00-9:20,240.516256,2
② 光伏用第 d 日 0:00 预报 + 负载用前一日剖面,2025-07-09,9:30-9:40,15.858836,1
② 光伏用第 d 日 0:00 预报 + 负载用前一日剖面,2025-07-09,11:00-11:10,12.200431,1
② 光伏用第 d 日 0:00 预报 + 负载用前一日剖面,2025-07-09,11:30-11:50,33.171578,2
② 光伏用第 d 日 0:00 预报 + 负载用前一日剖面,2025-07-09,15:50-16:00,24.542897,1
② 光伏用第 d 日 0:00 预报 + 负载用前一日剖面,2025-07-09,16:50-17:00,38.040653,1
② 光伏用第 d 日 0:00 预报 + 负载用前一日剖面,2025-07-09,17:30-17:40,80.839797,1
② 光伏用第 d 日 0:00 预报 + 负载用前一日剖面,2025-07-09,19:20-19:40,45.481889,2
② 光伏用第 d 日 0:00 预报 + 负载用前一日剖面,2025-07-09,19:50-20:00,19.027769,1
② 光伏用第 d 日 0:00 预报 + 负载用前一日剖面,2025-07-09,20:50-21:40,133.665533,5
② 光伏用第 d 日 0:00 预报 + 负载用前一日剖面,2025-07-09,22:10-22:30,53.526328,2
② 光伏用第 d 日 0:00 预报 + 负载用前一日剖面,2025-07-09,23:00-23:40,80.885611,4
② 光伏用第 d 日 0:00 预报 + 负载用前一日剖面,2025-07-10,0:10-0:30,91.363872,2
② 光伏用第 d 日 0:00 预报 + 负载用前一日剖面,2025-07-10,2:00-2:20,60.037189,2
② 光伏用第 d 日 0:00 预报 + 负载用前一日剖面,2025-07-10,2:40-3:40,136.880244,6
② 光伏用第 d 日 0:00 预报 + 负载用前一日剖面,2025-07-10,4:10-4:50,149.525033,4
② 光伏用第 d 日 0:00 预报 + 负载用前一日剖面,2025-07-10,5:00-6:50,1488.316386,11
② 光伏用第 d 日 0:00 预报 + 负载用前一日剖面,2025-07-10,7:00-10:50,4087.006519,23
② 光伏用第 d 日 0:00 预报 + 负载用前一日剖面,2025-07-10,11:10-11:40,76.830667,3
② 光伏用第 d 日 0:00 预报 + 负载用前一日剖面,2025-07-10,12:20-13:00,123.667061,4
② 光伏用第 d 日 0:00 预报 + 负载用前一日剖面,2025-07-10,13:50-14:00,0.000214,1
② 光伏用第 d 日 0:00 预报 + 负载用前一日剖面,2025-07-10,15:40-16:00,118.302811,2
② 光伏用第 d 日 0:00 预报 + 负载用前一日剖面,2025-07-10,16:50-17:00,9.384314,1
② 光伏用第 d 日 0:00 预报 + 负载用前一日剖面,2025-07-10,17:30-17:40,37.062381,1
② 光伏用第 d 日 0:00 预报 + 负载用前一日剖面,2025-07-10,18:50-19:30,135.456422,4
② 光伏用第 d 日 0:00 预报 + 负载用前一日剖面,2025-07-10,19:50-20:00,11.957583,1
② 光伏用第 d 日 0:00 预报 + 负载用前一日剖面,2025-07-10,20:20-21:50,317.635131,9
② 光伏用第 d 日 0:00 预报 + 负载用前一日剖面,2025-07-10,22:00-22:20,74.908594,2
② 光伏用第 d 日 0:00 预报 + 负载用前一日剖面,2025-07-10,22:30-23:10,97.346792,4
② 光伏用第 d 日 0:00 预报 + 负载用前一日剖面,2025-07-11,5:00-5:10,5.158619,1
② 光伏用第 d 日 0:00 预报 + 负载用前一日剖面,2025-07-12,0:00-1:00,141.220367,6
② 光伏用第 d 日 0:00 预报 + 负载用前一日剖面,2025-07-12,1:20-1:30,33.358089,1
② 光伏用第 d 日 0:00 预报 + 负载用前一日剖面,2025-07-12,1:50-2:10,23.182533,2
② 光伏用第 d 日 0:00 预报 + 负载用前一日剖面,2025-07-12,2:20-2:40,21.382556,2
② 光伏用第 d 日 0:00 预报 + 负载用前一日剖面,2025-07-12,3:00-3:20,45.960450,2
② 光伏用第 d 日 0:00 预报 + 负载用前一日剖面,2025-07-12,4:00-4:20,19.023400,2
② 光伏用第 d 日 0:00 预报 + 负载用前一日剖面,2025-07-12,5:00-5:50,486.895758,5
② 光伏用第 d 日 0:00 预报 + 负载用前一日剖面,2025-07-12,6:00-8:00,982.708350,12
② 光伏用第 d 日 0:00 预报 + 负载用前一日剖面,2025-07-12,8:10-8:20,182.648614,1
② 光伏用第 d 日 0:00 预报 + 负载用前一日剖面,2025-07-12,8:40-8:50,70.001231,1
② 光伏用第 d 日 0:00 预报 + 负载用前一日剖面,2025-07-12,9:00-9:10,304.019786,1
② 光伏用第 d 日 0:00 预报 + 负载用前一日剖面,2025-07-12,9:30-10:10,945.108392,4
② 光伏用第 d 日 0:00 预报 + 负载用前一日剖面,2025-07-12,10:20-10:30,242.437983,1
② 光伏用第 d 日 0:00 预报 + 负载用前一日剖面,2025-07-12,10:50-11:10,677.398283,2
② 光伏用第 d 日 0:00 预报 + 负载用前一日剖面,2025-07-12,11:20-11:50,555.106750,3
② 光伏用第 d 日 0:00 预报 + 负载用前一日剖面,2025-07-12,12:10-12:20,61.026111,1
② 光伏用第 d 日 0:00 预报 + 负载用前一日剖面,2025-07-12,13:30-13:40,60.776108,1
② 光伏用第 d 日 0:00 预报 + 负载用前一日剖面,2025-07-12,14:30-14:50,185.684817,2
② 光伏用第 d 日 0:00 预报 + 负载用前一日剖面,2025-07-12,15:30-16:00,101.393242,3
② 光伏用第 d 日 0:00 预报 + 负载用前一日剖面,2025-07-12,17:40-18:00,16.178661,2
② 光伏用第 d 日 0:00 预报 + 负载用前一日剖面,2025-07-12,18:40-19:00,13.174039,2
② 光伏用第 d 日 0:00 预报 + 负载用前一日剖面,2025-07-12,20:00-20:30,57.319083,3
② 光伏用第 d 日 0:00 预报 + 负载用前一日剖面,2025-07-12,20:40-21:10,17.561703,3
② 光伏用第 d 日 0:00 预报 + 负载用前一日剖面,2025-07-12,21:20-22:10,91.862589,5
② 光伏用第 d 日 0:00 预报 + 负载用前一日剖面,2025-07-12,22:20-22:30,2.819517,1
② 光伏用第 d 日 0:00 预报 + 负载用前一日剖面,2025-07-12,22:50-23:00,6.677850,1
② 光伏用第 d 日 0:00 预报 + 负载用前一日剖面,2025-07-12,23:20-0:00+1,213.127833,4
② 光伏用第 d 日 0:00 预报 + 负载用前一日剖面,2025-07-13,0:00-10:10,15079.713358,61
② 光伏用第 d 日 0:00 预报 + 负载用前一日剖面,2025-07-13,10:20-10:30,477.519714,1
② 光伏用第 d 日 0:00 预报 + 负载用前一日剖面,2025-07-13,10:50-11:50,3161.438381,6
② 光伏用第 d 日 0:00 预报 + 负载用前一日剖面,2025-07-13,12:10-12:20,188.401764,1
② 光伏用第 d 日 0:00 预报 + 负载用前一日剖面,2025-07-13,13:20-13:40,335.702617,2
② 光伏用第 d 日 0:00 预报 + 负载用前一日剖面,2025-07-13,14:20-0:00+1,12122.114178,58
② 光伏用第 d 日 0:00 预报 + 负载用前一日剖面,2025-07-14,0:30-0:50,35.532528,2
② 光伏用第 d 日 0:00 预报 + 负载用前一日剖面,2025-07-14,1:00-1:20,42.670117,2
② 光伏用第 d 日 0:00 预报 + 负载用前一日剖面,2025-07-14,1:30-1:50,51.071483,2
② 光伏用第 d 日 0:00 预报 + 负载用前一日剖面,2025-07-14,2:10-2:30,25.684850,2
② 光伏用第 d 日 0:00 预报 + 负载用前一日剖面,2025-07-14,2:50-3:50,227.000481,6
② 光伏用第 d 日 0:00 预报 + 负载用前一日剖面,2025-07-14,4:30-4:40,1.520111,1
② 光伏用第 d 日 0:00 预报 + 负载用前一日剖面,2025-07-14,5:00-6:50,1561.045308,11
② 光伏用第 d 日 0:00 预报 + 负载用前一日剖面,2025-07-14,7:00-8:30,1109.673158,9
② 光伏用第 d 日 0:00 预报 + 负载用前一日剖面,2025-07-14,9:00-9:40,320.642344,4
② 光伏用第 d 日 0:00 预报 + 负载用前一日剖面,2025-07-14,10:00-10:20,33.556711,2
② 光伏用第 d 日 0:00 预报 + 负载用前一日剖面,2025-07-14,13:10-14:00,400.820789,5
② 光伏用第 d 日 0:00 预报 + 负载用前一日剖面,2025-07-14,14:50-15:00,53.081575,1
② 光伏用第 d 日 0:00 预报 + 负载用前一日剖面,2025-07-14,15:40-16:00,180.512433,2
② 光伏用第 d 日 0:00 预报 + 负载用前一日剖面,2025-07-14,16:50-17:00,4.771689,1
② 光伏用第 d 日 0:00 预报 + 负载用前一日剖面,2025-07-14,17:30-17:40,19.495006,1
② 光伏用第 d 日 0:00 预报 + 负载用前一日剖面,2025-07-14,18:40-19:00,47.239300,2
② 光伏用第 d 日 0:00 预报 + 负载用前一日剖面,2025-07-14,19:30-20:10,42.491764,4
② 光伏用第 d 日 0:00 预报 + 负载用前一日剖面,2025-07-14,20:20-21:40,297.939133,8
② 光伏用第 d 日 0:00 预报 + 负载用前一日剖面,2025-07-14,22:10-23:00,123.201400,5
② 光伏用第 d 日 0:00 预报 + 负载用前一日剖面,2025-07-15,0:00-0:10,24.913311,1
② 光伏用第 d 日 0:00 预报 + 负载用前一日剖面,2025-07-15,0:30-0:50,41.817672,2
② 光伏用第 d 日 0:00 预报 + 负载用前一日剖面,2025-07-15,1:20-1:30,9.292706,1
② 光伏用第 d 日 0:00 预报 + 负载用前一日剖面,2025-07-15,1:50-2:40,186.765178,5
② 光伏用第 d 日 0:00 预报 + 负载用前一日剖面,2025-07-15,2:50-3:00,4.913356,1
② 光伏用第 d 日 0:00 预报 + 负载用前一日剖面,2025-07-15,3:10-3:30,55.924072,2
② 光伏用第 d 日 0:00 预报 + 负载用前一日剖面,2025-07-15,4:20-4:40,50.988828,2
② 光伏用第 d 日 0:00 预报 + 负载用前一日剖面,2025-07-15,5:00-5:30,265.683550,3
② 光伏用第 d 日 0:00 预报 + 负载用前一日剖面,2025-07-15,5:40-6:50,984.574406,7
② 光伏用第 d 日 0:00 预报 + 负载用前一日剖面,2025-07-15,7:00-7:30,425.133250,3
② 光伏用第 d 日 0:00 预报 + 负载用前一日剖面,2025-07-15,7:40-8:50,1025.776700,7
② 光伏用第 d 日 0:00 预报 + 负载用前一日剖面,2025-07-15,9:20-9:30,20.710750,1
② 光伏用第 d 日 0:00 预报 + 负载用前一日剖面,2025-07-15,12:10-13:00,156.147886,5
② 光伏用第 d 日 0:00 预报 + 负载用前一日剖面,2025-07-15,13:30-14:00,135.413975,3
② 光伏用第 d 日 0:00 预报 + 负载用前一日剖面,2025-07-15,17:30-17:40,24.202497,1
② 光伏用第 d 日 0:00 预报 + 负载用前一日剖面,2025-07-15,18:50-19:10,19.141861,2
② 光伏用第 d 日 0:00 预报 + 负载用前一日剖面,2025-07-15,19:30-19:40,6.576992,1
② 光伏用第 d 日 0:00 预报 + 负载用前一日剖面,2025-07-15,21:00-21:40,228.869339,4
② 光伏用第 d 日 0:00 预报 + 负载用前一日剖面,2025-07-15,22:40-23:00,29.041000,2
② 光伏用第 d 日 0:00 预报 + 负载用前一日剖面,2025-07-15,23:20-23:30,16.017242,1
② 光伏用第 d 日 0:00 预报 + 负载用前一日剖面,2025-07-16,1:30-2:30,174.593250,6
② 光伏用第 d 日 0:00 预报 + 负载用前一日剖面,2025-07-16,3:30-3:40,9.102231,1
② 光伏用第 d 日 0:00 预报 + 负载用前一日剖面,2025-07-16,4:00-6:50,1582.418489,17
② 光伏用第 d 日 0:00 预报 + 负载用前一日剖面,2025-07-16,7:00-7:30,45.202150,3
② 光伏用第 d 日 0:00 预报 + 负载用前一日剖面,2025-07-16,7:50-8:40,438.493761,5
② 光伏用第 d 日 0:00 预报 + 负载用前一日剖面,2025-07-16,9:00-9:20,185.029978,2
② 光伏用第 d 日 0:00 预报 + 负载用前一日剖面,2025-07-16,10:20-13:30,2656.530769,19
② 光伏用第 d 日 0:00 预报 + 负载用前一日剖面,2025-07-16,13:40-14:00,170.780522,2
② 光伏用第 d 日 0:00 预报 + 负载用前一日剖面,2025-07-16,14:50-15:00,130.847803,1
② 光伏用第 d 日 0:00 预报 + 负载用前一日剖面,2025-07-16,18:50-19:00,23.912794,1
② 光伏用第 d 日 0:00 预报 + 负载用前一日剖面,2025-07-16,19:50-20:30,204.069944,4
② 光伏用第 d 日 0:00 预报 + 负载用前一日剖面,2025-07-16,21:20-21:40,14.955278,2
② 光伏用第 d 日 0:00 预报 + 负载用前一日剖面,2025-07-16,22:00-22:40,233.129378,4
② 光伏用第 d 日 0:00 预报 + 负载用前一日剖面,2025-07-16,22:50-23:10,70.299725,2
② 光伏用第 d 日 0:00 预报 + 负载用前一日剖面,2025-07-16,23:20-23:50,68.844275,3
② 光伏用第 d 日 0:00 预报 + 负载用前一日剖面,2025-07-17,0:00-1:30,284.969333,9
② 光伏用第 d 日 0:00 预报 + 负载用前一日剖面,2025-07-17,1:50-2:00,22.981150,1
② 光伏用第 d 日 0:00 预报 + 负载用前一日剖面,2025-07-17,3:20-4:10,156.520017,5
② 光伏用第 d 日 0:00 预报 + 负载用前一日剖面,2025-07-17,4:40-7:30,1405.898125,17
② 光伏用第 d 日 0:00 预报 + 负载用前一日剖面,2025-07-17,7:40-9:40,1030.761544,12
② 光伏用第 d 日 0:00 预报 + 负载用前一日剖面,2025-07-17,10:00-10:40,559.538494,4
② 光伏用第 d 日 0:00 预报 + 负载用前一日剖面,2025-07-17,11:00-11:50,416.239622,5
② 光伏用第 d 日 0:00 预报 + 负载用前一日剖面,2025-07-17,12:50-14:00,455.314550,7
② 光伏用第 d 日 0:00 预报 + 负载用前一日剖面,2025-07-17,14:10-15:00,450.479003,5
② 光伏用第 d 日 0:00 预报 + 负载用前一日剖面,2025-07-17,15:30-15:40,0.533233,1
② 光伏用第 d 日 0:00 预报 + 负载用前一日剖面,2025-07-17,16:30-17:00,185.877692,3
② 光伏用第 d 日 0:00 预报 + 负载用前一日剖面,2025-07-17,17:30-17:40,15.829278,1
② 光伏用第 d 日 0:00 预报 + 负载用前一日剖面,2025-07-17,19:00-19:20,35.850722,2
② 光伏用第 d 日 0:00 预报 + 负载用前一日剖面,2025-07-17,20:00-20:50,150.674900,5
② 光伏用第 d 日 0:00 预报 + 负载用前一日剖面,2025-07-17,21:00-21:40,259.222694,4
② 光伏用第 d 日 0:00 预报 + 负载用前一日剖面,2025-07-17,22:40-23:20,60.102356,4
② 光伏用第 d 日 0:00 预报 + 负载用前一日剖面,2025-07-17,23:30-23:50,91.097806,2
② 光伏用第 d 日 0:00 预报 + 负载用前一日剖面,2025-07-19,0:00-0:20,12.024956,2
② 光伏用第 d 日 0:00 预报 + 负载用前一日剖面,2025-07-19,0:30-0:50,45.765322,2
② 光伏用第 d 日 0:00 预报 + 负载用前一日剖面,2025-07-19,1:00-1:30,67.715233,3
② 光伏用第 d 日 0:00 预报 + 负载用前一日剖面,2025-07-19,2:20-2:40,69.364528,2
② 光伏用第 d 日 0:00 预报 + 负载用前一日剖面,2025-07-19,2:50-3:10,43.195931,2
② 光伏用第 d 日 0:00 预报 + 负载用前一日剖面,2025-07-19,3:20-3:50,102.384817,3
② 光伏用第 d 日 0:00 预报 + 负载用前一日剖面,2025-07-19,4:00-5:40,835.975361,10
② 光伏用第 d 日 0:00 预报 + 负载用前一日剖面,2025-07-19,6:00-7:10,1062.273356,7
② 光伏用第 d 日 0:00 预报 + 负载用前一日剖面,2025-07-19,7:20-7:50,176.842133,3
② 光伏用第 d 日 0:00 预报 + 负载用前一日剖面,2025-07-19,8:00-8:20,330.773811,2
② 光伏用第 d 日 0:00 预报 + 负载用前一日剖面,2025-07-19,8:40-9:40,957.563517,6
② 光伏用第 d 日 0:00 预报 + 负载用前一日剖面,2025-07-19,10:00-10:20,243.305500,2
② 光伏用第 d 日 0:00 预报 + 负载用前一日剖面,2025-07-19,10:30-10:50,138.937517,2
② 光伏用第 d 日 0:00 预报 + 负载用前一日剖面,2025-07-19,11:20-11:30,11.666578,1
② 光伏用第 d 日 0:00 预报 + 负载用前一日剖面,2025-07-19,17:50-18:00,24.672106,1
② 光伏用第 d 日 0:00 预报 + 负载用前一日剖面,2025-07-19,18:40-19:00,50.069511,2
② 光伏用第 d 日 0:00 预报 + 负载用前一日剖面,2025-07-19,19:20-21:50,403.814469,15
② 光伏用第 d 日 0:00 预报 + 负载用前一日剖面,2025-07-19,23:20-0:00+1,348.971428,4
② 光伏用第 d 日 0:00 预报 + 负载用前一日剖面,2025-07-20,0:00-9:40,15911.798883,58
② 光伏用第 d 日 0:00 预报 + 负载用前一日剖面,2025-07-20,9:50-10:20,1200.429789,3
② 光伏用第 d 日 0:00 预报 + 负载用前一日剖面,2025-07-20,10:30-10:50,939.760739,2
② 光伏用第 d 日 0:00 预报 + 负载用前一日剖面,2025-07-20,11:10-11:30,636.167178,2
② 光伏用第 d 日 0:00 预报 + 负载用前一日剖面,2025-07-20,11:40-11:50,276.898881,1
② 光伏用第 d 日 0:00 预报 + 负载用前一日剖面,2025-07-20,12:10-12:50,627.555200,4
② 光伏用第 d 日 0:00 预报 + 负载用前一日剖面,2025-07-20,13:50-0:00+1,15848.704928,61
② 光伏用第 d 日 0:00 预报 + 负载用前一日剖面,2025-07-21,0:00-0:20,4.906367,2
② 光伏用第 d 日 0:00 预报 + 负载用前一日剖面,2025-07-21,1:00-1:30,98.613550,3
② 光伏用第 d 日 0:00 预报 + 负载用前一日剖面,2025-07-21,1:50-2:30,138.048767,4
② 光伏用第 d 日 0:00 预报 + 负载用前一日剖面,2025-07-21,3:20-3:50,43.825592,3
② 光伏用第 d 日 0:00 预报 + 负载用前一日剖面,2025-07-21,4:10-4:20,12.393156,1
② 光伏用第 d 日 0:00 预报 + 负载用前一日剖面,2025-07-21,4:30-4:50,36.510494,2
② 光伏用第 d 日 0:00 预报 + 负载用前一日剖面,2025-07-21,5:00-7:20,1837.672311,14
② 光伏用第 d 日 0:00 预报 + 负载用前一日剖面,2025-07-21,7:40-8:40,776.261489,6
② 光伏用第 d 日 0:00 预报 + 负载用前一日剖面,2025-07-21,9:00-10:40,1058.272850,10
② 光伏用第 d 日 0:00 预报 + 负载用前一日剖面,2025-07-21,12:40-13:30,170.648286,5
② 光伏用第 d 日 0:00 预报 + 负载用前一日剖面,2025-07-21,13:50-14:00,2.563703,1
② 光伏用第 d 日 0:00 预报 + 负载用前一日剖面,2025-07-21,17:20-17:40,56.420644,2
② 光伏用第 d 日 0:00 预报 + 负载用前一日剖面,2025-07-21,18:30-19:20,138.130075,5
② 光伏用第 d 日 0:00 预报 + 负载用前一日剖面,2025-07-21,19:40-20:00,15.898300,2
② 光伏用第 d 日 0:00 预报 + 负载用前一日剖面,2025-07-21,20:30-20:50,27.784000,2
② 光伏用第 d 日 0:00 预报 + 负载用前一日剖面,2025-07-21,21:00-21:40,229.932867,4
② 光伏用第 d 日 0:00 预报 + 负载用前一日剖面,2025-07-21,22:30-22:50,30.349061,2
② 光伏用第 d 日 0:00 预报 + 负载用前一日剖面,2025-07-21,23:30-0:00+1,52.901550,3
② 光伏用第 d 日 0:00 预报 + 负载用前一日剖面,2025-07-22,0:00-1:10,346.596494,7
② 光伏用第 d 日 0:00 预报 + 负载用前一日剖面,2025-07-22,1:40-2:00,46.618939,2
② 光伏用第 d 日 0:00 预报 + 负载用前一日剖面,2025-07-22,3:00-4:20,315.016111,8
② 光伏用第 d 日 0:00 预报 + 负载用前一日剖面,2025-07-22,5:00-5:30,290.579133,3
② 光伏用第 d 日 0:00 预报 + 负载用前一日剖面,2025-07-22,5:40-9:40,3390.024506,24
② 光伏用第 d 日 0:00 预报 + 负载用前一日剖面,2025-07-22,10:00-10:20,43.262044,2
② 光伏用第 d 日 0:00 预报 + 负载用前一日剖面,2025-07-22,11:00-12:00,1065.153167,6
② 光伏用第 d 日 0:00 预报 + 负载用前一日剖面,2025-07-22,12:30-13:00,333.978117,3
② 光伏用第 d 日 0:00 预报 + 负载用前一日剖面,2025-07-22,13:30-13:50,67.857550,2
② 光伏用第 d 日 0:00 预报 + 负载用前一日剖面,2025-07-22,14:40-15:00,61.954767,2
② 光伏用第 d 日 0:00 预报 + 负载用前一日剖面,2025-07-22,15:20-16:00,135.368406,4
② 光伏用第 d 日 0:00 预报 + 负载用前一日剖面,2025-07-22,16:50-17:00,25.154289,1
② 光伏用第 d 日 0:00 预报 + 负载用前一日剖面,2025-07-22,19:20-20:20,186.947561,6
② 光伏用第 d 日 0:00 预报 + 负载用前一日剖面,2025-07-22,20:30-20:50,2.503278,2
② 光伏用第 d 日 0:00 预报 + 负载用前一日剖面,2025-07-22,21:00-21:40,95.878533,4
② 光伏用第 d 日 0:00 预报 + 负载用前一日剖面,2025-07-22,22:00-23:30,215.192725,9
② 光伏用第 d 日 0:00 预报 + 负载用前一日剖面,2025-07-23,1:00-1:20,56.767178,2
② 光伏用第 d 日 0:00 预报 + 负载用前一日剖面,2025-07-23,1:30-1:50,1.422844,2
② 光伏用第 d 日 0:00 预报 + 负载用前一日剖面,2025-07-23,2:00-3:00,118.224650,6
② 光伏用第 d 日 0:00 预报 + 负载用前一日剖面,2025-07-23,4:10-4:30,21.885100,2
② 光伏用第 d 日 0:00 预报 + 负载用前一日剖面,2025-07-23,4:50-5:30,295.962850,4
② 光伏用第 d 日 0:00 预报 + 负载用前一日剖面,2025-07-23,5:40-6:30,478.493614,5
② 光伏用第 d 日 0:00 预报 + 负载用前一日剖面,2025-07-23,7:00-7:30,291.104633,3
② 光伏用第 d 日 0:00 预报 + 负载用前一日剖面,2025-07-23,7:40-8:30,542.065739,5
② 光伏用第 d 日 0:00 预报 + 负载用前一日剖面,2025-07-23,9:00-9:20,136.962339,2
② 光伏用第 d 日 0:00 预报 + 负载用前一日剖面,2025-07-23,11:00-11:20,107.654061,2
② 光伏用第 d 日 0:00 预报 + 负载用前一日剖面,2025-07-23,17:30-17:40,36.853139,1
② 光伏用第 d 日 0:00 预报 + 负载用前一日剖面,2025-07-23,18:50-19:00,27.900211,1
② 光伏用第 d 日 0:00 预报 + 负载用前一日剖面,2025-07-23,19:30-19:50,24.302589,2
② 光伏用第 d 日 0:00 预报 + 负载用前一日剖面,2025-07-23,21:00-21:40,185.785461,4
② 光伏用第 d 日 0:00 预报 + 负载用前一日剖面,2025-07-23,22:00-22:30,58.823367,3
② 光伏用第 d 日 0:00 预报 + 负载用前一日剖面,2025-07-23,23:20-0:00+1,70.422611,4
② 光伏用第 d 日 0:00 预报 + 负载用前一日剖面,2025-07-24,0:00-1:00,171.250600,6
② 光伏用第 d 日 0:00 预报 + 负载用前一日剖面,2025-07-24,2:00-2:10,9.229019,1
② 光伏用第 d 日 0:00 预报 + 负载用前一日剖面,2025-07-24,2:20-2:50,24.096508,3
② 光伏用第 d 日 0:00 预报 + 负载用前一日剖面,2025-07-24,3:00-3:50,127.437358,5
② 光伏用第 d 日 0:00 预报 + 负载用前一日剖面,2025-07-24,4:30-7:20,1665.310119,17
② 光伏用第 d 日 0:00 预报 + 负载用前一日剖面,2025-07-24,7:40-8:30,373.264336,5
② 光伏用第 d 日 0:00 预报 + 负载用前一日剖面,2025-07-24,9:00-9:10,9.331050,1
② 光伏用第 d 日 0:00 预报 + 负载用前一日剖面,2025-07-24,19:50-20:00,3.575889,1
② 光伏用第 d 日 0:00 预报 + 负载用前一日剖面,2025-07-24,20:30-20:40,2.679467,1
② 光伏用第 d 日 0:00 预报 + 负载用前一日剖面,2025-07-24,21:00-21:40,155.600661,4
② 光伏用第 d 日 0:00 预报 + 负载用前一日剖面,2025-07-24,22:00-22:30,35.907142,3
② 光伏用第 d 日 0:00 预报 + 负载用前一日剖面,2025-07-24,22:50-23:20,39.556769,3
② 光伏用第 d 日 0:00 预报 + 负载用前一日剖面,2025-07-26,0:50-1:30,169.894103,4
② 光伏用第 d 日 0:00 预报 + 负载用前一日剖面,2025-07-26,2:00-3:10,164.459828,7
② 光伏用第 d 日 0:00 预报 + 负载用前一日剖面,2025-07-26,3:50-4:10,56.548544,2
② 光伏用第 d 日 0:00 预报 + 负载用前一日剖面,2025-07-26,4:40-5:50,548.653706,7
② 光伏用第 d 日 0:00 预报 + 负载用前一日剖面,2025-07-26,6:00-7:10,968.746917,7
② 光伏用第 d 日 0:00 预报 + 负载用前一日剖面,2025-07-26,7:20-7:50,159.945500,3
② 光伏用第 d 日 0:00 预报 + 负载用前一日剖面,2025-07-26,8:00-8:20,199.592422,2
② 光伏用第 d 日 0:00 预报 + 负载用前一日剖面,2025-07-26,8:50-9:40,696.763742,5
② 光伏用第 d 日 0:00 预报 + 负载用前一日剖面,2025-07-26,10:40-11:00,21.189361,2
② 光伏用第 d 日 0:00 预报 + 负载用前一日剖面,2025-07-26,11:10-11:30,173.525606,2
② 光伏用第 d 日 0:00 预报 + 负载用前一日剖面,2025-07-26,15:50-16:00,37.836250,1
② 光伏用第 d 日 0:00 预报 + 负载用前一日剖面,2025-07-26,17:50-18:00,59.795533,1
② 光伏用第 d 日 0:00 预报 + 负载用前一日剖面,2025-07-26,19:10-20:50,240.188947,10
② 光伏用第 d 日 0:00 预报 + 负载用前一日剖面,2025-07-26,21:00-21:40,87.101150,4
② 光伏用第 d 日 0:00 预报 + 负载用前一日剖面,2025-07-26,22:30-22:50,65.127000,2
② 光伏用第 d 日 0:00 预报 + 负载用前一日剖面,2025-07-26,23:00-23:20,20.944522,2
② 光伏用第 d 日 0:00 预报 + 负载用前一日剖面,2025-07-26,23:40-0:00+1,172.778772,2
② 光伏用第 d 日 0:00 预报 + 负载用前一日剖面,2025-07-27,0:00-9:40,16487.597439,58
② 光伏用第 d 日 0:00 预报 + 负载用前一日剖面,2025-07-27,10:00-10:20,937.166311,2
② 光伏用第 d 日 0:00 预报 + 负载用前一日剖面,2025-07-27,10:30-10:50,881.880128,2
② 光伏用第 d 日 0:00 预报 + 负载用前一日剖面,2025-07-27,11:10-11:30,758.867539,2
② 光伏用第 d 日 0:00 预报 + 负载用前一日剖面,2025-07-27,11:40-11:50,320.419903,1
② 光伏用第 d 日 0:00 预报 + 负载用前一日剖面,2025-07-27,12:10-12:40,883.191467,3
② 光伏用第 d 日 0:00 预报 + 负载用前一日剖面,2025-07-27,13:50-0:00+1,17946.287186,61
② 光伏用第 d 日 0:00 预报 + 负载用前一日剖面,2025-07-28,0:00-0:10,27.567453,1
② 光伏用第 d 日 0:00 预报 + 负载用前一日剖面,2025-07-28,1:00-1:10,6.083967,1
② 光伏用第 d 日 0:00 预报 + 负载用前一日剖面,2025-07-28,2:00-2:40,69.352150,4
② 光伏用第 d 日 0:00 预报 + 负载用前一日剖面,2025-07-28,3:00-3:20,104.182117,2
② 光伏用第 d 日 0:00 预报 + 负载用前一日剖面,2025-07-28,5:00-7:20,1566.692589,14
② 光伏用第 d 日 0:00 预报 + 负载用前一日剖面,2025-07-28,7:40-8:50,1003.715328,7
② 光伏用第 d 日 0:00 预报 + 负载用前一日剖面,2025-07-28,9:00-11:40,2567.191072,16
② 光伏用第 d 日 0:00 预报 + 负载用前一日剖面,2025-07-28,11:50-12:00,4.116889,1
② 光伏用第 d 日 0:00 预报 + 负载用前一日剖面,2025-07-28,12:10-12:20,33.443531,1
② 光伏用第 d 日 0:00 预报 + 负载用前一日剖面,2025-07-28,12:40-13:00,42.430878,2
② 光伏用第 d 日 0:00 预报 + 负载用前一日剖面,2025-07-28,15:50-16:00,7.757792,1
② 光伏用第 d 日 0:00 预报 + 负载用前一日剖面,2025-07-28,16:40-17:00,115.871717,2
② 光伏用第 d 日 0:00 预报 + 负载用前一日剖面,2025-07-28,17:30-17:50,183.892750,2
② 光伏用第 d 日 0:00 预报 + 负载用前一日剖面,2025-07-28,20:10-21:40,534.732681,9
② 光伏用第 d 日 0:00 预报 + 负载用前一日剖面,2025-07-28,22:30-22:40,19.768344,1
② 光伏用第 d 日 0:00 预报 + 负载用前一日剖面,2025-07-28,23:10-23:40,136.804642,3
② 光伏用第 d 日 0:00 预报 + 负载用前一日剖面,2025-07-29,0:10-0:40,108.002950,3
② 光伏用第 d 日 0:00 预报 + 负载用前一日剖面,2025-07-29,1:20-1:30,21.388439,1
② 光伏用第 d 日 0:00 预报 + 负载用前一日剖面,2025-07-29,1:40-2:10,89.454769,3
② 光伏用第 d 日 0:00 预报 + 负载用前一日剖面,2025-07-29,2:30-2:40,8.162892,1
② 光伏用第 d 日 0:00 预报 + 负载用前一日剖面,2025-07-29,3:00-4:10,256.994550,7
② 光伏用第 d 日 0:00 预报 + 负载用前一日剖面,2025-07-29,5:00-6:40,1030.726922,10
② 光伏用第 d 日 0:00 预报 + 负载用前一日剖面,2025-07-29,7:00-14:00,5828.278400,42
② 光伏用第 d 日 0:00 预报 + 负载用前一日剖面,2025-07-29,16:40-17:00,44.585367,2
② 光伏用第 d 日 0:00 预报 + 负载用前一日剖面,2025-07-29,18:40-20:00,331.088367,8
② 光伏用第 d 日 0:00 预报 + 负载用前一日剖面,2025-07-29,20:30-20:50,56.339311,2
② 光伏用第 d 日 0:00 预报 + 负载用前一日剖面,2025-07-29,21:30-21:40,21.177922,1
② 光伏用第 d 日 0:00 预报 + 负载用前一日剖面,2025-07-29,22:10-22:50,100.725800,4
② 光伏用第 d 日 0:00 预报 + 负载用前一日剖面,2025-07-29,23:10-23:20,4.056175,1
② 光伏用第 d 日 0:00 预报 + 负载用前一日剖面,2025-07-30,0:00-0:10,5.663025,1
② 光伏用第 d 日 0:00 预报 + 负载用前一日剖面,2025-07-30,0:30-1:10,110.490931,4
② 光伏用第 d 日 0:00 预报 + 负载用前一日剖面,2025-07-30,1:30-1:50,13.113761,2
② 光伏用第 d 日 0:00 预报 + 负载用前一日剖面,2025-07-30,2:00-2:20,67.129989,2
② 光伏用第 d 日 0:00 预报 + 负载用前一日剖面,2025-07-30,2:40-3:10,75.989525,3
② 光伏用第 d 日 0:00 预报 + 负载用前一日剖面,2025-07-30,4:00-4:50,161.829442,5
② 光伏用第 d 日 0:00 预报 + 负载用前一日剖面,2025-07-30,5:00-14:00,8923.229350,54
② 光伏用第 d 日 0:00 预报 + 负载用前一日剖面,2025-07-30,14:30-15:00,523.628725,3
② 光伏用第 d 日 0:00 预报 + 负载用前一日剖面,2025-07-30,15:40-16:00,91.808278,2
② 光伏用第 d 日 0:00 预报 + 负载用前一日剖面,2025-07-30,16:40-17:00,93.899689,2
② 光伏用第 d 日 0:00 预报 + 负载用前一日剖面,2025-07-30,17:30-17:40,81.380950,1
② 光伏用第 d 日 0:00 预报 + 负载用前一日剖面,2025-07-30,18:40-18:50,31.324053,1
② 光伏用第 d 日 0:00 预报 + 负载用前一日剖面,2025-07-30,19:40-19:50,1.153617,1
② 光伏用第 d 日 0:00 预报 + 负载用前一日剖面,2025-07-30,20:50-21:40,247.651261,5
② 光伏用第 d 日 0:00 预报 + 负载用前一日剖面,2025-07-30,22:00-22:20,20.085150,2
② 光伏用第 d 日 0:00 预报 + 负载用前一日剖面,2025-07-30,22:40-23:00,39.213200,2
② 光伏用第 d 日 0:00 预报 + 负载用前一日剖面,2025-07-31,1:10-1:30,40.110867,2
② 光伏用第 d 日 0:00 预报 + 负载用前一日剖面,2025-07-31,1:50-2:30,148.957750,4
② 光伏用第 d 日 0:00 预报 + 负载用前一日剖面,2025-07-31,3:20-3:40,14.413406,2
② 光伏用第 d 日 0:00 预报 + 负载用前一日剖面,2025-07-31,4:20-6:50,1785.747483,15
② 光伏用第 d 日 0:00 预报 + 负载用前一日剖面,2025-07-31,7:00-7:30,240.690925,3
② 光伏用第 d 日 0:00 预报 + 负载用前一日剖面,2025-07-31,7:40-12:20,3098.081856,28
② 光伏用第 d 日 0:00 预报 + 负载用前一日剖面,2025-07-31,12:30-13:00,422.090758,3
② 光伏用第 d 日 0:00 预报 + 负载用前一日剖面,2025-07-31,13:50-15:00,616.692292,7
② 光伏用第 d 日 0:00 预报 + 负载用前一日剖面,2025-07-31,15:20-16:00,393.951300,4
② 光伏用第 d 日 0:00 预报 + 负载用前一日剖面,2025-07-31,16:40-17:00,39.011111,2
② 光伏用第 d 日 0:00 预报 + 负载用前一日剖面,2025-07-31,17:20-17:40,79.231689,2
② 光伏用第 d 日 0:00 预报 + 负载用前一日剖面,2025-07-31,19:00-20:50,258.415167,11
② 光伏用第 d 日 0:00 预报 + 负载用前一日剖面,2025-07-31,21:00-21:40,146.909461,4
② 光伏用第 d 日 0:00 预报 + 负载用前一日剖面,2025-07-31,22:00-22:20,49.293650,2
② 光伏用第 d 日 0:00 预报 + 负载用前一日剖面,2025-07-31,22:30-22:50,34.813867,2
② 光伏用第 d 日 0:00 预报 + 负载用前一日剖面,2025-07-31,23:30-23:50,60.785928,2
② 光伏用第 d 日 0:00 预报 + 负载用前一日剖面,2025-08-01,5:00-5:20,112.848122,2
② 光伏用第 d 日 0:00 预报 + 负载用前一日剖面,2025-08-02,1:10-1:30,59.990361,2
② 光伏用第 d 日 0:00 预报 + 负载用前一日剖面,2025-08-02,1:50-2:10,30.155103,2
② 光伏用第 d 日 0:00 预报 + 负载用前一日剖面,2025-08-02,3:10-3:20,3.275508,1
② 光伏用第 d 日 0:00 预报 + 负载用前一日剖面,2025-08-02,3:50-4:00,6.428225,1
② 光伏用第 d 日 0:00 预报 + 负载用前一日剖面,2025-08-02,5:00-5:50,475.108694,5
② 光伏用第 d 日 0:00 预报 + 负载用前一日剖面,2025-08-02,6:00-7:50,1154.666306,11
② 光伏用第 d 日 0:00 预报 + 负载用前一日剖面,2025-08-02,8:00-8:20,379.766567,2
② 光伏用第 d 日 0:00 预报 + 负载用前一日剖面,2025-08-02,8:40-9:20,357.606661,4
② 光伏用第 d 日 0:00 预报 + 负载用前一日剖面,2025-08-02,18:50-19:10,25.273053,2
② 光伏用第 d 日 0:00 预报 + 负载用前一日剖面,2025-08-02,19:40-21:10,139.748075,9
② 光伏用第 d 日 0:00 预报 + 负载用前一日剖面,2025-08-02,21:20-21:30,35.501408,1
② 光伏用第 d 日 0:00 预报 + 负载用前一日剖面,2025-08-02,23:10-0:00+1,415.440886,5
② 光伏用第 d 日 0:00 预报 + 负载用前一日剖面,2025-08-03,0:00-8:50,13099.601156,53
② 光伏用第 d 日 0:00 预报 + 负载用前一日剖面,2025-08-03,9:00-9:10,651.352839,1
② 光伏用第 d 日 0:00 预报 + 负载用前一日剖面,2025-08-03,9:40-10:20,1871.569183,4
② 光伏用第 d 日 0:00 预报 + 负载用前一日剖面,2025-08-03,10:30-11:00,1307.003000,3
② 光伏用第 d 日 0:00 预报 + 负载用前一日剖面,2025-08-03,11:10-11:30,1113.528833,2
② 光伏用第 d 日 0:00 预报 + 负载用前一日剖面,2025-08-03,11:40-12:00,790.564250,2
② 光伏用第 d 日 0:00 预报 + 负载用前一日剖面,2025-08-03,12:40-13:00,670.417950,2
② 光伏用第 d 日 0:00 预报 + 负载用前一日剖面,2025-08-03,13:10-13:30,819.076650,2
② 光伏用第 d 日 0:00 预报 + 负载用前一日剖面,2025-08-03,13:40-13:50,460.104500,1
② 光伏用第 d 日 0:00 预报 + 负载用前一日剖面,2025-08-03,14:00-14:10,266.919161,1
② 光伏用第 d 日 0:00 预报 + 负载用前一日剖面,2025-08-03,14:20-14:40,878.990756,2
② 光伏用第 d 日 0:00 预报 + 负载用前一日剖面,2025-08-03,15:00-0:00+1,14809.538444,54
② 光伏用第 d 日 0:00 预报 + 负载用前一日剖面,2025-08-04,0:00-0:20,42.322056,2
② 光伏用第 d 日 0:00 预报 + 负载用前一日剖面,2025-08-04,0:30-0:50,22.552372,2
② 光伏用第 d 日 0:00 预报 + 负载用前一日剖面,2025-08-04,1:00-1:10,10.954489,1
② 光伏用第 d 日 0:00 预报 + 负载用前一日剖面,2025-08-04,1:30-2:00,26.065933,3
② 光伏用第 d 日 0:00 预报 + 负载用前一日剖面,2025-08-04,2:30-2:50,5.983711,2
② 光伏用第 d 日 0:00 预报 + 负载用前一日剖面,2025-08-04,3:20-3:50,37.641983,3
② 光伏用第 d 日 0:00 预报 + 负载用前一日剖面,2025-08-04,4:10-4:30,61.809000,2
② 光伏用第 d 日 0:00 预报 + 负载用前一日剖面,2025-08-04,5:00-5:30,223.021733,3
② 光伏用第 d 日 0:00 预报 + 负载用前一日剖面,2025-08-04,5:40-6:50,978.145006,7
② 光伏用第 d 日 0:00 预报 + 负载用前一日剖面,2025-08-04,7:00-8:50,1603.700878,11
② 光伏用第 d 日 0:00 预报 + 负载用前一日剖面,2025-08-04,9:00-11:50,1766.752217,17
② 光伏用第 d 日 0:00 预报 + 负载用前一日剖面,2025-08-04,12:20-14:00,840.372750,10
② 光伏用第 d 日 0:00 预报 + 负载用前一日剖面,2025-08-04,18:40-19:00,56.268594,2
② 光伏用第 d 日 0:00 预报 + 负载用前一日剖面,2025-08-04,21:00-21:40,104.285217,4
② 光伏用第 d 日 0:00 预报 + 负载用前一日剖面,2025-08-04,22:10-22:20,3.573097,1
② 光伏用第 d 日 0:00 预报 + 负载用前一日剖面,2025-08-04,23:00-0:00+1,233.257333,6
② 光伏用第 d 日 0:00 预报 + 负载用前一日剖面,2025-08-05,0:00-0:40,59.047567,4
② 光伏用第 d 日 0:00 预报 + 负载用前一日剖面,2025-08-05,1:00-1:20,53.461339,2
② 光伏用第 d 日 0:00 预报 + 负载用前一日剖面,2025-08-05,2:00-2:20,115.504100,2
② 光伏用第 d 日 0:00 预报 + 负载用前一日剖面,2025-08-05,2:30-2:40,14.567933,1
② 光伏用第 d 日 0:00 预报 + 负载用前一日剖面,2025-08-05,3:10-4:00,134.459500,5
② 光伏用第 d 日 0:00 预报 + 负载用前一日剖面,2025-08-05,4:20-4:40,21.165633,2
② 光伏用第 d 日 0:00 预报 + 负载用前一日剖面,2025-08-05,5:00-6:50,1246.068500,11
② 光伏用第 d 日 0:00 预报 + 负载用前一日剖面,2025-08-05,7:00-7:30,278.980458,3
② 光伏用第 d 日 0:00 预报 + 负载用前一日剖面,2025-08-05,7:40-13:00,4797.621689,32
② 光伏用第 d 日 0:00 预报 + 负载用前一日剖面,2025-08-05,14:50-15:00,120.035522,1
② 光伏用第 d 日 0:00 预报 + 负载用前一日剖面,2025-08-05,18:40-19:10,57.186050,3
② 光伏用第 d 日 0:00 预报 + 负载用前一日剖面,2025-08-05,19:30-20:20,147.630317,5
② 光伏用第 d 日 0:00 预报 + 负载用前一日剖面,2025-08-05,21:00-21:40,218.311494,4
② 光伏用第 d 日 0:00 预报 + 负载用前一日剖面,2025-08-05,22:10-22:40,77.002642,3
② 光伏用第 d 日 0:00 预报 + 负载用前一日剖面,2025-08-05,23:20-23:30,10.619267,1
② 光伏用第 d 日 0:00 预报 + 负载用前一日剖面,2025-08-06,0:30-0:50,32.324928,2
② 光伏用第 d 日 0:00 预报 + 负载用前一日剖面,2025-08-06,1:00-1:20,82.332472,2
② 光伏用第 d 日 0:00 预报 + 负载用前一日剖面,2025-08-06,2:30-2:50,38.400689,2
② 光伏用第 d 日 0:00 预报 + 负载用前一日剖面,2025-08-06,3:10-3:40,81.824250,3
② 光伏用第 d 日 0:00 预报 + 负载用前一日剖面,2025-08-06,4:00-4:20,47.086061,2
② 光伏用第 d 日 0:00 预报 + 负载用前一日剖面,2025-08-06,5:00-11:40,5918.342344,40
② 光伏用第 d 日 0:00 预报 + 负载用前一日剖面,2025-08-06,12:40-13:00,108.551339,2
② 光伏用第 d 日 0:00 预报 + 负载用前一日剖面,2025-08-06,17:30-17:40,1.521633,1
② 光伏用第 d 日 0:00 预报 + 负载用前一日剖面,2025-08-06,18:30-18:40,27.000283,1
② 光伏用第 d 日 0:00 预报 + 负载用前一日剖面,2025-08-06,19:40-20:20,58.578011,4
② 光伏用第 d 日 0:00 预报 + 负载用前一日剖面,2025-08-06,20:30-21:40,266.373439,7
② 光伏用第 d 日 0:00 预报 + 负载用前一日剖面,2025-08-06,22:20-22:40,15.240950,2
② 光伏用第 d 日 0:00 预报 + 负载用前一日剖面,2025-08-06,23:10-23:30,16.624611,2
② 光伏用第 d 日 0:00 预报 + 负载用前一日剖面,2025-08-06,23:40-0:00+1,86.524444,2
② 光伏用第 d 日 0:00 预报 + 负载用前一日剖面,2025-08-07,0:00-0:10,31.875867,1
② 光伏用第 d 日 0:00 预报 + 负载用前一日剖面,2025-08-07,0:40-1:00,38.630550,2
② 光伏用第 d 日 0:00 预报 + 负载用前一日剖面,2025-08-07,1:20-2:50,341.594422,9
② 光伏用第 d 日 0:00 预报 + 负载用前一日剖面,2025-08-07,4:00-4:20,104.236750,2
② 光伏用第 d 日 0:00 预报 + 负载用前一日剖面,2025-08-07,4:50-7:30,1909.318317,16
② 光伏用第 d 日 0:00 预报 + 负载用前一日剖面,2025-08-07,7:40-8:40,639.106828,6
② 光伏用第 d 日 0:00 预报 + 负载用前一日剖面,2025-08-07,15:40-16:00,121.252017,2
② 光伏用第 d 日 0:00 预报 + 负载用前一日剖面,2025-08-07,16:40-17:00,69.485461,2
② 光伏用第 d 日 0:00 预报 + 负载用前一日剖面,2025-08-07,17:30-17:40,23.011547,1
② 光伏用第 d 日 0:00 预报 + 负载用前一日剖面,2025-08-07,18:30-18:50,20.620972,2
② 光伏用第 d 日 0:00 预报 + 负载用前一日剖面,2025-08-07,19:10-20:20,293.485844,7
② 光伏用第 d 日 0:00 预报 + 负载用前一日剖面,2025-08-07,21:00-21:10,0.735822,1
② 光伏用第 d 日 0:00 预报 + 负载用前一日剖面,2025-08-07,22:00-23:00,228.618067,6
② 光伏用第 d 日 0:00 预报 + 负载用前一日剖面,2025-08-09,0:10-0:50,28.912367,4
② 光伏用第 d 日 0:00 预报 + 负载用前一日剖面,2025-08-09,1:20-1:30,1.034108,1
② 光伏用第 d 日 0:00 预报 + 负载用前一日剖面,2025-08-09,1:50-2:50,201.313431,6
② 光伏用第 d 日 0:00 预报 + 负载用前一日剖面,2025-08-09,3:50-4:00,8.057478,1
② 光伏用第 d 日 0:00 预报 + 负载用前一日剖面,2025-08-09,4:20-4:40,14.661467,2
② 光伏用第 d 日 0:00 预报 + 负载用前一日剖面,2025-08-09,5:00-7:40,1959.976258,16
② 光伏用第 d 日 0:00 预报 + 负载用前一日剖面,2025-08-09,8:00-8:20,549.270600,2
② 光伏用第 d 日 0:00 预报 + 负载用前一日剖面,2025-08-09,8:40-9:30,709.487067,5
② 光伏用第 d 日 0:00 预报 + 负载用前一日剖面,2025-08-09,18:30-19:20,84.891458,5
② 光伏用第 d 日 0:00 预报 + 负载用前一日剖面,2025-08-09,19:40-20:00,55.353417,2
② 光伏用第 d 日 0:00 预报 + 负载用前一日剖面,2025-08-09,20:50-21:40,200.936714,5
② 光伏用第 d 日 0:00 预报 + 负载用前一日剖面,2025-08-09,22:10-22:30,39.990400,2
② 光伏用第 d 日 0:00 预报 + 负载用前一日剖面,2025-08-09,23:00-23:20,26.792378,2
② 光伏用第 d 日 0:00 预报 + 负载用前一日剖面,2025-08-09,23:30-0:00+1,293.250392,3
② 光伏用第 d 日 0:00 预报 + 负载用前一日剖面,2025-08-10,0:00-8:50,13738.611861,53
② 光伏用第 d 日 0:00 预报 + 负载用前一日剖面,2025-08-10,9:00-9:10,692.012222,1
② 光伏用第 d 日 0:00 预报 + 负载用前一日剖面,2025-08-10,9:30-10:00,1876.488533,3
② 光伏用第 d 日 0:00 预报 + 负载用前一日剖面,2025-08-10,10:10-10:20,571.347917,1
② 光伏用第 d 日 0:00 预报 + 负载用前一日剖面,2025-08-10,10:40-11:10,1151.288267,3
② 光伏用第 d 日 0:00 预报 + 负载用前一日剖面,2025-08-10,11:20-11:30,328.472317,1
② 光伏用第 d 日 0:00 预报 + 负载用前一日剖面,2025-08-10,11:40-12:00,728.304567,2
② 光伏用第 d 日 0:00 预报 + 负载用前一日剖面,2025-08-10,12:10-12:20,351.519433,1
② 光伏用第 d 日 0:00 预报 + 负载用前一日剖面,2025-08-10,13:20-13:40,425.627506,2
② 光伏用第 d 日 0:00 预报 + 负载用前一日剖面,2025-08-10,14:00-14:10,286.760056,1
② 光伏用第 d 日 0:00 预报 + 负载用前一日剖面,2025-08-10,14:30-0:00+1,14084.172094,57
② 光伏用第 d 日 0:00 预报 + 负载用前一日剖面,2025-08-11,0:00-0:40,79.257672,4
② 光伏用第 d 日 0:00 预报 + 负载用前一日剖面,2025-08-11,0:50-1:20,159.951292,3
② 光伏用第 d 日 0:00 预报 + 负载用前一日剖面,2025-08-11,1:30-1:50,22.660311,2
② 光伏用第 d 日 0:00 预报 + 负载用前一日剖面,2025-08-11,3:00-3:40,108.337756,4
② 光伏用第 d 日 0:00 预报 + 负载用前一日剖面,2025-08-11,4:10-4:40,36.525233,3
② 光伏用第 d 日 0:00 预报 + 负载用前一日剖面,2025-08-11,5:00-6:50,1142.625961,11
② 光伏用第 d 日 0:00 预报 + 负载用前一日剖面,2025-08-11,7:00-9:40,2125.123300,16
② 光伏用第 d 日 0:00 预报 + 负载用前一日剖面,2025-08-11,10:00-10:20,302.207311,2
② 光伏用第 d 日 0:00 预报 + 负载用前一日剖面,2025-08-11,11:00-11:30,170.985042,3
② 光伏用第 d 日 0:00 预报 + 负载用前一日剖面,2025-08-11,11:50-12:00,24.164981,1
② 光伏用第 d 日 0:00 预报 + 负载用前一日剖面,2025-08-11,13:00-13:10,21.622547,1
② 光伏用第 d 日 0:00 预报 + 负载用前一日剖面,2025-08-11,14:30-15:00,281.296100,3
② 光伏用第 d 日 0:00 预报 + 负载用前一日剖面,2025-08-11,15:40-16:00,68.014444,2
② 光伏用第 d 日 0:00 预报 + 负载用前一日剖面,2025-08-11,16:50-17:00,58.947947,1
② 光伏用第 d 日 0:00 预报 + 负载用前一日剖面,2025-08-11,17:30-17:40,8.274389,1
② 光伏用第 d 日 0:00 预报 + 负载用前一日剖面,2025-08-11,18:20-18:30,10.856397,1
② 光伏用第 d 日 0:00 预报 + 负载用前一日剖面,2025-08-11,18:50-19:40,116.943064,5
② 光伏用第 d 日 0:00 预报 + 负载用前一日剖面,2025-08-11,20:00-20:20,11.542417,2
② 光伏用第 d 日 0:00 预报 + 负载用前一日剖面,2025-08-11,21:00-21:40,168.158311,4
② 光伏用第 d 日 0:00 预报 + 负载用前一日剖面,2025-08-11,22:00-22:50,85.385533,5
② 光伏用第 d 日 0:00 预报 + 负载用前一日剖面,2025-08-11,23:30-0:00+1,44.510358,3
② 光伏用第 d 日 0:00 预报 + 负载用前一日剖面,2025-08-12,0:00-0:30,80.573200,3
② 光伏用第 d 日 0:00 预报 + 负载用前一日剖面,2025-08-12,2:00-3:40,320.660133,10
② 光伏用第 d 日 0:00 预报 + 负载用前一日剖面,2025-08-12,4:40-8:20,2952.835178,22
② 光伏用第 d 日 0:00 预报 + 负载用前一日剖面,2025-08-12,8:50-9:50,153.123639,6
② 光伏用第 d 日 0:00 预报 + 负载用前一日剖面,2025-08-12,10:00-11:00,315.937117,6
② 光伏用第 d 日 0:00 预报 + 负载用前一日剖面,2025-08-12,14:30-15:00,82.438792,3
② 光伏用第 d 日 0:00 预报 + 负载用前一日剖面,2025-08-12,15:50-16:00,19.063600,1
② 光伏用第 d 日 0:00 预报 + 负载用前一日剖面,2025-08-12,16:50-17:00,11.926347,1
② 光伏用第 d 日 0:00 预报 + 负载用前一日剖面,2025-08-12,17:30-17:40,42.742858,1
② 光伏用第 d 日 0:00 预报 + 负载用前一日剖面,2025-08-12,18:20-20:00,240.629811,10
② 光伏用第 d 日 0:00 预报 + 负载用前一日剖面,2025-08-12,20:50-21:40,172.589014,5
② 光伏用第 d 日 0:00 预报 + 负载用前一日剖面,2025-08-12,22:10-22:30,30.530167,2
② 光伏用第 d 日 0:00 预报 + 负载用前一日剖面,2025-08-12,23:20-23:30,17.639428,1
② 光伏用第 d 日 0:00 预报 + 负载用前一日剖面,2025-08-13,0:40-1:40,220.395078,6
② 光伏用第 d 日 0:00 预报 + 负载用前一日剖面,2025-08-13,2:30-3:10,115.198211,4
② 光伏用第 d 日 0:00 预报 + 负载用前一日剖面,2025-08-13,4:10-5:30,380.713625,8
② 光伏用第 d 日 0:00 预报 + 负载用前一日剖面,2025-08-13,5:40-6:50,944.975667,7
② 光伏用第 d 日 0:00 预报 + 负载用前一日剖面,2025-08-13,7:00-7:30,200.302467,3
② 光伏用第 d 日 0:00 预报 + 负载用前一日剖面,2025-08-13,7:50-8:50,905.256694,6
② 光伏用第 d 日 0:00 预报 + 负载用前一日剖面,2025-08-13,9:00-11:30,1826.348342,15
② 光伏用第 d 日 0:00 预报 + 负载用前一日剖面,2025-08-13,12:20-12:30,21.732828,1
② 光伏用第 d 日 0:00 预报 + 负载用前一日剖面,2025-08-13,12:40-14:20,1291.984806,10
② 光伏用第 d 日 0:00 预报 + 负载用前一日剖面,2025-08-13,14:40-15:00,150.466483,2
② 光伏用第 d 日 0:00 预报 + 负载用前一日剖面,2025-08-13,15:50-16:00,30.939803,1
② 光伏用第 d 日 0:00 预报 + 负载用前一日剖面,2025-08-13,16:50-17:00,16.195108,1
② 光伏用第 d 日 0:00 预报 + 负载用前一日剖面,2025-08-13,17:30-17:50,102.886111,2
② 光伏用第 d 日 0:00 预报 + 负载用前一日剖面,2025-08-13,18:30-18:50,45.844139,2
② 光伏用第 d 日 0:00 预报 + 负载用前一日剖面,2025-08-13,20:30-20:50,55.674967,2
② 光伏用第 d 日 0:00 预报 + 负载用前一日剖面,2025-08-13,21:00-21:40,277.204689,4
② 光伏用第 d 日 0:00 预报 + 负载用前一日剖面,2025-08-13,23:50-0:00+1,18.999136,1
② 光伏用第 d 日 0:00 预报 + 负载用前一日剖面,2025-08-14,0:00-0:10,6.307175,1
② 光伏用第 d 日 0:00 预报 + 负载用前一日剖面,2025-08-14,0:30-1:10,65.587369,4
② 光伏用第 d 日 0:00 预报 + 负载用前一日剖面,2025-08-14,1:30-2:10,54.081417,4
② 光伏用第 d 日 0:00 预报 + 负载用前一日剖面,2025-08-14,2:30-2:40,32.287650,1
② 光伏用第 d 日 0:00 预报 + 负载用前一日剖面,2025-08-14,3:20-3:50,139.609458,3
② 光伏用第 d 日 0:00 预报 + 负载用前一日剖面,2025-08-14,4:10-4:30,12.144117,2
② 光伏用第 d 日 0:00 预报 + 负载用前一日剖面,2025-08-14,5:00-5:30,208.609300,3
② 光伏用第 d 日 0:00 预报 + 负载用前一日剖面,2025-08-14,5:40-11:00,5733.862856,32
② 光伏用第 d 日 0:00 预报 + 负载用前一日剖面,2025-08-14,11:20-11:30,47.943153,1
② 光伏用第 d 日 0:00 预报 + 负载用前一日剖面,2025-08-14,11:50-12:10,79.137672,2
② 光伏用第 d 日 0:00 预报 + 负载用前一日剖面,2025-08-14,12:40-13:20,205.919611,4
② 光伏用第 d 日 0:00 预报 + 负载用前一日剖面,2025-08-14,19:00-20:00,224.806500,6
② 光伏用第 d 日 0:00 预报 + 负载用前一日剖面,2025-08-14,20:20-21:20,232.442789,6
② 光伏用第 d 日 0:00 预报 + 负载用前一日剖面,2025-08-14,21:30-21:40,25.320531,1
② 光伏用第 d 日 0:00 预报 + 负载用前一日剖面,2025-08-14,22:30-23:20,161.981467,5
② 光伏用第 d 日 0:00 预报 + 负载用前一日剖面,2025-08-14,23:30-23:50,83.113017,2
② 光伏用第 d 日 0:00 预报 + 负载用前一日剖面,2025-08-16,0:00-0:10,12.063314,1
② 光伏用第 d 日 0:00 预报 + 负载用前一日剖面,2025-08-16,1:00-1:20,60.864972,2
② 光伏用第 d 日 0:00 预报 + 负载用前一日剖面,2025-08-16,2:00-2:50,61.430978,5
② 光伏用第 d 日 0:00 预报 + 负载用前一日剖面,2025-08-16,3:00-3:20,58.664817,2
② 光伏用第 d 日 0:00 预报 + 负载用前一日剖面,2025-08-16,3:30-4:00,64.744225,3
② 光伏用第 d 日 0:00 预报 + 负载用前一日剖面,2025-08-16,4:30-7:40,2373.235317,19
② 光伏用第 d 日 0:00 预报 + 负载用前一日剖面,2025-08-16,8:00-8:20,353.452500,2
② 光伏用第 d 日 0:00 预报 + 负载用前一日剖面,2025-08-16,8:40-9:30,139.969167,5
② 光伏用第 d 日 0:00 预报 + 负载用前一日剖面,2025-08-16,18:20-19:40,314.227272,8
② 光伏用第 d 日 0:00 预报 + 负载用前一日剖面,2025-08-16,20:10-20:30,89.770978,2
② 光伏用第 d 日 0:00 预报 + 负载用前一日剖面,2025-08-16,20:50-21:20,51.833667,3
② 光伏用第 d 日 0:00 预报 + 负载用前一日剖面,2025-08-16,22:00-22:30,127.639583,3
② 光伏用第 d 日 0:00 预报 + 负载用前一日剖面,2025-08-16,22:50-23:00,10.520456,1
② 光伏用第 d 日 0:00 预报 + 负载用前一日剖面,2025-08-16,23:50-0:00+1,125.167469,1
② 光伏用第 d 日 0:00 预报 + 负载用前一日剖面,2025-08-17,0:00-9:10,13026.748294,55
② 光伏用第 d 日 0:00 预报 + 负载用前一日剖面,2025-08-17,9:30-10:20,2463.702817,5
② 光伏用第 d 日 0:00 预报 + 负载用前一日剖面,2025-08-17,10:30-10:50,708.769700,2
② 光伏用第 d 日 0:00 预报 + 负载用前一日剖面,2025-08-17,11:00-11:10,104.350144,1
② 光伏用第 d 日 0:00 预报 + 负载用前一日剖面,2025-08-17,11:20-11:30,185.452278,1
② 光伏用第 d 日 0:00 预报 + 负载用前一日剖面,2025-08-17,11:40-12:00,375.305889,2
② 光伏用第 d 日 0:00 预报 + 负载用前一日剖面,2025-08-17,12:10-12:20,103.358794,1
② 光伏用第 d 日 0:00 预报 + 负载用前一日剖面,2025-08-17,13:20-13:40,791.146933,2
② 光伏用第 d 日 0:00 预报 + 负载用前一日剖面,2025-08-17,14:00-14:10,141.219297,1
② 光伏用第 d 日 0:00 预报 + 负载用前一日剖面,2025-08-17,14:30-0:00+1,15251.929672,57
② 光伏用第 d 日 0:00 预报 + 负载用前一日剖面,2025-08-18,0:00-0:20,88.508000,2
② 光伏用第 d 日 0:00 预报 + 负载用前一日剖面,2025-08-18,0:50-1:00,2.858933,1
② 光伏用第 d 日 0:00 预报 + 负载用前一日剖面,2025-08-18,1:20-1:50,151.878825,3
② 光伏用第 d 日 0:00 预报 + 负载用前一日剖面,2025-08-18,2:00-2:20,30.556289,2
② 光伏用第 d 日 0:00 预报 + 负载用前一日剖面,2025-08-18,3:00-3:30,18.472683,3
② 光伏用第 d 日 0:00 预报 + 负载用前一日剖面,2025-08-18,3:50-4:50,106.690825,6
② 光伏用第 d 日 0:00 预报 + 负载用前一日剖面,2025-08-18,5:00-6:50,1400.856067,11
② 光伏用第 d 日 0:00 预报 + 负载用前一日剖面,2025-08-18,7:00-7:30,231.836567,3
② 光伏用第 d 日 0:00 预报 + 负载用前一日剖面,2025-08-18,7:50-8:50,730.469142,6
② 光伏用第 d 日 0:00 预报 + 负载用前一日剖面,2025-08-18,9:00-11:20,1823.677206,14
② 光伏用第 d 日 0:00 预报 + 负载用前一日剖面,2025-08-18,11:30-11:50,24.019739,2
② 光伏用第 d 日 0:00 预报 + 负载用前一日剖面,2025-08-18,12:20-12:30,15.787128,1
② 光伏用第 d 日 0:00 预报 + 负载用前一日剖面,2025-08-18,12:40-13:00,140.251289,2
② 光伏用第 d 日 0:00 预报 + 负载用前一日剖面,2025-08-18,14:40-15:00,141.674844,2
② 光伏用第 d 日 0:00 预报 + 负载用前一日剖面,2025-08-18,15:50-16:00,6.049850,1
② 光伏用第 d 日 0:00 预报 + 负载用前一日剖面,2025-08-18,17:30-17:40,32.217608,1
② 光伏用第 d 日 0:00 预报 + 负载用前一日剖面,2025-08-18,18:50-19:20,22.187953,3
② 光伏用第 d 日 0:00 预报 + 负载用前一日剖面,2025-08-18,19:50-20:00,13.074394,1
② 光伏用第 d 日 0:00 预报 + 负载用前一日剖面,2025-08-18,20:20-21:50,313.964142,9
② 光伏用第 d 日 0:00 预报 + 负载用前一日剖面,2025-08-18,22:40-23:10,35.887864,3
② 光伏用第 d 日 0:00 预报 + 负载用前一日剖面,2025-08-18,23:40-0:00+1,11.935361,2
② 光伏用第 d 日 0:00 预报 + 负载用前一日剖面,2025-08-19,0:00-0:20,50.441194,2
② 光伏用第 d 日 0:00 预报 + 负载用前一日剖面,2025-08-19,0:30-1:00,50.879333,3
② 光伏用第 d 日 0:00 预报 + 负载用前一日剖面,2025-08-19,1:40-2:40,138.943817,6
② 光伏用第 d 日 0:00 预报 + 负载用前一日剖面,2025-08-19,3:00-3:50,106.170756,5
② 光伏用第 d 日 0:00 预报 + 负载用前一日剖面,2025-08-19,4:20-4:50,53.073350,3
② 光伏用第 d 日 0:00 预报 + 负载用前一日剖面,2025-08-19,5:00-6:50,1262.701869,11
② 光伏用第 d 日 0:00 预报 + 负载用前一日剖面,2025-08-19,7:00-7:30,519.734250,3
② 光伏用第 d 日 0:00 预报 + 负载用前一日剖面,2025-08-19,7:40-8:50,920.917367,7
② 光伏用第 d 日 0:00 预报 + 负载用前一日剖面,2025-08-19,9:00-9:20,234.341361,2
② 光伏用第 d 日 0:00 预报 + 负载用前一日剖面,2025-08-19,10:00-10:30,371.168700,3
② 光伏用第 d 日 0:00 预报 + 负载用前一日剖面,2025-08-19,10:50-12:00,681.197372,7
② 光伏用第 d 日 0:00 预报 + 负载用前一日剖面,2025-08-19,12:40-13:00,47.035011,2
② 光伏用第 d 日 0:00 预报 + 负载用前一日剖面,2025-08-19,13:50-14:00,80.166428,1
② 光伏用第 d 日 0:00 预报 + 负载用前一日剖面,2025-08-19,14:50-15:00,89.405356,1
② 光伏用第 d 日 0:00 预报 + 负载用前一日剖面,2025-08-19,15:50-16:00,14.379175,1
② 光伏用第 d 日 0:00 预报 + 负载用前一日剖面,2025-08-19,18:20-19:00,133.870900,4
② 光伏用第 d 日 0:00 预报 + 负载用前一日剖面,2025-08-19,19:20-20:10,232.079722,5
② 光伏用第 d 日 0:00 预报 + 负载用前一日剖面,2025-08-19,20:50-21:40,247.979222,5
② 光伏用第 d 日 0:00 预报 + 负载用前一日剖面,2025-08-19,22:00-22:50,110.130425,5
② 光伏用第 d 日 0:00 预报 + 负载用前一日剖面,2025-08-19,23:10-23:20,13.945053,1
② 光伏用第 d 日 0:00 预报 + 负载用前一日剖面,2025-08-19,23:30-23:50,16.413056,2
② 光伏用第 d 日 0:00 预报 + 负载用前一日剖面,2025-08-20,0:20-0:50,55.701050,3
② 光伏用第 d 日 0:00 预报 + 负载用前一日剖面,2025-08-20,1:20-1:30,5.593978,1
② 光伏用第 d 日 0:00 预报 + 负载用前一日剖面,2025-08-20,2:50-3:20,61.770908,3
② 光伏用第 d 日 0:00 预报 + 负载用前一日剖面,2025-08-20,4:30-4:50,26.981456,2
② 光伏用第 d 日 0:00 预报 + 负载用前一日剖面,2025-08-20,5:10-7:30,1417.701150,14
② 光伏用第 d 日 0:00 预报 + 负载用前一日剖面,2025-08-20,7:40-10:00,2514.353428,14
② 光伏用第 d 日 0:00 预报 + 负载用前一日剖面,2025-08-20,12:00-12:20,111.488883,2
② 光伏用第 d 日 0:00 预报 + 负载用前一日剖面,2025-08-20,15:30-15:50,19.434700,2
② 光伏用第 d 日 0:00 预报 + 负载用前一日剖面,2025-08-20,16:30-17:00,156.209058,3
② 光伏用第 d 日 0:00 预报 + 负载用前一日剖面,2025-08-20,17:30-17:40,13.067833,1
② 光伏用第 d 日 0:00 预报 + 负载用前一日剖面,2025-08-20,18:30-18:40,8.343406,1
② 光伏用第 d 日 0:00 预报 + 负载用前一日剖面,2025-08-20,20:00-20:20,85.125461,2
② 光伏用第 d 日 0:00 预报 + 负载用前一日剖面,2025-08-20,20:40-21:10,92.288594,3
② 光伏用第 d 日 0:00 预报 + 负载用前一日剖面,2025-08-20,21:20-21:40,53.760217,2
② 光伏用第 d 日 0:00 预报 + 负载用前一日剖面,2025-08-20,22:10-22:20,12.454561,1
② 光伏用第 d 日 0:00 预报 + 负载用前一日剖面,2025-08-20,22:50-0:00+1,110.561411,7
② 光伏用第 d 日 0:00 预报 + 负载用前一日剖面,2025-08-21,0:00-0:20,34.118306,2
② 光伏用第 d 日 0:00 预报 + 负载用前一日剖面,2025-08-21,0:40-1:10,38.590958,3
② 光伏用第 d 日 0:00 预报 + 负载用前一日剖面,2025-08-21,1:20-1:30,6.671369,1
② 光伏用第 d 日 0:00 预报 + 负载用前一日剖面,2025-08-21,1:50-2:10,27.194697,2
② 光伏用第 d 日 0:00 预报 + 负载用前一日剖面,2025-08-21,2:30-4:30,186.888967,12
② 光伏用第 d 日 0:00 预报 + 负载用前一日剖面,2025-08-21,4:40-6:50,1347.296778,13
② 光伏用第 d 日 0:00 预报 + 负载用前一日剖面,2025-08-21,7:00-7:30,400.708275,3
② 光伏用第 d 日 0:00 预报 + 负载用前一日剖面,2025-08-21,7:40-8:20,492.000472,4
② 光伏用第 d 日 0:00 预报 + 负载用前一日剖面,2025-08-21,9:00-9:50,388.662825,5
② 光伏用第 d 日 0:00 预报 + 负载用前一日剖面,2025-08-21,10:00-10:40,295.016844,4
② 光伏用第 d 日 0:00 预报 + 负载用前一日剖面,2025-08-21,12:10-12:30,101.213556,2
② 光伏用第 d 日 0:00 预报 + 负载用前一日剖面,2025-08-21,12:50-13:00,17.133978,1
② 光伏用第 d 日 0:00 预报 + 负载用前一日剖面,2025-08-21,16:50-17:00,8.819256,1
② 光伏用第 d 日 0:00 预报 + 负载用前一日剖面,2025-08-21,18:10-18:20,29.437897,1
② 光伏用第 d 日 0:00 预报 + 负载用前一日剖面,2025-08-21,18:30-18:50,57.857961,2
② 光伏用第 d 日 0:00 预报 + 负载用前一日剖面,2025-08-21,19:10-20:00,49.349578,5
② 光伏用第 d 日 0:00 预报 + 负载用前一日剖面,2025-08-21,20:20-21:40,192.718767,8
② 光伏用第 d 日 0:00 预报 + 负载用前一日剖面,2025-08-21,22:00-22:20,36.356839,2
② 光伏用第 d 日 0:00 预报 + 负载用前一日剖面,2025-08-21,23:30-23:40,7.394881,1
② 光伏用第 d 日 0:00 预报 + 负载用前一日剖面,2025-08-23,0:00-0:40,141.506544,4
② 光伏用第 d 日 0:00 预报 + 负载用前一日剖面,2025-08-23,2:20-2:30,4.466039,1
② 光伏用第 d 日 0:00 预报 + 负载用前一日剖面,2025-08-23,3:00-3:20,53.248789,2
② 光伏用第 d 日 0:00 预报 + 负载用前一日剖面,2025-08-23,4:50-5:50,501.275397,6
② 光伏用第 d 日 0:00 预报 + 负载用前一日剖面,2025-08-23,6:00-7:30,773.069256,9
② 光伏用第 d 日 0:00 预报 + 负载用前一日剖面,2025-08-23,9:00-9:10,216.420764,1
② 光伏用第 d 日 0:00 预报 + 负载用前一日剖面,2025-08-23,9:40-10:20,321.075222,4
② 光伏用第 d 日 0:00 预报 + 负载用前一日剖面,2025-08-23,10:30-11:00,264.608400,3
② 光伏用第 d 日 0:00 预报 + 负载用前一日剖面,2025-08-23,11:20-11:30,78.797917,1
② 光伏用第 d 日 0:00 预报 + 负载用前一日剖面,2025-08-23,11:50-12:20,352.806917,3
② 光伏用第 d 日 0:00 预报 + 负载用前一日剖面,2025-08-23,12:40-13:00,143.389050,2
② 光伏用第 d 日 0:00 预报 + 负载用前一日剖面,2025-08-23,13:20-13:30,34.988869,1
② 光伏用第 d 日 0:00 预报 + 负载用前一日剖面,2025-08-23,15:40-16:00,90.032828,2
② 光伏用第 d 日 0:00 预报 + 负载用前一日剖面,2025-08-23,16:40-16:50,4.781994,1
② 光伏用第 d 日 0:00 预报 + 负载用前一日剖面,2025-08-23,17:50-18:00,28.814664,1
② 光伏用第 d 日 0:00 预报 + 负载用前一日剖面,2025-08-23,18:50-19:00,3.174533,1
② 光伏用第 d 日 0:00 预报 + 负载用前一日剖面,2025-08-23,19:20-19:40,44.487706,2
② 光伏用第 d 日 0:00 预报 + 负载用前一日剖面,2025-08-23,20:10-20:30,26.763850,2
② 光伏用第 d 日 0:00 预报 + 负载用前一日剖面,2025-08-23,21:00-21:50,95.600144,5
② 光伏用第 d 日 0:00 预报 + 负载用前一日剖面,2025-08-23,22:20-22:30,3.338594,1
② 光伏用第 d 日 0:00 预报 + 负载用前一日剖面,2025-08-23,22:50-23:10,38.531681,2
② 光伏用第 d 日 0:00 预报 + 负载用前一日剖面,2025-08-23,23:20-0:00+1,261.304011,4
② 光伏用第 d 日 0:00 预报 + 负载用前一日剖面,2025-08-24,0:00-9:20,15527.455772,56
② 光伏用第 d 日 0:00 预报 + 负载用前一日剖面,2025-08-24,9:40-10:10,1518.040250,3
② 光伏用第 d 日 0:00 预报 + 负载用前一日剖面,2025-08-24,10:20-11:10,2174.596300,5
② 光伏用第 d 日 0:00 预报 + 负载用前一日剖面,2025-08-24,11:30-11:50,592.837912,2
② 光伏用第 d 日 0:00 预报 + 负载用前一日剖面,2025-08-24,12:20-13:00,1227.136167,4
② 光伏用第 d 日 0:00 预报 + 负载用前一日剖面,2025-08-24,13:10-13:40,340.870017,3
② 光伏用第 d 日 0:00 预报 + 负载用前一日剖面,2025-08-24,13:50-14:00,277.994422,1
② 光伏用第 d 日 0:00 预报 + 负载用前一日剖面,2025-08-24,14:10-0:00+1,14906.333217,59
② 光伏用第 d 日 0:00 预报 + 负载用前一日剖面,2025-08-25,0:50-1:20,46.910917,3
② 光伏用第 d 日 0:00 预报 + 负载用前一日剖面,2025-08-25,1:30-1:40,7.173492,1
② 光伏用第 d 日 0:00 预报 + 负载用前一日剖面,2025-08-25,2:40-2:50,1.066375,1
② 光伏用第 d 日 0:00 预报 + 负载用前一日剖面,2025-08-25,3:50-4:30,186.676739,4
② 光伏用第 d 日 0:00 预报 + 负载用前一日剖面,2025-08-25,4:40-6:50,1182.258478,13
② 光伏用第 d 日 0:00 预报 + 负载用前一日剖面,2025-08-25,7:00-7:30,511.107092,3
② 光伏用第 d 日 0:00 预报 + 负载用前一日剖面,2025-08-25,7:40-8:30,515.305386,5
② 光伏用第 d 日 0:00 预报 + 负载用前一日剖面,2025-08-25,19:10-20:00,124.047567,5
② 光伏用第 d 日 0:00 预报 + 负载用前一日剖面,2025-08-25,20:20-21:40,152.130644,8
② 光伏用第 d 日 0:00 预报 + 负载用前一日剖面,2025-08-25,22:30-23:20,136.896797,5
② 光伏用第 d 日 0:00 预报 + 负载用前一日剖面,2025-08-26,0:00-0:30,33.083975,3
② 光伏用第 d 日 0:00 预报 + 负载用前一日剖面,2025-08-26,1:00-1:20,71.057211,2
② 光伏用第 d 日 0:00 预报 + 负载用前一日剖面,2025-08-26,2:20-3:00,119.756278,4
② 光伏用第 d 日 0:00 预报 + 负载用前一日剖面,2025-08-26,3:20-3:50,119.999567,3
② 光伏用第 d 日 0:00 预报 + 负载用前一日剖面,2025-08-26,4:10-4:30,46.090133,2
② 光伏用第 d 日 0:00 预报 + 负载用前一日剖面,2025-08-26,5:00-5:30,164.500617,3
② 光伏用第 d 日 0:00 预报 + 负载用前一日剖面,2025-08-26,5:50-6:50,869.032600,6
② 光伏用第 d 日 0:00 预报 + 负载用前一日剖面,2025-08-26,7:00-8:50,1696.843297,11
② 光伏用第 d 日 0:00 预报 + 负载用前一日剖面,2025-08-26,9:00-10:20,1144.180589,8
② 光伏用第 d 日 0:00 预报 + 负载用前一日剖面,2025-08-26,10:30-11:50,807.524361,8
② 光伏用第 d 日 0:00 预报 + 负载用前一日剖面,2025-08-26,12:10-13:40,1015.987347,9
② 光伏用第 d 日 0:00 预报 + 负载用前一日剖面,2025-08-26,13:50-14:00,187.661683,1
② 光伏用第 d 日 0:00 预报 + 负载用前一日剖面,2025-08-26,18:10-18:40,59.816408,3
② 光伏用第 d 日 0:00 预报 + 负载用前一日剖面,2025-08-26,18:50-19:00,2.201864,1
② 光伏用第 d 日 0:00 预报 + 负载用前一日剖面,2025-08-26,19:30-20:10,73.632422,4
② 光伏用第 d 日 0:00 预报 + 负载用前一日剖面,2025-08-26,20:40-20:50,3.479097,1
② 光伏用第 d 日 0:00 预报 + 负载用前一日剖面,2025-08-26,21:00-21:40,236.544811,4
② 光伏用第 d 日 0:00 预报 + 负载用前一日剖面,2025-08-26,22:00-22:10,18.949942,1
② 光伏用第 d 日 0:00 预报 + 负载用前一日剖面,2025-08-26,22:40-22:50,14.069675,1
② 光伏用第 d 日 0:00 预报 + 负载用前一日剖面,2025-08-26,23:20-23:30,24.628550,1
② 光伏用第 d 日 0:00 预报 + 负载用前一日剖面,2025-08-27,0:00-0:40,45.830756,4
② 光伏用第 d 日 0:00 预报 + 负载用前一日剖面,2025-08-27,1:00-1:40,99.474544,4
② 光伏用第 d 日 0:00 预报 + 负载用前一日剖面,2025-08-27,2:10-2:30,32.200472,2
② 光伏用第 d 日 0:00 预报 + 负载用前一日剖面,2025-08-27,3:30-3:40,9.327728,1
② 光伏用第 d 日 0:00 预报 + 负载用前一日剖面,2025-08-27,5:00-6:50,1150.770189,11
② 光伏用第 d 日 0:00 预报 + 负载用前一日剖面,2025-08-27,7:00-7:30,259.666042,3
② 光伏用第 d 日 0:00 预报 + 负载用前一日剖面,2025-08-27,7:50-8:20,347.584697,3
② 光伏用第 d 日 0:00 预报 + 负载用前一日剖面,2025-08-27,9:00-9:40,465.821472,4
② 光伏用第 d 日 0:00 预报 + 负载用前一日剖面,2025-08-27,11:00-13:00,1765.032817,12
② 光伏用第 d 日 0:00 预报 + 负载用前一日剖面,2025-08-27,13:20-14:00,637.259600,4
② 光伏用第 d 日 0:00 预报 + 负载用前一日剖面,2025-08-27,14:10-15:00,486.409778,5
② 光伏用第 d 日 0:00 预报 + 负载用前一日剖面,2025-08-27,15:30-16:00,194.276167,3
② 光伏用第 d 日 0:00 预报 + 负载用前一日剖面,2025-08-27,17:30-17:40,11.032478,1
② 光伏用第 d 日 0:00 预报 + 负载用前一日剖面,2025-08-27,18:20-19:00,170.035306,4
② 光伏用第 d 日 0:00 预报 + 负载用前一日剖面,2025-08-27,19:20-19:30,15.371378,1
② 光伏用第 d 日 0:00 预报 + 负载用前一日剖面,2025-08-27,19:50-20:20,33.976206,3
② 光伏用第 d 日 0:00 预报 + 负载用前一日剖面,2025-08-27,20:40-20:50,0.254414,1
② 光伏用第 d 日 0:00 预报 + 负载用前一日剖面,2025-08-27,21:00-21:40,106.662433,4
② 光伏用第 d 日 0:00 预报 + 负载用前一日剖面,2025-08-27,22:00-22:50,95.755903,5
② 光伏用第 d 日 0:00 预报 + 负载用前一日剖面,2025-08-27,23:00-0:00+1,130.116033,6
② 光伏用第 d 日 0:00 预报 + 负载用前一日剖面,2025-08-28,0:50-1:20,106.372856,3
② 光伏用第 d 日 0:00 预报 + 负载用前一日剖面,2025-08-28,1:30-1:50,20.688000,2
② 光伏用第 d 日 0:00 预报 + 负载用前一日剖面,2025-08-28,2:00-2:20,116.128217,2
② 光伏用第 d 日 0:00 预报 + 负载用前一日剖面,2025-08-28,2:30-4:00,182.537025,9
② 光伏用第 d 日 0:00 预报 + 负载用前一日剖面,2025-08-28,4:20-4:40,72.965128,2
② 光伏用第 d 日 0:00 预报 + 负载用前一日剖面,2025-08-28,5:00-5:30,125.526017,3
② 光伏用第 d 日 0:00 预报 + 负载用前一日剖面,2025-08-28,5:40-14:00,6944.396356,50
② 光伏用第 d 日 0:00 预报 + 负载用前一日剖面,2025-08-28,14:20-15:00,346.276606,4
② 光伏用第 d 日 0:00 预报 + 负载用前一日剖面,2025-08-28,15:40-16:00,126.751717,2
② 光伏用第 d 日 0:00 预报 + 负载用前一日剖面,2025-08-28,16:40-17:00,148.155078,2
② 光伏用第 d 日 0:00 预报 + 负载用前一日剖面,2025-08-28,17:30-17:40,29.048319,1
② 光伏用第 d 日 0:00 预报 + 负载用前一日剖面,2025-08-28,18:10-19:00,100.050403,5
② 光伏用第 d 日 0:00 预报 + 负载用前一日剖面,2025-08-28,19:40-20:10,113.852375,3
② 光伏用第 d 日 0:00 预报 + 负载用前一日剖面,2025-08-28,20:30-20:50,9.764006,2
② 光伏用第 d 日 0:00 预报 + 负载用前一日剖面,2025-08-28,21:00-21:50,211.100669,5
② 光伏用第 d 日 0:00 预报 + 负载用前一日剖面,2025-08-28,22:00-22:20,49.863044,2
② 光伏用第 d 日 0:00 预报 + 负载用前一日剖面,2025-08-28,22:50-23:10,103.954964,2
② 光伏用第 d 日 0:00 预报 + 负载用前一日剖面,2025-08-28,23:20-23:40,18.217117,2
② 光伏用第 d 日 0:00 预报 + 负载用前一日剖面,2025-08-30,0:00-2:50,549.374369,17
② 光伏用第 d 日 0:00 预报 + 负载用前一日剖面,2025-08-30,3:50-4:40,62.769647,5
② 光伏用第 d 日 0:00 预报 + 负载用前一日剖面,2025-08-30,5:00-5:50,427.995731,5
② 光伏用第 d 日 0:00 预报 + 负载用前一日剖面,2025-08-30,6:00-6:30,470.193225,3
② 光伏用第 d 日 0:00 预报 + 负载用前一日剖面,2025-08-30,6:50-7:20,138.330853,3
② 光伏用第 d 日 0:00 预报 + 负载用前一日剖面,2025-08-30,8:10-8:20,215.991114,1
② 光伏用第 d 日 0:00 预报 + 负载用前一日剖面,2025-08-30,8:40-8:50,77.467381,1
② 光伏用第 d 日 0:00 预报 + 负载用前一日剖面,2025-08-30,9:00-9:10,327.376678,1
② 光伏用第 d 日 0:00 预报 + 负载用前一日剖面,2025-08-30,9:30-9:50,167.239372,2
② 光伏用第 d 日 0:00 预报 + 负载用前一日剖面,2025-08-30,10:00-10:10,28.220767,1
② 光伏用第 d 日 0:00 预报 + 负载用前一日剖面,2025-08-30,17:50-18:00,7.569200,1
② 光伏用第 d 日 0:00 预报 + 负载用前一日剖面,2025-08-30,18:10-18:30,42.987633,2
② 光伏用第 d 日 0:00 预报 + 负载用前一日剖面,2025-08-30,18:50-19:50,171.345619,6
② 光伏用第 d 日 0:00 预报 + 负载用前一日剖面,2025-08-30,20:30-20:50,15.503456,2
② 光伏用第 d 日 0:00 预报 + 负载用前一日剖面,2025-08-30,21:00-21:50,181.304436,5
② 光伏用第 d 日 0:00 预报 + 负载用前一日剖面,2025-08-30,22:20-22:50,47.381108,3
② 光伏用第 d 日 0:00 预报 + 负载用前一日剖面,2025-08-30,23:10-0:00+1,341.013189,5
② 光伏用第 d 日 0:00 预报 + 负载用前一日剖面,2025-08-31,0:00-9:10,14405.712064,55
② 光伏用第 d 日 0:00 预报 + 负载用前一日剖面,2025-08-31,9:30-10:10,2549.255792,4
② 光伏用第 d 日 0:00 预报 + 负载用前一日剖面,2025-08-31,10:20-10:30,564.678017,1
② 光伏用第 d 日 0:00 预报 + 负载用前一日剖面,2025-08-31,10:50-11:10,917.199731,2
② 光伏用第 d 日 0:00 预报 + 负载用前一日剖面,2025-08-31,11:40-11:50,299.326047,1
② 光伏用第 d 日 0:00 预报 + 负载用前一日剖面,2025-08-31,12:20-12:40,909.902117,2
② 光伏用第 d 日 0:00 预报 + 负载用前一日剖面,2025-08-31,12:50-13:00,576.415417,1
② 光伏用第 d 日 0:00 预报 + 负载用前一日剖面,2025-08-31,13:20-13:40,823.227989,2
② 光伏用第 d 日 0:00 预报 + 负载用前一日剖面,2025-08-31,14:00-14:10,110.309547,1
② 光伏用第 d 日 0:00 预报 + 负载用前一日剖面,2025-08-31,14:30-23:50,14031.135669,56
② 光伏用第 d 日 0:00 预报 + 负载用前一日剖面,2025-09-01,5:00-5:20,6.637472,2
② 光伏用第 d 日 0:00 预报 + 负载用前一日剖面,2025-09-01,5:40-6:50,721.154858,7
② 光伏用第 d 日 0:00 预报 + 负载用前一日剖面,2025-09-01,7:00-7:20,174.797000,2
② 光伏用第 d 日 0:00 预报 + 负载用前一日剖面,2025-09-01,7:50-8:10,140.392317,2
② 光伏用第 d 日 0:00 预报 + 负载用前一日剖面,2025-09-02,0:00-0:20,105.033372,2
② 光伏用第 d 日 0:00 预报 + 负载用前一日剖面,2025-09-02,0:30-0:50,16.366672,2
② 光伏用第 d 日 0:00 预报 + 负载用前一日剖面,2025-09-02,1:20-1:50,66.268633,3
② 光伏用第 d 日 0:00 预报 + 负载用前一日剖面,2025-09-02,2:40-3:00,13.955456,2
② 光伏用第 d 日 0:00 预报 + 负载用前一日剖面,2025-09-02,3:50-4:00,1.502397,1
② 光伏用第 d 日 0:00 预报 + 负载用前一日剖面,2025-09-02,4:20-6:50,1185.998942,15
② 光伏用第 d 日 0:00 预报 + 负载用前一日剖面,2025-09-02,7:00-7:30,496.145917,3
② 光伏用第 d 日 0:00 预报 + 负载用前一日剖面,2025-09-02,7:40-8:50,993.600378,7
② 光伏用第 d 日 0:00 预报 + 负载用前一日剖面,2025-09-02,9:00-9:50,359.369581,5
② 光伏用第 d 日 0:00 预报 + 负载用前一日剖面,2025-09-02,10:00-10:50,418.602217,5
② 光伏用第 d 日 0:00 预报 + 负载用前一日剖面,2025-09-02,12:00-13:00,655.137767,6
② 光伏用第 d 日 0:00 预报 + 负载用前一日剖面,2025-09-02,13:30-14:00,196.044458,3
② 光伏用第 d 日 0:00 预报 + 负载用前一日剖面,2025-09-02,14:40-15:00,139.156872,2
② 光伏用第 d 日 0:00 预报 + 负载用前一日剖面,2025-09-02,15:40-16:00,201.517844,2
② 光伏用第 d 日 0:00 预报 + 负载用前一日剖面,2025-09-02,16:50-17:00,52.739736,1
② 光伏用第 d 日 0:00 预报 + 负载用前一日剖面,2025-09-02,17:30-17:40,7.568833,1
② 光伏用第 d 日 0:00 预报 + 负载用前一日剖面,2025-09-02,18:10-18:20,17.454094,1
② 光伏用第 d 日 0:00 预报 + 负载用前一日剖面,2025-09-02,18:30-19:20,156.695483,5
② 光伏用第 d 日 0:00 预报 + 负载用前一日剖面,2025-09-02,19:30-20:10,73.666986,4
② 光伏用第 d 日 0:00 预报 + 负载用前一日剖面,2025-09-02,20:30-20:50,37.773589,2
② 光伏用第 d 日 0:00 预报 + 负载用前一日剖面,2025-09-02,21:00-21:20,61.676106,2
② 光伏用第 d 日 0:00 预报 + 负载用前一日剖面,2025-09-02,21:30-21:40,29.566936,1
② 光伏用第 d 日 0:00 预报 + 负载用前一日剖面,2025-09-02,22:10-22:50,63.568133,4
② 光伏用第 d 日 0:00 预报 + 负载用前一日剖面,2025-09-02,23:30-23:50,25.138389,2
② 光伏用第 d 日 0:00 预报 + 负载用前一日剖面,2025-09-03,0:00-0:30,112.840233,3
② 光伏用第 d 日 0:00 预报 + 负载用前一日剖面,2025-09-03,1:00-1:20,21.349861,2
② 光伏用第 d 日 0:00 预报 + 负载用前一日剖面,2025-09-03,2:00-3:20,151.624494,8
② 光伏用第 d 日 0:00 预报 + 负载用前一日剖面,2025-09-03,3:50-4:00,30.474656,1
② 光伏用第 d 日 0:00 预报 + 负载用前一日剖面,2025-09-03,4:50-8:40,2560.225900,23
② 光伏用第 d 日 0:00 预报 + 负载用前一日剖面,2025-09-03,9:00-9:50,341.404358,5
② 光伏用第 d 日 0:00 预报 + 负载用前一日剖面,2025-09-03,11:00-11:30,162.404600,3
② 光伏用第 d 日 0:00 预报 + 负载用前一日剖面,2025-09-03,15:40-16:00,120.829717,2
② 光伏用第 d 日 0:00 预报 + 负载用前一日剖面,2025-09-03,16:40-17:00,97.154578,2
② 光伏用第 d 日 0:00 预报 + 负载用前一日剖面,2025-09-03,17:30-17:40,31.956611,1
② 光伏用第 d 日 0:00 预报 + 负载用前一日剖面,2025-09-03,18:10-18:20,31.271375,1
② 光伏用第 d 日 0:00 预报 + 负载用前一日剖面,2025-09-03,18:40-19:00,81.195050,2
② 光伏用第 d 日 0:00 预报 + 负载用前一日剖面,2025-09-03,20:00-20:10,28.009078,1
② 光伏用第 d 日 0:00 预报 + 负载用前一日剖面,2025-09-03,20:30-21:50,443.472308,8
② 光伏用第 d 日 0:00 预报 + 负载用前一日剖面,2025-09-03,22:00-22:20,24.215200,2
② 光伏用第 d 日 0:00 预报 + 负载用前一日剖面,2025-09-03,22:40-23:30,159.693975,5
② 光伏用第 d 日 0:00 预报 + 负载用前一日剖面,2025-09-04,1:20-1:30,7.076344,1
② 光伏用第 d 日 0:00 预报 + 负载用前一日剖面,2025-09-04,1:40-2:00,7.464589,2
② 光伏用第 d 日 0:00 预报 + 负载用前一日剖面,2025-09-04,2:20-3:10,52.319206,5
② 光伏用第 d 日 0:00 预报 + 负载用前一日剖面,2025-09-04,4:00-4:30,26.082350,3
② 光伏用第 d 日 0:00 预报 + 负载用前一日剖面,2025-09-04,4:50-9:40,4404.813411,29
② 光伏用第 d 日 0:00 预报 + 负载用前一日剖面,2025-09-04,10:10-10:20,31.269983,1
② 光伏用第 d 日 0:00 预报 + 负载用前一日剖面,2025-09-04,11:00-11:50,365.070942,5
② 光伏用第 d 日 0:00 预报 + 负载用前一日剖面,2025-09-04,12:00-12:20,46.802617,2
② 光伏用第 d 日 0:00 预报 + 负载用前一日剖面,2025-09-04,12:40-13:00,70.844700,2
② 光伏用第 d 日 0:00 预报 + 负载用前一日剖面,2025-09-04,15:50-16:00,62.181286,1
② 光伏用第 d 日 0:00 预报 + 负载用前一日剖面,2025-09-04,18:10-18:20,5.001072,1
② 光伏用第 d 日 0:00 预报 + 负载用前一日剖面,2025-09-04,19:00-19:10,1.839011,1
② 光伏用第 d 日 0:00 预报 + 负载用前一日剖面,2025-09-04,19:30-20:20,218.935172,5
② 光伏用第 d 日 0:00 预报 + 负载用前一日剖面,2025-09-04,20:30-20:50,31.796289,2
② 光伏用第 d 日 0:00 预报 + 负载用前一日剖面,2025-09-04,21:00-21:10,11.871753,1
② 光伏用第 d 日 0:00 预报 + 负载用前一日剖面,2025-09-04,21:30-21:40,25.965119,1
② 光伏用第 d 日 0:00 预报 + 负载用前一日剖面,2025-09-04,22:10-22:20,19.142339,1
② 光伏用第 d 日 0:00 预报 + 负载用前一日剖面,2025-09-04,22:50-23:40,151.482633,5
② 光伏用第 d 日 0:00 预报 + 负载用前一日剖面,2025-09-05,7:00-7:10,30.353700,1
② 光伏用第 d 日 0:00 预报 + 负载用前一日剖面,2025-09-06,0:20-0:30,3.081042,1
② 光伏用第 d 日 0:00 预报 + 负载用前一日剖面,2025-09-06,0:40-1:10,44.098083,3
② 光伏用第 d 日 0:00 预报 + 负载用前一日剖面,2025-09-06,1:20-1:40,33.534217,2
② 光伏用第 d 日 0:00 预报 + 负载用前一日剖面,2025-09-06,2:20-2:40,51.649528,2
② 光伏用第 d 日 0:00 预报 + 负载用前一日剖面,2025-09-06,2:50-3:10,7.887256,2
② 光伏用第 d 日 0:00 预报 + 负载用前一日剖面,2025-09-06,3:30-4:00,63.328817,3
② 光伏用第 d 日 0:00 预报 + 负载用前一日剖面,2025-09-06,4:20-4:30,0.693844,1
② 光伏用第 d 日 0:00 预报 + 负载用前一日剖面,2025-09-06,4:50-7:40,1976.921967,17
② 光伏用第 d 日 0:00 预报 + 负载用前一日剖面,2025-09-06,8:00-8:10,293.700189,1
② 光伏用第 d 日 0:00 预报 + 负载用前一日剖面,2025-09-06,8:40-9:20,1114.428394,4
② 光伏用第 d 日 0:00 预报 + 负载用前一日剖面,2025-09-06,9:40-10:10,535.350450,3
② 光伏用第 d 日 0:00 预报 + 负载用前一日剖面,2025-09-06,10:20-10:40,231.510100,2
② 光伏用第 d 日 0:00 预报 + 负载用前一日剖面,2025-09-06,10:50-11:10,31.066067,2
② 光伏用第 d 日 0:00 预报 + 负载用前一日剖面,2025-09-06,14:50-15:00,20.337219,1
② 光伏用第 d 日 0:00 预报 + 负载用前一日剖面,2025-09-06,17:50-18:30,135.454233,4
② 光伏用第 d 日 0:00 预报 + 负载用前一日剖面,2025-09-06,18:40-19:00,13.023506,2
② 光伏用第 d 日 0:00 预报 + 负载用前一日剖面,2025-09-06,19:30-20:00,41.819583,3
② 光伏用第 d 日 0:00 预报 + 负载用前一日剖面,2025-09-06,21:00-21:40,163.630983,4
② 光伏用第 d 日 0:00 预报 + 负载用前一日剖面,2025-09-06,23:00-23:10,10.552092,1
② 光伏用第 d 日 0:00 预报 + 负载用前一日剖面,2025-09-06,23:40-0:00+1,187.148600,2
② 光伏用第 d 日 0:00 预报 + 负载用前一日剖面,2025-09-07,0:00-9:10,14111.933958,55
② 光伏用第 d 日 0:00 预报 + 负载用前一日剖面,2025-09-07,9:40-10:10,1750.617333,3
② 光伏用第 d 日 0:00 预报 + 负载用前一日剖面,2025-09-07,10:20-10:40,1074.202417,2
② 光伏用第 d 日 0:00 预报 + 负载用前一日剖面,2025-09-07,10:50-11:00,461.534583,1
② 光伏用第 d 日 0:00 预报 + 负载用前一日剖面,2025-09-07,11:10-11:20,477.236617,1
② 光伏用第 d 日 0:00 预报 + 负载用前一日剖面,2025-09-07,11:40-11:50,432.367950,1
② 光伏用第 d 日 0:00 预报 + 负载用前一日剖面,2025-09-07,12:00-12:10,291.261881,1
② 光伏用第 d 日 0:00 预报 + 负载用前一日剖面,2025-09-07,12:20-13:00,1737.927872,4
② 光伏用第 d 日 0:00 预报 + 负载用前一日剖面,2025-09-07,13:10-13:30,1118.174767,2
② 光伏用第 d 日 0:00 预报 + 负载用前一日剖面,2025-09-07,13:40-13:50,497.523417,1
② 光伏用第 d 日 0:00 预报 + 负载用前一日剖面,2025-09-07,14:00-14:10,359.644989,1
② 光伏用第 d 日 0:00 预报 + 负载用前一日剖面,2025-09-07,14:20-14:40,826.934844,2
② 光伏用第 d 日 0:00 预报 + 负载用前一日剖面,2025-09-07,15:00-0:00+1,12849.859028,54
② 光伏用第 d 日 0:00 预报 + 负载用前一日剖面,2025-09-08,0:00-0:10,8.538233,1
② 光伏用第 d 日 0:00 预报 + 负载用前一日剖面,2025-09-08,0:50-1:20,50.946678,3
② 光伏用第 d 日 0:00 预报 + 负载用前一日剖面,2025-09-08,2:10-2:40,30.264650,3
② 光伏用第 d 日 0:00 预报 + 负载用前一日剖面,2025-09-08,3:00-3:50,55.040386,5
② 光伏用第 d 日 0:00 预报 + 负载用前一日剖面,2025-09-08,4:20-5:20,176.505778,6
② 光伏用第 d 日 0:00 预报 + 负载用前一日剖面,2025-09-08,5:30-6:50,1091.871197,8
② 光伏用第 d 日 0:00 预报 + 负载用前一日剖面,2025-09-08,7:00-7:30,473.939633,3
② 光伏用第 d 日 0:00 预报 + 负载用前一日剖面,2025-09-08,7:40-8:40,651.441811,6
② 光伏用第 d 日 0:00 预报 + 负载用前一日剖面,2025-09-08,9:00-9:10,2.645400,1
② 光伏用第 d 日 0:00 预报 + 负载用前一日剖面,2025-09-08,10:00-10:10,48.185781,1
② 光伏用第 d 日 0:00 预报 + 负载用前一日剖面,2025-09-08,13:20-14:00,285.630806,4
② 光伏用第 d 日 0:00 预报 + 负载用前一日剖面,2025-09-08,14:30-15:00,279.730325,3
② 光伏用第 d 日 0:00 预报 + 负载用前一日剖面,2025-09-08,15:40-16:00,118.930078,2
② 光伏用第 d 日 0:00 预报 + 负载用前一日剖面,2025-09-08,16:40-17:00,56.319078,2
② 光伏用第 d 日 0:00 预报 + 负载用前一日剖面,2025-09-08,17:30-17:40,45.130150,1
② 光伏用第 d 日 0:00 预报 + 负载用前一日剖面,2025-09-08,18:10-19:10,73.147775,6
② 光伏用第 d 日 0:00 预报 + 负载用前一日剖面,2025-09-08,20:10-20:30,9.946400,2
② 光伏用第 d 日 0:00 预报 + 负载用前一日剖面,2025-09-08,20:50-21:50,287.634847,6
② 光伏用第 d 日 0:00 预报 + 负载用前一日剖面,2025-09-08,22:00-22:20,105.535156,2
② 光伏用第 d 日 0:00 预报 + 负载用前一日剖面,2025-09-08,22:40-23:10,90.415081,3
② 光伏用第 d 日 0:00 预报 + 负载用前一日剖面,2025-09-08,23:40-0:00+1,75.266650,2
② 光伏用第 d 日 0:00 预报 + 负载用前一日剖面,2025-09-09,0:00-0:40,47.931989,4
② 光伏用第 d 日 0:00 预报 + 负载用前一日剖面,2025-09-09,0:50-1:00,6.549239,1
② 光伏用第 d 日 0:00 预报 + 负载用前一日剖面,2025-09-09,1:50-3:10,170.917325,8
② 光伏用第 d 日 0:00 预报 + 负载用前一日剖面,2025-09-09,4:00-4:20,15.553672,2
② 光伏用第 d 日 0:00 预报 + 负载用前一日剖面,2025-09-09,4:40-4:50,1.732828,1
② 光伏用第 d 日 0:00 预报 + 负载用前一日剖面,2025-09-09,5:20-5:30,18.027019,1
② 光伏用第 d 日 0:00 预报 + 负载用前一日剖面,2025-09-09,5:40-6:50,978.397458,7
② 光伏用第 d 日 0:00 预报 + 负载用前一日剖面,2025-09-09,7:00-8:50,1715.162114,11
② 光伏用第 d 日 0:00 预报 + 负载用前一日剖面,2025-09-09,9:00-9:10,142.663106,1
② 光伏用第 d 日 0:00 预报 + 负载用前一日剖面,2025-09-09,9:20-9:50,173.385400,3
② 光伏用第 d 日 0:00 预报 + 负载用前一日剖面,2025-09-09,10:00-10:50,646.448239,5
② 光伏用第 d 日 0:00 预报 + 负载用前一日剖面,2025-09-09,11:00-11:50,762.217778,5
② 光伏用第 d 日 0:00 预报 + 负载用前一日剖面,2025-09-09,12:40-12:50,35.520264,1
② 光伏用第 d 日 0:00 预报 + 负载用前一日剖面,2025-09-09,14:30-15:00,440.865533,3
② 光伏用第 d 日 0:00 预报 + 负载用前一日剖面,2025-09-09,15:30-16:00,198.530783,3
② 光伏用第 d 日 0:00 预报 + 负载用前一日剖面,2025-09-09,16:40-17:00,37.817617,2
② 光伏用第 d 日 0:00 预报 + 负载用前一日剖面,2025-09-09,18:00-18:40,98.761983,4
② 光伏用第 d 日 0:00 预报 + 负载用前一日剖面,2025-09-09,18:50-19:50,151.427092,6
② 光伏用第 d 日 0:00 预报 + 负载用前一日剖面,2025-09-09,20:00-20:30,76.526175,3
② 光伏用第 d 日 0:00 预报 + 负载用前一日剖面,2025-09-09,20:50-21:40,98.268692,5
② 光伏用第 d 日 0:00 预报 + 负载用前一日剖面,2025-09-09,22:30-23:10,51.796739,4
② 光伏用第 d 日 0:00 预报 + 负载用前一日剖面,2025-09-09,23:40-0:00+1,13.451761,2
② 光伏用第 d 日 0:00 预报 + 负载用前一日剖面,2025-09-10,0:20-1:50,341.565989,9
② 光伏用第 d 日 0:00 预报 + 负载用前一日剖面,2025-09-10,2:10-2:30,6.822861,2
② 光伏用第 d 日 0:00 预报 + 负载用前一日剖面,2025-09-10,3:00-3:50,90.556236,5
② 光伏用第 d 日 0:00 预报 + 负载用前一日剖面,2025-09-10,5:40-8:50,2768.954853,19
② 光伏用第 d 日 0:00 预报 + 负载用前一日剖面,2025-09-10,9:00-9:30,261.622425,3
② 光伏用第 d 日 0:00 预报 + 负载用前一日剖面,2025-09-10,10:00-10:30,128.243042,3
② 光伏用第 d 日 0:00 预报 + 负载用前一日剖面,2025-09-10,13:10-13:20,3.592061,1
② 光伏用第 d 日 0:00 预报 + 负载用前一日剖面,2025-09-10,13:40-14:00,131.630189,2
② 光伏用第 d 日 0:00 预报 + 负载用前一日剖面,2025-09-10,14:20-15:00,175.472222,4
② 光伏用第 d 日 0:00 预报 + 负载用前一日剖面,2025-09-10,15:40-16:00,94.349950,2
② 光伏用第 d 日 0:00 预报 + 负载用前一日剖面,2025-09-10,16:50-17:00,22.557481,1
② 光伏用第 d 日 0:00 预报 + 负载用前一日剖面,2025-09-10,18:40-19:00,39.347161,2
② 光伏用第 d 日 0:00 预报 + 负载用前一日剖面,2025-09-10,19:20-19:40,21.894389,2
② 光伏用第 d 日 0:00 预报 + 负载用前一日剖面,2025-09-10,20:10-20:30,58.950544,2
② 光伏用第 d 日 0:00 预报 + 负载用前一日剖面,2025-09-10,20:50-21:50,326.338783,6
② 光伏用第 d 日 0:00 预报 + 负载用前一日剖面,2025-09-10,22:10-22:20,12.680264,1
② 光伏用第 d 日 0:00 预报 + 负载用前一日剖面,2025-09-10,22:40-23:10,88.056361,3
② 光伏用第 d 日 0:00 预报 + 负载用前一日剖面,2025-09-10,23:50-0:00+1,13.376533,1
② 光伏用第 d 日 0:00 预报 + 负载用前一日剖面,2025-09-11,0:00-0:10,8.949753,1
② 光伏用第 d 日 0:00 预报 + 负载用前一日剖面,2025-09-11,1:50-2:00,9.688022,1
② 光伏用第 d 日 0:00 预报 + 负载用前一日剖面,2025-09-11,2:20-2:50,62.552825,3
② 光伏用第 d 日 0:00 预报 + 负载用前一日剖面,2025-09-11,3:20-3:30,9.543583,1
② 光伏用第 d 日 0:00 预报 + 负载用前一日剖面,2025-09-11,4:00-4:40,79.795772,4
② 光伏用第 d 日 0:00 预报 + 负载用前一日剖面,2025-09-11,4:50-5:20,50.522636,3
② 光伏用第 d 日 0:00 预报 + 负载用前一日剖面,2025-09-11,5:30-9:50,4643.086364,26
② 光伏用第 d 日 0:00 预报 + 负载用前一日剖面,2025-09-11,15:50-16:00,7.291536,1
② 光伏用第 d 日 0:00 预报 + 负载用前一日剖面,2025-09-11,18:00-18:40,140.364456,4
② 光伏用第 d 日 0:00 预报 + 负载用前一日剖面,2025-09-11,19:10-19:20,9.277658,1
② 光伏用第 d 日 0:00 预报 + 负载用前一日剖面,2025-09-11,19:40-20:00,65.910650,2
② 光伏用第 d 日 0:00 预报 + 负载用前一日剖面,2025-09-11,20:20-20:50,39.035908,3
② 光伏用第 d 日 0:00 预报 + 负载用前一日剖面,2025-09-11,21:00-21:40,159.139428,4
② 光伏用第 d 日 0:00 预报 + 负载用前一日剖面,2025-09-11,22:00-22:20,31.892172,2
② 光伏用第 d 日 0:00 预报 + 负载用前一日剖面,2025-09-11,22:30-22:40,4.245228,1
② 光伏用第 d 日 0:00 预报 + 负载用前一日剖面,2025-09-11,23:00-23:40,37.087161,4
② 光伏用第 d 日 0:00 预报 + 负载用前一日剖面,2025-09-13,0:00-0:20,32.590144,2
② 光伏用第 d 日 0:00 预报 + 负载用前一日剖面,2025-09-13,1:20-2:00,45.377194,4
② 光伏用第 d 日 0:00 预报 + 负载用前一日剖面,2025-09-13,4:10-4:30,23.771322,2
② 光伏用第 d 日 0:00 预报 + 负载用前一日剖面,2025-09-13,4:50-5:50,217.756625,6
② 光伏用第 d 日 0:00 预报 + 负载用前一日剖面,2025-09-13,6:00-7:30,1417.353739,9
② 光伏用第 d 日 0:00 预报 + 负载用前一日剖面,2025-09-13,8:00-8:10,418.322931,1
② 光伏用第 d 日 0:00 预报 + 负载用前一日剖面,2025-09-13,8:40-9:20,949.662289,4
② 光伏用第 d 日 0:00 预报 + 负载用前一日剖面,2025-09-13,9:40-10:10,266.913844,3
② 光伏用第 d 日 0:00 预报 + 负载用前一日剖面,2025-09-13,10:20-10:30,36.670417,1
② 光伏用第 d 日 0:00 预报 + 负载用前一日剖面,2025-09-13,15:50-16:00,21.195833,1
② 光伏用第 d 日 0:00 预报 + 负载用前一日剖面,2025-09-13,17:50-18:00,31.579642,1
② 光伏用第 d 日 0:00 预报 + 负载用前一日剖面,2025-09-13,18:30-18:40,9.494525,1
② 光伏用第 d 日 0:00 预报 + 负载用前一日剖面,2025-09-13,19:30-19:40,9.973300,1
② 光伏用第 d 日 0:00 预报 + 负载用前一日剖面,2025-09-13,20:00-20:20,40.903922,2
② 光伏用第 d 日 0:00 预报 + 负载用前一日剖面,2025-09-13,20:40-21:10,50.949869,3
② 光伏用第 d 日 0:00 预报 + 负载用前一日剖面,2025-09-13,21:30-21:40,13.640764,1
② 光伏用第 d 日 0:00 预报 + 负载用前一日剖面,2025-09-13,22:00-22:10,6.008811,1
② 光伏用第 d 日 0:00 预报 + 负载用前一日剖面,2025-09-13,22:40-22:50,20.256644,1
② 光伏用第 d 日 0:00 预报 + 负载用前一日剖面,2025-09-13,23:40-0:00+1,138.937306,2
② 光伏用第 d 日 0:00 预报 + 负载用前一日剖面,2025-09-14,0:00-9:50,14738.920867,59
② 光伏用第 d 日 0:00 预报 + 负载用前一日剖面,2025-09-14,10:00-10:20,1222.196578,2
② 光伏用第 d 日 0:00 预报 + 负载用前一日剖面,2025-09-14,10:30-10:50,795.262628,2
② 光伏用第 d 日 0:00 预报 + 负载用前一日剖面,2025-09-14,11:10-11:30,501.012050,2
② 光伏用第 d 日 0:00 预报 + 负载用前一日剖面,2025-09-14,11:40-11:50,187.064242,1
② 光伏用第 d 日 0:00 预报 + 负载用前一日剖面,2025-09-14,12:10-12:50,1222.002219,4
② 光伏用第 d 日 0:00 预报 + 负载用前一日剖面,2025-09-14,13:50-14:10,737.268522,2
② 光伏用第 d 日 0:00 预报 + 负载用前一日剖面,2025-09-14,14:30-0:00+1,14711.745978,57
② 光伏用第 d 日 0:00 预报 + 负载用前一日剖面,2025-09-15,0:00-0:20,49.678139,2
② 光伏用第 d 日 0:00 预报 + 负载用前一日剖面,2025-09-15,0:30-1:00,66.061817,3
② 光伏用第 d 日 0:00 预报 + 负载用前一日剖面,2025-09-15,1:30-2:20,152.487553,5
② 光伏用第 d 日 0:00 预报 + 负载用前一日剖面,2025-09-15,3:20-3:40,24.431817,2
② 光伏用第 d 日 0:00 预报 + 负载用前一日剖面,2025-09-15,5:40-6:50,1137.795519,7
② 光伏用第 d 日 0:00 预报 + 负载用前一日剖面,2025-09-15,7:00-9:50,3791.712117,17
② 光伏用第 d 日 0:00 预报 + 负载用前一日剖面,2025-09-15,10:00-10:40,571.281472,4
② 光伏用第 d 日 0:00 预报 + 负载用前一日剖面,2025-09-15,11:10-11:50,448.946967,4
② 光伏用第 d 日 0:00 预报 + 负载用前一日剖面,2025-09-15,12:10-12:50,258.565572,4
② 光伏用第 d 日 0:00 预报 + 负载用前一日剖面,2025-09-15,14:40-15:00,100.525467,2
② 光伏用第 d 日 0:00 预报 + 负载用前一日剖面,2025-09-15,15:50-16:00,51.779469,1
② 光伏用第 d 日 0:00 预报 + 负载用前一日剖面,2025-09-15,18:40-19:10,43.375356,3
② 光伏用第 d 日 0:00 预报 + 负载用前一日剖面,2025-09-15,19:30-19:50,43.954122,2
② 光伏用第 d 日 0:00 预报 + 负载用前一日剖面,2025-09-15,20:50-21:40,155.082603,5
② 光伏用第 d 日 0:00 预报 + 负载用前一日剖面,2025-09-15,22:10-22:20,0.774900,1
② 光伏用第 d 日 0:00 预报 + 负载用前一日剖面,2025-09-15,22:30-22:50,24.274500,2
② 光伏用第 d 日 0:00 预报 + 负载用前一日剖面,2025-09-15,23:20-23:30,0.313033,1
② 光伏用第 d 日 0:00 预报 + 负载用前一日剖面,2025-09-16,0:00-0:30,154.662258,3
② 光伏用第 d 日 0:00 预报 + 负载用前一日剖面,2025-09-16,1:40-2:10,50.045844,3
② 光伏用第 d 日 0:00 预报 + 负载用前一日剖面,2025-09-16,2:20-3:20,189.155900,6
② 光伏用第 d 日 0:00 预报 + 负载用前一日剖面,2025-09-16,3:40-4:50,192.506564,7
② 光伏用第 d 日 0:00 预报 + 负载用前一日剖面,2025-09-16,5:40-6:50,742.168475,7
② 光伏用第 d 日 0:00 预报 + 负载用前一日剖面,2025-09-16,7:00-8:40,1313.591778,10
② 光伏用第 d 日 0:00 预报 + 负载用前一日剖面,2025-09-16,9:00-9:30,275.834900,3
② 光伏用第 d 日 0:00 预报 + 负载用前一日剖面,2025-09-16,16:40-17:00,133.994972,2
② 光伏用第 d 日 0:00 预报 + 负载用前一日剖面,2025-09-16,17:30-17:40,25.370569,1
② 光伏用第 d 日 0:00 预报 + 负载用前一日剖面,2025-09-16,18:20-18:50,93.336167,3
② 光伏用第 d 日 0:00 预报 + 负载用前一日剖面,2025-09-16,19:00-20:00,90.909867,6
② 光伏用第 d 日 0:00 预报 + 负载用前一日剖面,2025-09-16,20:20-20:50,52.889492,3
② 光伏用第 d 日 0:00 预报 + 负载用前一日剖面,2025-09-16,21:00-21:50,261.925058,5
② 光伏用第 d 日 0:00 预报 + 负载用前一日剖面,2025-09-16,22:20-0:00+1,165.184956,10
② 光伏用第 d 日 0:00 预报 + 负载用前一日剖面,2025-09-17,0:00-0:10,3.772186,1
② 光伏用第 d 日 0:00 预报 + 负载用前一日剖面,2025-09-17,0:50-1:20,37.668436,3
② 光伏用第 d 日 0:00 预报 + 负载用前一日剖面,2025-09-17,2:40-2:50,1.802917,1
② 光伏用第 d 日 0:00 预报 + 负载用前一日剖面,2025-09-17,3:20-3:30,12.073750,1
② 光伏用第 d 日 0:00 预报 + 负载用前一日剖面,2025-09-17,5:20-5:30,10.248592,1
② 光伏用第 d 日 0:00 预报 + 负载用前一日剖面,2025-09-17,5:40-12:00,5404.470583,38
② 光伏用第 d 日 0:00 预报 + 负载用前一日剖面,2025-09-17,12:50-13:00,38.861333,1
② 光伏用第 d 日 0:00 预报 + 负载用前一日剖面,2025-09-17,17:30-17:40,21.697367,1
② 光伏用第 d 日 0:00 预报 + 负载用前一日剖面,2025-09-17,18:40-19:00,23.949594,2
② 光伏用第 d 日 0:00 预报 + 负载用前一日剖面,2025-09-17,20:00-20:20,43.269744,2
② 光伏用第 d 日 0:00 预报 + 负载用前一日剖面,2025-09-17,21:00-21:40,249.376594,4
② 光伏用第 d 日 0:00 预报 + 负载用前一日剖面,2025-09-17,22:30-23:00,143.063892,3
② 光伏用第 d 日 0:00 预报 + 负载用前一日剖面,2025-09-17,23:20-23:30,1.841208,1
② 光伏用第 d 日 0:00 预报 + 负载用前一日剖面,2025-09-17,23:50-0:00+1,7.162875,1
② 光伏用第 d 日 0:00 预报 + 负载用前一日剖面,2025-09-18,0:00-0:10,14.065039,1
② 光伏用第 d 日 0:00 预报 + 负载用前一日剖面,2025-09-18,0:40-0:50,7.132472,1
② 光伏用第 d 日 0:00 预报 + 负载用前一日剖面,2025-09-18,1:30-1:40,1.694731,1
② 光伏用第 d 日 0:00 预报 + 负载用前一日剖面,2025-09-18,2:30-3:00,26.422858,3
② 光伏用第 d 日 0:00 预报 + 负载用前一日剖面,2025-09-18,3:20-4:30,68.029817,7
② 光伏用第 d 日 0:00 预报 + 负载用前一日剖面,2025-09-18,4:50-5:00,27.331578,1
② 光伏用第 d 日 0:00 预报 + 负载用前一日剖面,2025-09-18,5:20-5:30,7.493114,1
② 光伏用第 d 日 0:00 预报 + 负载用前一日剖面,2025-09-18,5:50-10:50,6330.139789,30
② 光伏用第 d 日 0:00 预报 + 负载用前一日剖面,2025-09-18,11:00-12:00,1085.600967,6
② 光伏用第 d 日 0:00 预报 + 负载用前一日剖面,2025-09-18,12:40-12:50,100.678953,1
② 光伏用第 d 日 0:00 预报 + 负载用前一日剖面,2025-09-18,13:00-13:40,185.931000,4
② 光伏用第 d 日 0:00 预报 + 负载用前一日剖面,2025-09-18,13:50-14:00,146.062917,1
② 光伏用第 d 日 0:00 预报 + 负载用前一日剖面,2025-09-18,14:50-15:00,19.184369,1
② 光伏用第 d 日 0:00 预报 + 负载用前一日剖面,2025-09-18,15:50-16:00,1.538369,1
② 光伏用第 d 日 0:00 预报 + 负载用前一日剖面,2025-09-18,16:50-17:00,48.985708,1
② 光伏用第 d 日 0:00 预报 + 负载用前一日剖面,2025-09-18,17:30-17:40,5.856200,1
② 光伏用第 d 日 0:00 预报 + 负载用前一日剖面,2025-09-18,18:00-18:30,112.192392,3
② 光伏用第 d 日 0:00 预报 + 负载用前一日剖面,2025-09-18,18:50-19:50,166.908792,6
② 光伏用第 d 日 0:00 预报 + 负载用前一日剖面,2025-09-18,20:00-21:40,343.871094,10
② 光伏用第 d 日 0:00 预报 + 负载用前一日剖面,2025-09-18,22:10-22:20,41.784375,1
② 光伏用第 d 日 0:00 预报 + 负载用前一日剖面,2025-09-18,23:00-23:10,7.814031,1
② 光伏用第 d 日 0:00 预报 + 负载用前一日剖面,2025-09-18,23:30-23:40,34.586047,1
② 光伏用第 d 日 0:00 预报 + 负载用前一日剖面,2025-09-20,0:00-0:20,85.240583,2
② 光伏用第 d 日 0:00 预报 + 负载用前一日剖面,2025-09-20,0:40-1:00,60.264983,2
② 光伏用第 d 日 0:00 预报 + 负载用前一日剖面,2025-09-20,2:20-2:40,18.968006,2
② 光伏用第 d 日 0:00 预报 + 负载用前一日剖面,2025-09-20,3:00-4:00,109.681900,6
② 光伏用第 d 日 0:00 预报 + 负载用前一日剖面,2025-09-20,4:50-5:10,25.689342,2
② 光伏用第 d 日 0:00 预报 + 负载用前一日剖面,2025-09-20,6:00-7:50,1658.843050,11
② 光伏用第 d 日 0:00 预报 + 负载用前一日剖面,2025-09-20,8:00-8:10,333.340169,1
② 光伏用第 d 日 0:00 预报 + 负载用前一日剖面,2025-09-20,8:40-9:20,1409.673939,4
② 光伏用第 d 日 0:00 预报 + 负载用前一日剖面,2025-09-20,9:40-10:10,540.582183,3
② 光伏用第 d 日 0:00 预报 + 负载用前一日剖面,2025-09-20,10:20-11:10,463.453350,5
② 光伏用第 d 日 0:00 预报 + 负载用前一日剖面,2025-09-20,11:30-11:50,144.950533,2
② 光伏用第 d 日 0:00 预报 + 负载用前一日剖面,2025-09-20,17:50-18:10,80.003794,2
② 光伏用第 d 日 0:00 预报 + 负载用前一日剖面,2025-09-20,18:50-19:10,51.002761,2
② 光伏用第 d 日 0:00 预报 + 负载用前一日剖面,2025-09-20,19:40-21:00,305.524567,8
② 光伏用第 d 日 0:00 预报 + 负载用前一日剖面,2025-09-20,23:00-23:10,3.078128,1
② 光伏用第 d 日 0:00 预报 + 负载用前一日剖面,2025-09-20,23:40-0:00+1,256.219772,2
② 光伏用第 d 日 0:00 预报 + 负载用前一日剖面,2025-09-21,0:00-8:50,12713.854172,53
② 光伏用第 d 日 0:00 预报 + 负载用前一日剖面,2025-09-21,9:00-9:10,467.857919,1
② 光伏用第 d 日 0:00 预报 + 负载用前一日剖面,2025-09-21,9:30-10:10,1599.827731,4
② 光伏用第 d 日 0:00 预报 + 负载用前一日剖面,2025-09-21,10:20-10:30,381.479239,1
② 光伏用第 d 日 0:00 预报 + 负载用前一日剖面,2025-09-21,10:50-11:10,828.885939,2
② 光伏用第 d 日 0:00 预报 + 负载用前一日剖面,2025-09-21,11:40-11:50,411.719350,1
② 光伏用第 d 日 0:00 预报 + 负载用前一日剖面,2025-09-21,12:00-12:10,414.233717,1
② 光伏用第 d 日 0:00 预报 + 负载用前一日剖面,2025-09-21,12:20-12:30,445.899167,1
② 光伏用第 d 日 0:00 预报 + 负载用前一日剖面,2025-09-21,12:40-13:00,1035.207817,2
② 光伏用第 d 日 0:00 预报 + 负载用前一日剖面,2025-09-21,13:20-13:40,536.119194,2
② 光伏用第 d 日 0:00 预报 + 负载用前一日剖面,2025-09-21,14:00-14:10,243.555200,1
② 光伏用第 d 日 0:00 预报 + 负载用前一日剖面,2025-09-21,14:30-0:00+1,14450.295075,57
② 光伏用第 d 日 0:00 预报 + 负载用前一日剖面,2025-09-22,0:00-0:20,102.815906,2
② 光伏用第 d 日 0:00 预报 + 负载用前一日剖面,2025-09-22,0:30-0:50,105.224489,2
② 光伏用第 d 日 0:00 预报 + 负载用前一日剖面,2025-09-22,1:10-2:10,125.586025,6
② 光伏用第 d 日 0:00 预报 + 负载用前一日剖面,2025-09-22,2:30-3:00,67.499275,3
② 光伏用第 d 日 0:00 预报 + 负载用前一日剖面,2025-09-22,3:20-3:40,26.816794,2
② 光伏用第 d 日 0:00 预报 + 负载用前一日剖面,2025-09-22,4:00-4:20,16.941600,2
② 光伏用第 d 日 0:00 预报 + 负载用前一日剖面,2025-09-22,5:40-10:20,4130.810544,28
② 光伏用第 d 日 0:00 预报 + 负载用前一日剖面,2025-09-22,11:30-11:40,1.934375,1
② 光伏用第 d 日 0:00 预报 + 负载用前一日剖面,2025-09-22,17:30-17:40,22.577569,1
② 光伏用第 d 日 0:00 预报 + 负载用前一日剖面,2025-09-22,19:30-20:20,111.367069,5
② 光伏用第 d 日 0:00 预报 + 负载用前一日剖面,2025-09-22,21:00-21:50,286.764417,5
② 光伏用第 d 日 0:00 预报 + 负载用前一日剖面,2025-09-22,22:40-23:40,276.897000,6
② 光伏用第 d 日 0:00 预报 + 负载用前一日剖面,2025-09-23,1:40-1:50,3.936969,1
② 光伏用第 d 日 0:00 预报 + 负载用前一日剖面,2025-09-23,2:00-2:20,19.095694,2
② 光伏用第 d 日 0:00 预报 + 负载用前一日剖面,2025-09-23,2:30-2:40,1.878947,1
② 光伏用第 d 日 0:00 预报 + 负载用前一日剖面,2025-09-23,3:50-4:00,17.521914,1
② 光伏用第 d 日 0:00 预报 + 负载用前一日剖面,2025-09-23,4:20-5:00,51.330183,4
② 光伏用第 d 日 0:00 预报 + 负载用前一日剖面,2025-09-23,5:40-8:50,2587.405842,19
② 光伏用第 d 日 0:00 预报 + 负载用前一日剖面,2025-09-23,9:00-10:20,622.495533,8
② 光伏用第 d 日 0:00 预报 + 负载用前一日剖面,2025-09-23,11:00-11:50,545.835336,5
② 光伏用第 d 日 0:00 预报 + 负载用前一日剖面,2025-09-23,12:50-13:00,17.122133,1
② 光伏用第 d 日 0:00 预报 + 负载用前一日剖面,2025-09-23,17:30-17:40,33.211925,1
② 光伏用第 d 日 0:00 预报 + 负载用前一日剖面,2025-09-23,18:10-19:00,227.881158,5
② 光伏用第 d 日 0:00 预报 + 负载用前一日剖面,2025-09-23,19:10-19:30,41.891261,2
② 光伏用第 d 日 0:00 预报 + 负载用前一日剖面,2025-09-23,19:50-20:30,131.863122,4
② 光伏用第 d 日 0:00 预报 + 负载用前一日剖面,2025-09-23,20:40-21:40,190.794072,6
② 光伏用第 d 日 0:00 预报 + 负载用前一日剖面,2025-09-23,22:20-22:40,69.495489,2
② 光伏用第 d 日 0:00 预报 + 负载用前一日剖面,2025-09-23,23:20-23:40,15.090139,2
② 光伏用第 d 日 0:00 预报 + 负载用前一日剖面,2025-09-24,0:10-0:30,40.326500,2
② 光伏用第 d 日 0:00 预报 + 负载用前一日剖面,2025-09-24,0:50-1:00,8.716875,1
② 光伏用第 d 日 0:00 预报 + 负载用前一日剖面,2025-09-24,1:10-1:50,62.609917,4
② 光伏用第 d 日 0:00 预报 + 负载用前一日剖面,2025-09-24,2:00-2:30,68.858567,3
② 光伏用第 d 日 0:00 预报 + 负载用前一日剖面,2025-09-24,2:50-3:50,183.236353,6
② 光伏用第 d 日 0:00 预报 + 负载用前一日剖面,2025-09-24,4:10-5:00,71.192286,5
② 光伏用第 d 日 0:00 预报 + 负载用前一日剖面,2025-09-24,5:50-9:50,3545.044081,24
② 光伏用第 d 日 0:00 预报 + 负载用前一日剖面,2025-09-24,10:00-10:50,1662.528472,5
② 光伏用第 d 日 0:00 预报 + 负载用前一日剖面,2025-09-24,11:00-12:00,1822.905267,6
② 光伏用第 d 日 0:00 预报 + 负载用前一日剖面,2025-09-24,12:10-12:50,1267.054578,4
② 光伏用第 d 日 0:00 预报 + 负载用前一日剖面,2025-09-24,13:10-13:30,47.315572,2
② 光伏用第 d 日 0:00 预报 + 负载用前一日剖面,2025-09-24,14:50-15:00,32.257878,1
② 光伏用第 d 日 0:00 预报 + 负载用前一日剖面,2025-09-24,15:40-16:00,94.528006,2
② 光伏用第 d 日 0:00 预报 + 负载用前一日剖面,2025-09-24,16:50-17:00,36.541133,1
② 光伏用第 d 日 0:00 预报 + 负载用前一日剖面,2025-09-24,17:30-17:40,34.188933,1
② 光伏用第 d 日 0:00 预报 + 负载用前一日剖面,2025-09-24,18:10-18:30,20.003128,2
② 光伏用第 d 日 0:00 预报 + 负载用前一日剖面,2025-09-24,19:00-19:10,15.162283,1
② 光伏用第 d 日 0:00 预报 + 负载用前一日剖面,2025-09-24,19:40-20:00,27.594467,2
② 光伏用第 d 日 0:00 预报 + 负载用前一日剖面,2025-09-24,21:00-21:40,128.528700,4
② 光伏用第 d 日 0:00 预报 + 负载用前一日剖面,2025-09-24,22:00-22:20,4.496806,2
② 光伏用第 d 日 0:00 预报 + 负载用前一日剖面,2025-09-24,22:30-23:20,110.601506,5
② 光伏用第 d 日 0:00 预报 + 负载用前一日剖面,2025-09-24,23:30-0:00+1,95.940275,3
② 光伏用第 d 日 0:00 预报 + 负载用前一日剖面,2025-09-25,0:20-0:50,119.418358,3
② 光伏用第 d 日 0:00 预报 + 负载用前一日剖面,2025-09-25,1:00-1:30,35.132042,3
② 光伏用第 d 日 0:00 预报 + 负载用前一日剖面,2025-09-25,2:00-2:20,27.940978,2
② 光伏用第 d 日 0:00 预报 + 负载用前一日剖面,2025-09-25,2:50-3:20,20.270486,3
② 光伏用第 d 日 0:00 预报 + 负载用前一日剖面,2025-09-25,4:40-5:00,6.141172,2
② 光伏用第 d 日 0:00 预报 + 负载用前一日剖面,2025-09-25,5:50-6:50,940.795597,6
② 光伏用第 d 日 0:00 预报 + 负载用前一日剖面,2025-09-25,7:00-8:50,1642.607683,11
② 光伏用第 d 日 0:00 预报 + 负载用前一日剖面,2025-09-25,9:00-9:30,152.073483,3
② 光伏用第 d 日 0:00 预报 + 负载用前一日剖面,2025-09-25,10:00-10:40,488.146322,4
② 光伏用第 d 日 0:00 预报 + 负载用前一日剖面,2025-09-25,12:40-13:00,96.181978,2
② 光伏用第 d 日 0:00 预报 + 负载用前一日剖面,2025-09-25,13:20-14:00,276.535656,4
② 光伏用第 d 日 0:00 预报 + 负载用前一日剖面,2025-09-25,14:30-15:00,244.171692,3
② 光伏用第 d 日 0:00 预报 + 负载用前一日剖面,2025-09-25,17:30-17:40,15.946558,1
② 光伏用第 d 日 0:00 预报 + 负载用前一日剖面,2025-09-25,18:20-19:10,199.886981,5
② 光伏用第 d 日 0:00 预报 + 负载用前一日剖面,2025-09-25,19:50-21:40,445.724136,11
② 光伏用第 d 日 0:00 预报 + 负载用前一日剖面,2025-09-25,22:30-23:40,251.296753,7
② 光伏用第 d 日 0:00 预报 + 负载用前一日剖面,2025-09-27,0:00-0:10,0.536292,1
② 光伏用第 d 日 0:00 预报 + 负载用前一日剖面,2025-09-27,0:20-1:30,230.865300,7
② 光伏用第 d 日 0:00 预报 + 负载用前一日剖面,2025-09-27,1:40-2:00,34.581800,2
② 光伏用第 d 日 0:00 预报 + 负载用前一日剖面,2025-09-27,2:20-2:30,7.298519,1
② 光伏用第 d 日 0:00 预报 + 负载用前一日剖面,2025-09-27,3:00-3:20,104.809750,2
② 光伏用第 d 日 0:00 预报 + 负载用前一日剖面,2025-09-27,3:40-4:00,80.765500,2
② 光伏用第 d 日 0:00 预报 + 负载用前一日剖面,2025-09-27,4:20-4:40,22.312961,2
② 光伏用第 d 日 0:00 预报 + 负载用前一日剖面,2025-09-27,5:00-5:50,88.510086,5
② 光伏用第 d 日 0:00 预报 + 负载用前一日剖面,2025-09-27,6:00-7:40,1644.950028,10
② 光伏用第 d 日 0:00 预报 + 负载用前一日剖面,2025-09-27,8:00-8:10,402.105644,1
② 光伏用第 d 日 0:00 预报 + 负载用前一日剖面,2025-09-27,8:40-9:20,972.404667,4
② 光伏用第 d 日 0:00 预报 + 负载用前一日剖面,2025-09-27,9:40-10:10,481.383611,3
② 光伏用第 d 日 0:00 预报 + 负载用前一日剖面,2025-09-27,10:20-10:40,292.846950,2
② 光伏用第 d 日 0:00 预报 + 负载用前一日剖面,2025-09-27,10:50-11:10,258.984683,2
② 光伏用第 d 日 0:00 预报 + 负载用前一日剖面,2025-09-27,11:30-11:50,58.405050,2
② 光伏用第 d 日 0:00 预报 + 负载用前一日剖面,2025-09-27,12:10-12:30,310.709083,2
② 光伏用第 d 日 0:00 预报 + 负载用前一日剖面,2025-09-27,12:40-13:00,340.535033,2
② 光伏用第 d 日 0:00 预报 + 负载用前一日剖面,2025-09-27,13:10-13:40,503.712950,3
② 光伏用第 d 日 0:00 预报 + 负载用前一日剖面,2025-09-27,13:50-14:00,276.713800,1
② 光伏用第 d 日 0:00 预报 + 负载用前一日剖面,2025-09-27,14:50-15:00,137.777342,1
② 光伏用第 d 日 0:00 预报 + 负载用前一日剖面,2025-09-27,15:50-16:00,120.065081,1
② 光伏用第 d 日 0:00 预报 + 负载用前一日剖面,2025-09-27,17:30-19:00,322.908817,9
② 光伏用第 d 日 0:00 预报 + 负载用前一日剖面,2025-09-27,19:10-19:50,35.113900,4
② 光伏用第 d 日 0:00 预报 + 负载用前一日剖面,2025-09-27,20:00-20:30,95.421617,3
② 光伏用第 d 日 0:00 预报 + 负载用前一日剖面,2025-09-27,20:50-21:20,54.369650,3
② 光伏用第 d 日 0:00 预报 + 负载用前一日剖面,2025-09-27,21:30-21:40,26.601350,1
② 光伏用第 d 日 0:00 预报 + 负载用前一日剖面,2025-09-27,22:30-22:50,28.618828,2
② 光伏用第 d 日 0:00 预报 + 负载用前一日剖面,2025-09-27,23:00-0:00+1,349.087433,6
② 光伏用第 d 日 0:00 预报 + 负载用前一日剖面,2025-09-28,0:00-10:10,16629.210097,61
② 光伏用第 d 日 0:00 预报 + 负载用前一日剖面,2025-09-28,10:20-10:30,638.065092,1
② 光伏用第 d 日 0:00 预报 + 负载用前一日剖面,2025-09-28,10:50-11:50,2788.497701,6
② 光伏用第 d 日 0:00 预报 + 负载用前一日剖面,2025-09-28,12:10-12:20,235.972169,1
② 光伏用第 d 日 0:00 预报 + 负载用前一日剖面,2025-09-28,13:20-13:40,935.836100,2
② 光伏用第 d 日 0:00 预报 + 负载用前一日剖面,2025-09-28,14:00-0:00+1,15571.415858,60
② 光伏用第 d 日 0:00 预报 + 负载用前一日剖面,2025-09-29,0:00-0:50,104.336364,5
② 光伏用第 d 日 0:00 预报 + 负载用前一日剖面,2025-09-29,1:10-1:30,5.487606,2
② 光伏用第 d 日 0:00 预报 + 负载用前一日剖面,2025-09-29,2:10-2:30,12.184294,2
② 光伏用第 d 日 0:00 预报 + 负载用前一日剖面,2025-09-29,2:50-3:20,102.166969,3
② 光伏用第 d 日 0:00 预报 + 负载用前一日剖面,2025-09-29,3:50-4:20,48.665183,3
② 光伏用第 d 日 0:00 预报 + 负载用前一日剖面,2025-09-29,4:30-4:50,8.412389,2
② 光伏用第 d 日 0:00 预报 + 负载用前一日剖面,2025-09-29,5:40-8:50,2605.369994,19
② 光伏用第 d 日 0:00 预报 + 负载用前一日剖面,2025-09-29,9:00-9:50,589.932047,5
② 光伏用第 d 日 0:00 预报 + 负载用前一日剖面,2025-09-29,10:00-11:40,882.186178,10
② 光伏用第 d 日 0:00 预报 + 负载用前一日剖面,2025-09-29,12:50-13:00,50.314017,1
② 光伏用第 d 日 0:00 预报 + 负载用前一日剖面,2025-09-29,17:30-17:40,9.112558,1
② 光伏用第 d 日 0:00 预报 + 负载用前一日剖面,2025-09-29,18:10-19:00,330.218314,5
② 光伏用第 d 日 0:00 预报 + 负载用前一日剖面,2025-09-29,19:20-19:30,5.155281,1
② 光伏用第 d 日 0:00 预报 + 负载用前一日剖面,2025-09-29,20:10-20:50,131.780444,4
② 光伏用第 d 日 0:00 预报 + 负载用前一日剖面,2025-09-29,21:00-21:50,161.573083,5
② 光伏用第 d 日 0:00 预报 + 负载用前一日剖面,2025-09-29,22:10-23:00,113.871097,5
② 光伏用第 d 日 0:00 预报 + 负载用前一日剖面,2025-09-29,23:50-0:00+1,40.444661,1
② 光伏用第 d 日 0:00 预报 + 负载用前一日剖面,2025-09-30,0:00-0:20,38.828361,2
② 光伏用第 d 日 0:00 预报 + 负载用前一日剖面,2025-09-30,0:30-1:20,80.792081,5
② 光伏用第 d 日 0:00 预报 + 负载用前一日剖面,2025-09-30,2:20-2:30,12.636561,1
② 光伏用第 d 日 0:00 预报 + 负载用前一日剖面,2025-09-30,2:50-3:10,26.842628,2
② 光伏用第 d 日 0:00 预报 + 负载用前一日剖面,2025-09-30,3:20-5:00,136.579350,10
② 光伏用第 d 日 0:00 预报 + 负载用前一日剖面,2025-09-30,5:50-12:00,8674.370658,37
② 光伏用第 d 日 0:00 预报 + 负载用前一日剖面,2025-09-30,17:30-17:40,60.719456,1
② 光伏用第 d 日 0:00 预报 + 负载用前一日剖面,2025-09-30,18:10-18:30,35.318989,2
② 光伏用第 d 日 0:00 预报 + 负载用前一日剖面,2025-09-30,18:50-19:10,12.428308,2
② 光伏用第 d 日 0:00 预报 + 负载用前一日剖面,2025-09-30,20:00-20:20,100.086200,2
② 光伏用第 d 日 0:00 预报 + 负载用前一日剖面,2025-09-30,20:30-20:50,61.575383,2
② 光伏用第 d 日 0:00 预报 + 负载用前一日剖面,2025-09-30,21:00-21:40,162.003583,4
② 光伏用第 d 日 0:00 预报 + 负载用前一日剖面,2025-09-30,23:00-23:50,57.260647,5
② 光伏用第 d 日 0:00 预报 + 负载用前一日剖面,2025-10-01,1:00-1:20,10.487172,2
② 光伏用第 d 日 0:00 预报 + 负载用前一日剖面,2025-10-01,1:40-2:00,16.382039,2
② 光伏用第 d 日 0:00 预报 + 负载用前一日剖面,2025-10-01,2:10-2:30,13.204200,2
② 光伏用第 d 日 0:00 预报 + 负载用前一日剖面,2025-10-01,2:50-3:00,19.742108,1
② 光伏用第 d 日 0:00 预报 + 负载用前一日剖面,2025-10-01,3:20-3:30,5.933825,1
② 光伏用第 d 日 0:00 预报 + 负载用前一日剖面,2025-10-01,3:50-4:00,3.960492,1
② 光伏用第 d 日 0:00 预报 + 负载用前一日剖面,2025-10-01,4:20-4:30,9.636125,1
② 光伏用第 d 日 0:00 预报 + 负载用前一日剖面,2025-10-01,5:40-8:50,2931.419883,19
② 光伏用第 d 日 0:00 预报 + 负载用前一日剖面,2025-10-01,9:00-9:30,252.876208,3
② 光伏用第 d 日 0:00 预报 + 负载用前一日剖面,2025-10-01,10:00-10:10,0.569111,1
② 光伏用第 d 日 0:00 预报 + 负载用前一日剖面,2025-10-01,17:30-17:40,14.968547,1
② 光伏用第 d 日 0:00 预报 + 负载用前一日剖面,2025-10-01,21:30-21:40,1.304614,1
② 光伏用第 d 日 0:00 预报 + 负载用前一日剖面,2025-10-02,0:00-0:10,21.119169,1
② 光伏用第 d 日 0:00 预报 + 负载用前一日剖面,2025-10-02,0:40-1:00,9.070739,2
② 光伏用第 d 日 0:00 预报 + 负载用前一日剖面,2025-10-02,1:10-2:30,176.280372,8
② 光伏用第 d 日 0:00 预报 + 负载用前一日剖面,2025-10-02,2:50-3:00,16.914808,1
② 光伏用第 d 日 0:00 预报 + 负载用前一日剖面,2025-10-02,3:40-4:00,12.974183,2
② 光伏用第 d 日 0:00 预报 + 负载用前一日剖面,2025-10-02,4:20-4:40,22.835022,2
② 光伏用第 d 日 0:00 预报 + 负载用前一日剖面,2025-10-02,5:40-7:30,1560.771464,11
② 光伏用第 d 日 0:00 预报 + 负载用前一日剖面,2025-10-02,7:40-8:40,657.620478,6
② 光伏用第 d 日 0:00 预报 + 负载用前一日剖面,2025-10-02,9:00-9:10,11.537422,1
② 光伏用第 d 日 0:00 预报 + 负载用前一日剖面,2025-10-02,17:30-17:40,54.088192,1
② 光伏用第 d 日 0:00 预报 + 负载用前一日剖面,2025-10-02,18:10-19:00,98.891342,5
② 光伏用第 d 日 0:00 预报 + 负载用前一日剖面,2025-10-02,19:20-20:00,36.817478,4
② 光伏用第 d 日 0:00 预报 + 负载用前一日剖面,2025-10-02,20:20-20:30,18.518036,1
② 光伏用第 d 日 0:00 预报 + 负载用前一日剖面,2025-10-02,20:50-21:40,201.860425,5
② 光伏用第 d 日 0:00 预报 + 负载用前一日剖面,2025-10-02,22:00-23:00,53.388350,6
② 光伏用第 d 日 0:00 预报 + 负载用前一日剖面,2025-10-04,0:00-1:00,84.147333,6
② 光伏用第 d 日 0:00 预报 + 负载用前一日剖面,2025-10-04,1:30-1:50,10.675828,2
② 光伏用第 d 日 0:00 预报 + 负载用前一日剖面,2025-10-04,2:20-3:20,41.492928,6
② 光伏用第 d 日 0:00 预报 + 负载用前一日剖面,2025-10-04,3:40-4:00,10.366794,2
② 光伏用第 d 日 0:00 预报 + 负载用前一日剖面,2025-10-04,4:10-5:30,164.787789,8
② 光伏用第 d 日 0:00 预报 + 负载用前一日剖面,2025-10-04,5:40-7:40,1581.076472,12
② 光伏用第 d 日 0:00 预报 + 负载用前一日剖面,2025-10-04,8:00-8:20,133.963922,2
② 光伏用第 d 日 0:00 预报 + 负载用前一日剖面,2025-10-04,9:00-9:10,19.326342,1
② 光伏用第 d 日 0:00 预报 + 负载用前一日剖面,2025-10-04,18:10-18:50,85.736406,4
② 光伏用第 d 日 0:00 预报 + 负载用前一日剖面,2025-10-04,19:10-19:20,1.979742,1
② 光伏用第 d 日 0:00 预报 + 负载用前一日剖面,2025-10-04,19:30-19:50,40.277283,2
② 光伏用第 d 日 0:00 预报 + 负载用前一日剖面,2025-10-04,20:10-20:30,14.537600,2
② 光伏用第 d 日 0:00 预报 + 负载用前一日剖面,2025-10-04,21:00-21:50,240.170131,5
② 光伏用第 d 日 0:00 预报 + 负载用前一日剖面,2025-10-04,22:00-22:20,18.579700,2
② 光伏用第 d 日 0:00 预报 + 负载用前一日剖面,2025-10-04,22:30-23:20,45.705653,5
② 光伏用第 d 日 0:00 预报 + 负载用前一日剖面,2025-10-04,23:40-0:00+1,229.063411,2
② 光伏用第 d 日 0:00 预报 + 负载用前一日剖面,2025-10-05,0:00-9:40,14926.180111,58
② 光伏用第 d 日 0:00 预报 + 负载用前一日剖面,2025-10-05,10:00-10:20,778.976667,2
② 光伏用第 d 日 0:00 预报 + 负载用前一日剖面,2025-10-05,10:30-10:50,399.715467,2
② 光伏用第 d 日 0:00 预报 + 负载用前一日剖面,2025-10-05,11:10-11:30,363.736783,2
② 光伏用第 d 日 0:00 预报 + 负载用前一日剖面,2025-10-05,11:40-11:50,76.002433,1
② 光伏用第 d 日 0:00 预报 + 负载用前一日剖面,2025-10-05,12:10-12:40,735.441925,3
② 光伏用第 d 日 0:00 预报 + 负载用前一日剖面,2025-10-05,13:50-14:10,521.726131,2
② 光伏用第 d 日 0:00 预报 + 负载用前一日剖面,2025-10-05,14:30-0:00+1,14812.337206,57
② 光伏用第 d 日 0:00 预报 + 负载用前一日剖面,2025-10-06,1:40-2:30,43.146972,5
② 光伏用第 d 日 0:00 预报 + 负载用前一日剖面,2025-10-06,2:50-3:30,21.792083,4
② 光伏用第 d 日 0:00 预报 + 负载用前一日剖面,2025-10-06,3:50-4:00,13.416900,1
② 光伏用第 d 日 0:00 预报 + 负载用前一日剖面,2025-10-06,5:40-6:50,997.513836,7
② 光伏用第 d 日 0:00 预报 + 负载用前一日剖面,2025-10-06,7:00-9:50,3665.374394,17
② 光伏用第 d 日 0:00 预报 + 负载用前一日剖面,2025-10-06,10:00-10:50,1146.045886,5
② 光伏用第 d 日 0:00 预报 + 负载用前一日剖面,2025-10-06,11:00-12:00,1487.886250,6
② 光伏用第 d 日 0:00 预报 + 负载用前一日剖面,2025-10-06,12:10-12:50,275.710094,4
② 光伏用第 d 日 0:00 预报 + 负载用前一日剖面,2025-10-06,13:10-13:40,409.744308,3
② 光伏用第 d 日 0:00 预报 + 负载用前一日剖面,2025-10-06,14:50-15:00,39.208303,1
② 光伏用第 d 日 0:00 预报 + 负载用前一日剖面,2025-10-06,16:50-17:00,45.404325,1
② 光伏用第 d 日 0:00 预报 + 负载用前一日剖面,2025-10-06,17:20-17:40,60.313172,2
② 光伏用第 d 日 0:00 预报 + 负载用前一日剖面,2025-10-06,18:10-18:50,79.632900,4
② 光伏用第 d 日 0:00 预报 + 负载用前一日剖面,2025-10-06,19:00-20:00,192.764383,6
② 光伏用第 d 日 0:00 预报 + 负载用前一日剖面,2025-10-06,20:10-20:40,30.359733,3
② 光伏用第 d 日 0:00 预报 + 负载用前一日剖面,2025-10-06,21:00-21:40,115.536400,4
② 光伏用第 d 日 0:00 预报 + 负载用前一日剖面,2025-10-06,22:10-22:20,12.881497,1
② 光伏用第 d 日 0:00 预报 + 负载用前一日剖面,2025-10-06,22:40-23:50,147.466472,7
② 光伏用第 d 日 0:00 预报 + 负载用前一日剖面,2025-10-07,0:10-0:20,6.077742,1
② 光伏用第 d 日 0:00 预报 + 负载用前一日剖面,2025-10-07,0:30-0:50,3.841233,2
② 光伏用第 d 日 0:00 预报 + 负载用前一日剖面,2025-10-07,1:00-2:00,127.301317,6
② 光伏用第 d 日 0:00 预报 + 负载用前一日剖面,2025-10-07,2:30-3:00,47.288733,3
② 光伏用第 d 日 0:00 预报 + 负载用前一日剖面,2025-10-07,3:50-4:00,10.255375,1
② 光伏用第 d 日 0:00 预报 + 负载用前一日剖面,2025-10-07,4:20-5:00,19.026289,4
② 光伏用第 d 日 0:00 预报 + 负载用前一日剖面,2025-10-07,5:40-6:50,885.994633,7
② 光伏用第 d 日 0:00 预报 + 负载用前一日剖面,2025-10-07,7:00-9:50,2954.249464,17
② 光伏用第 d 日 0:00 预报 + 负载用前一日剖面,2025-10-07,10:00-10:50,248.702508,5
② 光伏用第 d 日 0:00 预报 + 负载用前一日剖面,2025-10-07,11:00-11:40,166.870122,4
② 光伏用第 d 日 0:00 预报 + 负载用前一日剖面,2025-10-07,12:40-13:00,78.353011,2
② 光伏用第 d 日 0:00 预报 + 负载用前一日剖面,2025-10-07,14:40-15:00,108.590161,2
② 光伏用第 d 日 0:00 预报 + 负载用前一日剖面,2025-10-07,15:40-16:00,156.874956,2
② 光伏用第 d 日 0:00 预报 + 负载用前一日剖面,2025-10-07,16:50-17:00,29.303219,1
② 光伏用第 d 日 0:00 预报 + 负载用前一日剖面,2025-10-07,17:30-17:40,81.516569,1
② 光伏用第 d 日 0:00 预报 + 负载用前一日剖面,2025-10-07,18:10-19:00,44.451772,5
② 光伏用第 d 日 0:00 预报 + 负载用前一日剖面,2025-10-07,21:00-21:40,190.453633,4
② 光伏用第 d 日 0:00 预报 + 负载用前一日剖面,2025-10-07,22:10-22:20,0.101900,1
② 光伏用第 d 日 0:00 预报 + 负载用前一日剖面,2025-10-07,22:40-23:10,39.746411,3
② 光伏用第 d 日 0:00 预报 + 负载用前一日剖面,2025-10-07,23:50-0:00+1,5.482178,1
② 光伏用第 d 日 0:00 预报 + 负载用前一日剖面,2025-10-08,0:50-1:00,25.075381,1
② 光伏用第 d 日 0:00 预报 + 负载用前一日剖面,2025-10-08,2:10-2:20,6.194081,1
② 光伏用第 d 日 0:00 预报 + 负载用前一日剖面,2025-10-08,2:30-4:00,210.673008,9
② 光伏用第 d 日 0:00 预报 + 负载用前一日剖面,2025-10-08,4:20-5:00,44.442133,4
② 光伏用第 d 日 0:00 预报 + 负载用前一日剖面,2025-10-08,5:40-11:00,5514.521256,32
② 光伏用第 d 日 0:00 预报 + 负载用前一日剖面,2025-10-08,12:00-12:20,64.541433,2
② 光伏用第 d 日 0:00 预报 + 负载用前一日剖面,2025-10-08,12:40-13:10,105.703414,3
② 光伏用第 d 日 0:00 预报 + 负载用前一日剖面,2025-10-08,13:30-14:00,88.907025,3
② 光伏用第 d 日 0:00 预报 + 负载用前一日剖面,2025-10-08,15:50-16:00,11.779819,1
② 光伏用第 d 日 0:00 预报 + 负载用前一日剖面,2025-10-08,16:50-17:00,7.662267,1
② 光伏用第 d 日 0:00 预报 + 负载用前一日剖面,2025-10-08,17:30-17:40,84.596031,1
② 光伏用第 d 日 0:00 预报 + 负载用前一日剖面,2025-10-08,18:10-18:30,25.189894,2
② 光伏用第 d 日 0:00 预报 + 负载用前一日剖面,2025-10-08,18:50-20:40,113.591658,11
② 光伏用第 d 日 0:00 预报 + 负载用前一日剖面,2025-10-08,21:00-21:40,151.180050,4
② 光伏用第 d 日 0:00 预报 + 负载用前一日剖面,2025-10-08,22:10-22:40,56.331458,3
② 光伏用第 d 日 0:00 预报 + 负载用前一日剖面,2025-10-08,23:20-23:30,11.850767,1
② 光伏用第 d 日 0:00 预报 + 负载用前一日剖面,2025-10-08,23:50-0:00+1,16.664100,1
② 光伏用第 d 日 0:00 预报 + 负载用前一日剖面,2025-10-09,0:20-1:40,93.880122,8
② 光伏用第 d 日 0:00 预报 + 负载用前一日剖面,2025-10-09,1:50-2:20,54.736283,3
② 光伏用第 d 日 0:00 预报 + 负载用前一日剖面,2025-10-09,2:50-3:00,2.203853,1
② 光伏用第 d 日 0:00 预报 + 负载用前一日剖面,2025-10-09,4:10-4:30,18.353417,2
② 光伏用第 d 日 0:00 预报 + 负载用前一日剖面,2025-10-09,4:40-5:00,27.725767,2
② 光伏用第 d 日 0:00 预报 + 负载用前一日剖面,2025-10-09,5:40-6:50,748.467042,7
② 光伏用第 d 日 0:00 预报 + 负载用前一日剖面,2025-10-09,7:00-7:30,334.091975,3
② 光伏用第 d 日 0:00 预报 + 负载用前一日剖面,2025-10-09,7:40-8:40,926.798367,6
② 光伏用第 d 日 0:00 预报 + 负载用前一日剖面,2025-10-09,9:00-9:40,358.647006,4
② 光伏用第 d 日 0:00 预报 + 负载用前一日剖面,2025-10-09,17:20-17:40,79.660978,2
② 光伏用第 d 日 0:00 预报 + 负载用前一日剖面,2025-10-09,18:10-19:00,76.599333,5
② 光伏用第 d 日 0:00 预报 + 负载用前一日剖面,2025-10-09,19:20-19:30,21.452528,1
② 光伏用第 d 日 0:00 预报 + 负载用前一日剖面,2025-10-09,19:50-20:00,6.580861,1
② 光伏用第 d 日 0:00 预报 + 负载用前一日剖面,2025-10-09,20:20-21:40,271.257089,8
② 光伏用第 d 日 0:00 预报 + 负载用前一日剖面,2025-10-09,22:10-22:30,29.432522,2
② 光伏用第 d 日 0:00 预报 + 负载用前一日剖面,2025-10-09,22:50-23:10,27.240681,2
② 光伏用第 d 日 0:00 预报 + 负载用前一日剖面,2025-10-09,23:20-23:40,40.940856,2
② 光伏用第 d 日 0:00 预报 + 负载用前一日剖面,2025-10-10,7:00-7:10,9.800644,1
② 光伏用第 d 日 0:00 预报 + 负载用前一日剖面,2025-10-11,0:00-0:10,6.650056,1
② 光伏用第 d 日 0:00 预报 + 负载用前一日剖面,2025-10-11,1:20-1:40,18.523383,2
② 光伏用第 d 日 0:00 预报 + 负载用前一日剖面,2025-10-11,2:10-2:50,31.534844,4
② 光伏用第 d 日 0:00 预报 + 负载用前一日剖面,2025-10-11,3:30-3:50,19.667844,2
② 光伏用第 d 日 0:00 预报 + 负载用前一日剖面,2025-10-11,4:00-4:20,20.774322,2
② 光伏用第 d 日 0:00 预报 + 负载用前一日剖面,2025-10-11,4:30-4:40,1.264761,1
② 光伏用第 d 日 0:00 预报 + 负载用前一日剖面,2025-10-11,5:10-5:30,26.122333,2
② 光伏用第 d 日 0:00 预报 + 负载用前一日剖面,2025-10-11,5:50-7:50,1413.280353,12
② 光伏用第 d 日 0:00 预报 + 负载用前一日剖面,2025-10-11,8:00-8:20,224.207467,2
② 光伏用第 d 日 0:00 预报 + 负载用前一日剖面,2025-10-11,8:50-9:20,227.392472,3
② 光伏用第 d 日 0:00 预报 + 负载用前一日剖面,2025-10-11,11:20-11:30,38.323156,1
② 光伏用第 d 日 0:00 预报 + 负载用前一日剖面,2025-10-11,17:50-18:30,38.623344,4
② 光伏用第 d 日 0:00 预报 + 负载用前一日剖面,2025-10-11,18:50-20:30,242.282433,10
② 光伏用第 d 日 0:00 预报 + 负载用前一日剖面,2025-10-11,21:00-21:40,84.009450,4
② 光伏用第 d 日 0:00 预报 + 负载用前一日剖面,2025-10-11,22:20-22:30,4.228647,1
② 光伏用第 d 日 0:00 预报 + 负载用前一日剖面,2025-10-11,23:30-0:00+1,261.199100,3
② 光伏用第 d 日 0:00 预报 + 负载用前一日剖面,2025-10-12,0:00-9:30,16218.303983,57
② 光伏用第 d 日 0:00 预报 + 负载用前一日剖面,2025-10-12,10:00-10:10,96.682053,1
② 光伏用第 d 日 0:00 预报 + 负载用前一日剖面,2025-10-12,10:30-10:50,816.611394,2
② 光伏用第 d 日 0:00 预报 + 负载用前一日剖面,2025-10-12,11:10-11:20,517.315592,1
② 光伏用第 d 日 0:00 预报 + 负载用前一日剖面,2025-10-12,11:40-11:50,434.001942,1
② 光伏用第 d 日 0:00 预报 + 负载用前一日剖面,2025-10-12,12:10-12:40,828.805033,3
② 光伏用第 d 日 0:00 预报 + 负载用前一日剖面,2025-10-12,13:50-14:10,884.851922,2
② 光伏用第 d 日 0:00 预报 + 负载用前一日剖面,2025-10-12,14:30-0:00+1,15925.545297,57
② 光伏用第 d 日 0:00 预报 + 负载用前一日剖面,2025-10-13,0:00-1:00,138.155417,6
② 光伏用第 d 日 0:00 预报 + 负载用前一日剖面,2025-10-13,1:20-1:30,3.252414,1
② 光伏用第 d 日 0:00 预报 + 负载用前一日剖面,2025-10-13,1:50-2:10,58.500383,2
② 光伏用第 d 日 0:00 预报 + 负载用前一日剖面,2025-10-13,2:40-2:50,7.279853,1
② 光伏用第 d 日 0:00 预报 + 负载用前一日剖面,2025-10-13,3:00-3:20,3.210750,2
② 光伏用第 d 日 0:00 预报 + 负载用前一日剖面,2025-10-13,4:10-5:00,155.346714,5
② 光伏用第 d 日 0:00 预报 + 负载用前一日剖面,2025-10-13,5:40-6:50,1032.068547,7
② 光伏用第 d 日 0:00 预报 + 负载用前一日剖面,2025-10-13,7:00-10:30,3628.107725,21
② 光伏用第 d 日 0:00 预报 + 负载用前一日剖面,2025-10-13,17:20-17:40,97.920672,2
② 光伏用第 d 日 0:00 预报 + 负载用前一日剖面,2025-10-13,19:10-20:40,172.094253,9
② 光伏用第 d 日 0:00 预报 + 负载用前一日剖面,2025-10-13,20:50-21:50,154.646361,6
② 光伏用第 d 日 0:00 预报 + 负载用前一日剖面,2025-10-14,0:20-0:30,5.400456,1
② 光伏用第 d 日 0:00 预报 + 负载用前一日剖面,2025-10-14,0:50-2:40,166.555933,11
② 光伏用第 d 日 0:00 预报 + 负载用前一日剖面,2025-10-14,3:00-4:00,114.142317,6
② 光伏用第 d 日 0:00 预报 + 负载用前一日剖面,2025-10-14,4:30-5:00,42.076983,3
② 光伏用第 d 日 0:00 预报 + 负载用前一日剖面,2025-10-14,5:40-9:50,4575.847006,25
② 光伏用第 d 日 0:00 预报 + 负载用前一日剖面,2025-10-14,10:00-10:50,261.132736,5
② 光伏用第 d 日 0:00 预报 + 负载用前一日剖面,2025-10-14,11:00-11:40,184.776744,4
② 光伏用第 d 日 0:00 预报 + 负载用前一日剖面,2025-10-14,17:20-17:40,79.869400,2
② 光伏用第 d 日 0:00 预报 + 负载用前一日剖面,2025-10-14,18:10-19:10,97.147989,6
② 光伏用第 d 日 0:00 预报 + 负载用前一日剖面,2025-10-14,20:20-20:30,12.059497,1
② 光伏用第 d 日 0:00 预报 + 负载用前一日剖面,2025-10-14,21:00-21:40,191.173139,4
② 光伏用第 d 日 0:00 预报 + 负载用前一日剖面,2025-10-14,22:00-22:30,71.531833,3
② 光伏用第 d 日 0:00 预报 + 负载用前一日剖面,2025-10-14,22:50-23:00,15.938328,1
② 光伏用第 d 日 0:00 预报 + 负载用前一日剖面,2025-10-14,23:10-0:00+1,110.619844,5
② 光伏用第 d 日 0:00 预报 + 负载用前一日剖面,2025-10-15,0:00-0:10,14.694689,1
② 光伏用第 d 日 0:00 预报 + 负载用前一日剖面,2025-10-15,0:30-1:00,46.802083,3
② 光伏用第 d 日 0:00 预报 + 负载用前一日剖面,2025-10-15,1:10-1:20,1.578492,1
② 光伏用第 d 日 0:00 预报 + 负载用前一日剖面,2025-10-15,1:50-2:00,13.827808,1
② 光伏用第 d 日 0:00 预报 + 负载用前一日剖面,2025-10-15,2:20-3:10,87.534636,5
② 光伏用第 d 日 0:00 预报 + 负载用前一日剖面,2025-10-15,3:40-3:50,0.735236,1
② 光伏用第 d 日 0:00 预报 + 负载用前一日剖面,2025-10-15,4:00-4:20,33.778728,2
② 光伏用第 d 日 0:00 预报 + 负载用前一日剖面,2025-10-15,4:30-4:50,34.726078,2
② 光伏用第 d 日 0:00 预报 + 负载用前一日剖面,2025-10-15,5:40-6:50,781.259175,7
② 光伏用第 d 日 0:00 预报 + 负载用前一日剖面,2025-10-15,7:00-9:50,2423.308236,17
② 光伏用第 d 日 0:00 预报 + 负载用前一日剖面,2025-10-15,10:00-11:10,571.232550,7
② 光伏用第 d 日 0:00 预报 + 负载用前一日剖面,2025-10-15,17:10-17:50,162.403478,4
② 光伏用第 d 日 0:00 预报 + 负载用前一日剖面,2025-10-15,18:10-18:20,0.469403,1
② 光伏用第 d 日 0:00 预报 + 负载用前一日剖面,2025-10-15,18:40-19:00,17.897889,2
② 光伏用第 d 日 0:00 预报 + 负载用前一日剖面,2025-10-15,19:20-19:40,16.205606,2
② 光伏用第 d 日 0:00 预报 + 负载用前一日剖面,2025-10-15,20:00-20:30,5.609992,3
② 光伏用第 d 日 0:00 预报 + 负载用前一日剖面,2025-10-15,20:50-21:40,196.846731,5
② 光伏用第 d 日 0:00 预报 + 负载用前一日剖面,2025-10-15,22:10-22:20,14.015569,1
② 光伏用第 d 日 0:00 预报 + 负载用前一日剖面,2025-10-16,0:20-2:00,107.151906,10
② 光伏用第 d 日 0:00 预报 + 负载用前一日剖面,2025-10-16,2:20-2:50,33.299617,3
② 光伏用第 d 日 0:00 预报 + 负载用前一日剖面,2025-10-16,3:40-3:50,5.446836,1
② 光伏用第 d 日 0:00 预报 + 负载用前一日剖面,2025-10-16,4:20-4:30,7.591536,1
② 光伏用第 d 日 0:00 预报 + 负载用前一日剖面,2025-10-16,5:00-5:20,11.570600,2
② 光伏用第 d 日 0:00 预报 + 负载用前一日剖面,2025-10-16,5:40-12:00,6303.643617,38
② 光伏用第 d 日 0:00 预报 + 负载用前一日剖面,2025-10-16,15:50-16:00,14.702628,1
② 光伏用第 d 日 0:00 预报 + 负载用前一日剖面,2025-10-16,16:50-17:00,20.601186,1
② 光伏用第 d 日 0:00 预报 + 负载用前一日剖面,2025-10-16,17:20-17:40,124.350867,2
② 光伏用第 d 日 0:00 预报 + 负载用前一日剖面,2025-10-16,18:10-19:00,102.457811,5
② 光伏用第 d 日 0:00 预报 + 负载用前一日剖面,2025-10-16,19:20-20:10,95.036786,5
② 光伏用第 d 日 0:00 预报 + 负载用前一日剖面,2025-10-16,20:30-21:40,190.110086,7
② 光伏用第 d 日 0:00 预报 + 负载用前一日剖面,2025-10-16,22:20-23:00,77.436761,4
② 光伏用第 d 日 0:00 预报 + 负载用前一日剖面,2025-10-16,23:20-23:40,3.993650,2
② 光伏用第 d 日 0:00 预报 + 负载用前一日剖面,2025-10-17,7:00-7:10,46.913867,1
② 光伏用第 d 日 0:00 预报 + 负载用前一日剖面,2025-10-18,0:20-1:00,129.443583,4
② 光伏用第 d 日 0:00 预报 + 负载用前一日剖面,2025-10-18,1:50-2:00,4.108989,1
② 光伏用第 d 日 0:00 预报 + 负载用前一日剖面,2025-10-18,2:20-2:30,2.620706,1
② 光伏用第 d 日 0:00 预报 + 负载用前一日剖面,2025-10-18,2:40-3:00,58.844378,2
② 光伏用第 d 日 0:00 预报 + 负载用前一日剖面,2025-10-18,3:20-3:40,18.948017,2
② 光伏用第 d 日 0:00 预报 + 负载用前一日剖面,2025-10-18,3:50-4:10,24.473661,2
② 光伏用第 d 日 0:00 预报 + 负载用前一日剖面,2025-10-18,4:40-5:40,104.009594,6
② 光伏用第 d 日 0:00 预报 + 负载用前一日剖面,2025-10-18,6:00-8:20,2409.428611,14
② 光伏用第 d 日 0:00 预报 + 负载用前一日剖面,2025-10-18,8:40-9:40,698.325161,6
② 光伏用第 d 日 0:00 预报 + 负载用前一日剖面,2025-10-18,10:30-10:40,18.043617,1
② 光伏用第 d 日 0:00 预报 + 负载用前一日剖面,2025-10-18,11:10-11:30,52.609656,2
② 光伏用第 d 日 0:00 预报 + 负载用前一日剖面,2025-10-18,17:30-18:00,46.550292,3
② 光伏用第 d 日 0:00 预报 + 负载用前一日剖面,2025-10-18,18:50-19:00,0.805578,1
② 光伏用第 d 日 0:00 预报 + 负载用前一日剖面,2025-10-18,19:30-19:50,14.312739,2
② 光伏用第 d 日 0:00 预报 + 负载用前一日剖面,2025-10-18,20:50-21:00,9.072767,1
② 光伏用第 d 日 0:00 预报 + 负载用前一日剖面,2025-10-18,21:20-21:50,41.171342,3
② 光伏用第 d 日 0:00 预报 + 负载用前一日剖面,2025-10-18,22:20-22:50,68.596992,3
② 光伏用第 d 日 0:00 预报 + 负载用前一日剖面,2025-10-18,23:40-0:00+1,187.316194,2
② 光伏用第 d 日 0:00 预报 + 负载用前一日剖面,2025-10-19,0:00-10:10,17729.520128,61
② 光伏用第 d 日 0:00 预报 + 负载用前一日剖面,2025-10-19,10:20-10:30,605.363311,1
② 光伏用第 d 日 0:00 预报 + 负载用前一日剖面,2025-10-19,10:50-11:50,2943.426244,6
② 光伏用第 d 日 0:00 预报 + 负载用前一日剖面,2025-10-19,12:10-12:20,273.361258,1
② 光伏用第 d 日 0:00 预报 + 负载用前一日剖面,2025-10-19,13:20-13:40,627.580156,2
② 光伏用第 d 日 0:00 预报 + 负载用前一日剖面,2025-10-19,14:00-0:00+1,15976.256283,60
② 光伏用第 d 日 0:00 预报 + 负载用前一日剖面,2025-10-20,0:00-0:10,19.966486,1
② 光伏用第 d 日 0:00 预报 + 负载用前一日剖面,2025-10-20,0:40-1:20,28.240783,4
② 光伏用第 d 日 0:00 预报 + 负载用前一日剖面,2025-10-20,2:00-2:50,78.706572,5
② 光伏用第 d 日 0:00 预报 + 负载用前一日剖面,2025-10-20,5:40-6:50,729.836794,7
② 光伏用第 d 日 0:00 预报 + 负载用前一日剖面,2025-10-20,7:00-7:30,406.620508,3
② 光伏用第 d 日 0:00 预报 + 负载用前一日剖面,2025-10-20,7:40-8:50,783.822217,7
② 光伏用第 d 日 0:00 预报 + 负载用前一日剖面,2025-10-20,9:00-9:50,513.199747,5
② 光伏用第 d 日 0:00 预报 + 负载用前一日剖面,2025-10-20,10:00-10:40,294.797089,4
② 光伏用第 d 日 0:00 预报 + 负载用前一日剖面,2025-10-20,11:00-12:00,571.704733,6
② 光伏用第 d 日 0:00 预报 + 负载用前一日剖面,2025-10-20,12:50-13:00,58.045356,1
② 光伏用第 d 日 0:00 预报 + 负载用前一日剖面,2025-10-20,17:20-17:40,144.442017,2
② 光伏用第 d 日 0:00 预报 + 负载用前一日剖面,2025-10-20,18:30-18:40,0.522625,1
② 光伏用第 d 日 0:00 预报 + 负载用前一日剖面,2025-10-20,19:00-19:20,38.226672,2
② 光伏用第 d 日 0:00 预报 + 负载用前一日剖面,2025-10-20,19:30-19:50,21.840739,2
② 光伏用第 d 日 0:00 预报 + 负载用前一日剖面,2025-10-20,20:00-20:40,42.355639,4
② 光伏用第 d 日 0:00 预报 + 负载用前一日剖面,2025-10-20,21:00-21:40,160.586339,4
② 光伏用第 d 日 0:00 预报 + 负载用前一日剖面,2025-10-20,22:10-23:00,78.196306,5
② 光伏用第 d 日 0:00 预报 + 负载用前一日剖面,2025-10-20,23:20-0:00+1,40.067111,4
② 光伏用第 d 日 0:00 预报 + 负载用前一日剖面,2025-10-21,0:20-1:00,41.120172,4
② 光伏用第 d 日 0:00 预报 + 负载用前一日剖面,2025-10-21,1:30-2:00,53.037300,3
② 光伏用第 d 日 0:00 预报 + 负载用前一日剖面,2025-10-21,2:40-3:00,10.553217,2
② 光伏用第 d 日 0:00 预报 + 负载用前一日剖面,2025-10-21,3:30-3:50,18.365578,2
② 光伏用第 d 日 0:00 预报 + 负载用前一日剖面,2025-10-21,4:20-4:50,74.299333,3
② 光伏用第 d 日 0:00 预报 + 负载用前一日剖面,2025-10-21,5:20-5:30,21.728081,1
② 光伏用第 d 日 0:00 预报 + 负载用前一日剖面,2025-10-21,5:40-11:50,5566.837561,37
② 光伏用第 d 日 0:00 预报 + 负载用前一日剖面,2025-10-21,17:20-17:40,179.173128,2
② 光伏用第 d 日 0:00 预报 + 负载用前一日剖面,2025-10-21,18:10-18:20,5.806086,1
② 光伏用第 d 日 0:00 预报 + 负载用前一日剖面,2025-10-21,18:50-19:00,4.731453,1
② 光伏用第 d 日 0:00 预报 + 负载用前一日剖面,2025-10-21,21:00-21:40,132.708150,4
② 光伏用第 d 日 0:00 预报 + 负载用前一日剖面,2025-10-21,22:40-22:50,12.227372,1
② 光伏用第 d 日 0:00 预报 + 负载用前一日剖面,2025-10-21,23:00-23:50,77.881953,5
② 光伏用第 d 日 0:00 预报 + 负载用前一日剖面,2025-10-22,0:00-0:10,7.456769,1
② 光伏用第 d 日 0:00 预报 + 负载用前一日剖面,2025-10-22,0:40-1:50,156.946061,7
② 光伏用第 d 日 0:00 预报 + 负载用前一日剖面,2025-10-22,2:10-2:20,20.424075,1
② 光伏用第 d 日 0:00 预报 + 负载用前一日剖面,2025-10-22,2:50-3:00,20.165125,1
② 光伏用第 d 日 0:00 预报 + 负载用前一日剖面,2025-10-22,3:20-4:00,71.544261,4
② 光伏用第 d 日 0:00 预报 + 负载用前一日剖面,2025-10-22,4:10-4:20,6.696297,1
② 光伏用第 d 日 0:00 预报 + 负载用前一日剖面,2025-10-22,4:50-5:00,12.714914,1
② 光伏用第 d 日 0:00 预报 + 负载用前一日剖面,2025-10-22,5:40-6:50,608.884200,7
② 光伏用第 d 日 0:00 预报 + 负载用前一日剖面,2025-10-22,7:00-8:50,1401.236925,11
② 光伏用第 d 日 0:00 预报 + 负载用前一日剖面,2025-10-22,9:00-13:00,3461.715283,24
② 光伏用第 d 日 0:00 预报 + 负载用前一日剖面,2025-10-22,17:10-17:40,179.497700,3
② 光伏用第 d 日 0:00 预报 + 负载用前一日剖面,2025-10-22,18:00-19:00,179.763017,6
② 光伏用第 d 日 0:00 预报 + 负载用前一日剖面,2025-10-22,19:10-19:50,82.139367,4
② 光伏用第 d 日 0:00 预报 + 负载用前一日剖面,2025-10-22,20:30-21:40,220.163761,7
② 光伏用第 d 日 0:00 预报 + 负载用前一日剖面,2025-10-22,22:20-22:30,1.120589,1
② 光伏用第 d 日 0:00 预报 + 负载用前一日剖面,2025-10-22,22:50-23:00,12.600589,1
② 光伏用第 d 日 0:00 预报 + 负载用前一日剖面,2025-10-23,0:00-0:10,3.139728,1
② 光伏用第 d 日 0:00 预报 + 负载用前一日剖面,2025-10-23,0:20-0:40,5.906172,2
② 光伏用第 d 日 0:00 预报 + 负载用前一日剖面,2025-10-23,1:30-2:50,123.882756,8
② 光伏用第 d 日 0:00 预报 + 负载用前一日剖面,2025-10-23,3:20-3:50,59.945333,3
② 光伏用第 d 日 0:00 预报 + 负载用前一日剖面,2025-10-23,4:10-4:40,49.210033,3
② 光伏用第 d 日 0:00 预报 + 负载用前一日剖面,2025-10-23,4:50-5:00,0.445922,1
② 光伏用第 d 日 0:00 预报 + 负载用前一日剖面,2025-10-23,5:40-7:30,948.687964,11
② 光伏用第 d 日 0:00 预报 + 负载用前一日剖面,2025-10-23,7:50-8:10,224.091833,2
② 光伏用第 d 日 0:00 预报 + 负载用前一日剖面,2025-10-23,9:00-9:10,3.449986,1
② 光伏用第 d 日 0:00 预报 + 负载用前一日剖面,2025-10-23,15:40-16:00,78.781889,2
② 光伏用第 d 日 0:00 预报 + 负载用前一日剖面,2025-10-23,16:50-17:00,4.305497,1
② 光伏用第 d 日 0:00 预报 + 负载用前一日剖面,2025-10-23,17:10-17:40,168.595525,3
② 光伏用第 d 日 0:00 预报 + 负载用前一日剖面,2025-10-23,19:00-19:10,3.777967,1
② 光伏用第 d 日 0:00 预报 + 负载用前一日剖面,2025-10-23,19:30-20:30,99.503275,6
② 光伏用第 d 日 0:00 预报 + 负载用前一日剖面,2025-10-23,20:50-21:40,108.724814,5
② 光伏用第 d 日 0:00 预报 + 负载用前一日剖面,2025-10-23,22:00-23:00,100.043600,6
② 光伏用第 d 日 0:00 预报 + 负载用前一日剖面,2025-10-25,0:20-1:00,78.816589,4
② 光伏用第 d 日 0:00 预报 + 负载用前一日剖面,2025-10-25,1:10-2:00,176.564450,5
② 光伏用第 d 日 0:00 预报 + 负载用前一日剖面,2025-10-25,2:20-2:30,12.921094,1
② 光伏用第 d 日 0:00 预报 + 负载用前一日剖面,2025-10-25,3:30-3:50,29.399939,2
② 光伏用第 d 日 0:00 预报 + 负载用前一日剖面,2025-10-25,4:10-4:20,0.858367,1
② 光伏用第 d 日 0:00 预报 + 负载用前一日剖面,2025-10-25,4:40-5:00,28.443367,2
② 光伏用第 d 日 0:00 预报 + 负载用前一日剖面,2025-10-25,5:30-5:50,33.878467,2
② 光伏用第 d 日 0:00 预报 + 负载用前一日剖面,2025-10-25,6:00-8:20,1559.035094,14
② 光伏用第 d 日 0:00 预报 + 负载用前一日剖面,2025-10-25,10:00-10:20,138.632494,2
② 光伏用第 d 日 0:00 预报 + 负载用前一日剖面,2025-10-25,17:30-18:00,47.990167,3
② 光伏用第 d 日 0:00 预报 + 负载用前一日剖面,2025-10-25,18:10-18:30,16.492511,2
② 光伏用第 d 日 0:00 预报 + 负载用前一日剖面,2025-10-25,18:50-19:30,33.006031,4
② 光伏用第 d 日 0:00 预报 + 负载用前一日剖面,2025-10-25,20:10-20:40,30.266175,3
② 光伏用第 d 日 0:00 预报 + 负载用前一日剖面,2025-10-25,21:00-21:20,89.492133,2
② 光伏用第 d 日 0:00 预报 + 负载用前一日剖面,2025-10-25,21:30-21:50,43.353667,2
② 光伏用第 d 日 0:00 预报 + 负载用前一日剖面,2025-10-25,22:20-22:30,0.681494,1
② 光伏用第 d 日 0:00 预报 + 负载用前一日剖面,2025-10-25,22:50-23:20,36.804294,3
② 光伏用第 d 日 0:00 预报 + 负载用前一日剖面,2025-10-25,23:40-0:00+1,182.774700,2
② 光伏用第 d 日 0:00 预报 + 负载用前一日剖面,2025-10-26,0:00-9:50,15910.771817,59
② 光伏用第 d 日 0:00 预报 + 负载用前一日剖面,2025-10-26,10:00-10:20,760.505439,2
② 光伏用第 d 日 0:00 预报 + 负载用前一日剖面,2025-10-26,10:30-11:30,1826.782008,6
② 光伏用第 d 日 0:00 预报 + 负载用前一日剖面,2025-10-26,11:40-11:50,276.052319,1
② 光伏用第 d 日 0:00 预报 + 负载用前一日剖面,2025-10-26,12:10-12:50,1422.237911,4
② 光伏用第 d 日 0:00 预报 + 负载用前一日剖面,2025-10-26,13:10-13:20,79.591853,1
② 光伏用第 d 日 0:00 预报 + 负载用前一日剖面,2025-10-26,13:50-0:00+1,16564.987069,61
② 光伏用第 d 日 0:00 预报 + 负载用前一日剖面,2025-10-27,0:10-0:30,22.656372,2
② 光伏用第 d 日 0:00 预报 + 负载用前一日剖面,2025-10-27,1:40-2:10,18.242100,3
② 光伏用第 d 日 0:00 预报 + 负载用前一日剖面,2025-10-27,2:20-2:40,3.181633,2
② 光伏用第 d 日 0:00 预报 + 负载用前一日剖面,2025-10-27,3:00-3:20,22.987406,2
② 光伏用第 d 日 0:00 预报 + 负载用前一日剖面,2025-10-27,3:40-4:30,32.939564,5
② 光伏用第 d 日 0:00 预报 + 负载用前一日剖面,2025-10-27,4:40-5:00,14.938017,2
② 光伏用第 d 日 0:00 预报 + 负载用前一日剖面,2025-10-27,5:40-6:50,751.140528,7
② 光伏用第 d 日 0:00 预报 + 负载用前一日剖面,2025-10-27,7:00-7:30,353.400100,3
② 光伏用第 d 日 0:00 预报 + 负载用前一日剖面,2025-10-27,7:40-9:40,1766.301217,12
② 光伏用第 d 日 0:00 预报 + 负载用前一日剖面,2025-10-27,10:00-11:20,882.695189,8
② 光伏用第 d 日 0:00 预报 + 负载用前一日剖面,2025-10-27,12:40-13:00,137.522028,2
② 光伏用第 d 日 0:00 预报 + 负载用前一日剖面,2025-10-27,13:50-14:00,67.044431,1
② 光伏用第 d 日 0:00 预报 + 负载用前一日剖面,2025-10-27,14:40-15:00,224.824739,2
② 光伏用第 d 日 0:00 预报 + 负载用前一日剖面,2025-10-27,15:50-16:00,38.243736,1
② 光伏用第 d 日 0:00 预报 + 负载用前一日剖面,2025-10-27,16:50-17:00,23.660500,1
② 光伏用第 d 日 0:00 预报 + 负载用前一日剖面,2025-10-27,17:10-17:40,109.007658,3
② 光伏用第 d 日 0:00 预报 + 负载用前一日剖面,2025-10-27,18:10-18:20,4.187736,1
② 光伏用第 d 日 0:00 预报 + 负载用前一日剖面,2025-10-27,18:30-19:20,113.623908,5
② 光伏用第 d 日 0:00 预报 + 负载用前一日剖面,2025-10-27,19:30-20:30,142.612217,6
② 光伏用第 d 日 0:00 预报 + 负载用前一日剖面,2025-10-27,21:00-21:40,199.309172,4
② 光伏用第 d 日 0:00 预报 + 负载用前一日剖面,2025-10-27,22:10-23:20,155.301539,7
② 光伏用第 d 日 0:00 预报 + 负载用前一日剖面,2025-10-28,0:00-0:30,45.225267,3
② 光伏用第 d 日 0:00 预报 + 负载用前一日剖面,2025-10-28,0:50-2:00,107.012644,7
② 光伏用第 d 日 0:00 预报 + 负载用前一日剖面,2025-10-28,2:20-3:00,107.494483,4
② 光伏用第 d 日 0:00 预报 + 负载用前一日剖面,2025-10-28,3:30-4:00,27.291658,3
② 光伏用第 d 日 0:00 预报 + 负载用前一日剖面,2025-10-28,4:20-4:40,13.198961,2
② 光伏用第 d 日 0:00 预报 + 负载用前一日剖面,2025-10-28,5:40-6:50,561.266242,7
② 光伏用第 d 日 0:00 预报 + 负载用前一日剖面,2025-10-28,7:00-7:30,352.311217,3
② 光伏用第 d 日 0:00 预报 + 负载用前一日剖面,2025-10-28,7:40-8:40,708.608717,6
② 光伏用第 d 日 0:00 预报 + 负载用前一日剖面,2025-10-28,9:00-9:40,591.415139,4
② 光伏用第 d 日 0:00 预报 + 负载用前一日剖面,2025-10-28,10:00-12:00,1777.009133,12
② 光伏用第 d 日 0:00 预报 + 负载用前一日剖面,2025-10-28,12:30-14:00,1247.651367,9
② 光伏用第 d 日 0:00 预报 + 负载用前一日剖面,2025-10-28,14:20-15:00,340.871211,4
② 光伏用第 d 日 0:00 预报 + 负载用前一日剖面,2025-10-28,15:40-16:00,87.835728,2
② 光伏用第 d 日 0:00 预报 + 负载用前一日剖面,2025-10-28,16:50-17:40,172.562711,5
② 光伏用第 d 日 0:00 预报 + 负载用前一日剖面,2025-10-28,18:10-18:20,7.485897,1
② 光伏用第 d 日 0:00 预报 + 负载用前一日剖面,2025-10-28,18:40-19:00,17.489744,2
② 光伏用第 d 日 0:00 预报 + 负载用前一日剖面,2025-10-28,20:00-20:50,55.225511,5
② 光伏用第 d 日 0:00 预报 + 负载用前一日剖面,2025-10-28,21:00-21:40,185.588511,4
② 光伏用第 d 日 0:00 预报 + 负载用前一日剖面,2025-10-28,22:10-22:20,5.674464,1
② 光伏用第 d 日 0:00 预报 + 负载用前一日剖面,2025-10-28,22:30-22:50,15.672294,2
② 光伏用第 d 日 0:00 预报 + 负载用前一日剖面,2025-10-28,23:50-0:00+1,16.122172,1
② 光伏用第 d 日 0:00 预报 + 负载用前一日剖面,2025-10-29,2:30-2:50,44.878283,2
② 光伏用第 d 日 0:00 预报 + 负载用前一日剖面,2025-10-29,3:30-3:50,22.914489,2
② 光伏用第 d 日 0:00 预报 + 负载用前一日剖面,2025-10-29,4:00-4:40,136.326656,4
② 光伏用第 d 日 0:00 预报 + 负载用前一日剖面,2025-10-29,5:40-6:50,568.349072,7
② 光伏用第 d 日 0:00 预报 + 负载用前一日剖面,2025-10-29,7:00-7:30,329.955117,3
② 光伏用第 d 日 0:00 预报 + 负载用前一日剖面,2025-10-29,7:40-8:50,898.273561,7
② 光伏用第 d 日 0:00 预报 + 负载用前一日剖面,2025-10-29,9:00-11:00,2095.655317,12
② 光伏用第 d 日 0:00 预报 + 负载用前一日剖面,2025-10-29,11:20-11:30,14.279058,1
② 光伏用第 d 日 0:00 预报 + 负载用前一日剖面,2025-10-29,12:50-13:00,34.855258,1
② 光伏用第 d 日 0:00 预报 + 负载用前一日剖面,2025-10-29,17:00-17:50,299.519306,5
② 光伏用第 d 日 0:00 预报 + 负载用前一日剖面,2025-10-29,18:00-19:10,107.831664,7
② 光伏用第 d 日 0:00 预报 + 负载用前一日剖面,2025-10-29,19:20-20:00,32.835056,4
② 光伏用第 d 日 0:00 预报 + 负载用前一日剖面,2025-10-29,20:20-21:40,270.269083,8
② 光伏用第 d 日 0:00 预报 + 负载用前一日剖面,2025-10-29,22:10-22:30,24.366461,2
② 光伏用第 d 日 0:00 预报 + 负载用前一日剖面,2025-10-29,23:20-0:00+1,51.901217,4
② 光伏用第 d 日 0:00 预报 + 负载用前一日剖面,2025-10-30,0:00-0:20,21.724350,2
② 光伏用第 d 日 0:00 预报 + 负载用前一日剖面,2025-10-30,0:30-1:30,104.856142,6
② 光伏用第 d 日 0:00 预报 + 负载用前一日剖面,2025-10-30,1:50-2:00,5.632656,1
② 光伏用第 d 日 0:00 预报 + 负载用前一日剖面,2025-10-30,2:20-2:30,3.564739,1
② 光伏用第 d 日 0:00 预报 + 负载用前一日剖面,2025-10-30,2:50-3:30,79.146056,4
② 光伏用第 d 日 0:00 预报 + 负载用前一日剖面,2025-10-30,3:50-4:10,27.517575,2
② 光伏用第 d 日 0:00 预报 + 负载用前一日剖面,2025-10-30,4:40-4:50,4.231819,1
② 光伏用第 d 日 0:00 预报 + 负载用前一日剖面,2025-10-30,5:40-6:50,661.745275,7
② 光伏用第 d 日 0:00 预报 + 负载用前一日剖面,2025-10-30,7:00-7:30,372.712983,3
② 光伏用第 d 日 0:00 预报 + 负载用前一日剖面,2025-10-30,7:40-8:40,929.279789,6
② 光伏用第 d 日 0:00 预报 + 负载用前一日剖面,2025-10-30,9:00-12:00,2696.280567,18
② 光伏用第 d 日 0:00 预报 + 负载用前一日剖面,2025-10-30,12:20-12:30,15.152081,1
② 光伏用第 d 日 0:00 预报 + 负载用前一日剖面,2025-10-30,12:50-13:00,42.480414,1
② 光伏用第 d 日 0:00 预报 + 负载用前一日剖面,2025-10-30,14:20-15:00,237.998433,4
② 光伏用第 d 日 0:00 预报 + 负载用前一日剖面,2025-10-30,15:30-16:00,228.717992,3
② 光伏用第 d 日 0:00 预报 + 负载用前一日剖面,2025-10-30,17:10-17:40,167.899533,3
② 光伏用第 d 日 0:00 预报 + 负载用前一日剖面,2025-10-30,18:20-18:40,38.452294,2
② 光伏用第 d 日 0:00 预报 + 负载用前一日剖面,2025-10-30,19:40-20:10,22.358711,3
② 光伏用第 d 日 0:00 预报 + 负载用前一日剖面,2025-10-30,20:50-21:40,205.611989,5
② 光伏用第 d 日 0:00 预报 + 负载用前一日剖面,2025-10-30,22:30-23:40,81.081397,7
② 光伏用第 d 日 0:00 预报 + 负载用前一日剖面,2025-11-01,1:30-3:40,300.842489,13
② 光伏用第 d 日 0:00 预报 + 负载用前一日剖面,2025-11-01,4:20-4:40,14.672578,2
② 光伏用第 d 日 0:00 预报 + 负载用前一日剖面,2025-11-01,5:10-5:20,5.731967,1
② 光伏用第 d 日 0:00 预报 + 负载用前一日剖面,2025-11-01,5:40-5:50,0.425767,1
② 光伏用第 d 日 0:00 预报 + 负载用前一日剖面,2025-11-01,6:00-7:50,1259.034703,11
② 光伏用第 d 日 0:00 预报 + 负载用前一日剖面,2025-11-01,8:00-8:20,529.449217,2
② 光伏用第 d 日 0:00 预报 + 负载用前一日剖面,2025-11-01,8:40-9:40,905.392828,6
② 光伏用第 d 日 0:00 预报 + 负载用前一日剖面,2025-11-01,10:00-10:20,507.775561,2
② 光伏用第 d 日 0:00 预报 + 负载用前一日剖面,2025-11-01,10:30-10:50,267.655244,2
② 光伏用第 d 日 0:00 预报 + 负载用前一日剖面,2025-11-01,11:10-11:30,52.308089,2
② 光伏用第 d 日 0:00 预报 + 负载用前一日剖面,2025-11-01,11:40-11:50,27.973361,1
② 光伏用第 d 日 0:00 预报 + 负载用前一日剖面,2025-11-01,12:30-12:40,48.857553,1
② 光伏用第 d 日 0:00 预报 + 负载用前一日剖面,2025-11-01,13:50-14:00,5.865781,1
② 光伏用第 d 日 0:00 预报 + 负载用前一日剖面,2025-11-01,17:10-17:30,56.643961,2
② 光伏用第 d 日 0:00 预报 + 负载用前一日剖面,2025-11-01,17:50-18:00,3.697239,1
② 光伏用第 d 日 0:00 预报 + 负载用前一日剖面,2025-11-01,19:30-19:40,4.115283,1
② 光伏用第 d 日 0:00 预报 + 负载用前一日剖面,2025-11-01,20:00-20:20,13.139617,2
② 光伏用第 d 日 0:00 预报 + 负载用前一日剖面,2025-11-01,20:30-21:00,37.580550,3
② 光伏用第 d 日 0:00 预报 + 负载用前一日剖面,2025-11-01,21:20-21:40,42.798289,2
② 光伏用第 d 日 0:00 预报 + 负载用前一日剖面,2025-11-01,22:00-22:10,2.174822,1
② 光伏用第 d 日 0:00 预报 + 负载用前一日剖面,2025-11-01,22:40-23:30,63.730586,5
② 光伏用第 d 日 0:00 预报 + 负载用前一日剖面,2025-11-01,23:40-0:00+1,237.941206,2
② 光伏用第 d 日 0:00 预报 + 负载用前一日剖面,2025-11-02,0:00-10:20,20118.440089,62
② 光伏用第 d 日 0:00 预报 + 负载用前一日剖面,2025-11-02,10:30-10:50,1277.734167,2
② 光伏用第 d 日 0:00 预报 + 负载用前一日剖面,2025-11-02,11:10-11:30,1165.445906,2
② 光伏用第 d 日 0:00 预报 + 负载用前一日剖面,2025-11-02,11:40-11:50,580.388761,1
② 光伏用第 d 日 0:00 预报 + 负载用前一日剖面,2025-11-02,12:10-12:40,1176.037025,3
② 光伏用第 d 日 0:00 预报 + 负载用前一日剖面,2025-11-02,13:20-0:00+1,16042.914414,64
② 光伏用第 d 日 0:00 预报 + 负载用前一日剖面,2025-11-03,0:10-0:30,21.173544,2
② 光伏用第 d 日 0:00 预报 + 负载用前一日剖面,2025-11-03,0:40-1:00,25.572511,2
② 光伏用第 d 日 0:00 预报 + 负载用前一日剖面,2025-11-03,1:30-1:50,15.251106,2
② 光伏用第 d 日 0:00 预报 + 负载用前一日剖面,2025-11-03,2:20-2:30,9.202186,1
② 光伏用第 d 日 0:00 预报 + 负载用前一日剖面,2025-11-03,3:00-3:30,54.590358,3
② 光伏用第 d 日 0:00 预报 + 负载用前一日剖面,2025-11-03,3:50-4:10,33.876150,2
② 光伏用第 d 日 0:00 预报 + 负载用前一日剖面,2025-11-03,4:30-4:50,12.200128,2
② 光伏用第 d 日 0:00 预报 + 负载用前一日剖面,2025-11-03,5:40-6:50,545.942436,7
② 光伏用第 d 日 0:00 预报 + 负载用前一日剖面,2025-11-03,7:00-7:30,475.777667,3
② 光伏用第 d 日 0:00 预报 + 负载用前一日剖面,2025-11-03,7:40-8:50,1014.896600,7
② 光伏用第 d 日 0:00 预报 + 负载用前一日剖面,2025-11-03,9:00-9:40,215.485417,4
② 光伏用第 d 日 0:00 预报 + 负载用前一日剖面,2025-11-03,10:00-10:50,290.502947,5
② 光伏用第 d 日 0:00 预报 + 负载用前一日剖面,2025-11-03,16:50-17:40,261.320608,5
② 光伏用第 d 日 0:00 预报 + 负载用前一日剖面,2025-11-03,21:00-21:40,149.806567,4
② 光伏用第 d 日 0:00 预报 + 负载用前一日剖面,2025-11-03,22:00-23:00,84.547100,6
② 光伏用第 d 日 0:00 预报 + 负载用前一日剖面,2025-11-03,23:20-0:00+1,124.626339,4
② 光伏用第 d 日 0:00 预报 + 负载用前一日剖面,2025-11-04,0:00-0:10,14.745725,1
② 光伏用第 d 日 0:00 预报 + 负载用前一日剖面,2025-11-04,0:30-0:50,46.877267,2
② 光伏用第 d 日 0:00 预报 + 负载用前一日剖面,2025-11-04,2:20-2:30,5.288269,1
② 光伏用第 d 日 0:00 预报 + 负载用前一日剖面,2025-11-04,2:40-3:00,4.310922,2
② 光伏用第 d 日 0:00 预报 + 负载用前一日剖面,2025-11-04,3:20-4:00,85.459161,4
② 光伏用第 d 日 0:00 预报 + 负载用前一日剖面,2025-11-04,4:20-4:30,2.351306,1
② 光伏用第 d 日 0:00 预报 + 负载用前一日剖面,2025-11-04,5:40-6:50,747.505211,7
② 光伏用第 d 日 0:00 预报 + 负载用前一日剖面,2025-11-04,7:00-8:50,1562.121872,11
② 光伏用第 d 日 0:00 预报 + 负载用前一日剖面,2025-11-04,9:00-9:30,188.947167,3
② 光伏用第 d 日 0:00 预报 + 负载用前一日剖面,2025-11-04,10:00-11:50,1125.923639,11
② 光伏用第 d 日 0:00 预报 + 负载用前一日剖面,2025-11-04,12:40-13:00,196.312811,2
② 光伏用第 d 日 0:00 预报 + 负载用前一日剖面,2025-11-04,13:50-14:00,0.561081,1
② 光伏用第 d 日 0:00 预报 + 负载用前一日剖面,2025-11-04,14:40-15:00,120.536733,2
② 光伏用第 d 日 0:00 预报 + 负载用前一日剖面,2025-11-04,15:50-16:00,55.401458,1
② 光伏用第 d 日 0:00 预报 + 负载用前一日剖面,2025-11-04,17:00-17:40,253.743822,4
② 光伏用第 d 日 0:00 预报 + 负载用前一日剖面,2025-11-04,18:00-20:40,267.494078,16
② 光伏用第 d 日 0:00 预报 + 负载用前一日剖面,2025-11-04,20:50-21:40,213.094989,5
② 光伏用第 d 日 0:00 预报 + 负载用前一日剖面,2025-11-04,22:10-22:20,27.020231,1
② 光伏用第 d 日 0:00 预报 + 负载用前一日剖面,2025-11-04,23:30-0:00+1,41.829917,3
② 光伏用第 d 日 0:00 预报 + 负载用前一日剖面,2025-11-05,0:20-0:50,28.838050,3
② 光伏用第 d 日 0:00 预报 + 负载用前一日剖面,2025-11-05,1:00-2:20,158.707800,8
② 光伏用第 d 日 0:00 预报 + 负载用前一日剖面,2025-11-05,2:30-3:00,24.060017,3
② 光伏用第 d 日 0:00 预报 + 负载用前一日剖面,2025-11-05,3:50-4:10,7.685683,2
② 光伏用第 d 日 0:00 预报 + 负载用前一日剖面,2025-11-05,4:20-5:00,65.859850,4
② 光伏用第 d 日 0:00 预报 + 负载用前一日剖面,2025-11-05,5:50-6:50,527.326578,6
② 光伏用第 d 日 0:00 预报 + 负载用前一日剖面,2025-11-05,7:00-9:50,2522.252344,17
② 光伏用第 d 日 0:00 预报 + 负载用前一日剖面,2025-11-05,10:00-10:20,150.507217,2
② 光伏用第 d 日 0:00 预报 + 负载用前一日剖面,2025-11-05,16:50-17:40,200.747822,5
② 光伏用第 d 日 0:00 预报 + 负载用前一日剖面,2025-11-05,18:00-18:20,15.819233,2
② 光伏用第 d 日 0:00 预报 + 负载用前一日剖面,2025-11-05,18:30-18:50,22.255517,2
② 光伏用第 d 日 0:00 预报 + 负载用前一日剖面,2025-11-05,20:50-21:40,154.635164,5
② 光伏用第 d 日 0:00 预报 + 负载用前一日剖面,2025-11-05,22:10-23:00,75.092647,5
② 光伏用第 d 日 0:00 预报 + 负载用前一日剖面,2025-11-05,23:20-23:30,8.391508,1
② 光伏用第 d 日 0:00 预报 + 负载用前一日剖面,2025-11-06,0:20-0:50,24.252908,3
② 光伏用第 d 日 0:00 预报 + 负载用前一日剖面,2025-11-06,1:30-2:00,58.138642,3
② 光伏用第 d 日 0:00 预报 + 负载用前一日剖面,2025-11-06,2:20-3:10,66.541539,5
② 光伏用第 d 日 0:00 预报 + 负载用前一日剖面,2025-11-06,3:30-4:00,34.296050,3
② 光伏用第 d 日 0:00 预报 + 负载用前一日剖面,2025-11-06,5:40-6:50,451.993736,7
② 光伏用第 d 日 0:00 预报 + 负载用前一日剖面,2025-11-06,7:00-12:00,3847.494850,30
② 光伏用第 d 日 0:00 预报 + 负载用前一日剖面,2025-11-06,12:50-13:00,5.974819,1
② 光伏用第 d 日 0:00 预报 + 负载用前一日剖面,2025-11-06,14:40-15:00,54.470517,2
② 光伏用第 d 日 0:00 预报 + 负载用前一日剖面,2025-11-06,16:50-17:40,202.774717,5
② 光伏用第 d 日 0:00 预报 + 负载用前一日剖面,2025-11-06,18:10-19:00,48.034433,5
② 光伏用第 d 日 0:00 预报 + 负载用前一日剖面,2025-11-06,19:20-19:30,1.802461,1
② 光伏用第 d 日 0:00 预报 + 负载用前一日剖面,2025-11-06,20:10-21:40,402.885364,9
② 光伏用第 d 日 0:00 预报 + 负载用前一日剖面,2025-11-06,22:10-22:30,8.577267,2
② 光伏用第 d 日 0:00 预报 + 负载用前一日剖面,2025-11-06,22:50-23:40,181.997528,5
② 光伏用第 d 日 0:00 预报 + 负载用前一日剖面,2025-11-08,0:00-0:20,43.505378,2
② 光伏用第 d 日 0:00 预报 + 负载用前一日剖面,2025-11-08,0:40-0:50,3.811639,1
② 光伏用第 d 日 0:00 预报 + 负载用前一日剖面,2025-11-08,1:10-1:20,4.501444,1
② 光伏用第 d 日 0:00 预报 + 负载用前一日剖面,2025-11-08,1:30-1:40,4.775411,1
② 光伏用第 d 日 0:00 预报 + 负载用前一日剖面,2025-11-08,2:10-2:30,14.396911,2
② 光伏用第 d 日 0:00 预报 + 负载用前一日剖面,2025-11-08,3:00-3:20,29.215417,2
② 光伏用第 d 日 0:00 预报 + 负载用前一日剖面,2025-11-08,4:10-4:50,63.076422,4
② 光伏用第 d 日 0:00 预报 + 负载用前一日剖面,2025-11-08,5:30-7:50,887.423300,14
② 光伏用第 d 日 0:00 预报 + 负载用前一日剖面,2025-11-08,8:00-8:20,150.685544,2
② 光伏用第 d 日 0:00 预报 + 负载用前一日剖面,2025-11-08,9:00-9:20,181.246489,2
② 光伏用第 d 日 0:00 预报 + 负载用前一日剖面,2025-11-08,11:00-11:30,206.678850,3
② 光伏用第 d 日 0:00 预报 + 负载用前一日剖面,2025-11-08,18:40-19:10,38.699008,3
② 光伏用第 d 日 0:00 预报 + 负载用前一日剖面,2025-11-08,19:20-19:40,26.290567,2
② 光伏用第 d 日 0:00 预报 + 负载用前一日剖面,2025-11-08,20:30-20:50,11.651006,2
② 光伏用第 d 日 0:00 预报 + 负载用前一日剖面,2025-11-08,21:00-21:50,186.889606,5
② 光伏用第 d 日 0:00 预报 + 负载用前一日剖面,2025-11-08,22:10-22:20,0.172561,1
② 光伏用第 d 日 0:00 预报 + 负载用前一日剖面,2025-11-08,23:20-23:30,2.531164,1
② 光伏用第 d 日 0:00 预报 + 负载用前一日剖面,2025-11-08,23:40-0:00+1,191.420411,2
② 光伏用第 d 日 0:00 预报 + 负载用前一日剖面,2025-11-09,0:00-10:20,18786.013481,62
② 光伏用第 d 日 0:00 预报 + 负载用前一日剖面,2025-11-09,10:30-11:30,2597.393117,6
② 光伏用第 d 日 0:00 预报 + 负载用前一日剖面,2025-11-09,11:40-11:50,444.721106,1
② 光伏用第 d 日 0:00 预报 + 负载用前一日剖面,2025-11-09,12:00-12:50,1491.149325,5
② 光伏用第 d 日 0:00 预报 + 负载用前一日剖面,2025-11-09,13:00-13:20,279.218714,2
② 光伏用第 d 日 0:00 预报 + 负载用前一日剖面,2025-11-09,13:50-0:00+1,18051.678142,61
② 光伏用第 d 日 0:00 预报 + 负载用前一日剖面,2025-11-10,0:00-0:50,100.618611,5
② 光伏用第 d 日 0:00 预报 + 负载用前一日剖面,2025-11-10,1:10-1:30,42.184400,2
② 光伏用第 d 日 0:00 预报 + 负载用前一日剖面,2025-11-10,1:50-2:00,16.615650,1
② 光伏用第 d 日 0:00 预报 + 负载用前一日剖面,2025-11-10,2:40-2:50,7.182678,1
② 光伏用第 d 日 0:00 预报 + 负载用前一日剖面,2025-11-10,3:50-5:00,154.485592,7
② 光伏用第 d 日 0:00 预报 + 负载用前一日剖面,2025-11-10,5:40-12:20,5190.414739,40
② 光伏用第 d 日 0:00 预报 + 负载用前一日剖面,2025-11-10,12:30-13:00,84.467892,3
② 光伏用第 d 日 0:00 预报 + 负载用前一日剖面,2025-11-10,17:00-17:40,263.243756,4
② 光伏用第 d 日 0:00 预报 + 负载用前一日剖面,2025-11-10,18:00-18:20,51.043950,2
② 光伏用第 d 日 0:00 预报 + 负载用前一日剖面,2025-11-10,18:30-18:50,59.698267,2
② 光伏用第 d 日 0:00 预报 + 负载用前一日剖面,2025-11-10,19:10-19:30,17.529872,2
② 光伏用第 d 日 0:00 预报 + 负载用前一日剖面,2025-11-10,19:40-20:20,27.698611,4
② 光伏用第 d 日 0:00 预报 + 负载用前一日剖面,2025-11-10,20:50-21:50,200.843856,6
② 光伏用第 d 日 0:00 预报 + 负载用前一日剖面,2025-11-10,22:50-0:00+1,108.212469,7
② 光伏用第 d 日 0:00 预报 + 负载用前一日剖面,2025-11-11,0:10-0:20,15.015875,1
② 光伏用第 d 日 0:00 预报 + 负载用前一日剖面,2025-11-11,0:50-1:00,1.742292,1
② 光伏用第 d 日 0:00 预报 + 负载用前一日剖面,2025-11-11,1:30-2:00,45.565258,3
② 光伏用第 d 日 0:00 预报 + 负载用前一日剖面,2025-11-11,2:20-3:00,54.953711,4
② 光伏用第 d 日 0:00 预报 + 负载用前一日剖面,2025-11-11,3:20-3:50,61.982817,3
② 光伏用第 d 日 0:00 预报 + 负载用前一日剖面,2025-11-11,5:40-7:30,895.096564,11
② 光伏用第 d 日 0:00 预报 + 负载用前一日剖面,2025-11-11,7:40-8:30,573.929394,5
② 光伏用第 d 日 0:00 预报 + 负载用前一日剖面,2025-11-11,9:00-9:30,148.318175,3
② 光伏用第 d 日 0:00 预报 + 负载用前一日剖面,2025-11-11,10:00-10:20,156.965000,2
② 光伏用第 d 日 0:00 预报 + 负载用前一日剖面,2025-11-11,17:00-17:40,218.572811,4
② 光伏用第 d 日 0:00 预报 + 负载用前一日剖面,2025-11-11,19:00-19:20,12.061211,2
② 光伏用第 d 日 0:00 预报 + 负载用前一日剖面,2025-11-11,19:40-20:10,31.163342,3
② 光伏用第 d 日 0:00 预报 + 负载用前一日剖面,2025-11-11,21:00-21:40,166.861733,4
② 光伏用第 d 日 0:00 预报 + 负载用前一日剖面,2025-11-11,22:00-22:40,102.182883,4
② 光伏用第 d 日 0:00 预报 + 负载用前一日剖面,2025-11-11,23:00-23:30,75.425817,3
② 光伏用第 d 日 0:00 预报 + 负载用前一日剖面,2025-11-11,23:50-0:00+1,36.788389,1
② 光伏用第 d 日 0:00 预报 + 负载用前一日剖面,2025-11-12,0:20-0:30,0.727589,1
② 光伏用第 d 日 0:00 预报 + 负载用前一日剖面,2025-11-12,2:10-2:20,0.021889,1
② 光伏用第 d 日 0:00 预报 + 负载用前一日剖面,2025-11-12,2:30-3:10,26.409044,4
② 光伏用第 d 日 0:00 预报 + 负载用前一日剖面,2025-11-12,3:30-5:00,194.202117,9
② 光伏用第 d 日 0:00 预报 + 负载用前一日剖面,2025-11-12,5:50-11:00,4012.003458,31
② 光伏用第 d 日 0:00 预报 + 负载用前一日剖面,2025-11-12,13:50-14:00,11.592511,1
② 光伏用第 d 日 0:00 预报 + 负载用前一日剖面,2025-11-12,15:50-16:00,6.686883,1
② 光伏用第 d 日 0:00 预报 + 负载用前一日剖面,2025-11-12,16:50-17:40,308.855967,5
② 光伏用第 d 日 0:00 预报 + 负载用前一日剖面,2025-11-12,18:20-18:50,46.997100,3
② 光伏用第 d 日 0:00 预报 + 负载用前一日剖面,2025-11-12,19:20-20:40,97.264244,8
② 光伏用第 d 日 0:00 预报 + 负载用前一日剖面,2025-11-12,21:00-21:40,135.035300,4
② 光伏用第 d 日 0:00 预报 + 负载用前一日剖面,2025-11-12,22:10-22:40,22.197033,3
② 光伏用第 d 日 0:00 预报 + 负载用前一日剖面,2025-11-12,23:50-0:00+1,0.907372,1
② 光伏用第 d 日 0:00 预报 + 负载用前一日剖面,2025-11-13,0:00-0:40,55.944056,4
② 光伏用第 d 日 0:00 预报 + 负载用前一日剖面,2025-11-13,0:50-1:20,57.860925,3
② 光伏用第 d 日 0:00 预报 + 负载用前一日剖面,2025-11-13,1:50-3:10,136.880831,8
② 光伏用第 d 日 0:00 预报 + 负载用前一日剖面,2025-11-13,3:50-4:10,36.473719,2
② 光伏用第 d 日 0:00 预报 + 负载用前一日剖面,2025-11-13,4:40-5:00,12.447322,2
② 光伏用第 d 日 0:00 预报 + 负载用前一日剖面,2025-11-13,5:40-8:50,1554.531000,19
② 光伏用第 d 日 0:00 预报 + 负载用前一日剖面,2025-11-13,9:00-9:20,98.604639,2
② 光伏用第 d 日 0:00 预报 + 负载用前一日剖面,2025-11-13,10:00-10:40,188.990767,4
② 光伏用第 d 日 0:00 预报 + 负载用前一日剖面,2025-11-13,11:00-14:00,2405.069417,18
② 光伏用第 d 日 0:00 预报 + 负载用前一日剖面,2025-11-13,14:20-15:00,375.366406,4
② 光伏用第 d 日 0:00 预报 + 负载用前一日剖面,2025-11-13,15:40-16:00,123.613144,2
② 光伏用第 d 日 0:00 预报 + 负载用前一日剖面,2025-11-13,16:50-17:40,369.927919,5
② 光伏用第 d 日 0:00 预报 + 负载用前一日剖面,2025-11-13,18:30-19:00,84.400158,3
② 光伏用第 d 日 0:00 预报 + 负载用前一日剖面,2025-11-13,19:30-20:30,94.808617,6
② 光伏用第 d 日 0:00 预报 + 负载用前一日剖面,2025-11-13,21:00-21:40,183.687089,4
② 光伏用第 d 日 0:00 预报 + 负载用前一日剖面,2025-11-13,22:10-22:20,4.148847,1
② 光伏用第 d 日 0:00 预报 + 负载用前一日剖面,2025-11-13,22:30-22:50,14.616294,2
② 光伏用第 d 日 0:00 预报 + 负载用前一日剖面,2025-11-13,23:00-23:20,65.968044,2
② 光伏用第 d 日 0:00 预报 + 负载用前一日剖面,2025-11-15,0:50-1:00,5.356622,1
② 光伏用第 d 日 0:00 预报 + 负载用前一日剖面,2025-11-15,1:20-1:40,23.718917,2
② 光伏用第 d 日 0:00 预报 + 负载用前一日剖面,2025-11-15,2:40-5:00,262.768922,14
② 光伏用第 d 日 0:00 预报 + 负载用前一日剖面,2025-11-15,5:10-5:20,1.661842,1
② 光伏用第 d 日 0:00 预报 + 负载用前一日剖面,2025-11-15,6:00-8:30,1288.578500,15
② 光伏用第 d 日 0:00 预报 + 负载用前一日剖面,2025-11-15,8:50-9:20,219.597433,3
② 光伏用第 d 日 0:00 预报 + 负载用前一日剖面,2025-11-15,10:00-10:20,158.752039,2
② 光伏用第 d 日 0:00 预报 + 负载用前一日剖面,2025-11-15,17:10-17:40,42.158633,3
② 光伏用第 d 日 0:00 预报 + 负载用前一日剖面,2025-11-15,18:50-19:00,0.215914,1
② 光伏用第 d 日 0:00 预报 + 负载用前一日剖面,2025-11-15,19:20-20:40,130.418228,8
② 光伏用第 d 日 0:00 预报 + 负载用前一日剖面,2025-11-15,21:00-21:20,19.541433,2
② 光伏用第 d 日 0:00 预报 + 负载用前一日剖面,2025-11-15,21:30-21:50,38.868983,2
② 光伏用第 d 日 0:00 预报 + 负载用前一日剖面,2025-11-15,22:00-23:20,150.525778,8
② 光伏用第 d 日 0:00 预报 + 负载用前一日剖面,2025-11-15,23:40-0:00+1,151.218211,2
② 光伏用第 d 日 0:00 预报 + 负载用前一日剖面,2025-11-16,0:00-11:30,22380.565778,69
② 光伏用第 d 日 0:00 预报 + 负载用前一日剖面,2025-11-16,11:40-11:50,500.596261,1
② 光伏用第 d 日 0:00 预报 + 负载用前一日剖面,2025-11-16,12:00-12:50,1929.929594,5
② 光伏用第 d 日 0:00 预报 + 负载用前一日剖面,2025-11-16,13:00-13:20,528.848456,2
② 光伏用第 d 日 0:00 预报 + 负载用前一日剖面,2025-11-16,13:30-0:00+1,18725.835394,63
② 光伏用第 d 日 0:00 预报 + 负载用前一日剖面,2025-11-17,0:50-1:20,121.423953,3
② 光伏用第 d 日 0:00 预报 + 负载用前一日剖面,2025-11-17,1:40-2:10,115.184678,3
② 光伏用第 d 日 0:00 预报 + 负载用前一日剖面,2025-11-17,2:40-3:20,58.202611,4
② 光伏用第 d 日 0:00 预报 + 负载用前一日剖面,2025-11-17,3:30-4:00,17.688117,3
② 光伏用第 d 日 0:00 预报 + 负载用前一日剖面,2025-11-17,4:30-4:50,41.016861,2
② 光伏用第 d 日 0:00 预报 + 负载用前一日剖面,2025-11-17,5:50-6:10,113.434044,2
② 光伏用第 d 日 0:00 预报 + 负载用前一日剖面,2025-11-17,6:20-6:50,75.955417,3
② 光伏用第 d 日 0:00 预报 + 负载用前一日剖面,2025-11-17,7:00-12:00,4894.777933,30
② 光伏用第 d 日 0:00 预报 + 负载用前一日剖面,2025-11-17,12:10-13:00,474.158025,5
② 光伏用第 d 日 0:00 预报 + 负载用前一日剖面,2025-11-17,13:20-14:00,288.847794,4
② 光伏用第 d 日 0:00 预报 + 负载用前一日剖面,2025-11-17,14:40-15:00,98.804911,2
② 光伏用第 d 日 0:00 预报 + 负载用前一日剖面,2025-11-17,17:00-17:40,201.824222,4
② 光伏用第 d 日 0:00 预报 + 负载用前一日剖面,2025-11-17,18:20-18:30,2.641028,1
② 光伏用第 d 日 0:00 预报 + 负载用前一日剖面,2025-11-17,19:00-19:50,52.016419,5
② 光伏用第 d 日 0:00 预报 + 负载用前一日剖面,2025-11-17,20:30-20:40,5.999467,1
② 光伏用第 d 日 0:00 预报 + 负载用前一日剖面,2025-11-17,21:00-21:40,141.723789,4
② 光伏用第 d 日 0:00 预报 + 负载用前一日剖面,2025-11-17,22:00-22:20,12.594933,2
② 光伏用第 d 日 0:00 预报 + 负载用前一日剖面,2025-11-17,23:00-23:20,4.418072,2
② 光伏用第 d 日 0:00 预报 + 负载用前一日剖面,2025-11-18,0:00-0:20,50.537739,2
② 光伏用第 d 日 0:00 预报 + 负载用前一日剖面,2025-11-18,0:30-1:00,29.670742,3
② 光伏用第 d 日 0:00 预报 + 负载用前一日剖面,2025-11-18,1:10-1:30,15.528433,2
② 光伏用第 d 日 0:00 预报 + 负载用前一日剖面,2025-11-18,2:00-2:10,3.531550,1
② 光伏用第 d 日 0:00 预报 + 负载用前一日剖面,2025-11-18,2:30-3:00,49.031183,3
② 光伏用第 d 日 0:00 预报 + 负载用前一日剖面,2025-11-18,3:10-3:30,16.423139,2
② 光伏用第 d 日 0:00 预报 + 负载用前一日剖面,2025-11-18,4:00-4:50,62.259169,5
② 光伏用第 d 日 0:00 预报 + 负载用前一日剖面,2025-11-18,5:40-13:00,5487.970444,44
② 光伏用第 d 日 0:00 预报 + 负载用前一日剖面,2025-11-18,13:50-14:00,25.396908,1
② 光伏用第 d 日 0:00 预报 + 负载用前一日剖面,2025-11-18,15:50-16:00,5.533653,1
② 光伏用第 d 日 0:00 预报 + 负载用前一日剖面,2025-11-18,17:00-17:40,253.004283,4
② 光伏用第 d 日 0:00 预报 + 负载用前一日剖面,2025-11-18,18:30-19:20,46.385917,5
② 光伏用第 d 日 0:00 预报 + 负载用前一日剖面,2025-11-18,20:00-20:20,27.175833,2
② 光伏用第 d 日 0:00 预报 + 负载用前一日剖面,2025-11-18,20:40-21:40,244.747922,6
② 光伏用第 d 日 0:00 预报 + 负载用前一日剖面,2025-11-18,22:10-23:00,114.176850,5
② 光伏用第 d 日 0:00 预报 + 负载用前一日剖面,2025-11-18,23:30-23:50,53.558000,2
② 光伏用第 d 日 0:00 预报 + 负载用前一日剖面,2025-11-19,0:40-1:00,32.045844,2
② 光伏用第 d 日 0:00 预报 + 负载用前一日剖面,2025-11-19,1:20-2:40,92.481461,8
② 光伏用第 d 日 0:00 预报 + 负载用前一日剖面,2025-11-19,2:50-4:00,167.607664,7
② 光伏用第 d 日 0:00 预报 + 负载用前一日剖面,2025-11-19,4:20-5:00,32.122667,4
② 光伏用第 d 日 0:00 预报 + 负载用前一日剖面,2025-11-19,5:40-7:30,953.300267,11
② 光伏用第 d 日 0:00 预报 + 负载用前一日剖面,2025-11-19,7:40-11:50,4233.855036,25
② 光伏用第 d 日 0:00 预报 + 负载用前一日剖面,2025-11-19,12:00-13:00,328.380433,6
② 光伏用第 d 日 0:00 预报 + 负载用前一日剖面,2025-11-19,13:50-14:00,26.373858,1
② 光伏用第 d 日 0:00 预报 + 负载用前一日剖面,2025-11-19,15:40-16:00,80.131039,2
② 光伏用第 d 日 0:00 预报 + 负载用前一日剖面,2025-11-19,17:00-17:40,276.339194,4
② 光伏用第 d 日 0:00 预报 + 负载用前一日剖面,2025-11-19,18:10-18:50,56.284311,4
② 光伏用第 d 日 0:00 预报 + 负载用前一日剖面,2025-11-19,19:00-19:10,2.721311,1
② 光伏用第 d 日 0:00 预报 + 负载用前一日剖面,2025-11-19,19:30-20:00,28.864733,3
② 光伏用第 d 日 0:00 预报 + 负载用前一日剖面,2025-11-19,20:10-21:40,270.978189,9
② 光伏用第 d 日 0:00 预报 + 负载用前一日剖面,2025-11-19,22:10-22:30,16.869150,2
② 光伏用第 d 日 0:00 预报 + 负载用前一日剖面,2025-11-19,22:50-0:00+1,135.905692,7
② 光伏用第 d 日 0:00 预报 + 负载用前一日剖面,2025-11-20,0:20-0:30,6.469944,1
② 光伏用第 d 日 0:00 预报 + 负载用前一日剖面,2025-11-20,0:50-1:10,27.890911,2
② 光伏用第 d 日 0:00 预报 + 负载用前一日剖面,2025-11-20,1:30-1:50,4.761250,2
② 光伏用第 d 日 0:00 预报 + 负载用前一日剖面,2025-11-20,2:00-2:10,4.973561,1
② 光伏用第 d 日 0:00 预报 + 负载用前一日剖面,2025-11-20,2:30-2:50,45.270706,2
② 光伏用第 d 日 0:00 预报 + 负载用前一日剖面,2025-11-20,3:30-3:50,4.918917,2
② 光伏用第 d 日 0:00 预报 + 负载用前一日剖面,2025-11-20,4:00-4:10,1.786225,1
② 光伏用第 d 日 0:00 预报 + 负载用前一日剖面,2025-11-20,4:30-4:50,48.483433,2
② 光伏用第 d 日 0:00 预报 + 负载用前一日剖面,2025-11-20,5:40-6:50,208.724269,7
② 光伏用第 d 日 0:00 预报 + 负载用前一日剖面,2025-11-20,7:00-7:30,388.906467,3
② 光伏用第 d 日 0:00 预报 + 负载用前一日剖面,2025-11-20,7:40-11:00,3064.654544,20
② 光伏用第 d 日 0:00 预报 + 负载用前一日剖面,2025-11-20,12:00-13:00,804.469267,6
② 光伏用第 d 日 0:00 预报 + 负载用前一日剖面,2025-11-20,13:40-14:00,91.473000,2
② 光伏用第 d 日 0:00 预报 + 负载用前一日剖面,2025-11-20,14:30-15:00,119.410125,3
② 光伏用第 d 日 0:00 预报 + 负载用前一日剖面,2025-11-20,15:30-16:00,62.231600,3
② 光伏用第 d 日 0:00 预报 + 负载用前一日剖面,2025-11-20,16:50-17:40,350.242131,5
② 光伏用第 d 日 0:00 预报 + 负载用前一日剖面,2025-11-20,18:00-18:20,25.763500,2
② 光伏用第 d 日 0:00 预报 + 负载用前一日剖面,2025-11-20,18:40-19:20,69.334389,4
② 光伏用第 d 日 0:00 预报 + 负载用前一日剖面,2025-11-20,20:50-21:40,290.513031,5
② 光伏用第 d 日 0:00 预报 + 负载用前一日剖面,2025-11-20,22:30-22:40,2.925169,1
② 光伏用第 d 日 0:00 预报 + 负载用前一日剖面,2025-11-20,23:10-23:40,64.142000,3
② 光伏用第 d 日 0:00 预报 + 负载用前一日剖面,2025-11-22,0:10-0:20,17.776275,1
② 光伏用第 d 日 0:00 预报 + 负载用前一日剖面,2025-11-22,0:30-0:50,25.603583,2
② 光伏用第 d 日 0:00 预报 + 负载用前一日剖面,2025-11-22,1:20-1:30,3.791458,1
② 光伏用第 d 日 0:00 预报 + 负载用前一日剖面,2025-11-22,2:20-2:30,1.289233,1
② 光伏用第 d 日 0:00 预报 + 负载用前一日剖面,2025-11-22,2:50-3:10,39.743864,2
② 光伏用第 d 日 0:00 预报 + 负载用前一日剖面,2025-11-22,3:40-3:50,8.814214,1
② 光伏用第 d 日 0:00 预报 + 负载用前一日剖面,2025-11-22,4:00-5:20,118.655078,8
② 光伏用第 d 日 0:00 预报 + 负载用前一日剖面,2025-11-22,5:50-7:50,874.748142,12
② 光伏用第 d 日 0:00 预报 + 负载用前一日剖面,2025-11-22,8:00-8:30,290.120375,3
② 光伏用第 d 日 0:00 预报 + 负载用前一日剖面,2025-11-22,8:50-9:40,336.815225,5
② 光伏用第 d 日 0:00 预报 + 负载用前一日剖面,2025-11-22,10:00-10:30,106.271667,3
② 光伏用第 d 日 0:00 预报 + 负载用前一日剖面,2025-11-22,11:00-11:10,6.615036,1
② 光伏用第 d 日 0:00 预报 + 负载用前一日剖面,2025-11-22,14:50-15:00,3.757539,1
② 光伏用第 d 日 0:00 预报 + 负载用前一日剖面,2025-11-22,17:20-17:30,5.132200,1
② 光伏用第 d 日 0:00 预报 + 负载用前一日剖面,2025-11-22,18:00-18:10,4.904317,1
② 光伏用第 d 日 0:00 预报 + 负载用前一日剖面,2025-11-22,18:20-19:00,64.469050,4
② 光伏用第 d 日 0:00 预报 + 负载用前一日剖面,2025-11-22,19:20-20:20,143.730206,6
② 光伏用第 d 日 0:00 预报 + 负载用前一日剖面,2025-11-22,20:30-21:00,57.914042,3
② 光伏用第 d 日 0:00 预报 + 负载用前一日剖面,2025-11-22,21:30-21:40,20.926381,1
② 光伏用第 d 日 0:00 预报 + 负载用前一日剖面,2025-11-22,22:20-22:30,25.863325,1
② 光伏用第 d 日 0:00 预报 + 负载用前一日剖面,2025-11-22,22:50-23:20,96.007958,3
② 光伏用第 d 日 0:00 预报 + 负载用前一日剖面,2025-11-22,23:40-0:00+1,187.873233,2
② 光伏用第 d 日 0:00 预报 + 负载用前一日剖面,2025-11-23,0:00-11:30,23673.652192,69
② 光伏用第 d 日 0:00 预报 + 负载用前一日剖面,2025-11-23,11:40-11:50,522.181211,1
② 光伏用第 d 日 0:00 预报 + 负载用前一日剖面,2025-11-23,12:00-12:50,2063.271386,5
② 光伏用第 d 日 0:00 预报 + 负载用前一日剖面,2025-11-23,13:10-13:20,1.823989,1
② 光伏用第 d 日 0:00 预报 + 负载用前一日剖面,2025-11-23,13:40-0:00+1,17597.460289,62
② 光伏用第 d 日 0:00 预报 + 负载用前一日剖面,2025-11-24,0:00-0:20,19.911906,2
② 光伏用第 d 日 0:00 预报 + 负载用前一日剖面,2025-11-24,0:50-2:00,137.774986,7
② 光伏用第 d 日 0:00 预报 + 负载用前一日剖面,2025-11-24,2:50-4:00,68.058708,7
② 光伏用第 d 日 0:00 预报 + 负载用前一日剖面,2025-11-24,4:30-4:50,15.907811,2
② 光伏用第 d 日 0:00 预报 + 负载用前一日剖面,2025-11-24,5:50-10:50,3526.470661,30
② 光伏用第 d 日 0:00 预报 + 负载用前一日剖面,2025-11-24,11:00-13:00,1075.015250,12
② 光伏用第 d 日 0:00 预报 + 负载用前一日剖面,2025-11-24,13:10-14:00,217.872372,5
② 光伏用第 d 日 0:00 预报 + 负载用前一日剖面,2025-11-24,14:40-15:00,68.791356,2
② 光伏用第 d 日 0:00 预报 + 负载用前一日剖面,2025-11-24,15:50-16:00,36.430333,1
② 光伏用第 d 日 0:00 预报 + 负载用前一日剖面,2025-11-24,17:00-17:40,195.034672,4
② 光伏用第 d 日 0:00 预报 + 负载用前一日剖面,2025-11-24,18:30-19:10,64.499497,4
② 光伏用第 d 日 0:00 预报 + 负载用前一日剖面,2025-11-24,19:30-20:20,115.170892,5
② 光伏用第 d 日 0:00 预报 + 负载用前一日剖面,2025-11-24,20:40-21:40,176.493628,6
② 光伏用第 d 日 0:00 预报 + 负载用前一日剖面,2025-11-24,22:30-0:00+1,211.225992,9
② 光伏用第 d 日 0:00 预报 + 负载用前一日剖面,2025-11-25,1:30-1:50,1.901389,2
② 光伏用第 d 日 0:00 预报 + 负载用前一日剖面,2025-11-25,2:10-3:00,165.371125,5
② 光伏用第 d 日 0:00 预报 + 负载用前一日剖面,2025-11-25,3:20-4:20,94.211667,6
② 光伏用第 d 日 0:00 预报 + 负载用前一日剖面,2025-11-25,4:30-5:00,65.229725,3
② 光伏用第 d 日 0:00 预报 + 负载用前一日剖面,2025-11-25,5:50-6:50,174.963197,6
② 光伏用第 d 日 0:00 预报 + 负载用前一日剖面,2025-11-25,7:00-8:40,986.222728,10
② 光伏用第 d 日 0:00 预报 + 负载用前一日剖面,2025-11-25,9:00-9:30,302.135158,3
② 光伏用第 d 日 0:00 预报 + 负载用前一日剖面,2025-11-25,10:00-10:20,70.944767,2
② 光伏用第 d 日 0:00 预报 + 负载用前一日剖面,2025-11-25,17:00-17:40,278.553161,4
② 光伏用第 d 日 0:00 预报 + 负载用前一日剖面,2025-11-25,18:10-18:20,1.939967,1
② 光伏用第 d 日 0:00 预报 + 负载用前一日剖面,2025-11-25,18:50-19:30,50.506775,4
② 光伏用第 d 日 0:00 预报 + 负载用前一日剖面,2025-11-25,21:00-21:40,203.221167,4
② 光伏用第 d 日 0:00 预报 + 负载用前一日剖面,2025-11-25,22:10-22:30,18.027456,2
② 光伏用第 d 日 0:00 预报 + 负载用前一日剖面,2025-11-25,22:40-23:00,17.501389,2
② 光伏用第 d 日 0:00 预报 + 负载用前一日剖面,2025-11-25,23:30-23:40,9.311667,1
② 光伏用第 d 日 0:00 预报 + 负载用前一日剖面,2025-11-26,0:20-0:30,5.697969,1
② 光伏用第 d 日 0:00 预报 + 负载用前一日剖面,2025-11-26,0:40-1:00,47.502706,2
② 光伏用第 d 日 0:00 预报 + 负载用前一日剖面,2025-11-26,2:10-2:50,63.023456,4
② 光伏用第 d 日 0:00 预报 + 负载用前一日剖面,2025-11-26,3:40-3:50,0.163686,1
② 光伏用第 d 日 0:00 预报 + 负载用前一日剖面,2025-11-26,5:40-6:30,398.327894,5
② 光伏用第 d 日 0:00 预报 + 负载用前一日剖面,2025-11-26,7:00-11:00,3886.713100,24
② 光伏用第 d 日 0:00 预报 + 负载用前一日剖面,2025-11-26,15:50-16:00,69.282378,1
② 光伏用第 d 日 0:00 预报 + 负载用前一日剖面,2025-11-26,16:50-17:40,212.590039,5
② 光伏用第 d 日 0:00 预报 + 负载用前一日剖面,2025-11-26,18:10-18:20,21.270122,1
② 光伏用第 d 日 0:00 预报 + 负载用前一日剖面,2025-11-26,18:30-19:10,59.338061,4
② 光伏用第 d 日 0:00 预报 + 负载用前一日剖面,2025-11-26,20:10-20:30,30.837294,2
② 光伏用第 d 日 0:00 预报 + 负载用前一日剖面,2025-11-26,21:00-21:40,102.476783,4
② 光伏用第 d 日 0:00 预报 + 负载用前一日剖面,2025-11-26,22:10-22:30,18.793822,2
② 光伏用第 d 日 0:00 预报 + 负载用前一日剖面,2025-11-26,23:00-23:30,39.150667,3
② 光伏用第 d 日 0:00 预报 + 负载用前一日剖面,2025-11-26,23:50-0:00+1,15.900750,1
② 光伏用第 d 日 0:00 预报 + 负载用前一日剖面,2025-11-27,0:20-0:50,51.253858,3
② 光伏用第 d 日 0:00 预报 + 负载用前一日剖面,2025-11-27,1:20-2:00,105.393828,4
② 光伏用第 d 日 0:00 预报 + 负载用前一日剖面,2025-11-27,3:10-3:30,26.437328,2
② 光伏用第 d 日 0:00 预报 + 负载用前一日剖面,2025-11-27,3:40-4:20,50.540111,4
② 光伏用第 d 日 0:00 预报 + 负载用前一日剖面,2025-11-27,4:30-5:00,81.159700,3
② 光伏用第 d 日 0:00 预报 + 负载用前一日剖面,2025-11-27,5:40-6:10,199.535217,3
② 光伏用第 d 日 0:00 预报 + 负载用前一日剖面,2025-11-27,6:20-6:30,26.638294,1
② 光伏用第 d 日 0:00 预报 + 负载用前一日剖面,2025-11-27,6:50-10:10,2725.761992,20
② 光伏用第 d 日 0:00 预报 + 负载用前一日剖面,2025-11-27,10:20-10:30,21.692464,1
② 光伏用第 d 日 0:00 预报 + 负载用前一日剖面,2025-11-27,11:00-11:50,442.315897,5
② 光伏用第 d 日 0:00 预报 + 负载用前一日剖面,2025-11-27,12:40-13:00,147.341206,2
② 光伏用第 d 日 0:00 预报 + 负载用前一日剖面,2025-11-27,13:50-14:00,0.162550,1
② 光伏用第 d 日 0:00 预报 + 负载用前一日剖面,2025-11-27,14:40-15:00,47.096206,2
② 光伏用第 d 日 0:00 预报 + 负载用前一日剖面,2025-11-27,15:50-16:00,6.258783,1
② 光伏用第 d 日 0:00 预报 + 负载用前一日剖面,2025-11-27,16:50-17:50,341.718369,6
② 光伏用第 d 日 0:00 预报 + 负载用前一日剖面,2025-11-27,18:20-18:30,13.431408,1
② 光伏用第 d 日 0:00 预报 + 负载用前一日剖面,2025-11-27,19:00-19:20,14.671050,2
② 光伏用第 d 日 0:00 预报 + 负载用前一日剖面,2025-11-27,19:30-20:40,112.664517,7
② 光伏用第 d 日 0:00 预报 + 负载用前一日剖面,2025-11-27,21:00-21:40,226.608411,4
② 光伏用第 d 日 0:00 预报 + 负载用前一日剖面,2025-11-27,22:00-22:20,15.350056,2
② 光伏用第 d 日 0:00 预报 + 负载用前一日剖面,2025-11-27,22:30-22:50,45.562289,2
② 光伏用第 d 日 0:00 预报 + 负载用前一日剖面,2025-11-27,23:10-23:20,4.304208,1
② 光伏用第 d 日 0:00 预报 + 负载用前一日剖面,2025-11-29,1:10-1:20,5.281647,1
② 光伏用第 d 日 0:00 预报 + 负载用前一日剖面,2025-11-29,1:40-2:40,95.600089,6
② 光伏用第 d 日 0:00 预报 + 负载用前一日剖面,2025-11-29,3:30-4:00,57.808508,3
② 光伏用第 d 日 0:00 预报 + 负载用前一日剖面,2025-11-29,4:20-4:40,52.485822,2
② 光伏用第 d 日 0:00 预报 + 负载用前一日剖面,2025-11-29,5:30-5:40,0.491475,1
② 光伏用第 d 日 0:00 预报 + 负载用前一日剖面,2025-11-29,6:00-7:50,711.555658,11
② 光伏用第 d 日 0:00 预报 + 负载用前一日剖面,2025-11-29,8:00-9:30,422.277825,9
② 光伏用第 d 日 0:00 预报 + 负载用前一日剖面,2025-11-29,14:50-15:00,37.109394,1
② 光伏用第 d 日 0:00 预报 + 负载用前一日剖面,2025-11-29,17:30-17:40,2.779928,1
② 光伏用第 d 日 0:00 预报 + 负载用前一日剖面,2025-11-29,18:20-18:30,2.180342,1
② 光伏用第 d 日 0:00 预报 + 负载用前一日剖面,2025-11-29,18:50-19:00,14.133675,1
② 光伏用第 d 日 0:00 预报 + 负载用前一日剖面,2025-11-29,20:00-20:20,44.590428,2
② 光伏用第 d 日 0:00 预报 + 负载用前一日剖面,2025-11-29,20:40-21:40,107.898878,6
② 光伏用第 d 日 0:00 预报 + 负载用前一日剖面,2025-11-29,22:00-22:20,11.329172,2
② 光伏用第 d 日 0:00 预报 + 负载用前一日剖面,2025-11-29,22:30-0:00+1,475.839550,9
② 光伏用第 d 日 0:00 预报 + 负载用前一日剖面,2025-11-30,0:00-0:00+1,47780.743833,144
② 光伏用第 d 日 0:00 预报 + 负载用前一日剖面,2025-12-01,0:00-5:30,2093.472750,33
② 光伏用第 d 日 0:00 预报 + 负载用前一日剖面,2025-12-01,5:40-8:50,2935.335644,19
② 光伏用第 d 日 0:00 预报 + 负载用前一日剖面,2025-12-01,9:00-11:10,2475.701581,13
② 光伏用第 d 日 0:00 预报 + 负载用前一日剖面,2025-12-01,11:30-11:50,21.169828,2
② 光伏用第 d 日 0:00 预报 + 负载用前一日剖面,2025-12-01,12:50-13:00,71.951469,1
② 光伏用第 d 日 0:00 预报 + 负载用前一日剖面,2025-12-01,16:50-17:40,254.247958,5
② 光伏用第 d 日 0:00 预报 + 负载用前一日剖面,2025-12-01,18:10-18:30,28.583639,2
② 光伏用第 d 日 0:00 预报 + 负载用前一日剖面,2025-12-01,18:40-19:00,30.875306,2
② 光伏用第 d 日 0:00 预报 + 负载用前一日剖面,2025-12-01,19:30-20:30,86.960942,6
② 光伏用第 d 日 0:00 预报 + 负载用前一日剖面,2025-12-01,20:50-21:40,177.073675,5
② 光伏用第 d 日 0:00 预报 + 负载用前一日剖面,2025-12-01,22:00-22:10,2.972075,1
② 光伏用第 d 日 0:00 预报 + 负载用前一日剖面,2025-12-01,22:40-23:20,76.050600,4
② 光伏用第 d 日 0:00 预报 + 负载用前一日剖面,2025-12-01,23:30-0:00+1,101.280833,3
② 光伏用第 d 日 0:00 预报 + 负载用前一日剖面,2025-12-02,1:20-1:30,16.794825,1
② 光伏用第 d 日 0:00 预报 + 负载用前一日剖面,2025-12-02,1:40-2:00,72.273667,2
② 光伏用第 d 日 0:00 预报 + 负载用前一日剖面,2025-12-02,2:20-3:00,105.493717,4
② 光伏用第 d 日 0:00 预报 + 负载用前一日剖面,2025-12-02,3:30-4:00,56.003150,3
② 光伏用第 d 日 0:00 预报 + 负载用前一日剖面,2025-12-02,4:40-5:10,12.639781,3
② 光伏用第 d 日 0:00 预报 + 负载用前一日剖面,2025-12-02,5:40-6:50,217.354689,7
② 光伏用第 d 日 0:00 预报 + 负载用前一日剖面,2025-12-02,7:00-9:40,1780.041272,16
② 光伏用第 d 日 0:00 预报 + 负载用前一日剖面,2025-12-02,10:00-10:20,75.191839,2
② 光伏用第 d 日 0:00 预报 + 负载用前一日剖面,2025-12-02,16:50-17:40,341.765369,5
② 光伏用第 d 日 0:00 预报 + 负载用前一日剖面,2025-12-02,18:10-19:00,173.046386,5
② 光伏用第 d 日 0:00 预报 + 负载用前一日剖面,2025-12-02,19:20-20:10,88.057019,5
② 光伏用第 d 日 0:00 预报 + 负载用前一日剖面,2025-12-02,20:40-21:40,279.660772,6
② 光伏用第 d 日 0:00 预报 + 负载用前一日剖面,2025-12-02,22:10-22:40,29.846183,3
② 光伏用第 d 日 0:00 预报 + 负载用前一日剖面,2025-12-02,23:20-23:40,14.563078,2
② 光伏用第 d 日 0:00 预报 + 负载用前一日剖面,2025-12-03,0:10-0:50,20.846083,4
② 光伏用第 d 日 0:00 预报 + 负载用前一日剖面,2025-12-03,1:00-1:20,22.900206,2
② 光伏用第 d 日 0:00 预报 + 负载用前一日剖面,2025-12-03,1:30-1:50,18.518189,2
② 光伏用第 d 日 0:00 预报 + 负载用前一日剖面,2025-12-03,2:20-2:30,4.518811,1
② 光伏用第 d 日 0:00 预报 + 负载用前一日剖面,2025-12-03,3:40-5:00,136.876950,8
② 光伏用第 d 日 0:00 预报 + 负载用前一日剖面,2025-12-03,5:40-6:00,167.830817,2
② 光伏用第 d 日 0:00 预报 + 负载用前一日剖面,2025-12-03,6:20-6:30,10.377219,1
② 光伏用第 d 日 0:00 预报 + 负载用前一日剖面,2025-12-03,7:00-7:30,369.468675,3
② 光伏用第 d 日 0:00 预报 + 负载用前一日剖面,2025-12-03,7:40-14:00,5820.643600,38
② 光伏用第 d 日 0:00 预报 + 负载用前一日剖面,2025-12-03,14:20-15:00,361.643278,4
② 光伏用第 d 日 0:00 预报 + 负载用前一日剖面,2025-12-03,15:50-16:00,47.000078,1
② 光伏用第 d 日 0:00 预报 + 负载用前一日剖面,2025-12-03,17:00-17:40,176.262156,4
② 光伏用第 d 日 0:00 预报 + 负载用前一日剖面,2025-12-03,19:00-19:10,0.009183,1
② 光伏用第 d 日 0:00 预报 + 负载用前一日剖面,2025-12-03,20:10-20:30,44.122772,2
② 光伏用第 d 日 0:00 预报 + 负载用前一日剖面,2025-12-03,20:40-21:40,157.587461,6
② 光伏用第 d 日 0:00 预报 + 负载用前一日剖面,2025-12-03,22:10-22:20,3.686122,1
② 光伏用第 d 日 0:00 预报 + 负载用前一日剖面,2025-12-03,22:30-22:50,5.092878,2
② 光伏用第 d 日 0:00 预报 + 负载用前一日剖面,2025-12-03,23:10-0:00+1,58.843731,5
② 光伏用第 d 日 0:00 预报 + 负载用前一日剖面,2025-12-04,0:00-0:10,10.905431,1
② 光伏用第 d 日 0:00 预报 + 负载用前一日剖面,2025-12-04,0:40-1:00,51.363561,2
② 光伏用第 d 日 0:00 预报 + 负载用前一日剖面,2025-12-04,2:10-3:00,75.748128,5
② 光伏用第 d 日 0:00 预报 + 负载用前一日剖面,2025-12-04,3:10-4:20,246.915794,7
② 光伏用第 d 日 0:00 预报 + 负载用前一日剖面,2025-12-04,4:30-4:50,28.660294,2
② 光伏用第 d 日 0:00 预报 + 负载用前一日剖面,2025-12-04,5:40-6:10,239.767739,3
② 光伏用第 d 日 0:00 预报 + 负载用前一日剖面,2025-12-04,6:20-7:30,610.559278,7
② 光伏用第 d 日 0:00 预报 + 负载用前一日剖面,2025-12-04,7:40-11:40,3681.771183,24
② 光伏用第 d 日 0:00 预报 + 负载用前一日剖面,2025-12-04,17:00-17:50,401.794689,5
② 光伏用第 d 日 0:00 预报 + 负载用前一日剖面,2025-12-04,18:10-19:30,122.253789,8
② 光伏用第 d 日 0:00 预报 + 负载用前一日剖面,2025-12-04,19:40-20:10,71.013061,3
② 光伏用第 d 日 0:00 预报 + 负载用前一日剖面,2025-12-04,20:20-20:50,76.700533,3
② 光伏用第 d 日 0:00 预报 + 负载用前一日剖面,2025-12-04,21:00-21:40,124.821806,4
② 光伏用第 d 日 0:00 预报 + 负载用前一日剖面,2025-12-04,22:00-22:20,6.350761,2
② 光伏用第 d 日 0:00 预报 + 负载用前一日剖面,2025-12-04,22:40-23:40,88.513283,6
② 光伏用第 d 日 0:00 预报 + 负载用前一日剖面,2025-12-06,0:00-1:00,111.884667,6
② 光伏用第 d 日 0:00 预报 + 负载用前一日剖面,2025-12-06,1:20-2:10,66.600347,5
② 光伏用第 d 日 0:00 预报 + 负载用前一日剖面,2025-12-06,2:40-2:50,7.035231,1
② 光伏用第 d 日 0:00 预报 + 负载用前一日剖面,2025-12-06,3:10-4:00,138.939961,5
② 光伏用第 d 日 0:00 预报 + 负载用前一日剖面,2025-12-06,4:20-5:00,82.031633,4
② 光伏用第 d 日 0:00 预报 + 负载用前一日剖面,2025-12-06,5:40-6:00,35.242022,2
② 光伏用第 d 日 0:00 预报 + 负载用前一日剖面,2025-12-06,6:40-7:50,694.677797,7
② 光伏用第 d 日 0:00 预报 + 负载用前一日剖面,2025-12-06,8:00-8:30,399.436483,3
② 光伏用第 d 日 0:00 预报 + 负载用前一日剖面,2025-12-06,8:50-9:40,319.663911,5
② 光伏用第 d 日 0:00 预报 + 负载用前一日剖面,2025-12-06,10:00-12:00,702.003033,12
② 光伏用第 d 日 0:00 预报 + 负载用前一日剖面,2025-12-06,16:30-16:40,17.134717,1
② 光伏用第 d 日 0:00 预报 + 负载用前一日剖面,2025-12-06,17:50-18:00,12.031508,1
② 光伏用第 d 日 0:00 预报 + 负载用前一日剖面,2025-12-06,18:20-18:30,23.605719,1
② 光伏用第 d 日 0:00 预报 + 负载用前一日剖面,2025-12-06,18:50-19:40,73.246981,5
② 光伏用第 d 日 0:00 预报 + 负载用前一日剖面,2025-12-06,20:00-20:30,104.397450,3
② 光伏用第 d 日 0:00 预报 + 负载用前一日剖面,2025-12-06,20:50-21:30,131.799036,4
② 光伏用第 d 日 0:00 预报 + 负载用前一日剖面,2025-12-06,22:00-22:10,18.179697,1
② 光伏用第 d 日 0:00 预报 + 负载用前一日剖面,2025-12-06,22:30-23:00,56.448075,3
② 光伏用第 d 日 0:00 预报 + 负载用前一日剖面,2025-12-06,23:40-0:00+1,209.606167,2
② 光伏用第 d 日 0:00 预报 + 负载用前一日剖面,2025-12-07,0:00-0:00+1,41370.726800,144
② 光伏用第 d 日 0:00 预报 + 负载用前一日剖面,2025-12-08,0:50-1:00,14.936697,1
② 光伏用第 d 日 0:00 预报 + 负载用前一日剖面,2025-12-08,1:20-1:40,21.039511,2
② 光伏用第 d 日 0:00 预报 + 负载用前一日剖面,2025-12-08,1:50-2:20,32.074908,3
② 光伏用第 d 日 0:00 预报 + 负载用前一日剖面,2025-12-08,2:30-2:50,9.314478,2
② 光伏用第 d 日 0:00 预报 + 负载用前一日剖面,2025-12-08,3:30-4:00,67.054108,3
② 光伏用第 d 日 0:00 预报 + 负载用前一日剖面,2025-12-08,4:30-5:00,94.910992,3
② 光伏用第 d 日 0:00 预报 + 负载用前一日剖面,2025-12-08,5:40-6:10,221.532094,3
② 光伏用第 d 日 0:00 预报 + 负载用前一日剖面,2025-12-08,6:20-6:50,105.979633,3
② 光伏用第 d 日 0:00 预报 + 负载用前一日剖面,2025-12-08,7:00-7:30,353.969575,3
② 光伏用第 d 日 0:00 预报 + 负载用前一日剖面,2025-12-08,7:40-8:40,804.200844,6
② 光伏用第 d 日 0:00 预报 + 负载用前一日剖面,2025-12-08,9:00-9:30,19.006567,3
② 光伏用第 d 日 0:00 预报 + 负载用前一日剖面,2025-12-08,13:30-14:00,124.090958,3
② 光伏用第 d 日 0:00 预报 + 负载用前一日剖面,2025-12-08,15:50-16:00,17.423239,1
② 光伏用第 d 日 0:00 预报 + 负载用前一日剖面,2025-12-08,16:50-17:40,229.864681,5
② 光伏用第 d 日 0:00 预报 + 负载用前一日剖面,2025-12-08,18:50-19:00,2.740642,1
② 光伏用第 d 日 0:00 预报 + 负载用前一日剖面,2025-12-08,19:30-20:00,21.566817,3
② 光伏用第 d 日 0:00 预报 + 负载用前一日剖面,2025-12-08,20:30-20:50,30.414539,2
② 光伏用第 d 日 0:00 预报 + 负载用前一日剖面,2025-12-08,21:00-21:40,174.786022,4
② 光伏用第 d 日 0:00 预报 + 负载用前一日剖面,2025-12-08,22:10-22:20,9.754281,1
② 光伏用第 d 日 0:00 预报 + 负载用前一日剖面,2025-12-08,23:40-23:50,2.316656,1
② 光伏用第 d 日 0:00 预报 + 负载用前一日剖面,2025-12-09,0:10-1:10,147.476269,6
② 光伏用第 d 日 0:00 预报 + 负载用前一日剖面,2025-12-09,2:30-2:50,10.066672,2
② 光伏用第 d 日 0:00 预报 + 负载用前一日剖面,2025-12-09,3:00-3:40,49.010394,4
② 光伏用第 d 日 0:00 预报 + 负载用前一日剖面,2025-12-09,4:30-4:50,26.481211,2
② 光伏用第 d 日 0:00 预报 + 负载用前一日剖面,2025-12-09,5:50-6:40,205.513017,5
② 光伏用第 d 日 0:00 预报 + 负载用前一日剖面,2025-12-09,7:00-7:30,308.130542,3
② 光伏用第 d 日 0:00 预报 + 负载用前一日剖面,2025-12-09,7:40-8:50,1047.063233,7
② 光伏用第 d 日 0:00 预报 + 负载用前一日剖面,2025-12-09,9:00-9:20,251.747617,2
② 光伏用第 d 日 0:00 预报 + 负载用前一日剖面,2025-12-09,13:50-14:00,47.733389,1
② 光伏用第 d 日 0:00 预报 + 负载用前一日剖面,2025-12-09,14:40-15:00,134.249950,2
② 光伏用第 d 日 0:00 预报 + 负载用前一日剖面,2025-12-09,17:00-17:40,381.277294,4
② 光伏用第 d 日 0:00 预报 + 负载用前一日剖面,2025-12-09,18:10-19:00,147.081714,5
② 光伏用第 d 日 0:00 预报 + 负载用前一日剖面,2025-12-09,19:20-19:50,89.874767,3
② 光伏用第 d 日 0:00 预报 + 负载用前一日剖面,2025-12-09,20:10-20:40,34.859958,3
② 光伏用第 d 日 0:00 预报 + 负载用前一日剖面,2025-12-09,20:50-21:40,243.317658,5
② 光伏用第 d 日 0:00 预报 + 负载用前一日剖面,2025-12-09,22:30-22:50,53.918878,2
② 光伏用第 d 日 0:00 预报 + 负载用前一日剖面,2025-12-09,23:30-23:50,19.456528,2
② 光伏用第 d 日 0:00 预报 + 负载用前一日剖面,2025-12-10,0:20-0:40,16.983267,2
② 光伏用第 d 日 0:00 预报 + 负载用前一日剖面,2025-12-10,1:10-1:30,52.060011,2
② 光伏用第 d 日 0:00 预报 + 负载用前一日剖面,2025-12-10,1:50-2:20,51.062239,3
② 光伏用第 d 日 0:00 预报 + 负载用前一日剖面,2025-12-10,2:30-3:00,28.713425,3
② 光伏用第 d 日 0:00 预报 + 负载用前一日剖面,2025-12-10,3:10-3:30,8.315911,2
② 光伏用第 d 日 0:00 预报 + 负载用前一日剖面,2025-12-10,3:50-4:30,38.469739,4
② 光伏用第 d 日 0:00 预报 + 负载用前一日剖面,2025-12-10,4:40-5:00,42.036144,2
② 光伏用第 d 日 0:00 预报 + 负载用前一日剖面,2025-12-10,5:40-6:30,273.559192,5
② 光伏用第 d 日 0:00 预报 + 负载用前一日剖面,2025-12-10,7:00-12:00,4826.524717,30
② 光伏用第 d 日 0:00 预报 + 负载用前一日剖面,2025-12-10,12:20-13:00,172.520900,4
② 光伏用第 d 日 0:00 预报 + 负载用前一日剖面,2025-12-10,17:00-17:40,154.452333,4
② 光伏用第 d 日 0:00 预报 + 负载用前一日剖面,2025-12-10,19:00-19:20,31.652372,2
② 光伏用第 d 日 0:00 预报 + 负载用前一日剖面,2025-12-10,20:50-21:40,151.143614,5
② 光伏用第 d 日 0:00 预报 + 负载用前一日剖面,2025-12-10,22:00-23:30,162.053000,9
② 光伏用第 d 日 0:00 预报 + 负载用前一日剖面,2025-12-10,23:40-0:00+1,54.705267,2
② 光伏用第 d 日 0:00 预报 + 负载用前一日剖面,2025-12-11,0:00-0:20,65.159078,2
② 光伏用第 d 日 0:00 预报 + 负载用前一日剖面,2025-12-11,0:40-1:00,45.302194,2
② 光伏用第 d 日 0:00 预报 + 负载用前一日剖面,2025-12-11,1:30-2:00,73.033233,3
② 光伏用第 d 日 0:00 预报 + 负载用前一日剖面,2025-12-11,2:10-2:30,18.697406,2
② 光伏用第 d 日 0:00 预报 + 负载用前一日剖面,2025-12-11,2:50-3:00,24.394894,1
② 光伏用第 d 日 0:00 预报 + 负载用前一日剖面,2025-12-11,3:30-3:50,28.827422,2
② 光伏用第 d 日 0:00 预报 + 负载用前一日剖面,2025-12-11,5:40-6:10,227.807422,3
② 光伏用第 d 日 0:00 预报 + 负载用前一日剖面,2025-12-11,7:00-7:30,299.693192,3
② 光伏用第 d 日 0:00 预报 + 负载用前一日剖面,2025-12-11,7:40-8:50,967.494967,7
② 光伏用第 d 日 0:00 预报 + 负载用前一日剖面,2025-12-11,9:00-9:50,370.926225,5
② 光伏用第 d 日 0:00 预报 + 负载用前一日剖面,2025-12-11,10:00-10:40,261.074650,4
② 光伏用第 d 日 0:00 预报 + 负载用前一日剖面,2025-12-11,15:50-16:00,29.944989,1
② 光伏用第 d 日 0:00 预报 + 负载用前一日剖面,2025-12-11,17:00-17:40,370.715128,4
② 光伏用第 d 日 0:00 预报 + 负载用前一日剖面,2025-12-11,18:00-18:50,53.649850,5
② 光伏用第 d 日 0:00 预报 + 负载用前一日剖面,2025-12-11,19:10-19:30,57.247456,2
② 光伏用第 d 日 0:00 预报 + 负载用前一日剖面,2025-12-11,20:00-20:20,63.636511,2
② 光伏用第 d 日 0:00 预报 + 负载用前一日剖面,2025-12-11,20:30-21:40,218.653889,7
② 光伏用第 d 日 0:00 预报 + 负载用前一日剖面,2025-12-11,22:10-22:30,26.087283,2
② 光伏用第 d 日 0:00 预报 + 负载用前一日剖面,2025-12-11,22:50-23:00,13.011508,1
② 光伏用第 d 日 0:00 预报 + 负载用前一日剖面,2025-12-11,23:30-23:40,6.342258,1
② 光伏用第 d 日 0:00 预报 + 负载用前一日剖面,2025-12-13,0:00-1:00,230.823167,6
② 光伏用第 d 日 0:00 预报 + 负载用前一日剖面,2025-12-13,1:10-2:00,19.715322,5
② 光伏用第 d 日 0:00 预报 + 负载用前一日剖面,2025-12-13,2:10-2:30,2.990217,2
② 光伏用第 d 日 0:00 预报 + 负载用前一日剖面,2025-12-13,2:40-3:00,24.909600,2
② 光伏用第 d 日 0:00 预报 + 负载用前一日剖面,2025-12-13,3:50-4:00,6.794725,1
② 光伏用第 d 日 0:00 预报 + 负载用前一日剖面,2025-12-13,5:40-6:20,134.717306,4
② 光伏用第 d 日 0:00 预报 + 负载用前一日剖面,2025-12-13,6:50-7:50,647.448875,6
② 光伏用第 d 日 0:00 预报 + 负载用前一日剖面,2025-12-13,8:00-9:20,548.230906,8
② 光伏用第 d 日 0:00 预报 + 负载用前一日剖面,2025-12-13,10:00-10:30,160.984442,3
② 光伏用第 d 日 0:00 预报 + 负载用前一日剖面,2025-12-13,11:00-11:20,55.058211,2
② 光伏用第 d 日 0:00 预报 + 负载用前一日剖面,2025-12-13,11:30-11:50,8.586694,2
② 光伏用第 d 日 0:00 预报 + 负载用前一日剖面,2025-12-13,12:50-13:00,46.512667,1
② 光伏用第 d 日 0:00 预报 + 负载用前一日剖面,2025-12-13,13:30-14:00,175.389825,3
② 光伏用第 d 日 0:00 预报 + 负载用前一日剖面,2025-12-13,14:10-15:00,170.285300,5
② 光伏用第 d 日 0:00 预报 + 负载用前一日剖面,2025-12-13,15:50-16:00,1.161167,1
② 光伏用第 d 日 0:00 预报 + 负载用前一日剖面,2025-12-13,17:10-17:20,3.786025,1
② 光伏用第 d 日 0:00 预报 + 负载用前一日剖面,2025-12-13,18:00-18:20,74.568739,2
② 光伏用第 d 日 0:00 预报 + 负载用前一日剖面,2025-12-13,19:10-19:30,30.171361,2
② 光伏用第 d 日 0:00 预报 + 负载用前一日剖面,2025-12-13,19:50-20:20,18.979300,3
② 光伏用第 d 日 0:00 预报 + 负载用前一日剖面,2025-12-13,20:50-21:50,136.301278,6
② 光伏用第 d 日 0:00 预报 + 负载用前一日剖面,2025-12-13,22:50-23:00,7.368069,1
② 光伏用第 d 日 0:00 预报 + 负载用前一日剖面,2025-12-13,23:20-0:00+1,279.205517,4
② 光伏用第 d 日 0:00 预报 + 负载用前一日剖面,2025-12-14,0:00-0:00+1,49338.352650,144
② 光伏用第 d 日 0:00 预报 + 负载用前一日剖面,2025-12-15,0:20-1:30,140.657256,7
② 光伏用第 d 日 0:00 预报 + 负载用前一日剖面,2025-12-15,1:40-2:10,87.192989,3
② 光伏用第 d 日 0:00 预报 + 负载用前一日剖面,2025-12-15,2:30-2:50,20.569811,2
② 光伏用第 d 日 0:00 预报 + 负载用前一日剖面,2025-12-15,3:00-3:10,3.163483,1
② 光伏用第 d 日 0:00 预报 + 负载用前一日剖面,2025-12-15,3:20-4:00,110.925500,4
② 光伏用第 d 日 0:00 预报 + 负载用前一日剖面,2025-12-15,4:40-4:50,3.167764,1
② 光伏用第 d 日 0:00 预报 + 负载用前一日剖面,2025-12-15,5:40-6:40,254.838750,6
② 光伏用第 d 日 0:00 预报 + 负载用前一日剖面,2025-12-15,7:00-13:00,6118.032317,36
② 光伏用第 d 日 0:00 预报 + 负载用前一日剖面,2025-12-15,13:30-14:00,68.620033,3
② 光伏用第 d 日 0:00 预报 + 负载用前一日剖面,2025-12-15,14:40-15:00,79.795078,2
② 光伏用第 d 日 0:00 预报 + 负载用前一日剖面,2025-12-15,17:00-17:40,315.085650,4
② 光伏用第 d 日 0:00 预报 + 负载用前一日剖面,2025-12-15,18:10-18:20,12.718353,1
② 光伏用第 d 日 0:00 预报 + 负载用前一日剖面,2025-12-15,18:40-19:00,68.455706,2
② 光伏用第 d 日 0:00 预报 + 负载用前一日剖面,2025-12-15,20:20-20:40,21.550344,2
② 光伏用第 d 日 0:00 预报 + 负载用前一日剖面,2025-12-15,21:00-21:10,0.266397,1
② 光伏用第 d 日 0:00 预报 + 负载用前一日剖面,2025-12-15,21:20-21:40,53.797128,2
② 光伏用第 d 日 0:00 预报 + 负载用前一日剖面,2025-12-15,22:20-23:00,69.559467,4
② 光伏用第 d 日 0:00 预报 + 负载用前一日剖面,2025-12-15,23:20-23:40,27.339839,2
② 光伏用第 d 日 0:00 预报 + 负载用前一日剖面,2025-12-16,0:20-0:40,32.237994,2
② 光伏用第 d 日 0:00 预报 + 负载用前一日剖面,2025-12-16,1:20-1:40,14.281533,2
② 光伏用第 d 日 0:00 预报 + 负载用前一日剖面,2025-12-16,1:50-2:10,16.323206,2
② 光伏用第 d 日 0:00 预报 + 负载用前一日剖面,2025-12-16,2:50-3:00,0.842881,1
② 光伏用第 d 日 0:00 预报 + 负载用前一日剖面,2025-12-16,3:10-3:30,13.177378,2
② 光伏用第 d 日 0:00 预报 + 负载用前一日剖面,2025-12-16,4:00-4:50,143.782803,5
② 光伏用第 d 日 0:00 预报 + 负载用前一日剖面,2025-12-16,5:40-6:30,255.604714,5
② 光伏用第 d 日 0:00 预报 + 负载用前一日剖面,2025-12-16,7:00-7:30,277.627017,3
② 光伏用第 d 日 0:00 预报 + 负载用前一日剖面,2025-12-16,7:40-8:50,945.849061,7
② 光伏用第 d 日 0:00 预报 + 负载用前一日剖面,2025-12-16,9:00-10:20,833.323667,8
② 光伏用第 d 日 0:00 预报 + 负载用前一日剖面,2025-12-16,10:30-12:00,692.622692,9
② 光伏用第 d 日 0:00 预报 + 负载用前一日剖面,2025-12-16,12:20-13:00,69.069644,4
② 光伏用第 d 日 0:00 预报 + 负载用前一日剖面,2025-12-16,17:00-17:40,339.282033,4
② 光伏用第 d 日 0:00 预报 + 负载用前一日剖面,2025-12-16,18:00-19:40,135.647583,10
② 光伏用第 d 日 0:00 预报 + 负载用前一日剖面,2025-12-16,20:10-20:20,7.486528,1
② 光伏用第 d 日 0:00 预报 + 负载用前一日剖面,2025-12-16,20:40-21:50,285.798353,7
② 光伏用第 d 日 0:00 预报 + 负载用前一日剖面,2025-12-16,22:00-22:20,13.906494,2
② 光伏用第 d 日 0:00 预报 + 负载用前一日剖面,2025-12-16,22:40-22:50,0.941689,1
② 光伏用第 d 日 0:00 预报 + 负载用前一日剖面,2025-12-16,23:00-23:20,30.812772,2
② 光伏用第 d 日 0:00 预报 + 负载用前一日剖面,2025-12-16,23:30-0:00+1,46.114692,3
② 光伏用第 d 日 0:00 预报 + 负载用前一日剖面,2025-12-17,0:00-0:10,0.681525,1
② 光伏用第 d 日 0:00 预报 + 负载用前一日剖面,2025-12-17,0:30-0:40,1.634908,1
② 光伏用第 d 日 0:00 预报 + 负载用前一日剖面,2025-12-17,1:00-2:10,104.377406,7
② 光伏用第 d 日 0:00 预报 + 负载用前一日剖面,2025-12-17,2:50-3:10,4.249586,2
② 光伏用第 d 日 0:00 预报 + 负载用前一日剖面,2025-12-17,3:40-4:00,45.833244,2
② 光伏用第 d 日 0:00 预报 + 负载用前一日剖面,2025-12-17,5:10-5:20,9.030175,1
② 光伏用第 d 日 0:00 预报 + 负载用前一日剖面,2025-12-17,5:40-6:10,272.198733,3
② 光伏用第 d 日 0:00 预报 + 负载用前一日剖面,2025-12-17,6:30-7:30,413.494575,6
② 光伏用第 d 日 0:00 预报 + 负载用前一日剖面,2025-12-17,7:40-8:40,728.420461,6
② 光伏用第 d 日 0:00 预报 + 负载用前一日剖面,2025-12-17,9:00-9:30,344.550300,3
② 光伏用第 d 日 0:00 预报 + 负载用前一日剖面,2025-12-17,12:50-13:00,19.637442,1
② 光伏用第 d 日 0:00 预报 + 负载用前一日剖面,2025-12-17,13:50-14:00,13.530308,1
② 光伏用第 d 日 0:00 预报 + 负载用前一日剖面,2025-12-17,14:50-15:00,10.955781,1
② 光伏用第 d 日 0:00 预报 + 负载用前一日剖面,2025-12-17,15:50-16:00,25.986158,1
② 光伏用第 d 日 0:00 预报 + 负载用前一日剖面,2025-12-17,16:40-17:10,47.307344,3
② 光伏用第 d 日 0:00 预报 + 负载用前一日剖面,2025-12-17,17:20-17:40,111.049878,2
② 光伏用第 d 日 0:00 预报 + 负载用前一日剖面,2025-12-17,18:10-18:30,36.499906,2
② 光伏用第 d 日 0:00 预报 + 负载用前一日剖面,2025-12-17,20:20-20:50,55.023225,3
② 光伏用第 d 日 0:00 预报 + 负载用前一日剖面,2025-12-17,21:00-21:40,208.586394,4
② 光伏用第 d 日 0:00 预报 + 负载用前一日剖面,2025-12-17,22:10-22:40,20.506925,3
② 光伏用第 d 日 0:00 预报 + 负载用前一日剖面,2025-12-17,23:30-23:50,29.730811,2
② 光伏用第 d 日 0:00 预报 + 负载用前一日剖面,2025-12-18,0:20-1:00,67.929000,4
② 光伏用第 d 日 0:00 预报 + 负载用前一日剖面,2025-12-18,1:30-2:10,150.798575,4
② 光伏用第 d 日 0:00 预报 + 负载用前一日剖面,2025-12-18,2:40-3:20,111.861850,4
② 光伏用第 d 日 0:00 预报 + 负载用前一日剖面,2025-12-18,3:40-4:00,43.962783,2
② 光伏用第 d 日 0:00 预报 + 负载用前一日剖面,2025-12-18,4:10-4:40,78.083517,3
② 光伏用第 d 日 0:00 预报 + 负载用前一日剖面,2025-12-18,5:40-6:00,152.451822,2
② 光伏用第 d 日 0:00 预报 + 负载用前一日剖面,2025-12-18,7:00-8:50,1487.313019,11
② 光伏用第 d 日 0:00 预报 + 负载用前一日剖面,2025-12-18,9:00-9:40,320.205483,4
② 光伏用第 d 日 0:00 预报 + 负载用前一日剖面,2025-12-18,9:50-11:50,1320.168583,12
② 光伏用第 d 日 0:00 预报 + 负载用前一日剖面,2025-12-18,12:40-13:00,60.166633,2
② 光伏用第 d 日 0:00 预报 + 负载用前一日剖面,2025-12-18,13:40-14:00,57.797533,2
② 光伏用第 d 日 0:00 预报 + 负载用前一日剖面,2025-12-18,14:50-15:00,55.778178,1
② 光伏用第 d 日 0:00 预报 + 负载用前一日剖面,2025-12-18,16:50-17:40,377.925058,5
② 光伏用第 d 日 0:00 预报 + 负载用前一日剖面,2025-12-18,18:10-18:20,14.544658,1
② 光伏用第 d 日 0:00 预报 + 负载用前一日剖面,2025-12-18,19:10-20:00,94.663044,5
② 光伏用第 d 日 0:00 预报 + 负载用前一日剖面,2025-12-18,20:30-21:40,150.046278,7
② 光伏用第 d 日 0:00 预报 + 负载用前一日剖面,2025-12-18,22:00-22:20,58.025022,2
② 光伏用第 d 日 0:00 预报 + 负载用前一日剖面,2025-12-18,22:40-23:00,58.572906,2
② 光伏用第 d 日 0:00 预报 + 负载用前一日剖面,2025-12-20,0:00-0:20,15.163661,2
② 光伏用第 d 日 0:00 预报 + 负载用前一日剖面,2025-12-20,0:30-1:00,51.087050,3
② 光伏用第 d 日 0:00 预报 + 负载用前一日剖面,2025-12-20,1:20-2:20,146.952856,6
② 光伏用第 d 日 0:00 预报 + 负载用前一日剖面,2025-12-20,3:50-5:40,162.473097,11
② 光伏用第 d 日 0:00 预报 + 负载用前一日剖面,2025-12-20,6:30-7:50,577.210078,8
② 光伏用第 d 日 0:00 预报 + 负载用前一日剖面,2025-12-20,8:00-9:50,1357.243619,11
② 光伏用第 d 日 0:00 预报 + 负载用前一日剖面,2025-12-20,10:00-12:00,772.608467,12
② 光伏用第 d 日 0:00 预报 + 负载用前一日剖面,2025-12-20,12:40-13:00,25.879122,2
② 光伏用第 d 日 0:00 预报 + 负载用前一日剖面,2025-12-20,17:10-17:30,25.249506,2
② 光伏用第 d 日 0:00 预报 + 负载用前一日剖面,2025-12-20,18:20-18:40,24.662428,2
② 光伏用第 d 日 0:00 预报 + 负载用前一日剖面,2025-12-20,19:00-19:20,22.193967,2
② 光伏用第 d 日 0:00 预报 + 负载用前一日剖面,2025-12-20,21:00-21:50,87.960317,5
② 光伏用第 d 日 0:00 预报 + 负载用前一日剖面,2025-12-20,22:00-22:10,4.040381,1
② 光伏用第 d 日 0:00 预报 + 负载用前一日剖面,2025-12-20,22:30-23:00,79.432975,3
② 光伏用第 d 日 0:00 预报 + 负载用前一日剖面,2025-12-20,23:40-0:00+1,157.605250,2
② 光伏用第 d 日 0:00 预报 + 负载用前一日剖面,2025-12-21,0:00-0:00+1,45830.829250,144
② 光伏用第 d 日 0:00 预报 + 负载用前一日剖面,2025-12-22,0:00-0:20,97.178939,2
② 光伏用第 d 日 0:00 预报 + 负载用前一日剖面,2025-12-22,0:30-2:00,312.277200,9
② 光伏用第 d 日 0:00 预报 + 负载用前一日剖面,2025-12-22,2:10-2:50,96.086617,4
② 光伏用第 d 日 0:00 预报 + 负载用前一日剖面,2025-12-22,3:20-3:30,14.848325,1
② 光伏用第 d 日 0:00 预报 + 负载用前一日剖面,2025-12-22,4:30-5:00,47.928517,3
② 光伏用第 d 日 0:00 预报 + 负载用前一日剖面,2025-12-22,5:50-6:10,177.560767,2
② 光伏用第 d 日 0:00 预报 + 负载用前一日剖面,2025-12-22,7:00-8:50,1377.699472,11
② 光伏用第 d 日 0:00 预报 + 负载用前一日剖面,2025-12-22,9:00-9:50,368.472189,5
② 光伏用第 d 日 0:00 预报 + 负载用前一日剖面,2025-12-22,10:00-13:00,1651.856733,18
② 光伏用第 d 日 0:00 预报 + 负载用前一日剖面,2025-12-22,13:50-14:00,10.339422,1
② 光伏用第 d 日 0:00 预报 + 负载用前一日剖面,2025-12-22,14:50-15:00,22.072078,1
② 光伏用第 d 日 0:00 预报 + 负载用前一日剖面,2025-12-22,17:00-17:40,338.265633,4
② 光伏用第 d 日 0:00 预报 + 负载用前一日剖面,2025-12-22,18:10-18:20,0.830194,1
② 光伏用第 d 日 0:00 预报 + 负载用前一日剖面,2025-12-22,19:30-21:40,431.052036,13
② 光伏用第 d 日 0:00 预报 + 负载用前一日剖面,2025-12-22,22:40-23:00,17.349833,2
② 光伏用第 d 日 0:00 预报 + 负载用前一日剖面,2025-12-22,23:30-0:00+1,60.827108,3
② 光伏用第 d 日 0:00 预报 + 负载用前一日剖面,2025-12-23,2:00-2:10,1.943967,1
② 光伏用第 d 日 0:00 预报 + 负载用前一日剖面,2025-12-23,2:40-3:00,4.983050,2
② 光伏用第 d 日 0:00 预报 + 负载用前一日剖面,2025-12-23,3:10-3:30,18.699467,2
② 光伏用第 d 日 0:00 预报 + 负载用前一日剖面,2025-12-23,4:20-5:00,150.272439,4
② 光伏用第 d 日 0:00 预报 + 负载用前一日剖面,2025-12-23,5:50-6:30,189.622925,4
② 光伏用第 d 日 0:00 预报 + 负载用前一日剖面,2025-12-23,7:00-7:30,265.702750,3
② 光伏用第 d 日 0:00 预报 + 负载用前一日剖面,2025-12-23,7:40-8:40,650.113611,6
② 光伏用第 d 日 0:00 预报 + 负载用前一日剖面,2025-12-23,9:00-9:20,207.255983,2
② 光伏用第 d 日 0:00 预报 + 负载用前一日剖面,2025-12-23,10:00-10:10,37.205500,1
② 光伏用第 d 日 0:00 预报 + 负载用前一日剖面,2025-12-23,11:00-11:10,16.469494,1
② 光伏用第 d 日 0:00 预报 + 负载用前一日剖面,2025-12-23,12:00-13:00,293.238333,6
② 光伏用第 d 日 0:00 预报 + 负载用前一日剖面,2025-12-23,13:40-14:00,83.254978,2
② 光伏用第 d 日 0:00 预报 + 负载用前一日剖面,2025-12-23,16:50-17:40,306.733622,5
② 光伏用第 d 日 0:00 预报 + 负载用前一日剖面,2025-12-23,18:10-18:40,47.086400,3
② 光伏用第 d 日 0:00 预报 + 负载用前一日剖面,2025-12-23,19:30-19:40,24.442825,1
② 光伏用第 d 日 0:00 预报 + 负载用前一日剖面,2025-12-23,20:10-20:20,8.518875,1
② 光伏用第 d 日 0:00 预报 + 负载用前一日剖面,2025-12-23,21:00-21:50,113.642047,5
② 光伏用第 d 日 0:00 预报 + 负载用前一日剖面,2025-12-23,22:10-23:00,119.897542,5
② 光伏用第 d 日 0:00 预报 + 负载用前一日剖面,2025-12-23,23:20-0:00+1,41.816228,4
② 光伏用第 d 日 0:00 预报 + 负载用前一日剖面,2025-12-24,0:00-0:30,115.242250,3
② 光伏用第 d 日 0:00 预报 + 负载用前一日剖面,2025-12-24,0:50-1:00,19.750717,1
② 光伏用第 d 日 0:00 预报 + 负载用前一日剖面,2025-12-24,1:50-2:00,8.302867,1
② 光伏用第 d 日 0:00 预报 + 负载用前一日剖面,2025-12-24,2:30-3:00,8.171892,3
② 光伏用第 d 日 0:00 预报 + 负载用前一日剖面,2025-12-24,3:50-4:30,73.405539,4
② 光伏用第 d 日 0:00 预报 + 负载用前一日剖面,2025-12-24,5:20-5:30,19.901022,1
② 光伏用第 d 日 0:00 预报 + 负载用前一日剖面,2025-12-24,5:40-6:10,220.724564,3
② 光伏用第 d 日 0:00 预报 + 负载用前一日剖面,2025-12-24,6:30-8:40,1428.694625,13
② 光伏用第 d 日 0:00 预报 + 负载用前一日剖面,2025-12-24,9:00-9:50,300.727319,5
② 光伏用第 d 日 0:00 预报 + 负载用前一日剖面,2025-12-24,10:00-12:00,916.956167,12
② 光伏用第 d 日 0:00 预报 + 负载用前一日剖面,2025-12-24,12:50-13:00,65.011033,1
② 光伏用第 d 日 0:00 预报 + 负载用前一日剖面,2025-12-24,14:50-15:00,63.873756,1
② 光伏用第 d 日 0:00 预报 + 负载用前一日剖面,2025-12-24,16:50-17:40,215.993603,5
② 光伏用第 d 日 0:00 预报 + 负载用前一日剖面,2025-12-24,18:10-18:20,1.714461,1
② 光伏用第 d 日 0:00 预报 + 负载用前一日剖面,2025-12-24,18:30-19:10,56.126947,4
② 光伏用第 d 日 0:00 预报 + 负载用前一日剖面,2025-12-24,19:30-19:50,10.183428,2
② 光伏用第 d 日 0:00 预报 + 负载用前一日剖面,2025-12-24,20:10-20:30,40.130428,2
② 光伏用第 d 日 0:00 预报 + 负载用前一日剖面,2025-12-24,21:00-21:40,151.730450,4
② 光伏用第 d 日 0:00 预报 + 负载用前一日剖面,2025-12-24,22:20-23:00,90.728561,4
② 光伏用第 d 日 0:00 预报 + 负载用前一日剖面,2025-12-24,23:30-0:00+1,33.579408,3
② 光伏用第 d 日 0:00 预报 + 负载用前一日剖面,2025-12-25,1:00-1:30,132.936983,3
② 光伏用第 d 日 0:00 预报 + 负载用前一日剖面,2025-12-25,1:50-2:20,59.835800,3
② 光伏用第 d 日 0:00 预报 + 负载用前一日剖面,2025-12-25,2:30-2:50,43.031006,2
② 光伏用第 d 日 0:00 预报 + 负载用前一日剖面,2025-12-25,3:50-4:10,79.991764,2
② 光伏用第 d 日 0:00 预报 + 负载用前一日剖面,2025-12-25,4:40-5:00,75.912172,2
② 光伏用第 d 日 0:00 预报 + 负载用前一日剖面,2025-12-25,5:40-6:20,256.266572,4
② 光伏用第 d 日 0:00 预报 + 负载用前一日剖面,2025-12-25,6:50-7:30,382.679572,4
② 光伏用第 d 日 0:00 预报 + 负载用前一日剖面,2025-12-25,7:40-13:00,4383.307472,32
② 光伏用第 d 日 0:00 预报 + 负载用前一日剖面,2025-12-25,13:40-14:00,59.159039,2
② 光伏用第 d 日 0:00 预报 + 负载用前一日剖面,2025-12-25,14:50-15:00,63.025375,1
② 光伏用第 d 日 0:00 预报 + 负载用前一日剖面,2025-12-25,15:50-16:00,41.801936,1
② 光伏用第 d 日 0:00 预报 + 负载用前一日剖面,2025-12-25,17:00-17:40,323.098328,4
② 光伏用第 d 日 0:00 预报 + 负载用前一日剖面,2025-12-25,18:30-18:50,7.200578,2
② 光伏用第 d 日 0:00 预报 + 负载用前一日剖面,2025-12-25,19:10-20:00,109.314403,5
② 光伏用第 d 日 0:00 预报 + 负载用前一日剖面,2025-12-25,20:30-21:40,232.197886,7
② 光伏用第 d 日 0:00 预报 + 负载用前一日剖面,2025-12-25,23:20-23:40,92.867917,2
② 光伏用第 d 日 0:00 预报 + 负载用前一日剖面,2025-12-27,0:30-0:40,20.737536,1
② 光伏用第 d 日 0:00 预报 + 负载用前一日剖面,2025-12-27,1:00-1:20,25.757806,2
② 光伏用第 d 日 0:00 预报 + 负载用前一日剖面,2025-12-27,3:20-4:00,117.075111,4
② 光伏用第 d 日 0:00 预报 + 负载用前一日剖面,2025-12-27,4:20-4:40,21.822428,2
② 光伏用第 d 日 0:00 预报 + 负载用前一日剖面,2025-12-27,4:50-5:20,47.707258,3
② 光伏用第 d 日 0:00 预报 + 负载用前一日剖面,2025-12-27,6:50-12:00,3852.283500,31
② 光伏用第 d 日 0:00 预报 + 负载用前一日剖面,2025-12-27,14:50-15:00,3.607828,1
② 光伏用第 d 日 0:00 预报 + 负载用前一日剖面,2025-12-27,17:00-17:30,94.834492,3
② 光伏用第 d 日 0:00 预报 + 负载用前一日剖面,2025-12-27,17:40-18:10,57.066919,3
② 光伏用第 d 日 0:00 预报 + 负载用前一日剖面,2025-12-27,18:30-18:50,71.129683,2
② 光伏用第 d 日 0:00 预报 + 负载用前一日剖面,2025-12-27,19:20-19:30,1.064461,1
② 光伏用第 d 日 0:00 预报 + 负载用前一日剖面,2025-12-27,19:50-20:50,169.304808,6
② 光伏用第 d 日 0:00 预报 + 负载用前一日剖面,2025-12-27,21:10-21:40,44.833625,3
② 光伏用第 d 日 0:00 预报 + 负载用前一日剖面,2025-12-27,22:20-22:50,74.943542,3
② 光伏用第 d 日 0:00 预报 + 负载用前一日剖面,2025-12-27,23:20-23:30,11.051892,1
② 光伏用第 d 日 0:00 预报 + 负载用前一日剖面,2025-12-27,23:40-0:00+1,186.770817,2
② 光伏用第 d 日 0:00 预报 + 负载用前一日剖面,2025-12-28,0:00-0:00+1,45266.689617,144
② 光伏用第 d 日 0:00 预报 + 负载用前一日剖面,2025-12-29,0:50-1:10,35.282203,2
② 光伏用第 d 日 0:00 预报 + 负载用前一日剖面,2025-12-29,1:30-2:00,136.349625,3
② 光伏用第 d 日 0:00 预报 + 负载用前一日剖面,2025-12-29,2:20-2:30,13.617400,1
② 光伏用第 d 日 0:00 预报 + 负载用前一日剖面,2025-12-29,2:40-3:00,34.196400,2
② 光伏用第 d 日 0:00 预报 + 负载用前一日剖面,2025-12-29,3:20-3:30,12.711794,1
② 光伏用第 d 日 0:00 预报 + 负载用前一日剖面,2025-12-29,3:50-4:10,18.167903,2
② 光伏用第 d 日 0:00 预报 + 负载用前一日剖面,2025-12-29,4:50-5:10,24.931489,2
② 光伏用第 d 日 0:00 预报 + 负载用前一日剖面,2025-12-29,5:40-6:00,143.977011,2
② 光伏用第 d 日 0:00 预报 + 负载用前一日剖面,2025-12-29,6:20-8:50,1725.650981,15
② 光伏用第 d 日 0:00 预报 + 负载用前一日剖面,2025-12-29,9:00-9:50,676.703111,5
② 光伏用第 d 日 0:00 预报 + 负载用前一日剖面,2025-12-29,10:00-11:00,979.453967,6
② 光伏用第 d 日 0:00 预报 + 负载用前一日剖面,2025-12-29,11:20-11:40,50.538117,2
② 光伏用第 d 日 0:00 预报 + 负载用前一日剖面,2025-12-29,12:10-13:00,187.557772,5
② 光伏用第 d 日 0:00 预报 + 负载用前一日剖面,2025-12-29,13:10-14:00,137.856072,5
② 光伏用第 d 日 0:00 预报 + 负载用前一日剖面,2025-12-29,14:50-15:00,40.956658,1
② 光伏用第 d 日 0:00 预报 + 负载用前一日剖面,2025-12-29,16:50-17:40,191.182717,5
② 光伏用第 d 日 0:00 预报 + 负载用前一日剖面,2025-12-29,18:10-18:20,0.472831,1
② 光伏用第 d 日 0:00 预报 + 负载用前一日剖面,2025-12-29,19:10-20:30,193.718400,8
② 光伏用第 d 日 0:00 预报 + 负载用前一日剖面,2025-12-29,20:50-21:40,200.006303,5
② 光伏用第 d 日 0:00 预报 + 负载用前一日剖面,2025-12-29,22:10-23:00,149.282808,5
② 光伏用第 d 日 0:00 预报 + 负载用前一日剖面,2025-12-29,23:20-0:00+1,93.963361,4
② 光伏用第 d 日 0:00 预报 + 负载用前一日剖面,2025-12-30,0:00-0:10,1.052222,1
② 光伏用第 d 日 0:00 预报 + 负载用前一日剖面,2025-12-30,0:20-0:40,49.225394,2
② 光伏用第 d 日 0:00 预报 + 负载用前一日剖面,2025-12-30,1:10-1:20,4.305997,1
② 光伏用第 d 日 0:00 预报 + 负载用前一日剖面,2025-12-30,1:30-2:00,17.078742,3
② 光伏用第 d 日 0:00 预报 + 负载用前一日剖面,2025-12-30,3:50-4:10,29.274508,2
② 光伏用第 d 日 0:00 预报 + 负载用前一日剖面,2025-12-30,4:30-4:40,0.745408,1
② 光伏用第 d 日 0:00 预报 + 负载用前一日剖面,2025-12-30,5:40-6:10,179.754508,3
② 光伏用第 d 日 0:00 预报 + 负载用前一日剖面,2025-12-30,7:00-11:50,3891.060892,29
② 光伏用第 d 日 0:00 预报 + 负载用前一日剖面,2025-12-30,17:00-17:40,281.343528,4
② 光伏用第 d 日 0:00 预报 + 负载用前一日剖面,2025-12-30,18:00-19:00,136.970933,6
② 光伏用第 d 日 0:00 预报 + 负载用前一日剖面,2025-12-30,21:00-21:40,196.776067,4
② 光伏用第 d 日 0:00 预报 + 负载用前一日剖面,2025-12-30,22:10-22:20,13.084781,1
② 光伏用第 d 日 0:00 预报 + 负载用前一日剖面,2025-12-30,22:30-22:50,27.279228,2
② 光伏用第 d 日 0:00 预报 + 负载用前一日剖面,2025-12-30,23:30-23:50,16.011861,2
② 光伏用第 d 日 0:00 预报 + 负载用前一日剖面,2025-12-31,0:00-0:20,35.023500,2
② 光伏用第 d 日 0:00 预报 + 负载用前一日剖面,2025-12-31,0:30-0:50,4.760450,2
② 光伏用第 d 日 0:00 预报 + 负载用前一日剖面,2025-12-31,1:30-2:20,104.655500,5
② 光伏用第 d 日 0:00 预报 + 负载用前一日剖面,2025-12-31,2:40-3:10,65.711050,3
② 光伏用第 d 日 0:00 预报 + 负载用前一日剖面,2025-12-31,3:30-3:50,14.129450,2
② 光伏用第 d 日 0:00 预报 + 负载用前一日剖面,2025-12-31,4:40-5:10,46.813311,3
② 光伏用第 d 日 0:00 预报 + 负载用前一日剖面,2025-12-31,5:40-6:10,163.367936,3
② 光伏用第 d 日 0:00 预报 + 负载用前一日剖面,2025-12-31,6:30-9:20,1685.154464,17
② 光伏用第 d 日 0:00 预报 + 负载用前一日剖面,2025-12-31,9:30-9:50,24.868906,2
② 光伏用第 d 日 0:00 预报 + 负载用前一日剖面,2025-12-31,10:00-10:30,181.217083,3
② 光伏用第 d 日 0:00 预报 + 负载用前一日剖面,2025-12-31,12:30-13:00,119.409017,3
② 光伏用第 d 日 0:00 预报 + 负载用前一日剖面,2025-12-31,13:20-14:00,218.317222,4
② 光伏用第 d 日 0:00 预报 + 负载用前一日剖面,2025-12-31,14:40-15:00,27.949322,2
② 光伏用第 d 日 0:00 预报 + 负载用前一日剖面,2025-12-31,15:50-16:00,35.618892,1
② 光伏用第 d 日 0:00 预报 + 负载用前一日剖面,2025-12-31,17:00-17:40,287.115694,4
② 光伏用第 d 日 0:00 预报 + 负载用前一日剖面,2025-12-31,18:10-18:30,26.035772,2
② 光伏用第 d 日 0:00 预报 + 负载用前一日剖面,2025-12-31,19:10-20:20,112.702100,7
② 光伏用第 d 日 0:00 预报 + 负载用前一日剖面,2025-12-31,20:30-21:40,274.083867,7
② 光伏用第 d 日 0:00 预报 + 负载用前一日剖面,2025-12-31,22:00-22:10,4.440089,1
② 光伏用第 d 日 0:00 预报 + 负载用前一日剖面,2025-12-31,23:30-0:00+1,172.257925,3
③ 仅光伏不可知（负载已知）,2025-02-01,6:00-11:30,4136.377883,33
③ 仅光伏不可知（负载已知）,2025-02-01,11:50-12:00,20.990333,1
③ 仅光伏不可知（负载已知）,2025-02-02,6:00-6:50,292.980417,5
③ 仅光伏不可知（负载已知）,2025-02-02,7:00-9:30,2093.454867,15
③ 仅光伏不可知（负载已知）,2025-02-02,10:00-10:40,138.446050,4
③ 仅光伏不可知（负载已知）,2025-02-02,11:00-11:10,1.961433,1
③ 仅光伏不可知（负载已知）,2025-02-02,14:50-15:00,30.820717,1
③ 仅光伏不可知（负载已知）,2025-02-02,15:50-16:00,13.616467,1
③ 仅光伏不可知（负载已知）,2025-02-02,16:50-17:00,5.088717,1
③ 仅光伏不可知（负载已知）,2025-02-03,6:00-6:50,316.159450,5
③ 仅光伏不可知（负载已知）,2025-02-03,7:00-7:50,678.080533,5
③ 仅光伏不可知（负载已知）,2025-02-03,8:00-8:50,547.426533,5
③ 仅光伏不可知（负载已知）,2025-02-03,9:00-9:40,465.597633,4
③ 仅光伏不可知（负载已知）,2025-02-04,6:00-6:50,260.209333,5
③ 仅光伏不可知（负载已知）,2025-02-04,7:00-7:50,809.689567,5
③ 仅光伏不可知（负载已知）,2025-02-04,8:00-8:40,323.131800,4
③ 仅光伏不可知（负载已知）,2025-02-04,9:00-10:50,1105.287850,11
③ 仅光伏不可知（负载已知）,2025-02-04,11:00-11:10,12.513633,1
③ 仅光伏不可知（负载已知）,2025-02-05,6:00-12:20,4121.682700,38
③ 仅光伏不可知（负载已知）,2025-02-05,13:50-14:00,12.748017,1
③ 仅光伏不可知（负载已知）,2025-02-06,6:00-6:50,306.653683,5
③ 仅光伏不可知（负载已知）,2025-02-06,7:00-7:50,567.088850,5
③ 仅光伏不可知（负载已知）,2025-02-06,8:00-8:50,820.938033,5
③ 仅光伏不可知（负载已知）,2025-02-06,9:00-9:40,264.833167,4
③ 仅光伏不可知（负载已知）,2025-02-06,10:00-10:40,319.459650,4
③ 仅光伏不可知（负载已知）,2025-02-07,6:00-6:50,311.542333,5
③ 仅光伏不可知（负载已知）,2025-02-07,7:00-7:50,620.487350,5
③ 仅光伏不可知（负载已知）,2025-02-07,8:00-8:50,475.210950,5
③ 仅光伏不可知（负载已知）,2025-02-07,9:00-10:50,1192.490100,11
③ 仅光伏不可知（负载已知）,2025-02-07,11:00-11:10,13.311233,1
③ 仅光伏不可知（负载已知）,2025-02-08,6:00-6:50,337.757817,5
③ 仅光伏不可知（负载已知）,2025-02-08,7:00-7:50,683.082150,5
③ 仅光伏不可知（负载已知）,2025-02-08,8:00-9:50,1860.993050,11
③ 仅光伏不可知（负载已知）,2025-02-08,10:00-10:20,565.927183,2
③ 仅光伏不可知（负载已知）,2025-02-08,10:30-11:00,219.102433,3
③ 仅光伏不可知（负载已知）,2025-02-08,11:10-11:30,17.456000,2
③ 仅光伏不可知（负载已知）,2025-02-08,11:40-11:50,32.551700,1
③ 仅光伏不可知（负载已知）,2025-02-08,12:10-12:50,513.839900,4
③ 仅光伏不可知（负载已知）,2025-02-08,13:50-14:00,57.542317,1
③ 仅光伏不可知（负载已知）,2025-02-08,14:20-14:50,143.357100,3
③ 仅光伏不可知（负载已知）,2025-02-08,15:40-16:00,92.319533,2
③ 仅光伏不可知（负载已知）,2025-02-08,16:50-17:00,12.076400,1
③ 仅光伏不可知（负载已知）,2025-02-09,6:00-6:50,338.285900,5
③ 仅光伏不可知（负载已知）,2025-02-09,7:00-7:50,552.525200,5
③ 仅光伏不可知（负载已知）,2025-02-09,8:00-8:40,303.912600,4
③ 仅光伏不可知（负载已知）,2025-02-09,9:00-9:20,28.017033,2
③ 仅光伏不可知（负载已知）,2025-02-09,11:00-11:20,83.455700,2
③ 仅光伏不可知（负载已知）,2025-02-09,11:30-11:50,32.184167,2
③ 仅光伏不可知（负载已知）,2025-02-09,12:00-13:00,173.318750,6
③ 仅光伏不可知（负载已知）,2025-02-09,13:50-14:00,32.326233,1
③ 仅光伏不可知（负载已知）,2025-02-09,14:50-15:00,50.323633,1
③ 仅光伏不可知（负载已知）,2025-02-10,6:00-7:50,1187.146000,11
③ 仅光伏不可知（负载已知）,2025-02-10,8:00-8:40,494.997067,4
③ 仅光伏不可知（负载已知）,2025-02-10,9:00-9:20,159.845800,2
③ 仅光伏不可知（负载已知）,2025-02-10,10:00-10:10,28.962183,1
③ 仅光伏不可知（负载已知）,2025-02-10,15:50-16:00,7.247350,1
③ 仅光伏不可知（负载已知）,2025-02-11,6:00-12:00,4084.752367,36
③ 仅光伏不可知（负载已知）,2025-02-12,6:00-6:50,363.923733,5
③ 仅光伏不可知（负载已知）,2025-02-12,7:00-7:50,571.124100,5
③ 仅光伏不可知（负载已知）,2025-02-12,8:00-8:50,584.520750,5
③ 仅光伏不可知（负载已知）,2025-02-12,9:00-9:30,274.038717,3
③ 仅光伏不可知（负载已知）,2025-02-12,10:00-10:10,21.032400,1
③ 仅光伏不可知（负载已知）,2025-02-12,11:00-11:10,11.226467,1
③ 仅光伏不可知（负载已知）,2025-02-13,6:00-6:50,414.697783,5
③ 仅光伏不可知（负载已知）,2025-02-13,7:00-7:50,613.730217,5
③ 仅光伏不可知（负载已知）,2025-02-13,8:00-8:50,705.995050,5
③ 仅光伏不可知（负载已知）,2025-02-13,9:00-9:40,400.187033,4
③ 仅光伏不可知（负载已知）,2025-02-13,13:50-14:00,47.992933,1
③ 仅光伏不可知（负载已知）,2025-02-13,14:40-15:00,39.171767,2
③ 仅光伏不可知（负载已知）,2025-02-13,15:50-16:00,22.996100,1
③ 仅光伏不可知（负载已知）,2025-02-13,16:50-17:00,8.473050,1
③ 仅光伏不可知（负载已知）,2025-02-14,6:00-6:50,369.694167,5
③ 仅光伏不可知（负载已知）,2025-02-14,7:00-7:50,625.599900,5
③ 仅光伏不可知（负载已知）,2025-02-14,8:00-8:30,366.750983,3
③ 仅光伏不可知（负载已知）,2025-02-14,9:00-9:20,35.296183,2
③ 仅光伏不可知（负载已知）,2025-02-14,11:10-11:40,43.238267,3
③ 仅光伏不可知（负载已知）,2025-02-14,12:00-12:50,370.346350,5
③ 仅光伏不可知（负载已知）,2025-02-14,13:40-14:00,193.793033,2
③ 仅光伏不可知（负载已知）,2025-02-14,14:40-15:00,105.820000,2
③ 仅光伏不可知（负载已知）,2025-02-14,15:40-16:00,66.395117,2
③ 仅光伏不可知（负载已知）,2025-02-14,16:50-17:00,12.076700,1
③ 仅光伏不可知（负载已知）,2025-02-15,6:00-8:30,2273.162167,15
③ 仅光伏不可知（负载已知）,2025-02-15,8:40-9:50,797.173833,7
③ 仅光伏不可知（负载已知）,2025-02-15,10:00-10:20,34.110733,2
③ 仅光伏不可知（负载已知）,2025-02-16,6:00-6:50,420.506033,5
③ 仅光伏不可知（负载已知）,2025-02-16,7:00-7:50,669.440517,5
③ 仅光伏不可知（负载已知）,2025-02-16,8:00-8:50,630.100600,5
③ 仅光伏不可知（负载已知）,2025-02-16,9:00-10:20,455.071567,8
③ 仅光伏不可知（负载已知）,2025-02-16,11:00-11:40,114.709833,4
③ 仅光伏不可知（负载已知）,2025-02-17,6:00-6:50,482.028983,5
③ 仅光伏不可知（负载已知）,2025-02-17,7:00-7:50,680.915617,5
③ 仅光伏不可知（负载已知）,2025-02-17,8:00-8:30,206.010567,3
③ 仅光伏不可知（负载已知）,2025-02-17,9:00-9:30,147.959317,3
③ 仅光伏不可知（负载已知）,2025-02-17,15:50-16:00,27.509350,1
③ 仅光伏不可知（负载已知）,2025-02-18,6:00-8:50,1852.634433,17
③ 仅光伏不可知（负载已知）,2025-02-18,9:00-9:30,293.498433,3
③ 仅光伏不可知（负载已知）,2025-02-18,10:20-14:00,1776.260200,22
③ 仅光伏不可知（负载已知）,2025-02-18,14:30-15:00,117.647583,3
③ 仅光伏不可知（负载已知）,2025-02-19,6:00-6:50,485.665533,5
③ 仅光伏不可知（负载已知）,2025-02-19,7:00-8:50,1325.436050,11
③ 仅光伏不可知（负载已知）,2025-02-19,9:00-12:00,1995.626117,18
③ 仅光伏不可知（负载已知）,2025-02-19,12:20-13:00,244.669600,4
③ 仅光伏不可知（负载已知）,2025-02-19,13:40-14:00,76.899083,2
③ 仅光伏不可知（负载已知）,2025-02-19,15:50-16:00,32.969767,1
③ 仅光伏不可知（负载已知）,2025-02-19,16:50-17:00,9.416617,1
③ 仅光伏不可知（负载已知）,2025-02-20,6:00-6:50,566.819150,5
③ 仅光伏不可知（负载已知）,2025-02-20,7:00-7:50,683.893017,5
③ 仅光伏不可知（负载已知）,2025-02-20,8:00-8:50,785.107067,5
③ 仅光伏不可知（负载已知）,2025-02-20,9:00-9:20,102.217700,2
③ 仅光伏不可知（负载已知）,2025-02-20,13:50-14:00,5.968933,1
③ 仅光伏不可知（负载已知）,2025-02-20,15:50-16:00,27.418750,1
③ 仅光伏不可知（负载已知）,2025-02-20,16:50-17:00,19.323300,1
③ 仅光伏不可知（负载已知）,2025-02-21,6:00-7:50,1239.992517,11
③ 仅光伏不可知（负载已知）,2025-02-21,8:00-8:30,342.424333,3
③ 仅光伏不可知（负载已知）,2025-02-21,9:00-9:10,35.096167,1
③ 仅光伏不可知（负载已知）,2025-02-21,12:00-12:10,12.093333,1
③ 仅光伏不可知（负载已知）,2025-02-21,12:20-12:50,105.809333,3
③ 仅光伏不可知（负载已知）,2025-02-21,13:50-14:00,73.468750,1
③ 仅光伏不可知（负载已知）,2025-02-21,14:30-15:00,180.676300,3
③ 仅光伏不可知（负载已知）,2025-02-21,15:50-16:00,23.952050,1
③ 仅光伏不可知（负载已知）,2025-02-21,16:50-17:00,14.742083,1
③ 仅光伏不可知（负载已知）,2025-02-22,6:00-8:20,1843.292067,14
③ 仅光伏不可知（负载已知）,2025-02-22,8:40-8:50,40.155200,1
③ 仅光伏不可知（负载已知）,2025-02-22,9:00-9:50,712.630083,5
③ 仅光伏不可知（负载已知）,2025-02-22,10:00-10:20,130.150383,2
③ 仅光伏不可知（负载已知）,2025-02-22,11:40-11:50,9.204217,1
③ 仅光伏不可知（负载已知）,2025-02-22,12:00-12:20,64.346550,2
③ 仅光伏不可知（负载已知）,2025-02-22,12:30-12:50,72.561917,2
③ 仅光伏不可知（负载已知）,2025-02-22,15:50-16:00,39.940917,1
③ 仅光伏不可知（负载已知）,2025-02-23,6:00-6:50,544.608483,5
③ 仅光伏不可知（负载已知）,2025-02-23,7:00-11:00,3184.160983,24
③ 仅光伏不可知（负载已知）,2025-02-23,12:20-12:30,0.255617,1
③ 仅光伏不可知（负载已知）,2025-02-23,16:50-17:00,2.570217,1
③ 仅光伏不可知（负载已知）,2025-02-24,6:00-6:50,522.699833,5
③ 仅光伏不可知（负载已知）,2025-02-24,7:00-7:40,462.518000,4
③ 仅光伏不可知（负载已知）,2025-02-24,8:00-8:40,590.536150,4
③ 仅光伏不可知（负载已知）,2025-02-24,9:00-9:30,129.331217,3
③ 仅光伏不可知（负载已知）,2025-02-24,10:00-13:00,2123.595367,18
③ 仅光伏不可知（负载已知）,2025-02-25,6:00-6:50,581.484767,5
③ 仅光伏不可知（负载已知）,2025-02-25,7:00-7:40,404.287450,4
③ 仅光伏不可知（负载已知）,2025-02-25,8:00-8:30,336.078883,3
③ 仅光伏不可知（负载已知）,2025-02-25,9:00-9:10,47.793700,1
③ 仅光伏不可知（负载已知）,2025-02-25,16:50-17:00,2.803183,1
③ 仅光伏不可知（负载已知）,2025-02-26,6:00-6:50,647.430550,5
③ 仅光伏不可知（负载已知）,2025-02-26,7:00-7:50,807.656583,5
③ 仅光伏不可知（负载已知）,2025-02-26,8:00-11:30,2489.104383,21
③ 仅光伏不可知（负载已知）,2025-02-26,11:40-13:00,1085.610467,8
③ 仅光伏不可知（负载已知）,2025-02-26,13:50-14:00,39.937817,1
③ 仅光伏不可知（负载已知）,2025-02-26,14:40-15:00,159.728400,2
③ 仅光伏不可知（负载已知）,2025-02-26,15:40-16:00,60.895100,2
③ 仅光伏不可知（负载已知）,2025-02-26,16:50-17:00,21.543250,1
③ 仅光伏不可知（负载已知）,2025-02-27,6:00-6:50,530.275067,5
③ 仅光伏不可知（负载已知）,2025-02-27,7:00-7:50,709.579917,5
③ 仅光伏不可知（负载已知）,2025-02-27,8:00-10:40,2087.435450,16
③ 仅光伏不可知（负载已知）,2025-02-27,12:20-13:00,90.003383,4
③ 仅光伏不可知（负载已知）,2025-02-27,13:40-14:00,95.651583,2
③ 仅光伏不可知（负载已知）,2025-02-27,14:40-15:00,96.228650,2
③ 仅光伏不可知（负载已知）,2025-02-27,15:50-16:00,20.325500,1
③ 仅光伏不可知（负载已知）,2025-02-27,16:50-17:00,12.080083,1
③ 仅光伏不可知（负载已知）,2025-02-28,6:00-8:20,2282.747200,14
③ 仅光伏不可知（负载已知）,2025-02-28,8:40-9:50,1029.055950,7
③ 仅光伏不可知（负载已知）,2025-02-28,11:10-11:30,196.255983,2
③ 仅光伏不可知（负载已知）,2025-02-28,11:40-11:50,95.817500,1
③ 仅光伏不可知（负载已知）,2025-02-28,12:10-12:40,155.439867,3
③ 仅光伏不可知（负载已知）,2025-02-28,15:50-16:00,19.065267,1
③ 仅光伏不可知（负载已知）,2025-03-01,6:00-6:50,542.434433,5
③ 仅光伏不可知（负载已知）,2025-03-01,7:00-7:50,759.908417,5
③ 仅光伏不可知（负载已知）,2025-03-01,8:00-8:50,370.516700,5
③ 仅光伏不可知（负载已知）,2025-03-01,9:00-9:30,208.692400,3
③ 仅光伏不可知（负载已知）,2025-03-01,11:00-11:40,131.527100,4
③ 仅光伏不可知（负载已知）,2025-03-02,6:00-11:10,3966.092450,31
③ 仅光伏不可知（负载已知）,2025-03-02,11:40-12:00,70.178650,2
③ 仅光伏不可知（负载已知）,2025-03-03,6:00-7:50,1379.604950,11
③ 仅光伏不可知（负载已知）,2025-03-03,8:00-8:50,410.855483,5
③ 仅光伏不可知（负载已知）,2025-03-03,9:00-9:50,273.653850,5
③ 仅光伏不可知（负载已知）,2025-03-03,10:00-10:10,23.695617,1
③ 仅光伏不可知（负载已知）,2025-03-03,15:40-16:00,110.034200,2
③ 仅光伏不可知（负载已知）,2025-03-03,16:40-17:00,50.700950,2
③ 仅光伏不可知（负载已知）,2025-03-04,6:00-6:50,655.951117,5
③ 仅光伏不可知（负载已知）,2025-03-04,7:00-7:50,478.838733,5
③ 仅光伏不可知（负载已知）,2025-03-04,8:00-13:00,3653.525783,30
③ 仅光伏不可知（负载已知）,2025-03-04,13:20-14:00,310.444667,4
③ 仅光伏不可知（负载已知）,2025-03-04,14:30-15:00,157.881600,3
③ 仅光伏不可知（负载已知）,2025-03-05,6:00-8:50,2056.421000,17
③ 仅光伏不可知（负载已知）,2025-03-05,9:00-9:30,156.521617,3
③ 仅光伏不可知（负载已知）,2025-03-05,10:00-10:30,111.144350,3
③ 仅光伏不可知（负载已知）,2025-03-05,16:50-17:00,8.361483,1
③ 仅光伏不可知（负载已知）,2025-03-06,6:00-6:50,669.558733,5
③ 仅光伏不可知（负载已知）,2025-03-06,7:00-7:50,724.665700,5
③ 仅光伏不可知（负载已知）,2025-03-06,8:00-11:20,2849.652183,20
③ 仅光伏不可知（负载已知）,2025-03-06,12:20-13:00,169.314367,4
③ 仅光伏不可知（负载已知）,2025-03-07,6:00-6:50,620.642600,5
③ 仅光伏不可知（负载已知）,2025-03-07,7:00-7:50,798.133767,5
③ 仅光伏不可知（负载已知）,2025-03-07,8:00-8:20,390.247567,2
③ 仅光伏不可知（负载已知）,2025-03-07,8:40-9:50,1018.373667,7
③ 仅光伏不可知（负载已知）,2025-03-07,10:00-10:20,95.732450,2
③ 仅光伏不可知（负载已知）,2025-03-07,11:00-11:10,8.771250,1
③ 仅光伏不可知（负载已知）,2025-03-08,6:00-6:50,596.323783,5
③ 仅光伏不可知（负载已知）,2025-03-08,7:00-8:20,1666.952383,8
③ 仅光伏不可知（负载已知）,2025-03-08,8:40-9:40,1028.490067,6
③ 仅光伏不可知（负载已知）,2025-03-08,10:00-10:20,63.557450,2
③ 仅光伏不可知（负载已知）,2025-03-08,11:10-11:30,46.234217,2
③ 仅光伏不可知（负载已知）,2025-03-08,11:40-11:50,3.648617,1
③ 仅光伏不可知（负载已知）,2025-03-09,6:00-9:40,2924.538900,22
③ 仅光伏不可知（负载已知）,2025-03-10,6:00-6:50,643.096167,5
③ 仅光伏不可知（负载已知）,2025-03-10,7:00-10:30,3501.143100,21
③ 仅光伏不可知（负载已知）,2025-03-10,10:40-11:10,114.435100,3
③ 仅光伏不可知（负载已知）,2025-03-10,11:20-11:30,0.787550,1
③ 仅光伏不可知（负载已知）,2025-03-10,12:00-13:00,270.976950,6
③ 仅光伏不可知（负载已知）,2025-03-10,13:50-14:00,32.703933,1
③ 仅光伏不可知（负载已知）,2025-03-10,16:50-17:00,9.594633,1
③ 仅光伏不可知（负载已知）,2025-03-11,6:00-13:20,8699.255433,44
③ 仅光伏不可知（负载已知）,2025-03-11,13:30-14:00,111.935917,3
③ 仅光伏不可知（负载已知）,2025-03-11,14:50-15:00,29.442767,1
③ 仅光伏不可知（负载已知）,2025-03-11,15:50-16:00,30.567583,1
③ 仅光伏不可知（负载已知）,2025-03-12,6:00-6:50,707.698350,5
③ 仅光伏不可知（负载已知）,2025-03-12,7:00-7:50,775.079050,5
③ 仅光伏不可知（负载已知）,2025-03-12,8:00-8:50,741.984767,5
③ 仅光伏不可知（负载已知）,2025-03-12,9:00-9:30,340.942500,3
③ 仅光伏不可知（负载已知）,2025-03-13,6:00-7:50,1491.992933,11
③ 仅光伏不可知（负载已知）,2025-03-13,8:00-8:40,262.690667,4
③ 仅光伏不可知（负载已知）,2025-03-13,10:00-10:30,83.765883,3
③ 仅光伏不可知（负载已知）,2025-03-13,11:20-11:30,8.052183,1
③ 仅光伏不可知（负载已知）,2025-03-13,12:00-14:00,1441.203750,12
③ 仅光伏不可知（负载已知）,2025-03-13,15:50-16:00,25.291750,1
③ 仅光伏不可知（负载已知）,2025-03-14,6:00-6:50,653.130800,5
③ 仅光伏不可知（负载已知）,2025-03-14,7:00-7:50,611.205383,5
③ 仅光伏不可知（负载已知）,2025-03-14,8:10-8:20,244.222067,1
③ 仅光伏不可知（负载已知）,2025-03-14,8:40-8:50,53.138383,1
③ 仅光伏不可知（负载已知）,2025-03-14,9:00-9:40,705.932417,4
③ 仅光伏不可知（负载已知）,2025-03-14,9:50-10:00,2.402083,1
③ 仅光伏不可知（负载已知）,2025-03-14,10:10-10:20,139.901350,1
③ 仅光伏不可知（负载已知）,2025-03-14,11:30-11:40,4.112733,1
③ 仅光伏不可知（负载已知）,2025-03-14,12:10-12:40,284.188867,3
③ 仅光伏不可知（负载已知）,2025-03-14,12:50-13:00,127.029167,1
③ 仅光伏不可知（负载已知）,2025-03-14,13:40-14:00,15.099050,2
③ 仅光伏不可知（负载已知）,2025-03-14,14:50-15:00,26.052567,1
③ 仅光伏不可知（负载已知）,2025-03-14,15:50-16:00,0.395400,1
③ 仅光伏不可知（负载已知）,2025-03-14,16:50-17:00,18.148650,1
③ 仅光伏不可知（负载已知）,2025-03-15,6:00-6:50,598.123767,5
③ 仅光伏不可知（负载已知）,2025-03-15,7:00-7:50,817.101293,5
③ 仅光伏不可知（负载已知）,2025-03-15,8:00-8:20,462.350783,2
③ 仅光伏不可知（负载已知）,2025-03-15,8:40-9:00,52.308150,2
③ 仅光伏不可知（负载已知）,2025-03-15,10:00-10:20,159.479800,2
③ 仅光伏不可知（负载已知）,2025-03-15,10:30-10:50,41.561400,2
③ 仅光伏不可知（负载已知）,2025-03-15,11:00-11:30,23.801100,3
③ 仅光伏不可知（负载已知）,2025-03-15,11:40-11:50,80.937233,1
③ 仅光伏不可知（负载已知）,2025-03-15,14:40-14:50,24.375700,1
③ 仅光伏不可知（负载已知）,2025-03-15,15:40-16:00,47.718600,2
③ 仅光伏不可知（负载已知）,2025-03-15,16:50-17:00,15.331083,1
③ 仅光伏不可知（负载已知）,2025-03-16,6:00-6:50,595.449200,5
③ 仅光伏不可知（负载已知）,2025-03-16,7:00-7:50,678.910667,5
③ 仅光伏不可知（负载已知）,2025-03-16,8:00-11:10,2754.806050,19
③ 仅光伏不可知（负载已知）,2025-03-16,11:40-12:00,68.201083,2
③ 仅光伏不可知（负载已知）,2025-03-16,12:30-13:00,140.838450,3
③ 仅光伏不可知（负载已知）,2025-03-16,16:50-17:00,14.672567,1
③ 仅光伏不可知（负载已知）,2025-03-17,6:00-9:20,3350.328767,20
③ 仅光伏不可知（负载已知）,2025-03-17,14:50-15:00,38.291867,1
③ 仅光伏不可知（负载已知）,2025-03-17,15:40-16:00,75.702867,2
③ 仅光伏不可知（负载已知）,2025-03-17,16:50-17:00,16.802983,1
③ 仅光伏不可知（负载已知）,2025-03-18,6:00-6:50,633.363017,5
③ 仅光伏不可知（负载已知）,2025-03-18,7:00-7:50,640.549583,5
③ 仅光伏不可知（负载已知）,2025-03-18,8:00-8:40,288.705717,4
③ 仅光伏不可知（负载已知）,2025-03-18,14:50-15:00,3.984933,1
③ 仅光伏不可知（负载已知）,2025-03-19,6:00-13:00,6890.396383,42
③ 仅光伏不可知（负载已知）,2025-03-19,13:20-14:00,361.038567,4
③ 仅光伏不可知（负载已知）,2025-03-19,14:40-15:00,74.802883,2
③ 仅光伏不可知（负载已知）,2025-03-19,15:50-16:00,5.367633,1
③ 仅光伏不可知（负载已知）,2025-03-20,6:00-12:00,6059.487267,36
③ 仅光伏不可知（负载已知）,2025-03-21,6:00-7:50,1844.269100,11
③ 仅光伏不可知（负载已知）,2025-03-21,8:00-8:20,631.124083,2
③ 仅光伏不可知（负载已知）,2025-03-21,8:40-9:40,1348.424983,6
③ 仅光伏不可知（负载已知）,2025-03-21,10:00-10:10,187.152050,1
③ 仅光伏不可知（负载已知）,2025-03-21,10:30-10:40,36.009950,1
③ 仅光伏不可知（负载已知）,2025-03-21,16:50-17:00,6.578050,1
③ 仅光伏不可知（负载已知）,2025-03-22,6:00-6:50,642.964617,5
③ 仅光伏不可知（负载已知）,2025-03-22,7:00-7:50,545.451500,5
③ 仅光伏不可知（负载已知）,2025-03-22,8:00-8:20,460.471783,2
③ 仅光伏不可知（负载已知）,2025-03-22,8:40-9:40,559.961417,6
③ 仅光伏不可知（负载已知）,2025-03-22,10:00-10:20,292.206167,2
③ 仅光伏不可知（负载已知）,2025-03-22,10:30-10:40,18.655700,1
③ 仅光伏不可知（负载已知）,2025-03-22,11:10-11:30,173.850933,2
③ 仅光伏不可知（负载已知）,2025-03-23,5:00-7:40,1100.191467,16
③ 仅光伏不可知（负载已知）,2025-03-23,8:00-8:30,252.831033,3
③ 仅光伏不可知（负载已知）,2025-03-23,9:00-9:50,341.678467,5
③ 仅光伏不可知（负载已知）,2025-03-23,10:00-10:10,44.379767,1
③ 仅光伏不可知（负载已知）,2025-03-23,11:00-11:30,186.840500,3
③ 仅光伏不可知（负载已知）,2025-03-24,5:00-5:50,24.596933,5
③ 仅光伏不可知（负载已知）,2025-03-24,6:00-6:50,713.774783,5
③ 仅光伏不可知（负载已知）,2025-03-24,7:00-7:50,643.704067,5
③ 仅光伏不可知（负载已知）,2025-03-24,8:00-8:40,556.564117,4
③ 仅光伏不可知（负载已知）,2025-03-24,9:00-9:40,493.410883,4
③ 仅光伏不可知（负载已知）,2025-03-24,12:20-12:40,62.389183,2
③ 仅光伏不可知（负载已知）,2025-03-24,14:50-15:00,31.287717,1
③ 仅光伏不可知（负载已知）,2025-03-24,15:50-16:00,63.686967,1
③ 仅光伏不可知（负载已知）,2025-03-24,16:50-17:00,10.361200,1
③ 仅光伏不可知（负载已知）,2025-03-24,17:50-18:00,0.758533,1
③ 仅光伏不可知（负载已知）,2025-03-25,5:00-6:50,716.989567,11
③ 仅光伏不可知（负载已知）,2025-03-25,7:00-7:50,642.886083,5
③ 仅光伏不可知（负载已知）,2025-03-25,8:00-8:50,491.864217,5
③ 仅光伏不可知（负载已知）,2025-03-25,17:50-18:00,0.551350,1
③ 仅光伏不可知（负载已知）,2025-03-26,5:00-10:50,4757.079700,35
③ 仅光伏不可知（负载已知）,2025-03-26,11:00-12:00,313.040950,6
③ 仅光伏不可知（负载已知）,2025-03-27,5:00-5:50,64.816617,5
③ 仅光伏不可知（负载已知）,2025-03-27,6:00-6:50,619.897450,5
③ 仅光伏不可知（负载已知）,2025-03-27,7:00-7:50,638.899733,5
③ 仅光伏不可知（负载已知）,2025-03-27,8:00-8:30,251.890050,3
③ 仅光伏不可知（负载已知）,2025-03-27,9:00-9:40,300.650733,4
③ 仅光伏不可知（负载已知）,2025-03-27,10:00-10:20,104.113617,2
③ 仅光伏不可知（负载已知）,2025-03-27,10:40-10:50,7.467633,1
③ 仅光伏不可知（负载已知）,2025-03-27,11:00-12:00,393.315933,6
③ 仅光伏不可知（负载已知）,2025-03-27,16:50-17:00,3.759783,1
③ 仅光伏不可知（负载已知）,2025-03-28,5:00-5:50,80.402467,5
③ 仅光伏不可知（负载已知）,2025-03-28,6:00-6:50,578.138267,5
③ 仅光伏不可知（负载已知）,2025-03-28,7:00-7:40,287.751867,4
③ 仅光伏不可知（负载已知）,2025-03-28,8:00-8:20,220.399267,2
③ 仅光伏不可知（负载已知）,2025-03-28,11:10-11:20,25.018333,1
③ 仅光伏不可知（负载已知）,2025-03-28,13:50-14:00,134.183567,1
③ 仅光伏不可知（负载已知）,2025-03-28,14:30-14:50,63.338367,2
③ 仅光伏不可知（负载已知）,2025-03-29,5:00-5:50,101.808367,5
③ 仅光伏不可知（负载已知）,2025-03-29,6:00-6:50,578.537350,5
③ 仅光伏不可知（负载已知）,2025-03-29,7:00-7:50,680.012583,5
③ 仅光伏不可知（负载已知）,2025-03-29,8:00-8:20,136.751217,2
③ 仅光伏不可知（负载已知）,2025-03-29,9:10-9:30,13.023550,2
③ 仅光伏不可知（负载已知）,2025-03-29,10:20-10:30,61.658950,1
③ 仅光伏不可知（负载已知）,2025-03-29,13:10-14:00,50.968233,5
③ 仅光伏不可知（负载已知）,2025-03-29,15:50-16:00,70.441117,1
③ 仅光伏不可知（负载已知）,2025-03-29,16:40-17:00,57.646033,2
③ 仅光伏不可知（负载已知）,2025-03-29,17:50-18:00,1.913650,1
③ 仅光伏不可知（负载已知）,2025-03-30,5:00-8:30,2224.945683,21
③ 仅光伏不可知（负载已知）,2025-03-30,9:00-9:10,71.028050,1
③ 仅光伏不可知（负载已知）,2025-03-30,10:00-10:10,3.788317,1
③ 仅光伏不可知（负载已知）,2025-03-30,17:50-18:00,1.038117,1
③ 仅光伏不可知（负载已知）,2025-03-31,5:00-14:00,6989.606383,54
③ 仅光伏不可知（负载已知）,2025-03-31,14:30-15:00,216.296717,3
③ 仅光伏不可知（负载已知）,2025-03-31,15:50-16:00,16.759683,1
③ 仅光伏不可知（负载已知）,2025-03-31,17:50-18:00,1.214850,1
③ 仅光伏不可知（负载已知）,2025-04-01,5:00-6:50,995.538833,11
③ 仅光伏不可知（负载已知）,2025-04-01,7:00-7:50,817.957467,5
③ 仅光伏不可知（负载已知）,2025-04-01,8:00-8:30,316.145533,3
③ 仅光伏不可知（负载已知）,2025-04-01,14:40-15:00,70.155867,2
③ 仅光伏不可知（负载已知）,2025-04-01,15:50-16:00,14.006167,1
③ 仅光伏不可知（负载已知）,2025-04-02,5:00-5:50,155.145950,5
③ 仅光伏不可知（负载已知）,2025-04-02,6:00-6:50,760.081267,5
③ 仅光伏不可知（负载已知）,2025-04-02,7:00-8:50,1099.383883,11
③ 仅光伏不可知（负载已知）,2025-04-02,10:00-10:30,156.611700,3
③ 仅光伏不可知（负载已知）,2025-04-02,12:30-13:30,200.714117,6
③ 仅光伏不可知（负载已知）,2025-04-02,13:50-14:00,57.203517,1
③ 仅光伏不可知（负载已知）,2025-04-02,14:40-15:00,92.435900,2
③ 仅光伏不可知（负载已知）,2025-04-02,15:50-16:00,27.831250,1
③ 仅光伏不可知（负载已知）,2025-04-02,16:50-17:00,6.543083,1
③ 仅光伏不可知（负载已知）,2025-04-02,17:50-18:00,3.119733,1
③ 仅光伏不可知（负载已知）,2025-04-03,5:00-5:50,163.366117,5
③ 仅光伏不可知（负载已知）,2025-04-03,6:00-6:50,651.634817,5
③ 仅光伏不可知（负载已知）,2025-04-03,7:00-7:40,406.111017,4
③ 仅光伏不可知（负载已知）,2025-04-03,8:00-8:30,194.825433,3
③ 仅光伏不可知（负载已知）,2025-04-03,9:00-9:20,149.281583,2
③ 仅光伏不可知（负载已知）,2025-04-03,10:00-10:40,207.230750,4
③ 仅光伏不可知（负载已知）,2025-04-04,5:00-6:50,894.470367,11
③ 仅光伏不可知（负载已知）,2025-04-04,7:00-7:30,353.724567,3
③ 仅光伏不可知（负载已知）,2025-04-04,7:40-7:50,33.064050,1
③ 仅光伏不可知（负载已知）,2025-04-04,8:10-8:20,79.814233,1
③ 仅光伏不可知（负载已知）,2025-04-04,9:00-9:10,138.340650,1
③ 仅光伏不可知（负载已知）,2025-04-04,10:00-10:10,126.956683,1
③ 仅光伏不可知（负载已知）,2025-04-04,10:20-10:30,48.243967,1
③ 仅光伏不可知（负载已知）,2025-04-04,11:00-11:10,24.607983,1
③ 仅光伏不可知（负载已知）,2025-04-04,11:40-11:50,17.718100,1
③ 仅光伏不可知（负载已知）,2025-04-04,12:00-12:20,44.307433,2
③ 仅光伏不可知（负载已知）,2025-04-04,16:50-17:00,10.386400,1
③ 仅光伏不可知（负载已知）,2025-04-05,5:00-7:20,1422.669883,14
③ 仅光伏不可知（负载已知）,2025-04-05,7:30-7:40,112.106483,1
③ 仅光伏不可知（负载已知）,2025-04-05,8:00-8:30,523.921817,3
③ 仅光伏不可知（负载已知）,2025-04-05,9:00-9:10,72.364067,1
③ 仅光伏不可知（负载已知）,2025-04-05,10:00-10:10,57.784367,1
③ 仅光伏不可知（负载已知）,2025-04-05,11:00-11:10,105.227917,1
③ 仅光伏不可知（负载已知）,2025-04-05,12:10-12:20,3.713467,1
③ 仅光伏不可知（负载已知）,2025-04-05,12:30-12:40,65.809783,1
③ 仅光伏不可知（负载已知）,2025-04-05,13:30-14:00,492.022917,3
③ 仅光伏不可知（负载已知）,2025-04-05,14:30-14:40,121.365917,1
③ 仅光伏不可知（负载已知）,2025-04-05,14:50-15:00,170.775000,1
③ 仅光伏不可知（负载已知）,2025-04-05,15:30-15:40,22.645233,1
③ 仅光伏不可知（负载已知）,2025-04-05,15:50-16:00,68.370900,1
③ 仅光伏不可知（负载已知）,2025-04-05,16:50-17:00,30.367883,1
③ 仅光伏不可知（负载已知）,2025-04-05,17:50-18:00,0.667533,1
③ 仅光伏不可知（负载已知）,2025-04-06,5:00-6:50,880.500700,11
③ 仅光伏不可知（负载已知）,2025-04-06,7:00-7:50,612.531950,5
③ 仅光伏不可知（负载已知）,2025-04-06,8:00-9:30,1016.926950,9
③ 仅光伏不可知（负载已知）,2025-04-06,16:50-17:00,49.513167,1
③ 仅光伏不可知（负载已知）,2025-04-06,17:50-18:00,7.032967,1
③ 仅光伏不可知（负载已知）,2025-04-07,5:00-5:50,289.557383,5
③ 仅光伏不可知（负载已知）,2025-04-07,6:00-6:50,580.126533,5
③ 仅光伏不可知（负载已知）,2025-04-07,7:00-7:50,580.907083,5
③ 仅光伏不可知（负载已知）,2025-04-07,8:00-8:50,593.818950,5
③ 仅光伏不可知（负载已知）,2025-04-07,9:00-9:40,351.483950,4
③ 仅光伏不可知（负载已知）,2025-04-07,10:00-10:10,16.906283,1
③ 仅光伏不可知（负载已知）,2025-04-07,11:00-11:20,44.744217,2
③ 仅光伏不可知（负载已知）,2025-04-07,11:30-12:00,214.642417,3
③ 仅光伏不可知（负载已知）,2025-04-07,12:20-14:00,1259.757500,10
③ 仅光伏不可知（负载已知）,2025-04-07,14:20-15:00,440.475300,4
③ 仅光伏不可知（负载已知）,2025-04-07,15:30-16:00,164.542633,3
③ 仅光伏不可知（负载已知）,2025-04-07,16:50-17:00,53.319400,1
③ 仅光伏不可知（负载已知）,2025-04-07,17:50-18:00,0.284933,1
③ 仅光伏不可知（负载已知）,2025-04-08,5:00-5:50,232.939800,5
③ 仅光伏不可知（负载已知）,2025-04-08,6:00-6:50,516.947750,5
③ 仅光伏不可知（负载已知）,2025-04-08,7:00-7:50,496.923783,5
③ 仅光伏不可知（负载已知）,2025-04-08,8:00-8:50,490.262533,5
③ 仅光伏不可知（负载已知）,2025-04-08,9:00-9:50,468.878483,5
③ 仅光伏不可知（负载已知）,2025-04-08,10:00-11:00,707.925050,6
③ 仅光伏不可知（负载已知）,2025-04-08,16:50-17:00,20.614483,1
③ 仅光伏不可知（负载已知）,2025-04-08,17:50-18:00,2.247350,1
③ 仅光伏不可知（负载已知）,2025-04-09,5:00-6:50,953.817683,11
③ 仅光伏不可知（负载已知）,2025-04-09,7:00-7:50,695.170300,5
③ 仅光伏不可知（负载已知）,2025-04-09,8:00-8:40,554.607550,4
③ 仅光伏不可知（负载已知）,2025-04-09,8:50-12:00,3184.103800,19
③ 仅光伏不可知（负载已知）,2025-04-09,12:40-13:00,108.555083,2
③ 仅光伏不可知（负载已知）,2025-04-09,13:50-14:00,6.480200,1
③ 仅光伏不可知（负载已知）,2025-04-09,16:50-17:00,9.607967,1
③ 仅光伏不可知（负载已知）,2025-04-09,17:50-18:00,0.729083,1
③ 仅光伏不可知（负载已知）,2025-04-10,5:00-7:50,1751.077917,17
③ 仅光伏不可知（负载已知）,2025-04-10,8:00-8:40,403.652650,4
③ 仅光伏不可知（负载已知）,2025-04-10,9:00-9:50,298.547567,5
③ 仅光伏不可知（负载已知）,2025-04-10,10:00-11:10,685.247517,7
③ 仅光伏不可知（负载已知）,2025-04-10,12:40-13:00,77.305517,2
③ 仅光伏不可知（负载已知）,2025-04-10,13:30-14:00,93.439667,3
③ 仅光伏不可知（负载已知）,2025-04-11,5:00-7:40,2316.110600,16
③ 仅光伏不可知（负载已知）,2025-04-11,7:50-8:20,856.838767,3
③ 仅光伏不可知（负载已知）,2025-04-11,8:30-8:40,258.648300,1
③ 仅光伏不可知（负载已知）,2025-04-11,8:50-9:10,329.678833,2
③ 仅光伏不可知（负载已知）,2025-04-11,10:00-10:20,412.232567,2
③ 仅光伏不可知（负载已知）,2025-04-11,10:40-10:50,129.963033,1
③ 仅光伏不可知（负载已知）,2025-04-11,11:20-11:30,88.566250,1
③ 仅光伏不可知（负载已知）,2025-04-11,13:50-14:00,17.550000,1
③ 仅光伏不可知（负载已知）,2025-04-11,14:30-15:00,187.915600,3
③ 仅光伏不可知（负载已知）,2025-04-11,15:50-16:00,53.615917,1
③ 仅光伏不可知（负载已知）,2025-04-11,16:50-17:00,24.858800,1
③ 仅光伏不可知（负载已知）,2025-04-11,17:50-18:00,7.251600,1
③ 仅光伏不可知（负载已知）,2025-04-12,5:00-5:50,364.742467,5
③ 仅光伏不可知（负载已知）,2025-04-12,6:00-6:50,794.299317,5
③ 仅光伏不可知（负载已知）,2025-04-12,7:00-7:40,338.356683,4
③ 仅光伏不可知（负载已知）,2025-04-12,8:00-8:20,114.733033,2
③ 仅光伏不可知（负载已知）,2025-04-12,9:00-9:20,223.827167,2
③ 仅光伏不可知（负载已知）,2025-04-13,5:00-8:40,2395.142317,22
③ 仅光伏不可知（负载已知）,2025-04-13,9:00-9:40,172.356067,4
③ 仅光伏不可知（负载已知）,2025-04-13,10:00-10:20,80.971267,2
③ 仅光伏不可知（负载已知）,2025-04-13,11:30-11:50,46.580183,2
③ 仅光伏不可知（负载已知）,2025-04-13,12:50-14:00,677.167017,7
③ 仅光伏不可知（负载已知）,2025-04-13,14:40-15:00,142.089633,2
③ 仅光伏不可知（负载已知）,2025-04-13,15:50-16:00,26.960450,1
③ 仅光伏不可知（负载已知）,2025-04-14,5:00-5:50,311.111550,5
③ 仅光伏不可知（负载已知）,2025-04-14,6:00-6:40,422.404483,4
③ 仅光伏不可知（负载已知）,2025-04-14,7:00-7:40,471.240833,4
③ 仅光伏不可知（负载已知）,2025-04-14,8:00-8:20,78.181500,2
③ 仅光伏不可知（负载已知）,2025-04-14,9:00-9:30,236.843083,3
③ 仅光伏不可知（负载已知）,2025-04-14,10:00-11:40,769.819667,10
③ 仅光伏不可知（负载已知）,2025-04-14,11:50-12:30,71.375750,4
③ 仅光伏不可知（负载已知）,2025-04-15,5:00-5:50,374.818567,5
③ 仅光伏不可知（负载已知）,2025-04-15,6:00-6:50,686.329917,5
③ 仅光伏不可知（负载已知）,2025-04-15,7:00-7:50,623.080833,5
③ 仅光伏不可知（负载已知）,2025-04-15,8:00-8:40,566.615517,4
③ 仅光伏不可知（负载已知）,2025-04-15,9:00-9:40,357.211167,4
③ 仅光伏不可知（负载已知）,2025-04-15,10:00-10:50,297.199400,5
③ 仅光伏不可知（负载已知）,2025-04-15,11:00-12:00,382.696783,6
③ 仅光伏不可知（负载已知）,2025-04-15,13:20-14:00,432.885300,4
③ 仅光伏不可知（负载已知）,2025-04-15,14:20-15:00,416.783050,4
③ 仅光伏不可知（负载已知）,2025-04-15,15:30-16:00,197.152967,3
③ 仅光伏不可知（负载已知）,2025-04-15,16:50-17:00,34.105983,1
③ 仅光伏不可知（负载已知）,2025-04-15,17:50-18:00,23.333083,1
③ 仅光伏不可知（负载已知）,2025-04-16,5:00-5:50,376.412617,5
③ 仅光伏不可知（负载已知）,2025-04-16,6:00-6:50,595.323633,5
③ 仅光伏不可知（负载已知）,2025-04-16,7:00-7:40,524.954817,4
③ 仅光伏不可知（负载已知）,2025-04-16,8:00-8:50,656.987850,5
③ 仅光伏不可知（负载已知）,2025-04-16,9:00-9:20,82.687567,2
③ 仅光伏不可知（负载已知）,2025-04-16,10:00-10:30,334.381800,3
③ 仅光伏不可知（负载已知）,2025-04-16,12:00-12:50,383.811583,5
③ 仅光伏不可知（负载已知）,2025-04-16,13:40-14:00,39.991400,2
③ 仅光伏不可知（负载已知）,2025-04-16,14:30-15:00,143.322900,3
③ 仅光伏不可知（负载已知）,2025-04-16,15:50-16:00,27.933733,1
③ 仅光伏不可知（负载已知）,2025-04-16,16:50-17:00,53.310100,1
③ 仅光伏不可知（负载已知）,2025-04-16,17:50-18:00,17.642933,1
③ 仅光伏不可知（负载已知）,2025-04-17,5:00-6:50,1185.039433,11
③ 仅光伏不可知（负载已知）,2025-04-17,7:00-12:00,5340.719950,30
③ 仅光伏不可知（负载已知）,2025-04-17,12:10-13:00,182.282317,5
③ 仅光伏不可知（负载已知）,2025-04-17,13:50-14:00,21.184900,1
③ 仅光伏不可知（负载已知）,2025-04-17,14:40-15:00,33.232283,2
③ 仅光伏不可知（负载已知）,2025-04-18,5:00-7:10,1578.704017,13
③ 仅光伏不可知（负载已知）,2025-04-18,7:50-8:20,158.765050,3
③ 仅光伏不可知（负载已知）,2025-04-18,9:20-9:30,22.045983,1
③ 仅光伏不可知（负载已知）,2025-04-18,10:10-10:30,102.145767,2
③ 仅光伏不可知（负载已知）,2025-04-18,11:40-11:50,87.042267,1
③ 仅光伏不可知（负载已知）,2025-04-18,12:00-12:10,80.227483,1
③ 仅光伏不可知（负载已知）,2025-04-18,12:20-12:50,167.537533,3
③ 仅光伏不可知（负载已知）,2025-04-18,13:00-13:10,32.430133,1
③ 仅光伏不可知（负载已知）,2025-04-18,13:30-13:40,52.806000,1
③ 仅光伏不可知（负载已知）,2025-04-18,14:40-15:00,373.549967,2
③ 仅光伏不可知（负载已知）,2025-04-18,16:50-17:00,18.876217,1
③ 仅光伏不可知（负载已知）,2025-04-19,5:00-5:50,406.034000,5
③ 仅光伏不可知（负载已知）,2025-04-19,6:00-6:50,541.926067,5
③ 仅光伏不可知（负载已知）,2025-04-19,7:00-7:40,401.442217,4
③ 仅光伏不可知（负载已知）,2025-04-19,8:00-8:10,66.749567,1
③ 仅光伏不可知（负载已知）,2025-04-19,9:00-9:10,33.585400,1
③ 仅光伏不可知（负载已知）,2025-04-19,13:50-14:00,98.290867,1
③ 仅光伏不可知（负载已知）,2025-04-19,14:30-14:50,184.131300,2
③ 仅光伏不可知（负载已知）,2025-04-19,15:30-15:50,137.579367,2
③ 仅光伏不可知（负载已知）,2025-04-19,16:40-17:00,67.355100,2
③ 仅光伏不可知（负载已知）,2025-04-19,17:50-18:00,14.167883,1
③ 仅光伏不可知（负载已知）,2025-04-20,5:00-7:50,1835.830617,17
③ 仅光伏不可知（负载已知）,2025-04-20,8:00-8:50,718.487933,5
③ 仅光伏不可知（负载已知）,2025-04-20,9:00-9:50,675.022150,5
③ 仅光伏不可知（负载已知）,2025-04-20,12:00-13:00,1293.896117,6
③ 仅光伏不可知（负载已知）,2025-04-20,13:10-15:00,586.781983,11
③ 仅光伏不可知（负载已知）,2025-04-20,15:40-16:00,70.700783,2
③ 仅光伏不可知（负载已知）,2025-04-20,16:50-17:00,3.068683,1
③ 仅光伏不可知（负载已知）,2025-04-20,17:50-18:00,8.297350,1
③ 仅光伏不可知（负载已知）,2025-04-21,5:00-8:50,2947.155667,23
③ 仅光伏不可知（负载已知）,2025-04-21,9:00-9:20,38.124967,2
③ 仅光伏不可知（负载已知）,2025-04-21,10:00-10:30,62.243383,3
③ 仅光伏不可知（负载已知）,2025-04-22,5:00-5:50,389.975583,5
③ 仅光伏不可知（负载已知）,2025-04-22,6:00-6:40,519.208900,4
③ 仅光伏不可知（负载已知）,2025-04-22,7:00-7:40,517.869900,4
③ 仅光伏不可知（负载已知）,2025-04-22,8:00-8:20,256.873433,2
③ 仅光伏不可知（负载已知）,2025-04-22,9:00-11:30,2234.330383,15
③ 仅光伏不可知（负载已知）,2025-04-22,11:40-12:00,354.763733,2
③ 仅光伏不可知（负载已知）,2025-04-22,12:10-12:30,588.136783,2
③ 仅光伏不可知（负载已知）,2025-04-22,12:40-14:00,1122.764650,8
③ 仅光伏不可知（负载已知）,2025-04-22,14:20-15:00,222.380767,4
③ 仅光伏不可知（负载已知）,2025-04-22,15:30-16:00,56.726617,3
③ 仅光伏不可知（负载已知）,2025-04-22,16:50-17:00,42.493750,1
③ 仅光伏不可知（负载已知）,2025-04-22,17:50-18:00,23.817017,1
③ 仅光伏不可知（负载已知）,2025-04-23,5:00-7:50,2145.065017,17
③ 仅光伏不可知（负载已知）,2025-04-23,8:00-11:30,2569.445233,21
③ 仅光伏不可知（负载已知）,2025-04-23,11:40-12:00,244.002050,2
③ 仅光伏不可知（负载已知）,2025-04-23,12:10-12:30,476.682800,2
③ 仅光伏不可知（负载已知）,2025-04-23,12:40-14:00,1170.249567,8
③ 仅光伏不可知（负载已知）,2025-04-23,14:10-14:30,156.144000,2
③ 仅光伏不可知（负载已知）,2025-04-23,14:40-15:00,274.346583,2
③ 仅光伏不可知（负载已知）,2025-04-23,15:40-16:00,40.077867,2
③ 仅光伏不可知（负载已知）,2025-04-23,16:50-17:00,36.800000,1
③ 仅光伏不可知（负载已知）,2025-04-23,17:50-18:00,0.856200,1
③ 仅光伏不可知（负载已知）,2025-04-24,5:00-5:50,462.716317,5
③ 仅光伏不可知（负载已知）,2025-04-24,6:00-6:50,864.248433,5
③ 仅光伏不可知（负载已知）,2025-04-24,7:00-7:40,476.483833,4
③ 仅光伏不可知（负载已知）,2025-04-24,8:00-8:30,242.074600,3
③ 仅光伏不可知（负载已知）,2025-04-24,9:00-9:20,69.947083,2
③ 仅光伏不可知（负载已知）,2025-04-24,10:00-10:50,379.499550,5
③ 仅光伏不可知（负载已知）,2025-04-24,11:00-11:30,513.848333,3
③ 仅光伏不可知（负载已知）,2025-04-24,11:40-12:00,331.678833,2
③ 仅光伏不可知（负载已知）,2025-04-24,12:10-13:00,637.364617,5
③ 仅光伏不可知（负载已知）,2025-04-24,13:50-14:00,31.318750,1
③ 仅光伏不可知（负载已知）,2025-04-24,15:50-16:00,34.888850,1
③ 仅光伏不可知（负载已知）,2025-04-24,16:50-17:00,10.513550,1
③ 仅光伏不可知（负载已知）,2025-04-24,17:50-18:00,0.947367,1
③ 仅光伏不可知（负载已知）,2025-04-25,5:00-7:00,1529.425350,12
③ 仅光伏不可知（负载已知）,2025-04-25,7:50-8:00,77.621083,1
③ 仅光伏不可知（负载已知）,2025-04-25,8:20-8:30,212.817100,1
③ 仅光伏不可知（负载已知）,2025-04-25,9:00-9:10,306.082917,1
③ 仅光伏不可知（负载已知）,2025-04-25,9:20-9:30,200.154417,1
③ 仅光伏不可知（负载已知）,2025-04-25,9:50-10:10,238.875317,2
③ 仅光伏不可知（负载已知）,2025-04-25,10:30-10:40,64.665983,1
③ 仅光伏不可知（负载已知）,2025-04-25,10:50-11:30,203.579483,4
③ 仅光伏不可知（负载已知）,2025-04-25,12:00-12:20,43.131900,2
③ 仅光伏不可知（负载已知）,2025-04-25,12:40-12:50,12.038433,1
③ 仅光伏不可知（负载已知）,2025-04-25,13:40-14:00,43.187750,2
③ 仅光伏不可知（负载已知）,2025-04-26,5:00-7:40,2299.684867,16
③ 仅光伏不可知（负载已知）,2025-04-26,8:00-8:20,512.520183,2
③ 仅光伏不可知（负载已知）,2025-04-26,8:30-8:40,180.632700,1
③ 仅光伏不可知（负载已知）,2025-04-26,9:10-10:10,312.898600,6
③ 仅光伏不可知（负载已知）,2025-04-26,13:20-13:30,54.731250,1
③ 仅光伏不可知（负载已知）,2025-04-26,13:50-14:00,151.200000,1
③ 仅光伏不可知（负载已知）,2025-04-27,5:00-5:50,462.383083,5
③ 仅光伏不可知（负载已知）,2025-04-27,6:00-6:50,703.319067,5
③ 仅光伏不可知（负载已知）,2025-04-27,7:00-11:30,5154.023467,27
③ 仅光伏不可知（负载已知）,2025-04-27,11:40-12:00,189.293517,2
③ 仅光伏不可知（负载已知）,2025-04-27,13:50-14:00,7.836367,1
③ 仅光伏不可知（负载已知）,2025-04-27,14:50-15:00,43.427600,1
③ 仅光伏不可知（负载已知）,2025-04-27,15:50-16:00,15.329267,1
③ 仅光伏不可知（负载已知）,2025-04-27,16:50-17:00,57.710283,1
③ 仅光伏不可知（负载已知）,2025-04-27,17:40-18:00,44.484767,2
③ 仅光伏不可知（负载已知）,2025-04-28,5:00-5:50,436.360817,5
③ 仅光伏不可知（负载已知）,2025-04-28,6:00-11:00,3988.130950,30
③ 仅光伏不可知（负载已知）,2025-04-28,16:50-17:00,19.769950,1
③ 仅光伏不可知（负载已知）,2025-04-28,17:50-18:00,12.703333,1
③ 仅光伏不可知（负载已知）,2025-04-29,5:00-5:50,517.181533,5
③ 仅光伏不可知（负载已知）,2025-04-29,6:00-8:50,3009.981367,17
③ 仅光伏不可知（负载已知）,2025-04-29,9:00-11:00,1170.986750,12
③ 仅光伏不可知（负载已知）,2025-04-29,14:50-15:00,21.244133,1
③ 仅光伏不可知（负载已知）,2025-04-29,15:30-16:00,157.793867,3
③ 仅光伏不可知（负载已知）,2025-04-29,16:40-17:00,76.184900,2
③ 仅光伏不可知（负载已知）,2025-04-29,17:50-18:00,23.554700,1
③ 仅光伏不可知（负载已知）,2025-04-30,5:00-11:30,6317.033667,39
③ 仅光伏不可知（负载已知）,2025-04-30,11:40-12:00,98.698500,2
③ 仅光伏不可知（负载已知）,2025-04-30,12:10-12:30,272.619850,2
③ 仅光伏不可知（负载已知）,2025-04-30,12:40-13:20,262.377267,4
③ 仅光伏不可知（负载已知）,2025-04-30,13:50-14:00,51.050000,1
③ 仅光伏不可知（负载已知）,2025-04-30,14:40-15:00,95.798017,2
③ 仅光伏不可知（负载已知）,2025-05-01,5:00-9:50,4875.495367,29
③ 仅光伏不可知（负载已知）,2025-05-01,10:00-10:20,258.924500,2
③ 仅光伏不可知（负载已知）,2025-05-01,10:30-11:50,581.490183,8
③ 仅光伏不可知（负载已知）,2025-05-01,14:50-15:00,11.831633,1
③ 仅光伏不可知（负载已知）,2025-05-01,15:50-16:00,10.541867,1
③ 仅光伏不可知（负载已知）,2025-05-02,5:00-5:50,428.757333,5
③ 仅光伏不可知（负载已知）,2025-05-02,6:00-6:50,588.693383,5
③ 仅光伏不可知（负载已知）,2025-05-02,7:00-7:50,311.984583,5
③ 仅光伏不可知（负载已知）,2025-05-02,8:00-8:20,354.034050,2
③ 仅光伏不可知（负载已知）,2025-05-02,9:00-9:20,135.240983,2
③ 仅光伏不可知（负载已知）,2025-05-02,12:30-12:40,43.311800,1
③ 仅光伏不可知（负载已知）,2025-05-02,13:50-14:00,162.323400,1
③ 仅光伏不可知（负载已知）,2025-05-03,5:00-5:50,451.709567,5
③ 仅光伏不可知（负载已知）,2025-05-03,6:00-6:50,498.104217,5
③ 仅光伏不可知（负载已知）,2025-05-03,7:00-7:50,562.616683,5
③ 仅光伏不可知（负载已知）,2025-05-03,8:00-8:10,277.910433,1
③ 仅光伏不可知（负载已知）,2025-05-03,8:20-8:40,304.215733,2
③ 仅光伏不可知（负载已知）,2025-05-03,9:00-9:10,164.766300,1
③ 仅光伏不可知（负载已知）,2025-05-03,10:00-10:10,170.491483,1
③ 仅光伏不可知（负载已知）,2025-05-03,10:20-10:30,92.400617,1
③ 仅光伏不可知（负载已知）,2025-05-04,5:00-5:50,581.558183,5
③ 仅光伏不可知（负载已知）,2025-05-04,6:00-6:50,746.934700,5
③ 仅光伏不可知（负载已知）,2025-05-04,7:00-7:50,576.616767,5
③ 仅光伏不可知（负载已知）,2025-05-04,8:00-8:40,572.291417,4
③ 仅光伏不可知（负载已知）,2025-05-04,9:00-10:00,557.658667,6
③ 仅光伏不可知（负载已知）,2025-05-04,13:00-13:30,107.079650,3
③ 仅光伏不可知（负载已知）,2025-05-05,5:00-5:50,444.593483,5
③ 仅光伏不可知（负载已知）,2025-05-05,6:00-6:50,374.761200,5
③ 仅光伏不可知（负载已知）,2025-05-05,7:00-7:50,403.293667,5
③ 仅光伏不可知（负载已知）,2025-05-05,8:00-8:40,579.281817,4
③ 仅光伏不可知（负载已知）,2025-05-05,9:00-9:40,289.247750,4
③ 仅光伏不可知（负载已知）,2025-05-05,10:00-12:00,2143.629333,12
③ 仅光伏不可知（负载已知）,2025-05-05,12:40-14:00,695.324350,8
③ 仅光伏不可知（负载已知）,2025-05-05,14:40-15:00,55.240833,2
③ 仅光伏不可知（负载已知）,2025-05-06,5:00-10:50,6808.760133,35
③ 仅光伏不可知（负载已知）,2025-05-06,11:00-12:00,716.979383,6
③ 仅光伏不可知（负载已知）,2025-05-06,12:10-12:50,231.826267,4
③ 仅光伏不可知（负载已知）,2025-05-06,13:50-14:00,89.543750,1
③ 仅光伏不可知（负载已知）,2025-05-06,14:50-15:00,14.560250,1
③ 仅光伏不可知（负载已知）,2025-05-06,15:50-16:00,1.530150,1
③ 仅光伏不可知（负载已知）,2025-05-06,16:40-17:00,88.594617,2
③ 仅光伏不可知（负载已知）,2025-05-06,17:50-18:00,1.570183,1
③ 仅光伏不可知（负载已知）,2025-05-07,5:00-5:50,461.240800,5
③ 仅光伏不可知（负载已知）,2025-05-07,6:00-9:30,3387.665200,21
③ 仅光伏不可知（负载已知）,2025-05-07,9:40-10:10,469.088000,3
③ 仅光伏不可知（负载已知）,2025-05-07,10:20-11:00,792.040917,4
③ 仅光伏不可知（负载已知）,2025-05-07,11:10-12:30,1234.980250,8
③ 仅光伏不可知（负载已知）,2025-05-07,12:40-14:00,535.597917,8
③ 仅光伏不可知（负载已知）,2025-05-07,14:50-15:00,20.691200,1
③ 仅光伏不可知（负载已知）,2025-05-08,5:00-6:50,1101.341900,11
③ 仅光伏不可知（负载已知）,2025-05-08,7:00-7:50,851.659900,5
③ 仅光伏不可知（负载已知）,2025-05-08,8:00-8:40,363.577250,4
③ 仅光伏不可知（负载已知）,2025-05-08,9:00-9:50,472.872883,5
③ 仅光伏不可知（负载已知）,2025-05-08,14:30-15:00,80.535983,3
③ 仅光伏不可知（负载已知）,2025-05-08,15:40-16:00,44.571800,2
③ 仅光伏不可知（负载已知）,2025-05-08,16:50-17:00,18.675000,1
③ 仅光伏不可知（负载已知）,2025-05-08,17:50-18:00,35.313900,1
③ 仅光伏不可知（负载已知）,2025-05-09,5:00-7:50,2172.859167,17
③ 仅光伏不可知（负载已知）,2025-05-09,8:00-8:20,285.844717,2
③ 仅光伏不可知（负载已知）,2025-05-09,8:40-8:50,11.599183,1
③ 仅光伏不可知（负载已知）,2025-05-09,9:00-9:40,799.726350,4
③ 仅光伏不可知（负载已知）,2025-05-09,16:40-17:00,40.742583,2
③ 仅光伏不可知（负载已知）,2025-05-09,17:50-18:00,35.926583,1
③ 仅光伏不可知（负载已知）,2025-05-10,5:00-5:50,555.999617,5
③ 仅光伏不可知（负载已知）,2025-05-10,6:00-6:50,567.925833,5
③ 仅光伏不可知（负载已知）,2025-05-10,7:00-7:50,267.273900,5
③ 仅光伏不可知（负载已知）,2025-05-10,8:00-8:20,305.187383,2
③ 仅光伏不可知（负载已知）,2025-05-10,8:40-8:50,23.922100,1
③ 仅光伏不可知（负载已知）,2025-05-10,9:00-9:30,495.332967,3
③ 仅光伏不可知（负载已知）,2025-05-10,10:00-10:10,85.172750,1
③ 仅光伏不可知（负载已知）,2025-05-10,10:30-10:50,105.629133,2
③ 仅光伏不可知（负载已知）,2025-05-10,14:30-14:50,29.841633,2
③ 仅光伏不可知（负载已知）,2025-05-10,15:30-15:50,67.295600,2
③ 仅光伏不可知（负载已知）,2025-05-10,16:40-17:00,127.462767,2
③ 仅光伏不可知（负载已知）,2025-05-10,17:50-18:00,0.044750,1
③ 仅光伏不可知（负载已知）,2025-05-11,5:00-7:50,2026.378733,17
③ 仅光伏不可知（负载已知）,2025-05-11,8:00-8:50,786.590700,5
③ 仅光伏不可知（负载已知）,2025-05-11,9:00-9:50,130.583133,5
③ 仅光伏不可知（负载已知）,2025-05-11,10:00-10:20,160.325600,2
③ 仅光伏不可知（负载已知）,2025-05-11,11:00-12:50,593.109567,11
③ 仅光伏不可知（负载已知）,2025-05-11,13:50-14:00,20.122400,1
③ 仅光伏不可知（负载已知）,2025-05-11,15:40-16:00,86.711267,2
③ 仅光伏不可知（负载已知）,2025-05-11,16:50-17:00,42.037500,1
③ 仅光伏不可知（负载已知）,2025-05-11,17:50-18:00,26.565183,1
③ 仅光伏不可知（负载已知）,2025-05-12,5:00-5:50,532.857500,5
③ 仅光伏不可知（负载已知）,2025-05-12,6:00-6:50,837.646650,5
③ 仅光伏不可知（负载已知）,2025-05-12,7:00-7:50,1022.255617,5
③ 仅光伏不可知（负载已知）,2025-05-12,8:00-14:00,3965.751683,36
③ 仅光伏不可知（负载已知）,2025-05-12,14:40-15:00,70.624971,2
③ 仅光伏不可知（负载已知）,2025-05-12,15:40-16:00,130.848000,2
③ 仅光伏不可知（负载已知）,2025-05-12,16:30-17:00,167.485800,3
③ 仅光伏不可知（负载已知）,2025-05-12,17:50-18:00,29.236650,1
③ 仅光伏不可知（负载已知）,2025-05-13,5:00-6:50,1028.440533,11
③ 仅光伏不可知（负载已知）,2025-05-13,7:00-7:40,374.756000,4
③ 仅光伏不可知（负载已知）,2025-05-13,8:00-8:20,69.438200,2
③ 仅光伏不可知（负载已知）,2025-05-13,11:40-12:20,164.171250,4
③ 仅光伏不可知（负载已知）,2025-05-13,12:30-13:00,91.913317,3
③ 仅光伏不可知（负载已知）,2025-05-13,14:20-15:00,198.136850,4
③ 仅光伏不可知（负载已知）,2025-05-13,15:40-16:00,111.858317,2
③ 仅光伏不可知（负载已知）,2025-05-13,16:50-17:00,35.343750,1
③ 仅光伏不可知（负载已知）,2025-05-13,17:50-18:00,20.187500,1
③ 仅光伏不可知（负载已知）,2025-05-14,5:00-5:50,416.070017,5
③ 仅光伏不可知（负载已知）,2025-05-14,6:00-6:50,619.758300,5
③ 仅光伏不可知（负载已知）,2025-05-14,7:00-12:00,4572.517433,30
③ 仅光伏不可知（负载已知）,2025-05-15,5:00-5:50,551.270167,5
③ 仅光伏不可知（负载已知）,2025-05-15,6:00-12:00,5690.364867,36
③ 仅光伏不可知（负载已知）,2025-05-15,12:20-13:00,314.153767,4
③ 仅光伏不可知（负载已知）,2025-05-16,5:00-7:10,1873.536367,13
③ 仅光伏不可知（负载已知）,2025-05-16,7:20-7:50,572.375783,3
③ 仅光伏不可知（负载已知）,2025-05-16,9:00-9:10,205.576067,1
③ 仅光伏不可知（负载已知）,2025-05-16,9:40-10:10,268.834383,3
③ 仅光伏不可知（负载已知）,2025-05-16,10:20-10:40,85.248483,2
③ 仅光伏不可知（负载已知）,2025-05-16,13:20-13:30,9.679817,1
③ 仅光伏不可知（负载已知）,2025-05-17,5:00-7:10,1633.378150,13
③ 仅光伏不可知（负载已知）,2025-05-17,7:20-7:40,209.274200,2
③ 仅光伏不可知（负载已知）,2025-05-17,8:00-8:20,259.994483,2
③ 仅光伏不可知（负载已知）,2025-05-17,8:40-8:50,1.978167,1
③ 仅光伏不可知（负载已知）,2025-05-17,9:00-9:30,276.141300,3
③ 仅光伏不可知（负载已知）,2025-05-17,10:00-10:10,207.465567,1
③ 仅光伏不可知（负载已知）,2025-05-17,10:40-10:50,52.423283,1
③ 仅光伏不可知（负载已知）,2025-05-17,16:50-17:00,36.708117,1
③ 仅光伏不可知（负载已知）,2025-05-17,17:50-18:00,17.962733,1
③ 仅光伏不可知（负载已知）,2025-05-18,5:00-6:50,1219.523517,11
③ 仅光伏不可知（负载已知）,2025-05-18,7:00-7:40,229.522367,4
③ 仅光伏不可知（负载已知）,2025-05-18,8:00-8:50,694.556383,5
③ 仅光伏不可知（负载已知）,2025-05-18,9:00-9:30,216.792200,3
③ 仅光伏不可知（负载已知）,2025-05-18,15:50-16:00,5.359650,1
③ 仅光伏不可知（负载已知）,2025-05-18,17:50-18:00,2.219233,1
③ 仅光伏不可知（负载已知）,2025-05-19,5:00-8:40,2745.765800,22
③ 仅光伏不可知（负载已知）,2025-05-19,10:20-10:40,57.258583,2
③ 仅光伏不可知（负载已知）,2025-05-19,13:50-14:00,23.136383,1
③ 仅光伏不可知（负载已知）,2025-05-19,15:50-16:00,70.525000,1
③ 仅光伏不可知（负载已知）,2025-05-19,16:50-17:00,19.706250,1
③ 仅光伏不可知（负载已知）,2025-05-19,17:50-18:00,1.437317,1
③ 仅光伏不可知（负载已知）,2025-05-20,5:00-5:50,547.766917,5
③ 仅光伏不可知（负载已知）,2025-05-20,6:00-6:50,693.475533,5
③ 仅光伏不可知（负载已知）,2025-05-20,7:00-7:50,978.493100,5
③ 仅光伏不可知（负载已知）,2025-05-20,8:00-8:50,684.646717,5
③ 仅光伏不可知（负载已知）,2025-05-20,9:00-9:20,88.111300,2
③ 仅光伏不可知（负载已知）,2025-05-20,10:00-14:20,2924.229583,26
③ 仅光伏不可知（负载已知）,2025-05-20,14:30-15:00,302.061500,3
③ 仅光伏不可知（负载已知）,2025-05-20,15:30-16:00,177.694667,3
③ 仅光伏不可知（负载已知）,2025-05-20,16:50-17:00,12.056250,1
③ 仅光伏不可知（负载已知）,2025-05-21,5:00-5:50,600.697583,5
③ 仅光伏不可知（负载已知）,2025-05-21,6:00-10:50,4874.607050,29
③ 仅光伏不可知（负载已知）,2025-05-21,11:00-12:50,1329.613167,11
③ 仅光伏不可知（负载已知）,2025-05-21,14:30-15:00,319.593150,3
③ 仅光伏不可知（负载已知）,2025-05-21,15:20-16:00,294.108383,4
③ 仅光伏不可知（负载已知）,2025-05-21,16:50-17:00,21.328883,1
③ 仅光伏不可知（负载已知）,2025-05-21,17:50-18:00,5.536033,1
③ 仅光伏不可知（负载已知）,2025-05-22,5:00-5:50,581.292233,5
③ 仅光伏不可知（负载已知）,2025-05-22,6:00-6:40,408.554983,4
③ 仅光伏不可知（负载已知）,2025-05-22,7:00-7:50,535.937950,5
③ 仅光伏不可知（负载已知）,2025-05-22,8:00-8:40,301.380883,4
③ 仅光伏不可知（负载已知）,2025-05-22,9:00-9:20,106.557217,2
③ 仅光伏不可知（负载已知）,2025-05-22,9:50-10:50,1048.635683,6
③ 仅光伏不可知（负载已知）,2025-05-22,11:00-12:50,2206.142483,11
③ 仅光伏不可知（负载已知）,2025-05-22,13:50-14:00,102.337500,1
③ 仅光伏不可知（负载已知）,2025-05-22,14:30-15:00,169.428750,3
③ 仅光伏不可知（负载已知）,2025-05-22,15:50-16:00,0.296567,1
③ 仅光伏不可知（负载已知）,2025-05-23,5:00-5:50,580.124767,5
③ 仅光伏不可知（负载已知）,2025-05-23,6:00-6:50,644.226350,5
③ 仅光伏不可知（负载已知）,2025-05-23,7:00-7:10,192.582033,1
③ 仅光伏不可知（负载已知）,2025-05-23,7:20-7:40,167.036850,2
③ 仅光伏不可知（负载已知）,2025-05-23,8:00-8:20,250.186200,2
③ 仅光伏不可知（负载已知）,2025-05-23,9:00-9:30,78.728300,3
③ 仅光伏不可知（负载已知）,2025-05-23,13:50-14:00,58.951283,1
③ 仅光伏不可知（负载已知）,2025-05-23,15:30-15:40,43.688333,1
③ 仅光伏不可知（负载已知）,2025-05-23,16:40-17:00,60.136800,2
③ 仅光伏不可知（负载已知）,2025-05-23,17:50-18:00,0.700000,1
③ 仅光伏不可知（负载已知）,2025-05-24,5:00-6:50,1438.410067,11
③ 仅光伏不可知（负载已知）,2025-05-24,7:10-7:30,437.041783,2
③ 仅光伏不可知（负载已知）,2025-05-24,8:00-8:10,235.167683,1
③ 仅光伏不可知（负载已知）,2025-05-24,8:40-9:20,615.177883,4
③ 仅光伏不可知（负载已知）,2025-05-24,9:40-10:10,209.191183,3
③ 仅光伏不可知（负载已知）,2025-05-24,10:20-10:30,62.119167,1
③ 仅光伏不可知（负载已知）,2025-05-24,12:40-13:00,156.763117,2
③ 仅光伏不可知（负载已知）,2025-05-24,13:20-13:30,9.506250,1
③ 仅光伏不可知（负载已知）,2025-05-24,13:50-14:00,10.918750,1
③ 仅光伏不可知（负载已知）,2025-05-24,14:50-15:00,112.416300,1
③ 仅光伏不可知（负载已知）,2025-05-25,5:00-5:50,570.266733,5
③ 仅光伏不可知（负载已知）,2025-05-25,6:00-6:50,557.252233,5
③ 仅光伏不可知（负载已知）,2025-05-25,7:00-7:50,903.121850,5
③ 仅光伏不可知（负载已知）,2025-05-25,8:00-8:50,286.965750,5
③ 仅光伏不可知（负载已知）,2025-05-25,9:00-9:40,314.145900,4
③ 仅光伏不可知（负载已知）,2025-05-25,15:40-16:00,109.040583,2
③ 仅光伏不可知（负载已知）,2025-05-25,16:50-17:00,17.750000,1
③ 仅光伏不可知（负载已知）,2025-05-25,17:50-18:00,10.275000,1
③ 仅光伏不可知（负载已知）,2025-05-26,5:00-14:00,9443.651433,54
③ 仅光伏不可知（负载已知）,2025-05-26,14:40-15:00,130.914050,2
③ 仅光伏不可知（负载已知）,2025-05-26,15:50-16:00,25.135583,1
③ 仅光伏不可知（负载已知）,2025-05-27,5:00-6:50,1435.473167,11
③ 仅光伏不可知（负载已知）,2025-05-27,7:00-9:00,2445.334017,12
③ 仅光伏不可知（负载已知）,2025-05-27,9:10-9:20,214.764433,1
③ 仅光伏不可知（负载已知）,2025-05-27,9:30-12:00,2609.605622,15
③ 仅光伏不可知（负载已知）,2025-05-27,12:50-13:00,114.493033,1
③ 仅光伏不可知（负载已知）,2025-05-27,13:50-14:00,6.338433,1
③ 仅光伏不可知（负载已知）,2025-05-27,14:30-15:00,170.735917,3
③ 仅光伏不可知（负载已知）,2025-05-27,15:50-16:00,9.007300,1
③ 仅光伏不可知（负载已知）,2025-05-27,16:50-17:00,28.287500,1
③ 仅光伏不可知（负载已知）,2025-05-27,17:50-18:00,2.056250,1
③ 仅光伏不可知（负载已知）,2025-05-28,5:00-5:50,478.311433,5
③ 仅光伏不可知（负载已知）,2025-05-28,6:00-6:50,490.274800,5
③ 仅光伏不可知（负载已知）,2025-05-28,7:00-7:30,350.347950,3
③ 仅光伏不可知（负载已知）,2025-05-28,8:00-8:50,487.670000,5
③ 仅光伏不可知（负载已知）,2025-05-28,9:00-9:10,24.831517,1
③ 仅光伏不可知（负载已知）,2025-05-28,10:00-10:30,154.807600,3
③ 仅光伏不可知（负载已知）,2025-05-28,10:50-11:20,100.143950,3
③ 仅光伏不可知（负载已知）,2025-05-28,11:40-11:50,6.400300,1
③ 仅光伏不可知（负载已知）,2025-05-28,12:00-13:00,923.400700,6
③ 仅光伏不可知（负载已知）,2025-05-28,13:50-14:00,29.131250,1
③ 仅光伏不可知（负载已知）,2025-05-28,14:50-15:00,39.631250,1
③ 仅光伏不可知（负载已知）,2025-05-28,15:40-16:00,49.800817,2
③ 仅光伏不可知（负载已知）,2025-05-28,16:40-17:00,74.794100,2
③ 仅光伏不可知（负载已知）,2025-05-29,5:00-7:50,2006.663817,17
③ 仅光伏不可知（负载已知）,2025-05-29,8:00-8:40,641.905467,4
③ 仅光伏不可知（负载已知）,2025-05-29,9:00-9:30,180.632700,3
③ 仅光伏不可知（负载已知）,2025-05-29,11:00-13:00,1373.878483,12
③ 仅光伏不可知（负载已知）,2025-05-29,13:30-14:00,250.931233,3
③ 仅光伏不可知（负载已知）,2025-05-29,14:10-15:00,225.409217,5
③ 仅光伏不可知（负载已知）,2025-05-29,15:40-16:00,70.767267,2
③ 仅光伏不可知（负载已知）,2025-05-29,16:50-17:00,3.933733,1
③ 仅光伏不可知（负载已知）,2025-05-30,5:00-7:10,1640.955583,13
③ 仅光伏不可知（负载已知）,2025-05-30,7:20-7:40,198.512867,2
③ 仅光伏不可知（负载已知）,2025-05-30,8:00-8:20,276.047800,2
③ 仅光伏不可知（负载已知）,2025-05-30,8:40-9:30,645.649650,5
③ 仅光伏不可知（负载已知）,2025-05-30,16:40-17:00,50.641933,2
③ 仅光伏不可知（负载已知）,2025-05-30,17:50-18:00,3.166833,1
③ 仅光伏不可知（负载已知）,2025-05-31,5:00-5:50,499.564417,5
③ 仅光伏不可知（负载已知）,2025-05-31,6:00-6:40,220.334633,4
③ 仅光伏不可知（负载已知）,2025-05-31,7:00-7:20,196.578533,2
③ 仅光伏不可知（负载已知）,2025-05-31,8:00-8:20,283.348633,2
③ 仅光伏不可知（负载已知）,2025-05-31,8:30-8:40,52.036017,1
③ 仅光伏不可知（负载已知）,2025-05-31,9:20-9:30,65.286850,1
③ 仅光伏不可知（负载已知）,2025-05-31,10:00-10:40,1063.624717,4
③ 仅光伏不可知（负载已知）,2025-05-31,10:50-11:00,29.096250,1
③ 仅光伏不可知（负载已知）,2025-05-31,11:40-12:00,132.884467,2
③ 仅光伏不可知（负载已知）,2025-06-01,5:00-10:00,3409.945333,30
③ 仅光伏不可知（负载已知）,2025-06-01,11:00-11:10,0.964900,1
③ 仅光伏不可知（负载已知）,2025-06-02,5:00-5:50,459.251683,5
③ 仅光伏不可知（负载已知）,2025-06-02,6:00-6:50,521.558617,5
③ 仅光伏不可知（负载已知）,2025-06-02,7:00-7:50,272.211450,5
③ 仅光伏不可知（负载已知）,2025-06-02,8:00-8:40,320.315967,4
③ 仅光伏不可知（负载已知）,2025-06-02,9:00-9:30,338.515867,3
③ 仅光伏不可知（负载已知）,2025-06-03,5:00-5:50,396.930617,5
③ 仅光伏不可知（负载已知）,2025-06-03,6:00-6:40,258.443700,4
③ 仅光伏不可知（负载已知）,2025-06-03,7:00-7:30,180.902717,3
③ 仅光伏不可知（负载已知）,2025-06-03,8:00-8:40,406.492000,4
③ 仅光伏不可知（负载已知）,2025-06-03,9:00-9:50,99.021483,5
③ 仅光伏不可知（负载已知）,2025-06-03,10:00-10:20,188.558233,2
③ 仅光伏不可知（负载已知）,2025-06-03,10:40-11:40,220.476733,6
③ 仅光伏不可知（负载已知）,2025-06-03,12:20-12:40,104.657417,2
③ 仅光伏不可知（负载已知）,2025-06-03,14:30-15:00,48.583700,3
③ 仅光伏不可知（负载已知）,2025-06-03,15:40-16:00,48.266167,2
③ 仅光伏不可知（负载已知）,2025-06-03,16:50-17:00,11.364750,1
③ 仅光伏不可知（负载已知）,2025-06-03,17:50-18:00,22.334400,1
③ 仅光伏不可知（负载已知）,2025-06-04,5:00-5:50,520.961967,5
③ 仅光伏不可知（负载已知）,2025-06-04,6:00-6:30,241.106250,3
③ 仅光伏不可知（负载已知）,2025-06-04,7:00-7:40,258.414767,4
③ 仅光伏不可知（负载已知）,2025-06-04,8:00-8:20,87.813150,2
③ 仅光伏不可知（负载已知）,2025-06-05,5:00-5:50,472.506350,5
③ 仅光伏不可知（负载已知）,2025-06-05,6:00-8:50,1348.310233,17
③ 仅光伏不可知（负载已知）,2025-06-05,9:00-11:00,661.848983,12
③ 仅光伏不可知（负载已知）,2025-06-05,12:00-13:00,309.080483,6
③ 仅光伏不可知（负载已知）,2025-06-05,13:30-14:00,161.108833,3
③ 仅光伏不可知（负载已知）,2025-06-05,14:40-16:00,619.121967,8
③ 仅光伏不可知（负载已知）,2025-06-05,16:40-17:00,101.905267,2
③ 仅光伏不可知（负载已知）,2025-06-05,17:50-18:00,19.618750,1
③ 仅光伏不可知（负载已知）,2025-06-06,5:00-7:50,1611.849433,17
③ 仅光伏不可知（负载已知）,2025-06-06,8:00-8:20,382.454817,2
③ 仅光伏不可知（负载已知）,2025-06-06,8:40-9:10,86.262783,3
③ 仅光伏不可知（负载已知）,2025-06-06,10:00-10:50,218.391833,5
③ 仅光伏不可知（负载已知）,2025-06-06,11:00-11:10,14.413633,1
③ 仅光伏不可知（负载已知）,2025-06-06,11:40-11:50,48.006383,1
③ 仅光伏不可知（负载已知）,2025-06-06,12:20-12:50,184.699083,3
③ 仅光伏不可知（负载已知）,2025-06-06,13:50-14:00,45.045533,1
③ 仅光伏不可知（负载已知）,2025-06-06,14:30-15:00,49.552333,3
③ 仅光伏不可知（负载已知）,2025-06-07,5:00-5:50,426.795500,5
③ 仅光伏不可知（负载已知）,2025-06-07,6:00-6:50,500.158767,5
③ 仅光伏不可知（负载已知）,2025-06-07,7:00-7:30,174.027033,3
③ 仅光伏不可知（负载已知）,2025-06-07,8:00-8:30,71.708083,3
③ 仅光伏不可知（负载已知）,2025-06-07,10:00-10:20,40.004233,2
③ 仅光伏不可知（负载已知）,2025-06-07,16:40-17:00,52.342700,2
③ 仅光伏不可知（负载已知）,2025-06-07,17:50-18:00,11.287950,1
③ 仅光伏不可知（负载已知）,2025-06-08,5:00-5:50,484.722850,5
③ 仅光伏不可知（负载已知）,2025-06-08,6:00-6:50,366.727983,5
③ 仅光伏不可知（负载已知）,2025-06-08,7:00-7:50,763.364517,5
③ 仅光伏不可知（负载已知）,2025-06-08,8:00-8:20,173.604567,2
③ 仅光伏不可知（负载已知）,2025-06-08,12:00-13:00,483.335017,6
③ 仅光伏不可知（负载已知）,2025-06-08,13:10-15:00,1029.906183,11
③ 仅光伏不可知（负载已知）,2025-06-08,15:40-16:00,89.788483,2
③ 仅光伏不可知（负载已知）,2025-06-09,5:00-6:50,963.845467,11
③ 仅光伏不可知（负载已知）,2025-06-09,7:00-7:30,170.998417,3
③ 仅光伏不可知（负载已知）,2025-06-09,8:00-8:50,677.013217,5
③ 仅光伏不可知（负载已知）,2025-06-09,9:00-9:20,78.806133,2
③ 仅光伏不可知（负载已知）,2025-06-09,13:20-13:30,6.922767,1
③ 仅光伏不可知（负载已知）,2025-06-10,5:00-10:20,3648.606367,32
③ 仅光伏不可知（负载已知）,2025-06-10,11:10-13:00,802.550083,11
③ 仅光伏不可知（负载已知）,2025-06-10,13:40-14:00,92.544883,2
③ 仅光伏不可知（负载已知）,2025-06-10,14:50-15:00,25.480150,1
③ 仅光伏不可知（负载已知）,2025-06-10,15:40-16:00,55.124867,2
③ 仅光伏不可知（负载已知）,2025-06-10,16:50-17:00,6.282133,1
③ 仅光伏不可知（负载已知）,2025-06-10,17:50-18:00,14.452867,1
③ 仅光伏不可知（负载已知）,2025-06-11,5:00-5:50,380.658417,5
③ 仅光伏不可知（负载已知）,2025-06-11,6:00-12:00,5573.561550,36
③ 仅光伏不可知（负载已知）,2025-06-11,12:50-13:00,7.707167,1
③ 仅光伏不可知（负载已知）,2025-06-12,4:00-4:30,0.268933,3
③ 仅光伏不可知（负载已知）,2025-06-12,4:40-5:50,457.198683,7
③ 仅光伏不可知（负载已知）,2025-06-12,6:00-6:50,491.302417,5
③ 仅光伏不可知（负载已知）,2025-06-12,7:00-7:50,465.933367,5
③ 仅光伏不可知（负载已知）,2025-06-12,8:00-8:40,397.375950,4
③ 仅光伏不可知（负载已知）,2025-06-12,9:00-9:30,223.294367,3
③ 仅光伏不可知（负载已知）,2025-06-12,10:00-11:00,420.000017,6
③ 仅光伏不可知（负载已知）,2025-06-12,11:20-12:00,155.718683,4
③ 仅光伏不可知（负载已知）,2025-06-12,12:40-13:00,35.763267,2
③ 仅光伏不可知（负载已知）,2025-06-12,13:30-14:00,123.430500,3
③ 仅光伏不可知（负载已知）,2025-06-12,14:30-15:00,147.514317,3
③ 仅光伏不可知（负载已知）,2025-06-13,4:00-4:30,0.868533,3
③ 仅光伏不可知（负载已知）,2025-06-13,4:40-8:20,1846.574567,22
③ 仅光伏不可知（负载已知）,2025-06-13,8:40-9:50,588.195967,7
③ 仅光伏不可知（负载已知）,2025-06-13,10:00-10:20,274.324300,2
③ 仅光伏不可知（负载已知）,2025-06-13,10:30-11:30,669.104833,6
③ 仅光伏不可知（负载已知）,2025-06-13,11:40-11:50,26.145267,1
③ 仅光伏不可知（负载已知）,2025-06-13,12:00-12:50,272.164800,5
③ 仅光伏不可知（负载已知）,2025-06-13,17:50-18:00,11.504933,1
③ 仅光伏不可知（负载已知）,2025-06-13,18:50-19:00,0.099533,1
③ 仅光伏不可知（负载已知）,2025-06-14,4:00-4:30,1.694433,3
③ 仅光伏不可知（负载已知）,2025-06-14,4:40-8:20,2430.933450,22
③ 仅光伏不可知（负载已知）,2025-06-14,8:40-9:10,156.541700,3
③ 仅光伏不可知（负载已知）,2025-06-14,9:20-9:30,22.732600,1
③ 仅光伏不可知（负载已知）,2025-06-14,12:00-12:20,96.829250,2
③ 仅光伏不可知（负载已知）,2025-06-15,4:00-5:50,502.133567,11
③ 仅光伏不可知（负载已知）,2025-06-15,6:00-6:50,534.656417,5
③ 仅光伏不可知（负载已知）,2025-06-15,7:00-13:00,6176.386267,36
③ 仅光伏不可知（负载已知）,2025-06-15,13:10-14:00,226.948883,5
③ 仅光伏不可知（负载已知）,2025-06-15,16:50-17:00,4.460350,1
③ 仅光伏不可知（负载已知）,2025-06-16,4:00-4:50,3.213217,5
③ 仅光伏不可知（负载已知）,2025-06-16,5:00-5:50,395.875017,5
③ 仅光伏不可知（负载已知）,2025-06-16,6:00-11:00,5158.155667,30
③ 仅光伏不可知（负载已知）,2025-06-16,11:30-12:00,123.320933,3
③ 仅光伏不可知（负载已知）,2025-06-16,12:30-12:50,85.094333,2
③ 仅光伏不可知（负载已知）,2025-06-16,14:40-14:50,27.045350,1
③ 仅光伏不可知（负载已知）,2025-06-16,16:50-17:00,6.358917,1
③ 仅光伏不可知（负载已知）,2025-06-16,17:50-18:00,17.111700,1
③ 仅光伏不可知（负载已知）,2025-06-16,18:50-19:00,0.165800,1
③ 仅光伏不可知（负载已知）,2025-06-17,4:00-4:50,3.909950,5
③ 仅光伏不可知（负载已知）,2025-06-17,5:00-5:50,504.871850,5
③ 仅光伏不可知（负载已知）,2025-06-17,6:00-12:00,4967.267783,36
③ 仅光伏不可知（负载已知）,2025-06-17,13:20-13:40,29.517500,2
③ 仅光伏不可知（负载已知）,2025-06-17,14:20-14:50,66.324200,3
③ 仅光伏不可知（负载已知）,2025-06-17,15:50-16:00,55.947717,1
③ 仅光伏不可知（负载已知）,2025-06-17,16:50-17:00,8.433417,1
③ 仅光伏不可知（负载已知）,2025-06-18,4:00-9:20,3233.321467,32
③ 仅光伏不可知（负载已知）,2025-06-18,9:40-11:00,691.745900,8
③ 仅光伏不可知（负载已知）,2025-06-18,16:50-17:00,7.402417,1
③ 仅光伏不可知（负载已知）,2025-06-18,18:50-19:00,0.176850,1
③ 仅光伏不可知（负载已知）,2025-06-19,4:00-4:50,5.345267,5
③ 仅光伏不可知（负载已知）,2025-06-19,5:00-5:50,432.439033,5
③ 仅光伏不可知（负载已知）,2025-06-19,6:00-6:50,666.729250,5
③ 仅光伏不可知（负载已知）,2025-06-19,7:00-7:30,181.308983,3
③ 仅光伏不可知（负载已知）,2025-06-19,8:00-8:30,79.610833,3
③ 仅光伏不可知（负载已知）,2025-06-19,9:00-9:20,105.151000,2
③ 仅光伏不可知（负载已知）,2025-06-19,10:00-10:10,7.829350,1
③ 仅光伏不可知（负载已知）,2025-06-19,11:20-13:00,539.983167,10
③ 仅光伏不可知（负载已知）,2025-06-19,13:40-15:00,732.088767,8
③ 仅光伏不可知（负载已知）,2025-06-19,15:40-16:00,92.465217,2
③ 仅光伏不可知（负载已知）,2025-06-19,16:40-17:00,52.894483,2
③ 仅光伏不可知（负载已知）,2025-06-19,17:40-18:00,48.993867,2
③ 仅光伏不可知（负载已知）,2025-06-19,18:50-19:00,0.116867,1
③ 仅光伏不可知（负载已知）,2025-06-20,4:00-4:50,5.963833,5
③ 仅光伏不可知（负载已知）,2025-06-20,5:00-5:50,468.601500,5
③ 仅光伏不可知（负载已知）,2025-06-20,6:00-6:50,517.875417,5
③ 仅光伏不可知（负载已知）,2025-06-20,7:00-7:10,236.268233,1
③ 仅光伏不可知（负载已知）,2025-06-20,7:20-7:50,229.271783,3
③ 仅光伏不可知（负载已知）,2025-06-20,8:00-8:20,242.119467,2
③ 仅光伏不可知（负载已知）,2025-06-20,8:40-9:50,402.775883,7
③ 仅光伏不可知（负载已知）,2025-06-20,10:00-10:20,75.302017,2
③ 仅光伏不可知（负载已知）,2025-06-20,13:50-14:00,21.675617,1
③ 仅光伏不可知（负载已知）,2025-06-20,14:30-14:50,24.985933,2
③ 仅光伏不可知（负载已知）,2025-06-21,4:00-4:50,5.241600,5
③ 仅光伏不可知（负载已知）,2025-06-21,5:00-5:50,362.661600,5
③ 仅光伏不可知（负载已知）,2025-06-21,6:00-6:50,655.719150,5
③ 仅光伏不可知（负载已知）,2025-06-21,7:00-7:40,382.450500,4
③ 仅光伏不可知（负载已知）,2025-06-21,8:00-8:20,43.535483,2
③ 仅光伏不可知（负载已知）,2025-06-21,9:00-9:40,863.771933,4
③ 仅光伏不可知（负载已知）,2025-06-21,10:00-10:20,275.268350,2
③ 仅光伏不可知（负载已知）,2025-06-21,10:30-10:50,100.023350,2
③ 仅光伏不可知（负载已知）,2025-06-21,11:10-11:20,63.061850,1
③ 仅光伏不可知（负载已知）,2025-06-21,11:40-11:50,80.599317,1
③ 仅光伏不可知（负载已知）,2025-06-21,13:50-14:10,58.103350,2
③ 仅光伏不可知（负载已知）,2025-06-21,14:30-14:50,84.605300,2
③ 仅光伏不可知（负载已知）,2025-06-22,4:00-4:50,7.576650,5
③ 仅光伏不可知（负载已知）,2025-06-22,5:00-8:50,2898.845117,23
③ 仅光伏不可知（负载已知）,2025-06-22,9:00-9:40,156.780433,4
③ 仅光伏不可知（负载已知）,2025-06-22,11:20-11:40,21.886150,2
③ 仅光伏不可知（负载已知）,2025-06-22,11:50-13:00,287.753150,7
③ 仅光伏不可知（负载已知）,2025-06-22,13:10-15:00,913.320033,11
③ 仅光伏不可知（负载已知）,2025-06-22,15:20-16:00,200.958833,4
③ 仅光伏不可知（负载已知）,2025-06-22,16:50-17:00,43.987500,1
③ 仅光伏不可知（负载已知）,2025-06-22,17:40-18:00,37.722883,2
③ 仅光伏不可知（负载已知）,2025-06-23,4:00-4:50,6.092783,5
③ 仅光伏不可知（负载已知）,2025-06-23,5:00-5:50,415.591933,5
③ 仅光伏不可知（负载已知）,2025-06-23,6:00-6:40,394.582483,4
③ 仅光伏不可知（负载已知）,2025-06-23,7:00-7:50,433.599667,5
③ 仅光伏不可知（负载已知）,2025-06-23,8:00-8:30,104.959100,3
③ 仅光伏不可知（负载已知）,2025-06-23,9:00-9:50,401.724100,5
③ 仅光伏不可知（负载已知）,2025-06-23,10:00-10:20,136.768217,2
③ 仅光伏不可知（负载已知）,2025-06-23,11:00-13:00,1463.260750,12
③ 仅光伏不可知（负载已知）,2025-06-23,13:40-14:50,252.124717,7
③ 仅光伏不可知（负载已知）,2025-06-23,15:40-16:00,64.496133,2
③ 仅光伏不可知（负载已知）,2025-06-24,4:00-9:30,2732.049983,33
③ 仅光伏不可知（负载已知）,2025-06-24,9:50-11:00,859.712633,7
③ 仅光伏不可知（负载已知）,2025-06-25,4:00-4:50,5.078383,5
③ 仅光伏不可知（负载已知）,2025-06-25,5:00-5:50,448.122850,5
③ 仅光伏不可知（负载已知）,2025-06-25,6:00-6:50,547.847367,5
③ 仅光伏不可知（负载已知）,2025-06-25,7:00-7:40,405.372833,4
③ 仅光伏不可知（负载已知）,2025-06-25,8:00-8:30,137.884917,3
③ 仅光伏不可知（负载已知）,2025-06-25,10:00-10:10,27.950617,1
③ 仅光伏不可知（负载已知）,2025-06-25,10:40-15:00,2282.688467,26
③ 仅光伏不可知（负载已知）,2025-06-25,15:30-16:00,245.613333,3
③ 仅光伏不可知（负载已知）,2025-06-25,16:40-17:00,67.379483,2
③ 仅光伏不可知（负载已知）,2025-06-25,17:50-18:00,11.712017,1
③ 仅光伏不可知（负载已知）,2025-06-26,4:00-4:50,4.349033,5
③ 仅光伏不可知（负载已知）,2025-06-26,5:00-5:50,371.598250,5
③ 仅光伏不可知（负载已知）,2025-06-26,6:00-6:50,381.592050,5
③ 仅光伏不可知（负载已知）,2025-06-26,7:00-7:40,289.579917,4
③ 仅光伏不可知（负载已知）,2025-06-26,8:00-8:30,29.580450,3
③ 仅光伏不可知（负载已知）,2025-06-26,9:00-9:30,184.831900,3
③ 仅光伏不可知（负载已知）,2025-06-26,10:00-15:00,3675.539650,30
③ 仅光伏不可知（负载已知）,2025-06-26,15:50-16:00,30.324450,1
③ 仅光伏不可知（负载已知）,2025-06-27,4:00-4:50,2.996200,5
③ 仅光伏不可知（负载已知）,2025-06-27,5:00-5:50,353.237583,5
③ 仅光伏不可知（负载已知）,2025-06-27,6:00-6:40,379.309767,4
③ 仅光伏不可知（负载已知）,2025-06-27,7:00-7:20,106.752800,2
③ 仅光伏不可知（负载已知）,2025-06-27,8:00-8:20,218.787817,2
③ 仅光伏不可知（负载已知）,2025-06-27,8:30-8:40,6.546400,1
③ 仅光伏不可知（负载已知）,2025-06-27,9:20-9:30,188.129567,1
③ 仅光伏不可知（负载已知）,2025-06-27,10:00-10:40,1181.588583,4
③ 仅光伏不可知（负载已知）,2025-06-27,10:50-11:10,222.354000,2
③ 仅光伏不可知（负载已知）,2025-06-27,11:20-11:30,115.615833,1
③ 仅光伏不可知（负载已知）,2025-06-27,11:40-11:50,145.072417,1
③ 仅光伏不可知（负载已知）,2025-06-27,18:50-19:00,0.038833,1
③ 仅光伏不可知（负载已知）,2025-06-28,4:00-4:30,2.068033,3
③ 仅光伏不可知（负载已知）,2025-06-28,4:40-8:10,1677.068833,21
③ 仅光伏不可知（负载已知）,2025-06-28,9:00-9:10,267.385450,1
③ 仅光伏不可知（负载已知）,2025-06-28,9:20-9:50,345.692767,3
③ 仅光伏不可知（负载已知）,2025-06-28,10:20-10:30,68.198267,1
③ 仅光伏不可知（负载已知）,2025-06-28,11:10-11:50,537.385183,4
③ 仅光伏不可知（负载已知）,2025-06-28,12:50-13:00,2.716083,1
③ 仅光伏不可知（负载已知）,2025-06-28,13:40-14:00,126.264767,2
③ 仅光伏不可知（负载已知）,2025-06-28,14:50-15:00,33.616867,1
③ 仅光伏不可知（负载已知）,2025-06-29,4:00-4:30,1.248250,3
③ 仅光伏不可知（负载已知）,2025-06-29,4:40-4:50,0.433433,1
③ 仅光伏不可知（负载已知）,2025-06-29,5:00-5:50,389.701400,5
③ 仅光伏不可知（负载已知）,2025-06-29,6:00-6:40,357.251783,4
③ 仅光伏不可知（负载已知）,2025-06-29,7:00-7:30,164.116767,3
③ 仅光伏不可知（负载已知）,2025-06-29,8:00-8:50,372.475600,5
③ 仅光伏不可知（负载已知）,2025-06-29,9:00-9:50,553.616950,5
③ 仅光伏不可知（负载已知）,2025-06-29,10:00-10:30,300.916217,3
③ 仅光伏不可知（负载已知）,2025-06-29,10:40-11:00,13.183683,2
③ 仅光伏不可知（负载已知）,2025-06-29,11:10-15:00,4020.955650,23
③ 仅光伏不可知（负载已知）,2025-06-29,15:20-16:00,353.720283,4
③ 仅光伏不可知（负载已知）,2025-06-29,16:30-17:00,86.247050,3
③ 仅光伏不可知（负载已知）,2025-06-29,17:40-18:00,59.045217,2
③ 仅光伏不可知（负载已知）,2025-06-29,18:50-19:00,0.013917,1
③ 仅光伏不可知（负载已知）,2025-06-30,4:00-4:30,0.609067,3
③ 仅光伏不可知（负载已知）,2025-06-30,4:40-7:50,1631.684700,19
③ 仅光伏不可知（负载已知）,2025-06-30,8:00-9:20,579.095200,8
③ 仅光伏不可知（负载已知）,2025-06-30,9:50-11:00,1494.529717,7
③ 仅光伏不可知（负载已知）,2025-06-30,11:50-13:00,451.665667,7
③ 仅光伏不可知（负载已知）,2025-06-30,14:40-14:50,5.597050,1
③ 仅光伏不可知（负载已知）,2025-06-30,16:50-17:00,3.635233,1
③ 仅光伏不可知（负载已知）,2025-06-30,17:50-18:00,13.574417,1
③ 仅光伏不可知（负载已知）,2025-06-30,18:50-19:00,0.060667,1
③ 仅光伏不可知（负载已知）,2025-07-01,4:10-4:30,0.026100,2
③ 仅光伏不可知（负载已知）,2025-07-01,4:40-7:50,1889.406700,19
③ 仅光伏不可知（负载已知）,2025-07-01,8:00-9:10,684.747867,7
③ 仅光伏不可知（负载已知）,2025-07-01,10:00-10:50,296.579967,5
③ 仅光伏不可知（负载已知）,2025-07-01,11:00-13:00,2322.245133,12
③ 仅光伏不可知（负载已知）,2025-07-01,13:50-14:00,23.269750,1
③ 仅光伏不可知（负载已知）,2025-07-01,14:20-15:00,448.847067,4
③ 仅光伏不可知（负载已知）,2025-07-01,15:10-16:00,111.256533,5
③ 仅光伏不可知（负载已知）,2025-07-01,17:50-18:00,2.528417,1
③ 仅光伏不可知（负载已知）,2025-07-01,18:50-19:00,0.001383,1
③ 仅光伏不可知（负载已知）,2025-07-02,5:00-5:50,553.753333,5
③ 仅光伏不可知（负载已知）,2025-07-02,6:00-6:50,515.958267,5
③ 仅光伏不可知（负载已知）,2025-07-02,7:00-7:50,638.276067,5
③ 仅光伏不可知（负载已知）,2025-07-02,8:00-8:50,490.203683,5
③ 仅光伏不可知（负载已知）,2025-07-02,9:00-9:40,419.336800,4
③ 仅光伏不可知（负载已知）,2025-07-02,10:00-11:00,958.185917,6
③ 仅光伏不可知（负载已知）,2025-07-02,11:10-14:00,1436.567467,17
③ 仅光伏不可知（负载已知）,2025-07-03,5:00-5:50,514.555600,5
③ 仅光伏不可知（负载已知）,2025-07-03,6:00-6:50,416.174400,5
③ 仅光伏不可知（负载已知）,2025-07-03,7:00-7:30,117.916417,3
③ 仅光伏不可知（负载已知）,2025-07-03,8:00-8:30,244.843233,3
③ 仅光伏不可知（负载已知）,2025-07-03,9:00-11:00,1295.105783,12
③ 仅光伏不可知（负载已知）,2025-07-03,12:00-13:00,960.629283,6
③ 仅光伏不可知（负载已知）,2025-07-03,13:50-14:00,49.152617,1
③ 仅光伏不可知（负载已知）,2025-07-03,16:50-17:00,19.444350,1
③ 仅光伏不可知（负载已知）,2025-07-04,5:00-5:50,581.154033,5
③ 仅光伏不可知（负载已知）,2025-07-04,6:00-6:50,485.650117,5
③ 仅光伏不可知（负载已知）,2025-07-04,7:00-7:20,342.389500,2
③ 仅光伏不可知（负载已知）,2025-07-04,7:40-8:10,122.836283,3
③ 仅光伏不可知（负载已知）,2025-07-04,8:20-8:30,50.269417,1
③ 仅光伏不可知（负载已知）,2025-07-04,9:00-9:10,272.945217,1
③ 仅光伏不可知（负载已知）,2025-07-04,9:30-9:50,205.005617,2
③ 仅光伏不可知（负载已知）,2025-07-04,10:20-10:30,175.734567,1
③ 仅光伏不可知（负载已知）,2025-07-04,10:50-11:00,20.928317,1
③ 仅光伏不可知（负载已知）,2025-07-04,11:10-11:20,14.561333,1
③ 仅光伏不可知（负载已知）,2025-07-04,11:40-11:50,65.339233,1
③ 仅光伏不可知（负载已知）,2025-07-04,13:40-14:00,479.903600,2
③ 仅光伏不可知（负载已知）,2025-07-04,14:40-15:00,167.867817,2
③ 仅光伏不可知（负载已知）,2025-07-04,15:20-16:00,173.192631,4
③ 仅光伏不可知（负载已知）,2025-07-04,16:40-17:00,30.687067,2
③ 仅光伏不可知（负载已知）,2025-07-05,5:00-5:50,430.081600,5
③ 仅光伏不可知（负载已知）,2025-07-05,6:00-6:50,582.412667,5
③ 仅光伏不可知（负载已知）,2025-07-05,7:00-7:40,569.954350,4
③ 仅光伏不可知（负载已知）,2025-07-05,8:00-8:20,202.460067,2
③ 仅光伏不可知（负载已知）,2025-07-05,9:00-9:30,768.363000,3
③ 仅光伏不可知（负载已知）,2025-07-05,10:00-10:10,184.805833,1
③ 仅光伏不可知（负载已知）,2025-07-05,10:40-10:50,94.357800,1
③ 仅光伏不可知（负载已知）,2025-07-05,11:10-11:20,68.944483,1
③ 仅光伏不可知（负载已知）,2025-07-05,11:40-11:50,126.831800,1
③ 仅光伏不可知（负载已知）,2025-07-05,12:10-12:40,315.668550,3
③ 仅光伏不可知（负载已知）,2025-07-05,13:50-14:00,140.037500,1
③ 仅光伏不可知（负载已知）,2025-07-05,14:30-14:50,109.711083,2
③ 仅光伏不可知（负载已知）,2025-07-05,15:40-16:00,72.221317,2
③ 仅光伏不可知（负载已知）,2025-07-05,16:50-17:00,24.532050,1
③ 仅光伏不可知（负载已知）,2025-07-06,5:00-5:50,487.143700,5
③ 仅光伏不可知（负载已知）,2025-07-06,6:00-12:00,7317.034617,36
③ 仅光伏不可知（负载已知）,2025-07-06,12:20-13:00,135.166050,4
③ 仅光伏不可知（负载已知）,2025-07-06,14:40-15:00,6.582583,2
③ 仅光伏不可知（负载已知）,2025-07-06,15:50-16:00,44.719600,1
③ 仅光伏不可知（负载已知）,2025-07-06,16:30-17:00,142.736417,3
③ 仅光伏不可知（负载已知）,2025-07-06,17:50-18:00,38.675000,1
③ 仅光伏不可知（负载已知）,2025-07-07,5:00-5:50,598.724500,5
③ 仅光伏不可知（负载已知）,2025-07-07,6:00-6:50,648.942200,5
③ 仅光伏不可知（负载已知）,2025-07-07,7:00-7:50,919.155283,5
③ 仅光伏不可知（负载已知）,2025-07-07,8:00-10:00,1407.380983,12
③ 仅光伏不可知（负载已知）,2025-07-07,10:30-10:50,22.238450,2
③ 仅光伏不可知（负载已知）,2025-07-07,11:00-11:10,33.408533,1
③ 仅光伏不可知（负载已知）,2025-07-07,11:30-11:50,31.065083,2
③ 仅光伏不可知（负载已知）,2025-07-07,12:50-13:00,16.972767,1
③ 仅光伏不可知（负载已知）,2025-07-08,5:00-7:50,1768.053583,17
③ 仅光伏不可知（负载已知）,2025-07-08,8:00-8:50,491.829517,5
③ 仅光伏不可知（负载已知）,2025-07-08,9:00-9:10,18.432650,1
③ 仅光伏不可知（负载已知）,2025-07-08,10:00-10:50,575.084517,5
③ 仅光伏不可知（负载已知）,2025-07-08,11:20-11:30,42.910150,1
③ 仅光伏不可知（负载已知）,2025-07-08,14:50-15:00,77.821617,1
③ 仅光伏不可知（负载已知）,2025-07-08,15:50-16:00,53.327400,1
③ 仅光伏不可知（负载已知）,2025-07-08,16:40-17:00,26.917933,2
③ 仅光伏不可知（负载已知）,2025-07-08,17:50-18:00,29.366483,1
③ 仅光伏不可知（负载已知）,2025-07-09,5:00-6:50,995.197050,11
③ 仅光伏不可知（负载已知）,2025-07-09,7:00-7:50,423.882583,5
③ 仅光伏不可知（负载已知）,2025-07-09,8:00-8:50,594.746300,5
③ 仅光伏不可知（负载已知）,2025-07-09,9:00-9:50,393.033650,5
③ 仅光伏不可知（负载已知）,2025-07-09,16:50-17:00,28.804683,1
③ 仅光伏不可知（负载已知）,2025-07-09,17:40-18:00,27.917700,2
③ 仅光伏不可知（负载已知）,2025-07-10,5:00-10:50,5512.038133,35
③ 仅光伏不可知（负载已知）,2025-07-10,11:10-11:20,6.917000,1
③ 仅光伏不可知（负载已知）,2025-07-10,12:30-13:00,61.817083,3
③ 仅光伏不可知（负载已知）,2025-07-10,13:50-14:00,37.948817,1
③ 仅光伏不可知（负载已知）,2025-07-10,15:50-16:00,36.536683,1
③ 仅光伏不可知（负载已知）,2025-07-10,16:50-17:00,28.510167,1
③ 仅光伏不可知（负载已知）,2025-07-10,17:50-18:00,25.227133,1
③ 仅光伏不可知（负载已知）,2025-07-11,5:00-5:50,464.517517,5
③ 仅光伏不可知（负载已知）,2025-07-11,6:00-6:50,536.793817,5
③ 仅光伏不可知（负载已知）,2025-07-11,7:00-7:40,486.790833,4
③ 仅光伏不可知（负载已知）,2025-07-11,8:00-8:20,127.499783,2
③ 仅光伏不可知（负载已知）,2025-07-11,8:40-9:50,477.004733,7
③ 仅光伏不可知（负载已知）,2025-07-11,10:00-10:20,237.960067,2
③ 仅光伏不可知（负载已知）,2025-07-11,10:30-11:00,262.544667,3
③ 仅光伏不可知（负载已知）,2025-07-11,11:40-11:50,3.748350,1
③ 仅光伏不可知（负载已知）,2025-07-11,12:40-12:50,18.735633,1
③ 仅光伏不可知（负载已知）,2025-07-11,13:50-14:00,46.226550,1
③ 仅光伏不可知（负载已知）,2025-07-11,14:40-14:50,0.547567,1
③ 仅光伏不可知（负载已知）,2025-07-12,5:00-5:50,507.030767,5
③ 仅光伏不可知（负载已知）,2025-07-12,6:00-6:50,625.562633,5
③ 仅光伏不可知（负载已知）,2025-07-12,7:00-7:40,533.432283,4
③ 仅光伏不可知（负载已知）,2025-07-12,8:00-8:30,502.914783,3
③ 仅光伏不可知（负载已知）,2025-07-12,8:50-9:10,369.269967,2
③ 仅光伏不可知（负载已知）,2025-07-12,9:30-9:40,220.186967,1
③ 仅光伏不可知（负载已知）,2025-07-12,9:50-10:10,438.455917,2
③ 仅光伏不可知（负载已知）,2025-07-12,10:20-10:40,450.984333,2
③ 仅光伏不可知（负载已知）,2025-07-12,11:00-11:10,384.402917,1
③ 仅光伏不可知（负载已知）,2025-07-12,11:20-11:30,207.927083,1
③ 仅光伏不可知（负载已知）,2025-07-12,11:50-12:00,182.586667,1
③ 仅光伏不可知（负载已知）,2025-07-12,12:20-12:40,280.858433,2
③ 仅光伏不可知（负载已知）,2025-07-12,13:30-14:00,318.375367,3
③ 仅光伏不可知（负载已知）,2025-07-12,14:30-14:40,64.365733,1
③ 仅光伏不可知（负载已知）,2025-07-12,14:50-15:00,120.623867,1
③ 仅光伏不可知（负载已知）,2025-07-12,15:40-16:00,73.266600,2
③ 仅光伏不可知（负载已知）,2025-07-12,16:40-17:00,66.099367,2
③ 仅光伏不可知（负载已知）,2025-07-12,17:50-18:00,2.499450,1
③ 仅光伏不可知（负载已知）,2025-07-13,5:00-5:50,519.476100,5
③ 仅光伏不可知（负载已知）,2025-07-13,6:00-6:40,247.068183,4
③ 仅光伏不可知（负载已知）,2025-07-13,7:00-7:50,401.225917,5
③ 仅光伏不可知（负载已知）,2025-07-13,8:00-8:40,403.084550,4
③ 仅光伏不可知（负载已知）,2025-07-13,9:00-11:50,1725.090417,17
③ 仅光伏不可知（负载已知）,2025-07-14,5:00-7:50,1912.483767,17
③ 仅光伏不可知（负载已知）,2025-07-14,8:00-8:40,586.800783,4
③ 仅光伏不可知（负载已知）,2025-07-14,9:00-9:20,190.812833,2
③ 仅光伏不可知（负载已知）,2025-07-14,13:10-14:00,211.924067,5
③ 仅光伏不可知（负载已知）,2025-07-14,14:50-15:00,7.375000,1
③ 仅光伏不可知（负载已知）,2025-07-14,15:40-16:00,80.767333,2
③ 仅光伏不可知（负载已知）,2025-07-14,16:50-17:00,20.143750,1
③ 仅光伏不可知（负载已知）,2025-07-14,17:50-18:00,29.544550,1
③ 仅光伏不可知（负载已知）,2025-07-15,5:00-6:50,1324.772233,11
③ 仅光伏不可知（负载已知）,2025-07-15,7:00-7:50,649.868450,5
③ 仅光伏不可知（负载已知）,2025-07-15,8:00-8:50,666.551850,5
③ 仅光伏不可知（负载已知）,2025-07-15,9:00-9:40,111.811383,4
③ 仅光伏不可知（负载已知）,2025-07-15,12:10-12:40,140.698767,3
③ 仅光伏不可知（负载已知）,2025-07-15,13:10-14:00,85.308000,5
③ 仅光伏不可知（负载已知）,2025-07-15,16:50-17:00,6.390050,1
③ 仅光伏不可知（负载已知）,2025-07-15,17:50-18:00,16.432683,1
③ 仅光伏不可知（负载已知）,2025-07-16,5:00-5:50,471.830517,5
③ 仅光伏不可知（负载已知）,2025-07-16,6:00-6:50,588.971617,5
③ 仅光伏不可知（负载已知）,2025-07-16,7:00-7:40,271.113900,4
③ 仅光伏不可知（负载已知）,2025-07-16,8:00-8:40,319.051683,4
③ 仅光伏不可知（负载已知）,2025-07-16,9:00-9:30,184.325733,3
③ 仅光伏不可知（负载已知）,2025-07-16,10:00-14:00,2765.311633,24
③ 仅光伏不可知（负载已知）,2025-07-16,14:50-15:00,43.384717,1
③ 仅光伏不可知（负载已知）,2025-07-17,5:00-7:50,1889.537233,17
③ 仅光伏不可知（负载已知）,2025-07-17,8:00-8:50,297.647083,5
③ 仅光伏不可知（负载已知）,2025-07-17,9:00-9:40,362.001683,4
③ 仅光伏不可知（负载已知）,2025-07-17,10:00-10:40,594.106267,4
③ 仅光伏不可知（负载已知）,2025-07-17,11:00-12:10,454.063167,7
③ 仅光伏不可知（负载已知）,2025-07-17,12:40-14:00,419.187783,8
③ 仅光伏不可知（负载已知）,2025-07-17,14:10-15:00,427.594900,5
③ 仅光伏不可知（负载已知）,2025-07-17,15:30-16:00,156.425533,3
③ 仅光伏不可知（负载已知）,2025-07-17,16:30-17:00,132.975517,3
③ 仅光伏不可知（负载已知）,2025-07-17,17:50-18:00,21.446150,1
③ 仅光伏不可知（负载已知）,2025-07-18,5:00-5:50,551.825783,5
③ 仅光伏不可知（负载已知）,2025-07-18,6:00-7:50,1226.470900,11
③ 仅光伏不可知（负载已知）,2025-07-18,8:00-8:20,393.423233,2
③ 仅光伏不可知（负载已知）,2025-07-18,8:40-9:50,887.865967,7
③ 仅光伏不可知（负载已知）,2025-07-18,10:00-10:20,397.208783,2
③ 仅光伏不可知（负载已知）,2025-07-18,10:30-11:00,404.250433,3
③ 仅光伏不可知（负载已知）,2025-07-18,16:50-17:00,23.487983,1
③ 仅光伏不可知（负载已知）,2025-07-18,17:50-18:00,7.579717,1
③ 仅光伏不可知（负载已知）,2025-07-19,5:00-6:50,1409.866733,11
③ 仅光伏不可知（负载已知）,2025-07-19,7:00-7:10,237.540750,1
③ 仅光伏不可知（负载已知）,2025-07-19,7:20-7:50,303.479200,3
③ 仅光伏不可知（负载已知）,2025-07-19,8:00-8:20,374.824750,2
③ 仅光伏不可知（负载已知）,2025-07-19,8:40-9:40,824.323783,6
③ 仅光伏不可知（负载已知）,2025-07-19,10:00-10:20,279.059617,2
③ 仅光伏不可知（负载已知）,2025-07-19,10:30-10:50,154.683933,2
③ 仅光伏不可知（负载已知）,2025-07-19,17:50-18:00,10.813233,1
③ 仅光伏不可知（负载已知）,2025-07-20,5:00-5:50,466.595317,5
③ 仅光伏不可知（负载已知）,2025-07-20,6:00-7:50,1529.270833,11
③ 仅光伏不可知（负载已知）,2025-07-20,8:00-9:00,1082.888883,6
③ 仅光伏不可知（负载已知）,2025-07-20,10:00-10:40,482.252217,4
③ 仅光伏不可知（负载已知）,2025-07-20,14:40-15:00,104.455167,2
③ 仅光伏不可知（负载已知）,2025-07-20,15:50-16:00,6.672400,1
③ 仅光伏不可知（负载已知）,2025-07-20,16:50-17:00,43.103283,1
③ 仅光伏不可知（负载已知）,2025-07-20,17:50-18:00,28.275000,1
③ 仅光伏不可知（负载已知）,2025-07-21,5:00-7:50,1967.216383,17
③ 仅光伏不可知（负载已知）,2025-07-21,8:00-8:30,276.364633,3
③ 仅光伏不可知（负载已知）,2025-07-21,9:00-9:50,850.615783,5
③ 仅光伏不可知（负载已知）,2025-07-21,10:00-10:30,170.939000,3
③ 仅光伏不可知（负载已知）,2025-07-21,12:40-12:50,11.964783,1
③ 仅光伏不可知（负载已知）,2025-07-21,13:00-13:30,143.010250,3
③ 仅光伏不可知（负载已知）,2025-07-21,13:50-14:00,43.065000,1
③ 仅光伏不可知（负载已知）,2025-07-21,17:50-18:00,21.910617,1
③ 仅光伏不可知（负载已知）,2025-07-22,5:00-9:40,3784.311250,28
③ 仅光伏不可知（负载已知）,2025-07-22,10:00-10:30,73.221633,3
③ 仅光伏不可知（负载已知）,2025-07-22,11:00-12:00,1009.959567,6
③ 仅光伏不可知（负载已知）,2025-07-22,12:20-13:00,212.322567,4
③ 仅光伏不可知（负载已知）,2025-07-22,16:50-17:00,13.946883,1
③ 仅光伏不可知（负载已知）,2025-07-23,5:00-5:50,467.181733,5
③ 仅光伏不可知（负载已知）,2025-07-23,6:00-6:40,360.326250,4
③ 仅光伏不可知（负载已知）,2025-07-23,7:00-7:40,507.281467,4
③ 仅光伏不可知（负载已知）,2025-07-23,8:00-8:30,215.818300,3
③ 仅光伏不可知（负载已知）,2025-07-23,9:00-9:20,127.643350,2
③ 仅光伏不可知（负载已知）,2025-07-23,11:00-11:20,21.882433,2
③ 仅光伏不可知（负载已知）,2025-07-23,17:50-18:00,7.449483,1
③ 仅光伏不可知（负载已知）,2025-07-24,5:00-5:50,528.168467,5
③ 仅光伏不可知（负载已知）,2025-07-24,6:00-6:50,528.921400,5
③ 仅光伏不可知（负载已知）,2025-07-24,7:00-7:40,442.073300,4
③ 仅光伏不可知（负载已知）,2025-07-24,8:00-8:40,278.315417,4
③ 仅光伏不可知（负载已知）,2025-07-24,10:20-10:30,44.705483,1
③ 仅光伏不可知（负载已知）,2025-07-25,5:00-7:10,1733.695117,13
③ 仅光伏不可知（负载已知）,2025-07-25,7:20-7:50,275.666633,3
③ 仅光伏不可知（负载已知）,2025-07-25,8:00-8:20,610.670233,2
③ 仅光伏不可知（负载已知）,2025-07-25,8:40-9:30,567.722383,5
③ 仅光伏不可知（负载已知）,2025-07-25,10:00-10:10,275.603250,1
③ 仅光伏不可知（负载已知）,2025-07-25,10:30-10:50,391.276817,2
③ 仅光伏不可知（负载已知）,2025-07-25,11:10-11:20,20.077683,1
③ 仅光伏不可知（负载已知）,2025-07-25,11:40-11:50,55.721383,1
③ 仅光伏不可知（负载已知）,2025-07-25,12:10-12:30,25.783633,2
③ 仅光伏不可知（负载已知）,2025-07-25,13:50-14:00,56.388983,1
③ 仅光伏不可知（负载已知）,2025-07-25,16:50-17:00,0.781983,1
③ 仅光伏不可知（负载已知）,2025-07-25,17:50-18:00,1.218000,1
③ 仅光伏不可知（负载已知）,2025-07-26,5:00-6:50,1320.424483,11
③ 仅光伏不可知（负载已知）,2025-07-26,7:00-7:10,195.962700,1
③ 仅光伏不可知（负载已知）,2025-07-26,7:20-7:50,255.731667,3
③ 仅光伏不可知（负载已知）,2025-07-26,8:00-8:20,229.756917,2
③ 仅光伏不可知（负载已知）,2025-07-26,9:00-9:50,501.953317,5
③ 仅光伏不可知（负载已知）,2025-07-26,11:10-11:30,117.249900,2
③ 仅光伏不可知（负载已知）,2025-07-26,11:40-11:50,4.811800,1
③ 仅光伏不可知（负载已知）,2025-07-26,16:50-17:00,44.549733,1
③ 仅光伏不可知（负载已知）,2025-07-26,17:50-18:00,31.816117,1
③ 仅光伏不可知（负载已知）,2025-07-27,5:00-5:50,439.655333,5
③ 仅光伏不可知（负载已知）,2025-07-27,6:00-6:50,502.568400,5
③ 仅光伏不可知（负载已知）,2025-07-27,7:00-7:40,289.559167,4
③ 仅光伏不可知（负载已知）,2025-07-27,8:00-8:40,308.485300,4
③ 仅光伏不可知（负载已知）,2025-07-27,9:00-9:30,370.064717,3
③ 仅光伏不可知（负载已知）,2025-07-27,10:00-10:40,104.152750,4
③ 仅光伏不可知（负载已知）,2025-07-27,12:40-13:00,47.202283,2
③ 仅光伏不可知（负载已知）,2025-07-27,13:20-15:00,921.492983,10
③ 仅光伏不可知（负载已知）,2025-07-27,15:30-16:00,207.143483,3
③ 仅光伏不可知（负载已知）,2025-07-27,16:30-17:00,153.550033,3
③ 仅光伏不可知（负载已知）,2025-07-27,17:50-18:00,26.237500,1
③ 仅光伏不可知（负载已知）,2025-07-28,5:00-5:50,526.791600,5
③ 仅光伏不可知（负载已知）,2025-07-28,6:00-6:50,696.599717,5
③ 仅光伏不可知（负载已知）,2025-07-28,7:00-7:40,377.940267,4
③ 仅光伏不可知（负载已知）,2025-07-28,7:50-11:00,3224.045867,19
③ 仅光伏不可知（负载已知）,2025-07-28,11:50-12:00,10.912633,1
③ 仅光伏不可知（负载已知）,2025-07-28,12:10-12:50,103.889683,4
③ 仅光伏不可知（负载已知）,2025-07-28,15:50-16:00,46.909200,1
③ 仅光伏不可知（负载已知）,2025-07-28,16:30-17:00,128.397483,3
③ 仅光伏不可知（负载已知）,2025-07-28,17:40-18:00,59.874467,2
③ 仅光伏不可知（负载已知）,2025-07-29,5:00-14:00,6711.224400,54
③ 仅光伏不可知（负载已知）,2025-07-29,17:50-18:00,3.637667,1
③ 仅光伏不可知（负载已知）,2025-07-30,5:00-14:00,8959.416517,54
③ 仅光伏不可知（负载已知）,2025-07-30,14:30-15:00,555.168033,3
③ 仅光伏不可知（负载已知）,2025-07-30,15:40-16:00,107.467700,2
③ 仅光伏不可知（负载已知）,2025-07-30,16:50-17:00,40.098100,1
③ 仅光伏不可知（负载已知）,2025-07-30,17:50-18:00,34.078367,1
③ 仅光伏不可知（负载已知）,2025-07-31,5:00-13:00,5855.185417,48
③ 仅光伏不可知（负载已知）,2025-07-31,13:40-15:00,647.039050,8
③ 仅光伏不可知（负载已知）,2025-07-31,15:10-16:00,419.251733,5
③ 仅光伏不可知（负载已知）,2025-07-31,16:40-17:00,57.401733,2
③ 仅光伏不可知（负载已知）,2025-07-31,17:50-18:00,7.414717,1
③ 仅光伏不可知（负载已知）,2025-08-01,5:00-5:50,706.775533,5
③ 仅光伏不可知（负载已知）,2025-08-01,6:00-7:40,1195.362567,10
③ 仅光伏不可知（负载已知）,2025-08-01,8:00-8:20,712.070083,2
③ 仅光伏不可知（负载已知）,2025-08-01,8:40-9:30,560.888450,5
③ 仅光伏不可知（负载已知）,2025-08-01,10:30-10:50,64.229767,2
③ 仅光伏不可知（负载已知）,2025-08-01,11:10-11:20,4.072567,1
③ 仅光伏不可知（负载已知）,2025-08-02,5:00-7:50,1817.872433,17
③ 仅光伏不可知（负载已知）,2025-08-02,8:00-8:20,453.273883,2
③ 仅光伏不可知（负载已知）,2025-08-02,8:40-8:50,28.253733,1
③ 仅光伏不可知（负载已知）,2025-08-02,9:00-9:20,130.782350,2
③ 仅光伏不可知（负载已知）,2025-08-03,5:00-8:50,3496.912133,23
③ 仅光伏不可知（负载已知）,2025-08-03,9:00-9:40,498.515800,4
③ 仅光伏不可知（负载已知）,2025-08-03,9:50-10:30,135.752183,4
③ 仅光伏不可知（负载已知）,2025-08-03,11:00-12:10,953.492283,7
③ 仅光伏不可知（负载已知）,2025-08-03,12:20-12:40,162.278417,2
③ 仅光伏不可知（负载已知）,2025-08-03,13:30-14:00,120.262667,3
③ 仅光伏不可知（负载已知）,2025-08-03,15:50-16:00,22.593750,1
③ 仅光伏不可知（负载已知）,2025-08-03,17:50-18:00,5.975000,1
③ 仅光伏不可知（负载已知）,2025-08-04,5:00-5:50,527.422100,5
③ 仅光伏不可知（负载已知）,2025-08-04,6:00-6:50,838.835967,5
③ 仅光伏不可知（负载已知）,2025-08-04,7:00-8:50,1600.008683,11
③ 仅光伏不可知（负载已知）,2025-08-04,9:00-11:00,1271.974217,12
③ 仅光伏不可知（负载已知）,2025-08-04,11:30-11:50,38.104417,2
③ 仅光伏不可知（负载已知）,2025-08-04,12:20-14:00,670.970017,10
③ 仅光伏不可知（负载已知）,2025-08-05,5:00-5:50,487.388533,5
③ 仅光伏不可知（负载已知）,2025-08-05,6:00-6:50,835.585733,5
③ 仅光伏不可知（负载已知）,2025-08-05,7:00-7:40,561.423533,4
③ 仅光伏不可知（负载已知）,2025-08-05,8:00-12:10,4635.096550,25
③ 仅光伏不可知（负载已知）,2025-08-05,12:20-13:00,388.319367,4
③ 仅光伏不可知（负载已知）,2025-08-05,14:40-15:00,120.196600,2
③ 仅光伏不可知（负载已知）,2025-08-05,17:50-18:00,12.300000,1
③ 仅光伏不可知（负载已知）,2025-08-06,5:00-12:00,5748.186333,42
③ 仅光伏不可知（负载已知）,2025-08-06,12:50-13:00,49.090150,1
③ 仅光伏不可知（负载已知）,2025-08-07,5:00-7:40,1724.580550,16
③ 仅光伏不可知（负载已知）,2025-08-07,8:00-8:30,332.364550,3
③ 仅光伏不可知（负载已知）,2025-08-07,15:40-16:00,57.536650,2
③ 仅光伏不可知（负载已知）,2025-08-07,16:40-17:00,55.008650,2
③ 仅光伏不可知（负载已知）,2025-08-07,17:50-18:00,16.631250,1
③ 仅光伏不可知（负载已知）,2025-08-08,5:00-5:50,491.867733,5
③ 仅光伏不可知（负载已知）,2025-08-08,6:00-7:30,1077.366533,9
③ 仅光伏不可知（负载已知）,2025-08-08,8:00-8:10,280.503317,1
③ 仅光伏不可知（负载已知）,2025-08-08,8:40-9:20,671.930633,4
③ 仅光伏不可知（负载已知）,2025-08-08,9:40-10:10,187.892267,3
③ 仅光伏不可知（负载已知）,2025-08-08,10:20-10:40,47.920500,2
③ 仅光伏不可知（负载已知）,2025-08-08,10:50-11:10,132.291933,2
③ 仅光伏不可知（负载已知）,2025-08-08,12:50-13:00,43.412917,1
③ 仅光伏不可知（负载已知）,2025-08-08,14:50-15:00,94.725000,1
③ 仅光伏不可知（负载已知）,2025-08-08,16:50-17:00,4.640983,1
③ 仅光伏不可知（负载已知）,2025-08-08,17:50-18:00,0.251350,1
③ 仅光伏不可知（负载已知）,2025-08-09,5:00-5:50,504.060983,5
③ 仅光伏不可知（负载已知）,2025-08-09,6:00-7:40,1595.878650,10
③ 仅光伏不可知（负载已知）,2025-08-09,8:00-8:20,641.030250,2
③ 仅光伏不可知（负载已知）,2025-08-09,8:40-9:30,605.087150,5
③ 仅光伏不可知（负载已知）,2025-08-10,5:00-5:50,545.636733,5
③ 仅光伏不可知（负载已知）,2025-08-10,6:00-6:50,922.970067,5
③ 仅光伏不可知（负载已知）,2025-08-10,7:00-11:00,4448.516933,24
③ 仅光伏不可知（负载已知）,2025-08-11,5:00-5:50,522.238300,5
③ 仅光伏不可知（负载已知）,2025-08-11,6:00-6:50,732.906000,5
③ 仅光伏不可知（负载已知）,2025-08-11,7:00-8:50,1437.594300,11
③ 仅光伏不可知（负载已知）,2025-08-11,9:00-9:40,266.727233,4
③ 仅光伏不可知（负载已知）,2025-08-11,10:00-10:20,304.533617,2
③ 仅光伏不可知（负载已知）,2025-08-11,11:00-11:30,152.617650,3
③ 仅光伏不可知（负载已知）,2025-08-11,11:50-12:00,49.510117,1
③ 仅光伏不可知（负载已知）,2025-08-11,13:00-13:30,93.781867,3
③ 仅光伏不可知（负载已知）,2025-08-11,14:30-15:00,201.542683,3
③ 仅光伏不可知（负载已知）,2025-08-11,15:40-16:00,90.060967,2
③ 仅光伏不可知（负载已知）,2025-08-11,16:50-17:00,75.044833,1
③ 仅光伏不可知（负载已知）,2025-08-11,17:50-18:00,28.348583,1
③ 仅光伏不可知（负载已知）,2025-08-12,5:00-7:50,2344.773150,17
③ 仅光伏不可知（负载已知）,2025-08-12,8:00-9:50,541.343983,11
③ 仅光伏不可知（负载已知）,2025-08-12,10:00-10:50,159.139450,5
③ 仅光伏不可知（负载已知）,2025-08-12,14:40-15:00,85.052283,2
③ 仅光伏不可知（负载已知）,2025-08-12,15:50-16:00,11.515400,1
③ 仅光伏不可知（负载已知）,2025-08-12,16:50-17:00,33.456367,1
③ 仅光伏不可知（负载已知）,2025-08-12,17:50-18:00,15.505617,1
③ 仅光伏不可知（负载已知）,2025-08-13,5:00-5:50,470.310250,5
③ 仅光伏不可知（负载已知）,2025-08-13,6:00-6:50,781.484250,5
③ 仅光伏不可知（负载已知）,2025-08-13,7:00-7:50,539.781367,5
③ 仅光伏不可知（负载已知）,2025-08-13,8:00-11:30,2299.348900,21
③ 仅光伏不可知（负载已知）,2025-08-13,12:20-14:20,1174.730950,12
③ 仅光伏不可知（负载已知）,2025-08-13,14:40-15:00,140.057733,2
③ 仅光伏不可知（负载已知）,2025-08-13,15:50-16:00,2.118750,1
③ 仅光伏不可知（负载已知）,2025-08-13,16:50-17:00,27.212500,1
③ 仅光伏不可知（负载已知）,2025-08-13,17:50-18:00,26.843750,1
③ 仅光伏不可知（负载已知）,2025-08-14,5:00-11:30,6090.053733,39
③ 仅光伏不可知（负载已知）,2025-08-14,11:40-12:10,153.335600,3
③ 仅光伏不可知（负载已知）,2025-08-14,12:30-13:10,148.214933,4
③ 仅光伏不可知（负载已知）,2025-08-14,13:30-14:00,81.937617,3
③ 仅光伏不可知（负载已知）,2025-08-15,5:00-7:50,2037.049767,17
③ 仅光伏不可知（负载已知）,2025-08-15,8:00-8:20,401.937400,2
③ 仅光伏不可知（负载已知）,2025-08-15,8:40-9:40,327.820817,6
③ 仅光伏不可知（负载已知）,2025-08-16,5:00-7:40,2375.953467,16
③ 仅光伏不可知（负载已知）,2025-08-16,8:00-8:20,311.144517,2
③ 仅光伏不可知（负载已知）,2025-08-16,9:00-9:30,60.122850,3
③ 仅光伏不可知（负载已知）,2025-08-17,5:00-5:50,399.682300,5
③ 仅光伏不可知（负载已知）,2025-08-17,6:00-6:50,594.529250,5
③ 仅光伏不可知（负载已知）,2025-08-17,7:00-7:50,1083.843300,5
③ 仅光伏不可知（负载已知）,2025-08-17,8:00-8:30,256.090367,3
③ 仅光伏不可知（负载已知）,2025-08-17,9:00-9:40,294.213033,4
③ 仅光伏不可知（负载已知）,2025-08-17,10:00-10:30,398.104300,3
③ 仅光伏不可知（负载已知）,2025-08-17,16:40-17:00,91.273933,2
③ 仅光伏不可知（负载已知）,2025-08-17,17:50-18:00,18.728700,1
③ 仅光伏不可知（负载已知）,2025-08-18,5:00-5:50,482.995500,5
③ 仅光伏不可知（负载已知）,2025-08-18,6:00-6:50,693.649917,5
③ 仅光伏不可知（负载已知）,2025-08-18,7:00-7:40,476.558217,4
③ 仅光伏不可知（负载已知）,2025-08-18,8:00-8:50,519.116750,5
③ 仅光伏不可知（负载已知）,2025-08-18,9:00-11:10,1526.549400,13
③ 仅光伏不可知（负载已知）,2025-08-18,11:30-12:00,51.551083,3
③ 仅光伏不可知（负载已知）,2025-08-18,12:20-13:00,143.939350,4
③ 仅光伏不可知（负载已知）,2025-08-18,14:40-15:00,71.659567,2
③ 仅光伏不可知（负载已知）,2025-08-19,5:00-6:50,1372.134950,11
③ 仅光伏不可知（负载已知）,2025-08-19,7:00-7:50,807.978833,5
③ 仅光伏不可知（负载已知）,2025-08-19,8:00-8:50,550.262533,5
③ 仅光伏不可知（负载已知）,2025-08-19,9:00-9:20,197.006983,2
③ 仅光伏不可知（负载已知）,2025-08-19,9:30-9:50,19.656267,2
③ 仅光伏不可知（负载已知）,2025-08-19,10:00-12:00,1037.626067,12
③ 仅光伏不可知（负载已知）,2025-08-19,13:50-14:00,69.842217,1
③ 仅光伏不可知（负载已知）,2025-08-19,14:40-15:00,67.532650,2
③ 仅光伏不可知（负载已知）,2025-08-20,5:00-10:00,4286.730650,30
③ 仅光伏不可知（负载已知）,2025-08-20,12:00-12:40,214.607817,4
③ 仅光伏不可知（负载已知）,2025-08-20,16:50-17:00,50.575000,1
③ 仅光伏不可知（负载已知）,2025-08-20,17:50-18:00,12.272550,1
③ 仅光伏不可知（负载已知）,2025-08-21,5:00-5:50,428.784667,5
③ 仅光伏不可知（负载已知）,2025-08-21,6:00-6:50,855.780317,5
③ 仅光伏不可知（负载已知）,2025-08-21,7:00-7:40,499.360467,4
③ 仅光伏不可知（负载已知）,2025-08-21,8:00-8:20,229.209333,2
③ 仅光伏不可知（负载已知）,2025-08-21,9:00-9:50,401.774250,5
③ 仅光伏不可知（负载已知）,2025-08-21,10:00-10:30,241.316883,3
③ 仅光伏不可知（负载已知）,2025-08-21,12:00-12:30,94.118633,3
③ 仅光伏不可知（负载已知）,2025-08-21,16:50-17:00,43.781250,1
③ 仅光伏不可知（负载已知）,2025-08-21,17:50-18:00,5.505350,1
③ 仅光伏不可知（负载已知）,2025-08-22,5:00-7:40,2145.937950,16
③ 仅光伏不可知（负载已知）,2025-08-22,8:00-8:20,484.128467,2
③ 仅光伏不可知（负载已知）,2025-08-22,8:40-8:50,19.682583,1
③ 仅光伏不可知（负载已知）,2025-08-22,9:00-9:30,629.825867,3
③ 仅光伏不可知（负载已知）,2025-08-22,11:10-11:20,6.366067,1
③ 仅光伏不可知（负载已知）,2025-08-23,5:00-5:50,429.325283,5
③ 仅光伏不可知（负载已知）,2025-08-23,6:00-6:50,620.452900,5
③ 仅光伏不可知（负载已知）,2025-08-23,7:00-7:30,315.420433,3
③ 仅光伏不可知（负载已知）,2025-08-23,8:00-8:20,196.561717,2
③ 仅光伏不可知（负载已知）,2025-08-23,8:30-8:40,19.061717,1
③ 仅光伏不可知（负载已知）,2025-08-23,9:10-9:40,269.898250,3
③ 仅光伏不可知（负载已知）,2025-08-23,10:00-10:10,146.356200,1
③ 仅光伏不可知（负载已知）,2025-08-23,10:20-10:30,145.833150,1
③ 仅光伏不可知（负载已知）,2025-08-23,11:00-11:30,334.043650,3
③ 仅光伏不可知（负载已知）,2025-08-23,12:20-12:30,33.664583,1
③ 仅光伏不可知（负载已知）,2025-08-23,13:50-14:00,26.097233,1
③ 仅光伏不可知（负载已知）,2025-08-23,15:50-16:00,14.918333,1
③ 仅光伏不可知（负载已知）,2025-08-23,16:40-17:00,116.789533,2
③ 仅光伏不可知（负载已知）,2025-08-23,17:50-18:00,32.137833,1
③ 仅光伏不可知（负载已知）,2025-08-24,5:00-9:50,4123.691217,29
③ 仅光伏不可知（负载已知）,2025-08-24,10:00-11:50,1040.458267,11
③ 仅光伏不可知（负载已知）,2025-08-24,15:50-16:00,14.169467,1
③ 仅光伏不可知（负载已知）,2025-08-25,5:00-6:50,1035.375100,11
③ 仅光伏不可知（负载已知）,2025-08-25,7:00-7:50,793.604517,5
③ 仅光伏不可知（负载已知）,2025-08-25,8:00-8:30,286.817083,3
③ 仅光伏不可知（负载已知）,2025-08-26,5:00-8:50,3029.264217,23
③ 仅光伏不可知（负载已知）,2025-08-26,9:00-11:10,1891.370417,13
③ 仅光伏不可知（负载已知）,2025-08-26,11:20-11:40,67.509550,2
③ 仅光伏不可知（负载已知）,2025-08-26,11:50-12:00,11.550000,1
③ 仅光伏不可知（负载已知）,2025-08-26,12:10-12:40,188.735933,3
③ 仅光伏不可知（负载已知）,2025-08-26,12:50-14:00,741.248083,7
③ 仅光伏不可知（负载已知）,2025-08-27,5:00-5:50,339.688483,5
③ 仅光伏不可知（负载已知）,2025-08-27,6:00-6:50,674.938100,5
③ 仅光伏不可知（负载已知）,2025-08-27,7:00-7:40,525.606667,4
③ 仅光伏不可知（负载已知）,2025-08-27,8:00-8:20,113.434267,2
③ 仅光伏不可知（负载已知）,2025-08-27,9:00-9:40,522.165017,4
③ 仅光伏不可知（负载已知）,2025-08-27,11:00-13:00,1962.667717,12
③ 仅光伏不可知（负载已知）,2025-08-27,13:20-15:00,1199.706167,10
③ 仅光伏不可知（负载已知）,2025-08-27,15:30-16:00,166.723783,3
③ 仅光伏不可知（负载已知）,2025-08-27,17:50-18:00,5.973967,1
③ 仅光伏不可知（负载已知）,2025-08-28,5:00-14:00,6584.094517,54
③ 仅光伏不可知（负载已知）,2025-08-28,14:30-15:00,235.203400,3
③ 仅光伏不可知（负载已知）,2025-08-28,15:40-16:00,102.582817,2
③ 仅光伏不可知（负载已知）,2025-08-28,16:40-17:00,161.659650,2
③ 仅光伏不可知（负载已知）,2025-08-28,17:50-18:00,31.478633,1
③ 仅光伏不可知（负载已知）,2025-08-29,5:00-5:50,315.031483,5
③ 仅光伏不可知（负载已知）,2025-08-29,6:00-6:50,657.567817,5
③ 仅光伏不可知（负载已知）,2025-08-29,7:00-7:50,760.561500,5
③ 仅光伏不可知（负载已知）,2025-08-29,8:00-8:20,508.483167,2
③ 仅光伏不可知（负载已知）,2025-08-29,8:40-9:30,359.271767,5
③ 仅光伏不可知（负载已知）,2025-08-30,5:00-5:50,348.941600,5
③ 仅光伏不可知（负载已知）,2025-08-30,6:00-6:50,783.151483,5
③ 仅光伏不可知（负载已知）,2025-08-30,7:00-7:20,118.789283,2
③ 仅光伏不可知（负载已知）,2025-08-30,8:10-8:20,279.964067,1
③ 仅光伏不可知（负载已知）,2025-08-30,8:40-8:50,86.946550,1
③ 仅光伏不可知（负载已知）,2025-08-30,9:00-9:10,335.381533,1
③ 仅光伏不可知（负载已知）,2025-08-30,9:30-10:10,248.417550,4
③ 仅光伏不可知（负载已知）,2025-08-31,5:00-11:00,6531.054250,36
③ 仅光伏不可知（负载已知）,2025-08-31,12:00-13:00,953.459050,6
③ 仅光伏不可知（负载已知）,2025-08-31,13:50-14:00,66.604233,1
③ 仅光伏不可知（负载已知）,2025-08-31,16:50-17:00,11.653717,1
③ 仅光伏不可知（负载已知）,2025-09-01,5:00-5:50,338.062667,5
③ 仅光伏不可知（负载已知）,2025-09-01,6:00-6:50,669.935900,5
③ 仅光伏不可知（负载已知）,2025-09-01,7:00-7:30,428.739417,3
③ 仅光伏不可知（负载已知）,2025-09-01,8:00-8:20,111.698033,2
③ 仅光伏不可知（负载已知）,2025-09-01,15:50-16:00,37.338850,1
③ 仅光伏不可知（负载已知）,2025-09-01,16:50-17:00,15.311900,1
③ 仅光伏不可知（负载已知）,2025-09-02,5:00-8:50,2444.233800,23
③ 仅光伏不可知（负载已知）,2025-09-02,9:00-9:40,327.119200,4
③ 仅光伏不可知（负载已知）,2025-09-02,10:00-10:50,557.141617,5
③ 仅光伏不可知（负载已知）,2025-09-02,12:00-13:00,514.460767,6
③ 仅光伏不可知（负载已知）,2025-09-02,13:30-14:00,232.181850,3
③ 仅光伏不可知（负载已知）,2025-09-02,14:40-15:00,150.786167,2
③ 仅光伏不可知（负载已知）,2025-09-02,15:40-16:00,143.693867,2
③ 仅光伏不可知（负载已知）,2025-09-02,16:50-17:00,38.181250,1
③ 仅光伏不可知（负载已知）,2025-09-02,17:50-18:00,10.322250,1
③ 仅光伏不可知（负载已知）,2025-09-03,5:00-7:50,2129.847933,17
③ 仅光伏不可知（负载已知）,2025-09-03,8:00-8:50,591.056483,5
③ 仅光伏不可知（负载已知）,2025-09-03,9:00-9:50,323.384967,5
③ 仅光伏不可知（负载已知）,2025-09-03,11:00-11:30,178.519067,3
③ 仅光伏不可知（负载已知）,2025-09-03,14:50-15:00,6.477767,1
③ 仅光伏不可知（负载已知）,2025-09-03,15:40-16:00,124.658717,2
③ 仅光伏不可知（负载已知）,2025-09-03,16:50-17:00,41.025400,1
③ 仅光伏不可知（负载已知）,2025-09-03,17:50-18:00,9.379150,1
③ 仅光伏不可知（负载已知）,2025-09-04,5:00-9:50,4140.186383,29
③ 仅光伏不可知（负载已知）,2025-09-04,11:00-11:40,249.662933,4
③ 仅光伏不可知（负载已知）,2025-09-04,11:50-12:20,42.366183,3
③ 仅光伏不可知（负载已知）,2025-09-04,12:40-13:00,34.151383,2
③ 仅光伏不可知（负载已知）,2025-09-04,15:50-16:00,51.992117,1
③ 仅光伏不可知（负载已知）,2025-09-05,5:00-7:30,1924.113067,15
③ 仅光伏不可知（负载已知）,2025-09-05,8:00-8:10,340.404183,1
③ 仅光伏不可知（负载已知）,2025-09-05,8:40-9:20,656.134283,4
③ 仅光伏不可知（负载已知）,2025-09-05,9:40-10:10,295.438200,3
③ 仅光伏不可知（负载已知）,2025-09-05,10:20-10:40,88.365500,2
③ 仅光伏不可知（负载已知）,2025-09-05,11:00-11:10,7.731850,1
③ 仅光伏不可知（负载已知）,2025-09-05,11:30-11:50,64.540900,2
③ 仅光伏不可知（负载已知）,2025-09-05,12:20-12:30,73.660833,1
③ 仅光伏不可知（负载已知）,2025-09-05,12:40-13:00,185.397500,2
③ 仅光伏不可知（负载已知）,2025-09-05,13:50-14:00,16.443750,1
③ 仅光伏不可知（负载已知）,2025-09-05,14:50-15:00,50.794100,1
③ 仅光伏不可知（负载已知）,2025-09-06,5:00-7:50,1918.323350,17
③ 仅光伏不可知（负载已知）,2025-09-06,8:00-8:10,323.040617,1
③ 仅光伏不可知（负载已知）,2025-09-06,8:30-8:50,233.848117,2
③ 仅光伏不可知（负载已知）,2025-09-06,9:00-9:10,379.925083,1
③ 仅光伏不可知（负载已知）,2025-09-06,9:40-9:50,171.986783,1
③ 仅光伏不可知（负载已知）,2025-09-06,10:10-10:40,352.575017,3
③ 仅光伏不可知（负载已知）,2025-09-06,10:50-11:00,15.754583,1
③ 仅光伏不可知（负载已知）,2025-09-07,5:00-11:40,5580.429633,40
③ 仅光伏不可知（负载已知）,2025-09-07,11:50-12:00,6.986217,1
③ 仅光伏不可知（负载已知）,2025-09-07,12:30-14:00,522.063417,9
③ 仅光伏不可知（负载已知）,2025-09-07,14:30-15:00,114.914333,3
③ 仅光伏不可知（负载已知）,2025-09-08,5:00-6:50,1093.901700,11
③ 仅光伏不可知（负载已知）,2025-09-08,7:00-7:50,703.891517,5
③ 仅光伏不可知（负载已知）,2025-09-08,8:00-8:40,476.139433,4
③ 仅光伏不可知（负载已知）,2025-09-08,10:00-10:10,55.912283,1
③ 仅光伏不可知（负载已知）,2025-09-08,13:20-14:00,327.223417,4
③ 仅光伏不可知（负载已知）,2025-09-08,14:30-15:00,230.157150,3
③ 仅光伏不可知（负载已知）,2025-09-08,15:40-16:00,76.872433,2
③ 仅光伏不可知（负载已知）,2025-09-08,17:50-18:00,2.731167,1
③ 仅光伏不可知（负载已知）,2025-09-09,5:00-5:50,193.073467,5
③ 仅光伏不可知（负载已知）,2025-09-09,6:00-8:50,2707.919867,17
③ 仅光伏不可知（负载已知）,2025-09-09,9:00-9:20,230.815217,2
③ 仅光伏不可知（负载已知）,2025-09-09,9:30-9:50,49.692500,2
③ 仅光伏不可知（负载已知）,2025-09-09,10:10-10:20,154.396500,1
③ 仅光伏不可知（负载已知）,2025-09-09,10:30-11:20,589.986433,5
③ 仅光伏不可知（负载已知）,2025-09-09,11:30-12:00,383.486800,3
③ 仅光伏不可知（负载已知）,2025-09-09,12:40-13:00,87.994517,2
③ 仅光伏不可知（负载已知）,2025-09-09,13:30-14:00,245.645183,3
③ 仅光伏不可知（负载已知）,2025-09-09,14:30-15:00,334.890150,3
③ 仅光伏不可知（负载已知）,2025-09-09,15:30-16:00,168.943533,3
③ 仅光伏不可知（负载已知）,2025-09-09,16:50-17:00,41.966917,1
③ 仅光伏不可知（负载已知）,2025-09-09,17:50-18:00,0.602283,1
③ 仅光伏不可知（负载已知）,2025-09-10,5:00-5:50,153.401550,5
③ 仅光伏不可知（负载已知）,2025-09-10,6:00-8:50,2294.239567,17
③ 仅光伏不可知（负载已知）,2025-09-10,9:00-9:30,241.550717,3
③ 仅光伏不可知（负载已知）,2025-09-10,10:00-10:20,129.631600,2
③ 仅光伏不可知（负载已知）,2025-09-10,13:40-14:10,104.702950,3
③ 仅光伏不可知（负载已知）,2025-09-10,14:30-15:00,207.854317,3
③ 仅光伏不可知（负载已知）,2025-09-10,15:40-16:00,87.063583,2
③ 仅光伏不可知（负载已知）,2025-09-10,16:50-17:00,46.113417,1
③ 仅光伏不可知（负载已知）,2025-09-10,17:50-18:00,2.012250,1
③ 仅光伏不可知（负载已知）,2025-09-11,5:00-9:50,4521.208883,29
③ 仅光伏不可知（负载已知）,2025-09-12,5:00-5:50,116.642567,5
③ 仅光伏不可知（负载已知）,2025-09-12,6:00-6:50,691.935017,5
③ 仅光伏不可知（负载已知）,2025-09-12,7:00-7:40,743.308633,4
③ 仅光伏不可知（负载已知）,2025-09-12,8:00-8:10,337.146483,1
③ 仅光伏不可知（负载已知）,2025-09-12,8:40-9:20,810.241817,4
③ 仅光伏不可知（负载已知）,2025-09-12,9:40-10:10,495.382150,3
③ 仅光伏不可知（负载已知）,2025-09-12,10:20-10:40,394.735350,2
③ 仅光伏不可知（负载已知）,2025-09-12,10:50-11:10,184.710133,2
③ 仅光伏不可知（负载已知）,2025-09-12,12:10-12:30,71.561967,2
③ 仅光伏不可知（负载已知）,2025-09-12,12:50-13:00,9.498333,1
③ 仅光伏不可知（负载已知）,2025-09-12,13:10-13:40,138.862400,3
③ 仅光伏不可知（负载已知）,2025-09-12,13:50-14:00,44.712500,1
③ 仅光伏不可知（负载已知）,2025-09-12,14:50-15:00,46.186933,1
③ 仅光伏不可知（负载已知）,2025-09-13,5:00-7:30,1571.462050,15
③ 仅光伏不可知（负载已知）,2025-09-13,8:00-8:10,402.429050,1
③ 仅光伏不可知（负载已知）,2025-09-13,8:40-9:20,928.085283,4
③ 仅光伏不可知（负载已知）,2025-09-13,9:40-10:10,291.114567,3
③ 仅光伏不可知（负载已知）,2025-09-13,10:20-10:30,36.670417,1
③ 仅光伏不可知（负载已知）,2025-09-13,15:50-16:00,21.195833,1
③ 仅光伏不可知（负载已知）,2025-09-13,16:50-17:00,1.025917,1
③ 仅光伏不可知（负载已知）,2025-09-13,17:50-18:00,1.099583,1
③ 仅光伏不可知（负载已知）,2025-09-14,5:00-5:50,83.958367,5
③ 仅光伏不可知（负载已知）,2025-09-14,6:00-6:50,595.122700,5
③ 仅光伏不可知（负载已知）,2025-09-14,7:00-7:30,288.440967,3
③ 仅光伏不可知（负载已知）,2025-09-14,8:00-8:10,22.393283,1
③ 仅光伏不可知（负载已知）,2025-09-14,10:00-10:30,431.334767,3
③ 仅光伏不可知（负载已知）,2025-09-15,5:00-9:50,4289.274500,29
③ 仅光伏不可知（负载已知）,2025-09-15,10:00-10:40,518.920467,4
③ 仅光伏不可知（负载已知）,2025-09-15,11:10-12:00,381.651917,5
③ 仅光伏不可知（负载已知）,2025-09-15,12:10-12:50,363.332750,4
③ 仅光伏不可知（负载已知）,2025-09-15,13:30-13:40,19.343983,1
③ 仅光伏不可知（负载已知）,2025-09-15,14:40-15:00,78.279300,2
③ 仅光伏不可知（负载已知）,2025-09-15,15:40-16:00,80.708550,2
③ 仅光伏不可知（负载已知）,2025-09-15,16:50-17:00,17.671250,1
③ 仅光伏不可知（负载已知）,2025-09-15,17:50-18:00,1.007917,1
③ 仅光伏不可知（负载已知）,2025-09-16,5:00-5:50,69.487550,5
③ 仅光伏不可知（负载已知）,2025-09-16,6:00-6:50,703.294900,5
③ 仅光伏不可知（负载已知）,2025-09-16,7:00-7:50,782.415717,5
③ 仅光伏不可知（负载已知）,2025-09-16,8:00-8:50,630.938600,5
③ 仅光伏不可知（负载已知）,2025-09-16,9:00-9:40,335.771567,4
③ 仅光伏不可知（负载已知）,2025-09-16,16:50-17:00,43.652883,1
③ 仅光伏不可知（负载已知）,2025-09-16,17:50-18:00,3.381450,1
③ 仅光伏不可知（负载已知）,2025-09-17,5:00-6:50,788.638333,11
③ 仅光伏不可知（负载已知）,2025-09-17,7:00-12:00,4494.451383,30
③ 仅光伏不可知（负载已知）,2025-09-17,12:40-13:00,40.970783,2
③ 仅光伏不可知（负载已知）,2025-09-18,5:00-5:50,31.274300,5
③ 仅光伏不可知（负载已知）,2025-09-18,6:00-6:50,790.558250,5
③ 仅光伏不可知（负载已知）,2025-09-18,7:00-9:50,3467.765467,17
③ 仅光伏不可知（负载已知）,2025-09-18,10:10-10:20,356.598567,1
③ 仅光伏不可知（负载已知）,2025-09-18,10:30-12:00,1797.004600,9
③ 仅光伏不可知（负载已知）,2025-09-18,12:30-14:00,688.151633,9
③ 仅光伏不可知（负载已知）,2025-09-18,14:50-15:00,39.570750,1
③ 仅光伏不可知（负载已知）,2025-09-18,16:50-17:00,6.016600,1
③ 仅光伏不可知（负载已知）,2025-09-19,5:00-7:50,1731.831250,17
③ 仅光伏不可知（负载已知）,2025-09-19,8:00-8:20,594.074900,2
③ 仅光伏不可知（负载已知）,2025-09-19,8:40-9:30,712.352883,5
③ 仅光伏不可知（负载已知）,2025-09-19,10:00-10:10,114.658017,1
③ 仅光伏不可知（负载已知）,2025-09-19,10:40-10:50,50.784150,1
③ 仅光伏不可知（负载已知）,2025-09-19,12:10-12:40,79.156183,3
③ 仅光伏不可知（负载已知）,2025-09-19,13:50-14:00,60.315867,1
③ 仅光伏不可知（负载已知）,2025-09-20,5:00-5:30,2.967450,3
③ 仅光伏不可知（负载已知）,2025-09-20,5:40-7:50,1739.379283,13
③ 仅光伏不可知（负载已知）,2025-09-20,8:00-8:10,344.645717,1
③ 仅光伏不可知（负载已知）,2025-09-20,8:40-9:20,1261.557650,4
③ 仅光伏不可知（负载已知）,2025-09-20,9:40-10:10,547.160967,3
③ 仅光伏不可知（负载已知）,2025-09-20,10:20-10:50,424.044650,3
③ 仅光伏不可知（负载已知）,2025-09-20,11:00-11:10,31.366200,1
③ 仅光伏不可知（负载已知）,2025-09-20,11:30-11:50,144.950533,2
③ 仅光伏不可知（负载已知）,2025-09-20,12:10-12:20,6.965383,1
③ 仅光伏不可知（负载已知）,2025-09-20,17:50-18:00,0.063783,1
③ 仅光伏不可知（负载已知）,2025-09-21,6:00-6:50,658.786567,5
③ 仅光伏不可知（负载已知）,2025-09-21,7:00-7:40,460.924200,4
③ 仅光伏不可知（负载已知）,2025-09-21,8:00-8:50,834.328200,5
③ 仅光伏不可知（负载已知）,2025-09-21,9:00-9:10,13.787067,1
③ 仅光伏不可知（负载已知）,2025-09-21,10:00-10:10,41.705600,1
③ 仅光伏不可知（负载已知）,2025-09-21,12:00-13:00,518.909433,6
③ 仅光伏不可知（负载已知）,2025-09-22,6:00-10:20,3704.629817,26
③ 仅光伏不可知（负载已知）,2025-09-23,6:00-8:50,2545.968017,17
③ 仅光伏不可知（负载已知）,2025-09-23,9:00-10:20,516.452200,8
③ 仅光伏不可知（负载已知）,2025-09-23,11:00-12:00,437.868333,6
③ 仅光伏不可知（负载已知）,2025-09-24,6:00-6:50,678.954817,5
③ 仅光伏不可知（负载已知）,2025-09-24,7:00-7:50,713.570950,5
③ 仅光伏不可知（负载已知）,2025-09-24,8:00-10:10,2042.215150,13
③ 仅光伏不可知（负载已知）,2025-09-24,10:20-11:00,1125.349750,4
③ 仅光伏不可知（负载已知）,2025-09-24,11:10-12:30,2305.302917,8
③ 仅光伏不可知（负载已知）,2025-09-24,12:40-13:00,580.737783,2
③ 仅光伏不可知（负载已知）,2025-09-24,13:10-13:30,34.604565,2
③ 仅光伏不可知（负载已知）,2025-09-24,13:40-14:00,136.606883,2
③ 仅光伏不可知（负载已知）,2025-09-24,14:50-15:00,52.056250,1
③ 仅光伏不可知（负载已知）,2025-09-24,15:40-16:00,63.550483,2
③ 仅光伏不可知（负载已知）,2025-09-24,16:50-17:00,44.570000,1
③ 仅光伏不可知（负载已知）,2025-09-25,6:00-8:50,2419.150167,17
③ 仅光伏不可知（负载已知）,2025-09-25,9:00-9:30,158.300600,3
③ 仅光伏不可知（负载已知）,2025-09-25,10:00-10:50,509.834500,5
③ 仅光伏不可知（负载已知）,2025-09-25,12:00-12:10,0.064250,1
③ 仅光伏不可知（负载已知）,2025-09-25,12:30-13:00,172.114983,3
③ 仅光伏不可知（负载已知）,2025-09-25,13:30-14:00,176.051817,3
③ 仅光伏不可知（负载已知）,2025-09-25,14:30-15:00,223.864967,3
③ 仅光伏不可知（负载已知）,2025-09-26,6:00-6:50,725.811750,5
③ 仅光伏不可知（负载已知）,2025-09-26,7:00-7:50,805.182783,5
③ 仅光伏不可知（负载已知）,2025-09-26,8:00-8:20,285.157950,2
③ 仅光伏不可知（负载已知）,2025-09-26,8:40-9:50,785.669017,7
③ 仅光伏不可知（负载已知）,2025-09-26,10:00-10:20,89.196233,2
③ 仅光伏不可知（负载已知）,2025-09-26,11:10-11:30,55.095267,2
③ 仅光伏不可知（负载已知）,2025-09-27,6:00-7:40,1776.940667,10
③ 仅光伏不可知（负载已知）,2025-09-27,7:50-8:20,767.110850,3
③ 仅光伏不可知（负载已知）,2025-09-27,8:30-8:40,203.207083,1
③ 仅光伏不可知（负载已知）,2025-09-27,8:50-9:10,439.765667,2
③ 仅光伏不可知（负载已知）,2025-09-27,10:00-10:20,302.338883,2
③ 仅光伏不可知（负载已知）,2025-09-27,11:00-11:40,320.210800,4
③ 仅光伏不可知（负载已知）,2025-09-27,11:50-12:00,108.811250,1
③ 仅光伏不可知（负载已知）,2025-09-27,12:10-12:20,147.755333,1
③ 仅光伏不可知（负载已知）,2025-09-27,12:30-12:40,201.984967,1
③ 仅光伏不可知（负载已知）,2025-09-27,12:50-13:10,230.968150,2
③ 仅光伏不可知（负载已知）,2025-09-27,13:40-14:00,467.463950,2
③ 仅光伏不可知（负载已知）,2025-09-27,14:40-15:00,117.686267,2
③ 仅光伏不可知（负载已知）,2025-09-27,15:40-16:00,87.638800,2
③ 仅光伏不可知（负载已知）,2025-09-27,16:50-17:00,17.416667,1
③ 仅光伏不可知（负载已知）,2025-09-28,6:00-9:40,3026.241517,22
③ 仅光伏不可知（负载已知）,2025-09-28,10:00-12:00,1691.720283,12
③ 仅光伏不可知（负载已知）,2025-09-28,12:40-13:00,71.127500,2
③ 仅光伏不可知（负载已知）,2025-09-28,13:20-14:00,171.420000,4
③ 仅光伏不可知（负载已知）,2025-09-28,14:20-15:00,251.152583,4
③ 仅光伏不可知（负载已知）,2025-09-28,15:40-16:00,45.629233,2
③ 仅光伏不可知（负载已知）,2025-09-29,6:00-6:50,730.340250,5
③ 仅光伏不可知（负载已知）,2025-09-29,7:00-7:50,769.915883,5
③ 仅光伏不可知（负载已知）,2025-09-29,8:00-8:50,660.411817,5
③ 仅光伏不可知（负载已知）,2025-09-29,9:00-9:50,682.038467,5
③ 仅光伏不可知（负载已知）,2025-09-29,10:00-11:50,891.839350,11
③ 仅光伏不可知（负载已知）,2025-09-30,6:00-6:50,671.678483,5
③ 仅光伏不可知（负载已知）,2025-09-30,7:00-12:00,7766.565283,30
③ 仅光伏不可知（负载已知）,2025-10-01,6:00-6:50,829.527133,5
③ 仅光伏不可知（负载已知）,2025-10-01,7:00-8:50,2105.895233,11
③ 仅光伏不可知（负载已知）,2025-10-01,9:00-9:30,254.130167,3
③ 仅光伏不可知（负载已知）,2025-10-01,16:50-17:00,11.141867,1
③ 仅光伏不可知（负载已知）,2025-10-02,6:00-6:50,810.003950,5
③ 仅光伏不可知（负载已知）,2025-10-02,7:00-7:50,631.551850,5
③ 仅光伏不可知（负载已知）,2025-10-02,8:00-8:40,384.640150,4
③ 仅光伏不可知（负载已知）,2025-10-03,6:00-7:50,1736.806683,11
③ 仅光伏不可知（负载已知）,2025-10-03,8:00-8:10,288.235167,1
③ 仅光伏不可知（负载已知）,2025-10-03,8:20-8:40,270.078017,2
③ 仅光伏不可知（负载已知）,2025-10-03,9:00-9:10,240.111233,1
③ 仅光伏不可知（负载已知）,2025-10-03,10:00-10:10,136.892133,1
③ 仅光伏不可知（负载已知）,2025-10-03,10:20-10:30,30.794700,1
③ 仅光伏不可知（负载已知）,2025-10-03,14:50-15:00,27.332233,1
③ 仅光伏不可知（负载已知）,2025-10-03,16:50-17:00,17.615100,1
③ 仅光伏不可知（负载已知）,2025-10-04,6:00-6:50,733.766733,5
③ 仅光伏不可知（负载已知）,2025-10-04,7:00-7:40,513.674300,4
③ 仅光伏不可知（负载已知）,2025-10-04,8:00-8:20,154.867933,2
③ 仅光伏不可知（负载已知）,2025-10-04,9:00-9:10,8.087550,1
③ 仅光伏不可知（负载已知）,2025-10-05,6:00-6:50,685.720317,5
③ 仅光伏不可知（负载已知）,2025-10-05,7:00-7:40,372.804333,4
③ 仅光伏不可知（负载已知）,2025-10-05,8:00-8:30,392.654133,3
③ 仅光伏不可知（负载已知）,2025-10-05,14:50-15:00,0.047600,1
③ 仅光伏不可知（负载已知）,2025-10-06,6:00-9:30,4031.686900,21
③ 仅光伏不可知（负载已知）,2025-10-06,9:40-10:10,692.571383,3
③ 仅光伏不可知（负载已知）,2025-10-06,10:20-11:00,832.573933,4
③ 仅光伏不可知（负载已知）,2025-10-06,11:10-12:30,1343.135000,8
③ 仅光伏不可知（负载已知）,2025-10-06,12:40-13:30,495.014883,5
③ 仅光伏不可知（负载已知）,2025-10-06,13:40-14:00,329.307267,2
③ 仅光伏不可知（负载已知）,2025-10-06,14:50-15:00,9.452850,1
③ 仅光伏不可知（负载已知）,2025-10-06,16:50-17:00,30.742933,1
③ 仅光伏不可知（负载已知）,2025-10-07,6:00-9:50,3600.591117,23
③ 仅光伏不可知（负载已知）,2025-10-07,10:00-11:50,397.081767,11
③ 仅光伏不可知（负载已知）,2025-10-07,12:50-13:00,7.193450,1
③ 仅光伏不可知（负载已知）,2025-10-07,13:50-14:00,42.671083,1
③ 仅光伏不可知（负载已知）,2025-10-07,14:40-15:00,147.363033,2
③ 仅光伏不可知（负载已知）,2025-10-07,15:40-16:00,143.355600,2
③ 仅光伏不可知（负载已知）,2025-10-07,16:50-17:00,33.268933,1
③ 仅光伏不可知（负载已知）,2025-10-08,6:00-11:00,5361.412500,30
③ 仅光伏不可知（负载已知）,2025-10-08,11:40-13:00,210.164650,8
③ 仅光伏不可知（负载已知）,2025-10-08,13:20-14:00,98.185833,4
③ 仅光伏不可知（负载已知）,2025-10-08,15:50-16:00,8.018683,1
③ 仅光伏不可知（负载已知）,2025-10-08,16:50-17:00,4.539900,1
③ 仅光伏不可知（负载已知）,2025-10-09,6:00-6:50,655.293867,5
③ 仅光伏不可知（负载已知）,2025-10-09,7:00-7:50,589.101183,5
③ 仅光伏不可知（负载已知）,2025-10-09,8:00-8:40,555.024183,4
③ 仅光伏不可知（负载已知）,2025-10-09,9:00-9:40,303.828783,4
③ 仅光伏不可知（负载已知）,2025-10-10,6:00-6:50,614.153483,5
③ 仅光伏不可知（负载已知）,2025-10-10,7:00-7:40,820.540283,4
③ 仅光伏不可知（负载已知）,2025-10-10,8:00-8:20,282.581667,2
③ 仅光伏不可知（负载已知）,2025-10-10,9:00-9:20,175.765400,2
③ 仅光伏不可知（负载已知）,2025-10-10,10:00-10:10,155.106700,1
③ 仅光伏不可知（负载已知）,2025-10-10,10:30-10:40,31.524300,1
③ 仅光伏不可知（负载已知）,2025-10-11,6:00-6:50,606.689800,5
③ 仅光伏不可知（负载已知）,2025-10-11,7:00-7:50,765.234950,5
③ 仅光伏不可知（负载已知）,2025-10-11,8:00-8:20,296.476750,2
③ 仅光伏不可知（负载已知）,2025-10-11,9:00-9:30,265.922767,3
③ 仅光伏不可知（负载已知）,2025-10-11,11:20-11:30,44.580883,1
③ 仅光伏不可知（负载已知）,2025-10-11,13:50-14:00,50.860600,1
③ 仅光伏不可知（负载已知）,2025-10-12,6:00-6:50,603.291950,5
③ 仅光伏不可知（负载已知）,2025-10-12,7:00-7:50,632.189850,5
③ 仅光伏不可知（负载已知）,2025-10-12,8:00-8:50,721.718283,5
③ 仅光伏不可知（负载已知）,2025-10-12,9:00-10:10,769.877967,7
③ 仅光伏不可知（负载已知）,2025-10-12,10:50-11:20,150.465567,3
③ 仅光伏不可知（负载已知）,2025-10-12,13:50-14:00,61.222100,1
③ 仅光伏不可知（负载已知）,2025-10-12,14:40-15:00,77.605600,2
③ 仅光伏不可知（负载已知）,2025-10-12,15:50-16:00,60.368750,1
③ 仅光伏不可知（负载已知）,2025-10-12,16:50-17:00,47.780733,1
③ 仅光伏不可知（负载已知）,2025-10-13,6:00-10:20,4289.167650,26
③ 仅光伏不可知（负载已知）,2025-10-14,6:00-10:50,4566.666083,29
③ 仅光伏不可知（负载已知）,2025-10-14,11:00-11:20,111.105433,2
③ 仅光伏不可知（负载已知）,2025-10-14,11:50-12:00,10.178050,1
③ 仅光伏不可知（负载已知）,2025-10-15,6:00-6:50,616.238983,5
③ 仅光伏不可知（负载已知）,2025-10-15,7:00-7:50,907.780550,5
③ 仅光伏不可知（负载已知）,2025-10-15,8:00-11:10,2478.406300,19
③ 仅光伏不可知（负载已知）,2025-10-16,6:00-12:00,5777.288983,36
③ 仅光伏不可知（负载已知）,2025-10-17,6:00-7:50,1977.136717,11
③ 仅光伏不可知（负载已知）,2025-10-17,9:00-9:10,312.090017,1
③ 仅光伏不可知（负载已知）,2025-10-17,9:40-10:20,689.831650,4
③ 仅光伏不可知（负载已知）,2025-10-17,10:30-11:00,560.450600,3
③ 仅光伏不可知（负载已知）,2025-10-17,11:10-11:20,196.703467,1
③ 仅光伏不可知（负载已知）,2025-10-17,11:30-12:00,305.889633,3
③ 仅光伏不可知（负载已知）,2025-10-17,12:40-13:00,344.571467,2
③ 仅光伏不可知（负载已知）,2025-10-17,13:10-13:30,265.382117,2
③ 仅光伏不可知（负载已知）,2025-10-17,13:40-13:50,226.257617,1
③ 仅光伏不可知（负载已知）,2025-10-17,14:00-14:10,6.049617,1
③ 仅光伏不可知（负载已知）,2025-10-17,14:20-14:40,118.665217,2
③ 仅光伏不可知（负载已知）,2025-10-17,15:30-16:00,261.175517,3
③ 仅光伏不可知（负载已知）,2025-10-17,16:50-17:00,52.194417,1
③ 仅光伏不可知（负载已知）,2025-10-18,6:00-8:20,2514.964300,14
③ 仅光伏不可知（负载已知）,2025-10-18,8:40-9:40,715.073250,6
③ 仅光伏不可知（负载已知）,2025-10-18,10:00-10:10,12.955583,1
③ 仅光伏不可知（负载已知）,2025-10-18,10:30-10:40,15.284250,1
③ 仅光伏不可知（负载已知）,2025-10-18,11:10-11:30,58.872250,2
③ 仅光伏不可知（负载已知）,2025-10-19,6:00-6:50,639.797717,5
③ 仅光伏不可知（负载已知）,2025-10-19,7:00-7:50,939.312850,5
③ 仅光伏不可知（负载已知）,2025-10-19,8:00-8:50,961.306533,5
③ 仅光伏不可知（负载已知）,2025-10-19,9:00-11:40,1881.349550,16
③ 仅光伏不可知（负载已知）,2025-10-19,11:50-12:00,4.494783,1
③ 仅光伏不可知（负载已知）,2025-10-20,6:00-6:50,583.576967,5
③ 仅光伏不可知（负载已知）,2025-10-20,7:00-7:40,557.177617,4
③ 仅光伏不可知（负载已知）,2025-10-20,8:00-8:50,579.154217,5
③ 仅光伏不可知（负载已知）,2025-10-20,9:00-9:50,460.823483,5
③ 仅光伏不可知（负载已知）,2025-10-20,10:00-10:40,290.728967,4
③ 仅光伏不可知（负载已知）,2025-10-20,11:00-12:00,509.149617,6
③ 仅光伏不可知（负载已知）,2025-10-20,12:50-13:00,27.907800,1
③ 仅光伏不可知（负载已知）,2025-10-21,6:00-12:00,5290.451450,36
③ 仅光伏不可知（负载已知）,2025-10-22,6:00-6:50,509.527367,5
③ 仅光伏不可知（负载已知）,2025-10-22,7:00-7:50,853.726967,5
③ 仅光伏不可知（负载已知）,2025-10-22,8:00-8:40,451.013150,4
③ 仅光伏不可知（负载已知）,2025-10-22,9:00-13:00,3551.823033,24
③ 仅光伏不可知（负载已知）,2025-10-23,6:00-6:50,436.102167,5
③ 仅光伏不可知（负载已知）,2025-10-23,7:00-7:40,541.092633,4
③ 仅光伏不可知（负载已知）,2025-10-23,8:00-8:20,85.175483,2
③ 仅光伏不可知（负载已知）,2025-10-23,9:00-9:10,13.248400,1
③ 仅光伏不可知（负载已知）,2025-10-23,15:50-16:00,46.463950,1
③ 仅光伏不可知（负载已知）,2025-10-23,16:50-17:00,14.585817,1
③ 仅光伏不可知（负载已知）,2025-10-24,6:00-7:50,1460.055950,11
③ 仅光伏不可知（负载已知）,2025-10-24,8:00-8:20,487.400000,2
③ 仅光伏不可知（负载已知）,2025-10-24,8:40-8:50,38.678717,1
③ 仅光伏不可知（负载已知）,2025-10-24,9:00-9:20,143.887267,2
③ 仅光伏不可知（负载已知）,2025-10-24,12:30-12:40,20.944800,1
③ 仅光伏不可知（负载已知）,2025-10-24,13:50-14:00,181.685017,1
③ 仅光伏不可知（负载已知）,2025-10-24,14:30-14:50,87.418517,2
③ 仅光伏不可知（负载已知）,2025-10-24,15:50-16:00,22.152983,1
③ 仅光伏不可知（负载已知）,2025-10-25,6:00-6:50,533.146633,5
③ 仅光伏不可知（负载已知）,2025-10-25,7:00-7:50,894.106883,5
③ 仅光伏不可知（负载已知）,2025-10-25,8:00-8:20,274.151017,2
③ 仅光伏不可知（负载已知）,2025-10-25,10:00-10:20,122.695583,2
③ 仅光伏不可知（负载已知）,2025-10-25,13:50-14:00,35.823067,1
③ 仅光伏不可知（负载已知）,2025-10-25,16:50-17:00,19.492283,1
③ 仅光伏不可知（负载已知）,2025-10-26,6:00-6:50,467.912133,5
③ 仅光伏不可知（负载已知）,2025-10-26,7:00-7:40,520.592700,4
③ 仅光伏不可知（负载已知）,2025-10-26,8:00-8:20,136.310467,2
③ 仅光伏不可知（负载已知）,2025-10-26,9:00-9:20,94.862833,2
③ 仅光伏不可知（负载已知）,2025-10-26,12:20-12:30,11.733550,1
③ 仅光伏不可知（负载已知）,2025-10-26,13:50-14:00,55.070583,1
③ 仅光伏不可知（负载已知）,2025-10-26,16:50-17:00,16.738850,1
③ 仅光伏不可知（负载已知）,2025-10-27,6:00-6:50,475.624117,5
③ 仅光伏不可知（负载已知）,2025-10-27,7:00-7:50,638.312100,5
③ 仅光伏不可知（负载已知）,2025-10-27,8:00-9:40,1481.080650,10
③ 仅光伏不可知（负载已知）,2025-10-27,10:00-11:10,855.968117,7
③ 仅光伏不可知（负载已知）,2025-10-27,12:50-13:00,67.193750,1
③ 仅光伏不可知（负载已知）,2025-10-27,13:40-14:00,72.902233,2
③ 仅光伏不可知（负载已知）,2025-10-27,14:30-15:00,205.293167,3
③ 仅光伏不可知（负载已知）,2025-10-27,15:50-16:00,26.317567,1
③ 仅光伏不可知（负载已知）,2025-10-27,16:50-17:00,10.042200,1
③ 仅光伏不可知（负载已知）,2025-10-28,6:00-6:50,418.283317,5
③ 仅光伏不可知（负载已知）,2025-10-28,7:00-7:50,574.679000,5
③ 仅光伏不可知（负载已知）,2025-10-28,8:00-8:40,448.013033,4
③ 仅光伏不可知（负载已知）,2025-10-28,9:00-9:50,736.980867,5
③ 仅光伏不可知（负载已知）,2025-10-28,10:00-12:00,1840.706250,12
③ 仅光伏不可知（负载已知）,2025-10-28,12:20-14:00,1138.633050,10
③ 仅光伏不可知（负载已知）,2025-10-28,14:30-15:00,270.153750,3
③ 仅光伏不可知（负载已知）,2025-10-28,15:40-16:00,73.708733,2
③ 仅光伏不可知（负载已知）,2025-10-28,16:50-17:00,17.358367,1
③ 仅光伏不可知（负载已知）,2025-10-29,6:00-6:50,406.974683,5
③ 仅光伏不可知（负载已知）,2025-10-29,7:00-7:50,661.955833,5
③ 仅光伏不可知（负载已知）,2025-10-29,8:00-8:50,651.660317,5
③ 仅光伏不可知（负载已知）,2025-10-29,9:00-11:00,1865.982867,12
③ 仅光伏不可知（负载已知）,2025-10-29,16:50-17:00,5.190867,1
③ 仅光伏不可知（负载已知）,2025-10-30,6:00-6:50,419.210717,5
③ 仅光伏不可知（负载已知）,2025-10-30,7:00-7:50,669.828650,5
③ 仅光伏不可知（负载已知）,2025-10-30,8:00-8:50,758.729967,5
③ 仅光伏不可知（负载已知）,2025-10-30,9:00-12:30,3083.390017,21
③ 仅光伏不可知（负载已知）,2025-10-30,13:40-14:00,52.096083,2
③ 仅光伏不可知（负载已知）,2025-10-30,14:30-15:00,263.934050,3
③ 仅光伏不可知（负载已知）,2025-10-30,15:40-16:00,162.335417,2
③ 仅光伏不可知（负载已知）,2025-10-30,16:50-17:00,3.666100,1
③ 仅光伏不可知（负载已知）,2025-10-31,6:00-6:50,393.253767,5
③ 仅光伏不可知（负载已知）,2025-10-31,7:00-8:20,1428.743117,8
③ 仅光伏不可知（负载已知）,2025-10-31,8:40-9:50,1248.737267,7
③ 仅光伏不可知（负载已知）,2025-10-31,10:00-10:20,124.014117,2
③ 仅光伏不可知（负载已知）,2025-10-31,10:30-10:40,5.335067,1
③ 仅光伏不可知（负载已知）,2025-10-31,11:10-11:30,206.636700,2
③ 仅光伏不可知（负载已知）,2025-10-31,11:40-11:50,58.746167,1
③ 仅光伏不可知（负载已知）,2025-11-01,6:00-8:20,1902.116933,14
③ 仅光伏不可知（负载已知）,2025-11-01,8:40-9:40,682.469850,6
③ 仅光伏不可知（负载已知）,2025-11-01,10:00-10:20,475.539767,2
③ 仅光伏不可知（负载已知）,2025-11-01,10:30-10:50,292.315433,2
③ 仅光伏不可知（负载已知）,2025-11-01,11:10-11:30,48.496417,2
③ 仅光伏不可知（负载已知）,2025-11-01,11:40-11:50,22.013367,1
③ 仅光伏不可知（负载已知）,2025-11-01,12:30-12:40,18.732200,1
③ 仅光伏不可知（负载已知）,2025-11-01,13:50-14:00,11.960400,1
③ 仅光伏不可知（负载已知）,2025-11-01,16:50-17:00,6.543667,1
③ 仅光伏不可知（负载已知）,2025-11-02,6:00-6:50,391.274217,5
③ 仅光伏不可知（负载已知）,2025-11-02,7:00-12:00,5293.371150,30
③ 仅光伏不可知（负载已知）,2025-11-02,12:20-13:00,143.474983,4
③ 仅光伏不可知（负载已知）,2025-11-03,6:00-7:50,1233.131600,11
③ 仅光伏不可知（负载已知）,2025-11-03,8:00-8:50,706.362300,5
③ 仅光伏不可知（负载已知）,2025-11-03,9:00-9:40,211.699133,4
③ 仅光伏不可知（负载已知）,2025-11-03,10:00-10:50,242.816167,5
③ 仅光伏不可知（负载已知）,2025-11-04,6:00-7:50,1188.599517,11
③ 仅光伏不可知（负载已知）,2025-11-04,8:00-8:50,857.015333,5
③ 仅光伏不可知（负载已知）,2025-11-04,9:00-9:30,244.882867,3
③ 仅光伏不可知（负载已知）,2025-11-04,10:00-12:00,1280.988633,12
③ 仅光伏不可知（负载已知）,2025-11-04,12:40-13:00,111.699100,2
③ 仅光伏不可知（负载已知）,2025-11-04,13:50-14:00,35.221733,1
③ 仅光伏不可知（负载已知）,2025-11-04,14:50-15:00,57.677583,1
③ 仅光伏不可知（负载已知）,2025-11-04,15:50-16:00,44.941133,1
③ 仅光伏不可知（负载已知）,2025-11-04,16:50-17:00,6.985517,1
③ 仅光伏不可知（负载已知）,2025-11-05,6:00-6:50,366.830417,5
③ 仅光伏不可知（负载已知）,2025-11-05,7:00-9:50,2258.072967,17
③ 仅光伏不可知（负载已知）,2025-11-05,10:00-10:10,67.197383,1
③ 仅光伏不可知（负载已知）,2025-11-06,6:00-6:50,323.209350,5
③ 仅光伏不可知（负载已知）,2025-11-06,7:00-12:00,3902.209217,30
③ 仅光伏不可知（负载已知）,2025-11-06,14:40-15:00,86.111050,2
③ 仅光伏不可知（负载已知）,2025-11-06,16:50-17:00,13.916950,1
③ 仅光伏不可知（负载已知）,2025-11-07,6:00-6:50,271.127683,5
③ 仅光伏不可知（负载已知）,2025-11-07,7:00-7:50,699.972133,5
③ 仅光伏不可知（负载已知）,2025-11-07,8:00-8:30,529.891167,3
③ 仅光伏不可知（负载已知）,2025-11-07,8:40-9:50,584.218617,7
③ 仅光伏不可知（负载已知）,2025-11-07,10:00-10:20,293.875567,2
③ 仅光伏不可知（负载已知）,2025-11-07,10:30-11:00,131.512067,3
③ 仅光伏不可知（负载已知）,2025-11-07,11:10-11:30,202.155200,2
③ 仅光伏不可知（负载已知）,2025-11-07,12:10-12:50,146.009367,4
③ 仅光伏不可知（负载已知）,2025-11-07,15:50-16:00,44.533600,1
③ 仅光伏不可知（负载已知）,2025-11-07,16:50-17:00,8.696733,1
③ 仅光伏不可知（负载已知）,2025-11-08,6:00-6:50,318.233050,5
③ 仅光伏不可知（负载已知）,2025-11-08,7:00-7:50,625.715100,5
③ 仅光伏不可知（负载已知）,2025-11-08,8:00-8:20,261.129317,2
③ 仅光伏不可知（负载已知）,2025-11-08,9:00-9:20,118.756417,2
③ 仅光伏不可知（负载已知）,2025-11-08,11:00-11:30,162.504000,3
③ 仅光伏不可知（负载已知）,2025-11-08,14:50-15:00,34.688467,1
③ 仅光伏不可知（负载已知）,2025-11-08,16:50-17:00,6.725167,1
③ 仅光伏不可知（负载已知）,2025-11-09,6:00-9:40,2415.408967,22
③ 仅光伏不可知（负载已知）,2025-11-09,10:00-10:40,276.377517,4
③ 仅光伏不可知（负载已知）,2025-11-09,11:10-11:50,138.559683,4
③ 仅光伏不可知（负载已知）,2025-11-09,14:50-15:00,35.906417,1
③ 仅光伏不可知（负载已知）,2025-11-09,15:50-16:00,48.903700,1
③ 仅光伏不可知（负载已知）,2025-11-09,16:50-17:00,13.303883,1
③ 仅光伏不可知（负载已知）,2025-11-10,6:00-6:50,251.295333,5
③ 仅光伏不可知（负载已知）,2025-11-10,7:00-7:50,776.668950,5
③ 仅光伏不可知（负载已知）,2025-11-10,8:00-13:00,3707.572517,30
③ 仅光伏不可知（负载已知）,2025-11-11,6:00-6:50,230.243250,5
③ 仅光伏不可知（负载已知）,2025-11-11,7:00-7:50,655.035467,5
③ 仅光伏不可知（负载已知）,2025-11-11,8:00-8:40,363.987400,4
③ 仅光伏不可知（负载已知）,2025-11-11,9:00-9:20,136.893367,2
③ 仅光伏不可知（负载已知）,2025-11-11,10:00-10:20,174.150867,2
③ 仅光伏不可知（负载已知）,2025-11-12,6:00-6:50,254.485300,5
③ 仅光伏不可知（负载已知）,2025-11-12,7:00-11:00,3589.018417,24
③ 仅光伏不可知（负载已知）,2025-11-12,13:50-14:00,8.645650,1
③ 仅光伏不可知（负载已知）,2025-11-12,15:50-16:00,29.881350,1
③ 仅光伏不可知（负载已知）,2025-11-12,16:50-17:00,8.106217,1
③ 仅光伏不可知（负载已知）,2025-11-13,6:00-6:50,256.279567,5
③ 仅光伏不可知（负载已知）,2025-11-13,7:00-7:50,660.638683,5
③ 仅光伏不可知（负载已知）,2025-11-13,8:00-8:40,531.632050,4
③ 仅光伏不可知（负载已知）,2025-11-13,9:00-9:20,90.612583,2
③ 仅光伏不可知（负载已知）,2025-11-13,10:00-10:40,274.339833,4
③ 仅光伏不可知（负载已知）,2025-11-13,11:00-14:00,2348.854683,18
③ 仅光伏不可知（负载已知）,2025-11-13,14:20-15:00,331.046367,4
③ 仅光伏不可知（负载已知）,2025-11-13,15:40-16:00,109.062550,2
③ 仅光伏不可知（负载已知）,2025-11-13,16:50-17:00,4.792617,1
③ 仅光伏不可知（负载已知）,2025-11-14,6:00-8:20,1762.978683,14
③ 仅光伏不可知（负载已知）,2025-11-14,8:40-9:50,1174.342817,7
③ 仅光伏不可知（负载已知）,2025-11-14,10:00-10:20,96.013317,2
③ 仅光伏不可知（负载已知）,2025-11-14,10:40-11:30,222.749933,5
③ 仅光伏不可知（负载已知）,2025-11-14,11:40-11:50,20.166683,1
③ 仅光伏不可知（负载已知）,2025-11-14,12:10-12:50,436.357617,4
③ 仅光伏不可知（负载已知）,2025-11-14,13:50-14:00,38.870600,1
③ 仅光伏不可知（负载已知）,2025-11-14,15:50-16:00,24.085467,1
③ 仅光伏不可知（负载已知）,2025-11-14,16:50-17:00,1.961517,1
③ 仅光伏不可知（负载已知）,2025-11-15,6:00-6:50,195.956550,5
③ 仅光伏不可知（负载已知）,2025-11-15,7:00-7:50,725.217067,5
③ 仅光伏不可知（负载已知）,2025-11-15,8:00-8:30,315.472033,3
③ 仅光伏不可知（负载已知）,2025-11-15,9:00-9:20,111.970483,2
③ 仅光伏不可知（负载已知）,2025-11-15,10:00-10:20,65.814433,2
③ 仅光伏不可知（负载已知）,2025-11-16,6:00-10:50,2903.994400,29
③ 仅光伏不可知（负载已知）,2025-11-16,11:00-12:00,579.301083,6
③ 仅光伏不可知（负载已知）,2025-11-16,12:20-13:00,112.669750,4
③ 仅光伏不可知（负载已知）,2025-11-16,13:40-14:00,79.951883,2
③ 仅光伏不可知（负载已知）,2025-11-16,14:40-15:00,105.335083,2
③ 仅光伏不可知（负载已知）,2025-11-16,15:40-16:00,71.275833,2
③ 仅光伏不可知（负载已知）,2025-11-16,16:50-17:00,10.335100,1
③ 仅光伏不可知（负载已知）,2025-11-17,6:00-6:50,146.497667,5
③ 仅光伏不可知（负载已知）,2025-11-17,7:00-12:00,5172.398800,30
③ 仅光伏不可知（负载已知）,2025-11-17,12:10-14:00,839.850300,11
③ 仅光伏不可知（负载已知）,2025-11-17,14:40-15:00,121.735317,2
③ 仅光伏不可知（负载已知）,2025-11-17,15:50-16:00,7.262817,1
③ 仅光伏不可知（负载已知）,2025-11-18,6:00-13:00,5227.904883,42
③ 仅光伏不可知（负载已知）,2025-11-19,6:00-13:00,5211.783100,42
③ 仅光伏不可知（负载已知）,2025-11-19,13:40-14:00,38.332750,2
③ 仅光伏不可知（负载已知）,2025-11-19,15:40-16:00,87.090717,2
③ 仅光伏不可知（负载已知）,2025-11-19,16:50-17:00,8.948683,1
③ 仅光伏不可知（负载已知）,2025-11-20,6:00-6:50,154.995250,5
③ 仅光伏不可知（负载已知）,2025-11-20,7:00-7:50,682.936467,5
③ 仅光伏不可知（负载已知）,2025-11-20,8:00-11:00,2610.790633,18
③ 仅光伏不可知（负载已知）,2025-11-20,11:40-13:00,827.777400,8
③ 仅光伏不可知（负载已知）,2025-11-20,13:40-14:00,109.025317,2
③ 仅光伏不可知（负载已知）,2025-11-20,14:40-15:00,132.488083,2
③ 仅光伏不可知（负载已知）,2025-11-20,15:40-16:00,83.863867,2
③ 仅光伏不可知（负载已知）,2025-11-21,6:00-8:20,1408.277917,14
③ 仅光伏不可知（负载已知）,2025-11-21,8:40-8:50,27.351217,1
③ 仅光伏不可知（负载已知）,2025-11-21,9:00-9:50,969.740833,5
③ 仅光伏不可知（负载已知）,2025-11-21,10:00-10:20,183.300533,2
③ 仅光伏不可知（负载已知）,2025-11-21,10:30-10:50,23.393650,2
③ 仅光伏不可知（负载已知）,2025-11-21,11:00-11:30,244.896017,3
③ 仅光伏不可知（负载已知）,2025-11-21,11:40-11:50,99.189750,1
③ 仅光伏不可知（负载已知）,2025-11-21,12:00-12:50,538.268567,5
③ 仅光伏不可知（负载已知）,2025-11-21,13:50-14:00,120.224817,1
③ 仅光伏不可知（负载已知）,2025-11-21,14:40-14:50,17.112683,1
③ 仅光伏不可知（负载已知）,2025-11-21,15:50-16:00,46.054350,1
③ 仅光伏不可知（负载已知）,2025-11-21,16:50-17:00,0.299117,1
③ 仅光伏不可知（负载已知）,2025-11-22,6:00-6:50,99.028117,5
③ 仅光伏不可知（负载已知）,2025-11-22,7:00-7:50,683.743883,5
③ 仅光伏不可知（负载已知）,2025-11-22,8:00-8:40,312.168467,4
③ 仅光伏不可知（负载已知）,2025-11-22,9:00-9:40,317.850750,4
③ 仅光伏不可知（负载已知）,2025-11-22,10:00-10:30,100.276517,3
③ 仅光伏不可知（负载已知）,2025-11-22,15:50-16:00,2.991050,1
③ 仅光伏不可知（负载已知）,2025-11-22,16:50-17:00,1.645033,1
③ 仅光伏不可知（负载已知）,2025-11-23,6:00-12:50,5465.504600,41
③ 仅光伏不可知（负载已知）,2025-11-23,13:50-14:00,50.512300,1
③ 仅光伏不可知（负载已知）,2025-11-23,14:50-15:00,43.913483,1
③ 仅光伏不可知（负载已知）,2025-11-23,15:50-16:00,30.327400,1
③ 仅光伏不可知（负载已知）,2025-11-24,6:00-13:00,4272.709600,42
③ 仅光伏不可知（负载已知）,2025-11-24,13:20-14:00,192.503200,4
③ 仅光伏不可知（负载已知）,2025-11-24,14:40-15:00,83.012183,2
③ 仅光伏不可知（负载已知）,2025-11-24,15:50-16:00,17.992217,1
③ 仅光伏不可知（负载已知）,2025-11-25,6:00-6:50,87.835633,5
③ 仅光伏不可知（负载已知）,2025-11-25,7:00-7:50,656.942817,5
③ 仅光伏不可知（负载已知）,2025-11-25,8:00-8:40,390.383633,4
③ 仅光伏不可知（负载已知）,2025-11-25,9:00-9:30,355.373233,3
③ 仅光伏不可知（负载已知）,2025-11-25,10:00-10:30,98.545633,3
③ 仅光伏不可知（负载已知）,2025-11-26,6:00-6:50,78.529883,5
③ 仅光伏不可知（负载已知）,2025-11-26,7:00-11:00,3447.859350,24
③ 仅光伏不可知（负载已知）,2025-11-26,15:50-16:00,31.721283,1
③ 仅光伏不可知（负载已知）,2025-11-26,16:50-17:00,5.903050,1
③ 仅光伏不可知（负载已知）,2025-11-27,6:00-10:30,3007.868933,27
③ 仅光伏不可知（负载已知）,2025-11-27,11:00-12:00,460.946717,6
③ 仅光伏不可知（负载已知）,2025-11-27,12:40-13:00,78.968233,2
③ 仅光伏不可知（负载已知）,2025-11-27,13:50-14:00,2.968383,1
③ 仅光伏不可知（负载已知）,2025-11-27,14:40-15:00,66.708700,2
③ 仅光伏不可知（负载已知）,2025-11-27,15:50-16:00,36.579067,1
③ 仅光伏不可知（负载已知）,2025-11-27,16:50-17:00,0.802400,1
③ 仅光伏不可知（负载已知）,2025-11-28,6:00-6:50,60.883317,5
③ 仅光伏不可知（负载已知）,2025-11-28,7:00-7:50,679.636600,5
③ 仅光伏不可知（负载已知）,2025-11-28,8:00-8:50,576.193200,5
③ 仅光伏不可知（负载已知）,2025-11-28,9:00-9:50,617.662400,5
③ 仅光伏不可知（负载已知）,2025-11-28,10:00-10:40,330.894717,4
③ 仅光伏不可知（负载已知）,2025-11-28,11:00-11:30,139.590300,3
③ 仅光伏不可知（负载已知）,2025-11-28,11:40-12:50,700.516350,7
③ 仅光伏不可知（负载已知）,2025-11-28,13:50-14:00,53.381250,1
③ 仅光伏不可知（负载已知）,2025-11-28,14:50-15:00,13.334033,1
③ 仅光伏不可知（负载已知）,2025-11-28,15:50-16:00,19.250050,1
③ 仅光伏不可知（负载已知）,2025-11-29,6:00-6:50,56.476000,5
③ 仅光伏不可知（负载已知）,2025-11-29,7:00-7:50,578.932650,5
③ 仅光伏不可知（负载已知）,2025-11-29,8:00-8:40,385.820917,4
③ 仅光伏不可知（负载已知）,2025-11-29,9:00-9:20,120.247567,2
③ 仅光伏不可知（负载已知）,2025-11-30,6:00-10:20,3045.830617,26
③ 仅光伏不可知（负载已知）,2025-11-30,12:00-12:10,9.086883,1
③ 仅光伏不可知（负载已知）,2025-11-30,12:30-13:00,66.892967,3
③ 仅光伏不可知（负载已知）,2025-11-30,13:30-14:00,183.819017,3
③ 仅光伏不可知（负载已知）,2025-11-30,14:30-15:00,263.008783,3
③ 仅光伏不可知（负载已知）,2025-11-30,15:40-16:00,59.630100,2
③ 仅光伏不可知（负载已知）,2025-11-30,16:50-17:00,0.333617,1
③ 仅光伏不可知（负载已知）,2025-12-01,6:00-6:50,36.785533,5
③ 仅光伏不可知（负载已知）,2025-12-01,7:00-7:50,558.925317,5
③ 仅光伏不可知（负载已知）,2025-12-01,8:00-8:40,336.136950,4
③ 仅光伏不可知（负载已知）,2025-12-01,9:00-9:40,335.216767,4
③ 仅光伏不可知（负载已知）,2025-12-01,10:00-10:50,874.036517,5
③ 仅光伏不可知（负载已知）,2025-12-01,16:50-17:00,1.424833,1
③ 仅光伏不可知（负载已知）,2025-12-02,6:00-8:50,1565.403267,17
③ 仅光伏不可知（负载已知）,2025-12-02,9:00-9:40,270.231067,4
③ 仅光伏不可知（负载已知）,2025-12-02,10:00-10:20,85.541983,2
③ 仅光伏不可知（负载已知）,2025-12-02,15:50-16:00,1.484083,1
③ 仅光伏不可知（负载已知）,2025-12-02,16:50-17:00,0.925917,1
③ 仅光伏不可知（负载已知）,2025-12-03,6:00-6:50,27.982750,5
③ 仅光伏不可知（负载已知）,2025-12-03,7:00-7:50,645.995683,5
③ 仅光伏不可知（负载已知）,2025-12-03,8:00-14:00,5599.996917,36
③ 仅光伏不可知（负载已知）,2025-12-03,14:20-15:00,352.753067,4
③ 仅光伏不可知（负载已知）,2025-12-03,15:40-16:00,70.326867,2
③ 仅光伏不可知（负载已知）,2025-12-03,16:50-17:00,0.365500,1
③ 仅光伏不可知（负载已知）,2025-12-04,6:00-6:50,19.718067,5
③ 仅光伏不可知（负载已知）,2025-12-04,7:00-11:10,3815.005267,25
③ 仅光伏不可知（负载已知）,2025-12-05,6:00-6:50,14.608417,5
③ 仅光伏不可知（负载已知）,2025-12-05,7:00-8:50,1329.559867,11
③ 仅光伏不可知（负载已知）,2025-12-05,9:00-9:40,429.641350,4
③ 仅光伏不可知（负载已知）,2025-12-05,10:00-10:30,42.974367,3
③ 仅光伏不可知（负载已知）,2025-12-05,11:00-12:00,256.505567,6
③ 仅光伏不可知（负载已知）,2025-12-05,13:50-14:00,46.125617,1
③ 仅光伏不可知（负载已知）,2025-12-05,14:40-15:00,47.149967,2
③ 仅光伏不可知（负载已知）,2025-12-05,15:50-16:00,46.121017,1
③ 仅光伏不可知（负载已知）,2025-12-05,16:50-17:00,0.222867,1
③ 仅光伏不可知（负载已知）,2025-12-06,6:00-6:50,11.208267,5
③ 仅光伏不可知（负载已知）,2025-12-06,7:00-7:50,620.198650,5
③ 仅光伏不可知（负载已知）,2025-12-06,8:00-8:40,501.104450,4
③ 仅光伏不可知（负载已知）,2025-12-06,9:00-9:40,215.840950,4
③ 仅光伏不可知（负载已知）,2025-12-06,10:00-11:30,558.584667,9
③ 仅光伏不可知（负载已知）,2025-12-06,11:50-12:00,2.097933,1
③ 仅光伏不可知（负载已知）,2025-12-06,16:50-17:00,0.007717,1
③ 仅光伏不可知（负载已知）,2025-12-07,6:00-8:50,1522.455350,17
③ 仅光伏不可知（负载已知）,2025-12-07,9:00-9:30,103.619250,3
③ 仅光伏不可知（负载已知）,2025-12-08,6:00-6:50,5.884067,5
③ 仅光伏不可知（负载已知）,2025-12-08,7:00-8:40,1185.773483,10
③ 仅光伏不可知（负载已知）,2025-12-08,9:00-9:20,27.820667,2
③ 仅光伏不可知（负载已知）,2025-12-08,13:20-14:00,62.187767,4
③ 仅光伏不可知（负载已知）,2025-12-08,14:50-15:00,7.368483,1
③ 仅光伏不可知（负载已知）,2025-12-08,15:50-16:00,40.711617,1
③ 仅光伏不可知（负载已知）,2025-12-08,16:50-17:00,0.005767,1
③ 仅光伏不可知（负载已知）,2025-12-09,6:00-6:30,2.149350,3
③ 仅光伏不可知（负载已知）,2025-12-09,6:40-7:50,581.789550,7
③ 仅光伏不可知（负载已知）,2025-12-09,8:00-8:50,639.855150,5
③ 仅光伏不可知（负载已知）,2025-12-09,9:00-9:30,305.910367,3
③ 仅光伏不可知（负载已知）,2025-12-09,13:50-14:00,15.156350,1
③ 仅光伏不可知（负载已知）,2025-12-09,14:40-15:00,40.336633,2
③ 仅光伏不可知（负载已知）,2025-12-09,15:50-16:00,50.402883,1
③ 仅光伏不可知（负载已知）,2025-12-09,16:50-17:00,0.107617,1
③ 仅光伏不可知（负载已知）,2025-12-10,6:00-6:30,0.889067,3
③ 仅光伏不可知（负载已知）,2025-12-10,6:40-6:50,0.327100,1
③ 仅光伏不可知（负载已知）,2025-12-10,7:00-12:00,4847.683233,30
③ 仅光伏不可知（负载已知）,2025-12-10,12:20-13:00,148.880683,4
③ 仅光伏不可知（负载已知）,2025-12-11,7:00-7:50,745.994083,5
③ 仅光伏不可知（负载已知）,2025-12-11,8:00-8:50,588.679067,5
③ 仅光伏不可知（负载已知）,2025-12-11,9:00-9:50,447.113200,5
③ 仅光伏不可知（负载已知）,2025-12-11,10:00-10:40,295.135517,4
③ 仅光伏不可知（负载已知）,2025-12-12,7:00-9:30,1798.183667,15
③ 仅光伏不可知（负载已知）,2025-12-12,10:00-10:50,273.511150,5
③ 仅光伏不可知（负载已知）,2025-12-12,13:00-13:10,16.782283,1
③ 仅光伏不可知（负载已知）,2025-12-12,13:20-14:00,247.323050,4
③ 仅光伏不可知（负载已知）,2025-12-12,14:40-15:00,99.500400,2
③ 仅光伏不可知（负载已知）,2025-12-12,15:40-16:00,54.929767,2
③ 仅光伏不可知（负载已知）,2025-12-13,7:00-7:50,573.107533,5
③ 仅光伏不可知（负载已知）,2025-12-13,8:00-8:40,395.578000,4
③ 仅光伏不可知（负载已知）,2025-12-13,9:00-9:30,138.752483,3
③ 仅光伏不可知（负载已知）,2025-12-13,10:00-10:20,80.466300,2
③ 仅光伏不可知（负载已知）,2025-12-13,11:00-11:10,35.117950,1
③ 仅光伏不可知（负载已知）,2025-12-13,11:30-11:50,3.680583,2
③ 仅光伏不可知（负载已知）,2025-12-13,12:50-13:00,44.657467,1
③ 仅光伏不可知（负载已知）,2025-12-13,13:30-14:00,212.354383,3
③ 仅光伏不可知（负载已知）,2025-12-13,14:20-15:00,180.574000,4
③ 仅光伏不可知（负载已知）,2025-12-13,15:50-16:00,51.535500,1
③ 仅光伏不可知（负载已知）,2025-12-14,7:00-13:00,5244.526200,36
③ 仅光伏不可知（负载已知）,2025-12-14,13:30-14:00,122.690300,3
③ 仅光伏不可知（负载已知）,2025-12-14,14:50-15:00,28.127117,1
③ 仅光伏不可知（负载已知）,2025-12-14,15:50-16:00,12.137200,1
③ 仅光伏不可知（负载已知）,2025-12-15,7:00-13:00,6133.928750,36
③ 仅光伏不可知（负载已知）,2025-12-15,13:30-14:00,120.753333,3
③ 仅光伏不可知（负载已知）,2025-12-15,14:40-15:00,78.815900,2
③ 仅光伏不可知（负载已知）,2025-12-15,15:50-16:00,2.802983,1
③ 仅光伏不可知（负载已知）,2025-12-16,7:00-7:50,594.864317,5
③ 仅光伏不可知（负载已知）,2025-12-16,8:00-8:50,500.050183,5
③ 仅光伏不可知（负载已知）,2025-12-16,9:00-12:00,1363.093267,18
③ 仅光伏不可知（负载已知）,2025-12-16,12:20-13:00,125.431633,4
③ 仅光伏不可知（负载已知）,2025-12-17,7:00-7:50,608.347883,5
③ 仅光伏不可知（负载已知）,2025-12-17,8:00-8:50,487.142117,5
③ 仅光伏不可知（负载已知）,2025-12-17,9:00-9:40,310.713800,4
③ 仅光伏不可知（负载已知）,2025-12-17,13:50-14:00,1.233367,1
③ 仅光伏不可知（负载已知）,2025-12-17,14:50-15:00,17.116783,1
③ 仅光伏不可知（负载已知）,2025-12-17,15:50-16:00,15.361317,1
③ 仅光伏不可知（负载已知）,2025-12-18,7:00-7:50,694.603950,5
③ 仅光伏不可知（负载已知）,2025-12-18,8:00-9:50,1034.130250,11
③ 仅光伏不可知（负载已知）,2025-12-18,10:00-11:50,1168.963217,11
③ 仅光伏不可知（负载已知）,2025-12-18,12:40-13:00,48.767433,2
③ 仅光伏不可知（负载已知）,2025-12-18,13:40-14:00,82.706983,2
③ 仅光伏不可知（负载已知）,2025-12-18,14:40-15:00,66.337950,2
③ 仅光伏不可知（负载已知）,2025-12-18,15:50-16:00,25.481250,1
③ 仅光伏不可知（负载已知）,2025-12-19,7:00-7:50,563.414167,5
③ 仅光伏不可知（负载已知）,2025-12-19,8:00-13:00,3567.581833,30
③ 仅光伏不可知（负载已知）,2025-12-19,13:30-14:00,194.767267,3
③ 仅光伏不可知（负载已知）,2025-12-19,14:50-15:00,3.355400,1
③ 仅光伏不可知（负载已知）,2025-12-20,7:00-7:50,607.950733,5
③ 仅光伏不可知（负载已知）,2025-12-20,8:00-9:50,1317.652067,11
③ 仅光伏不可知（负载已知）,2025-12-20,10:00-12:00,744.424233,12
③ 仅光伏不可知（负载已知）,2025-12-20,12:40-13:00,55.448900,2
③ 仅光伏不可知（负载已知）,2025-12-21,7:00-8:50,1275.806967,11
③ 仅光伏不可知（负载已知）,2025-12-21,9:00-9:40,386.066517,4
③ 仅光伏不可知（负载已知）,2025-12-21,10:00-11:50,437.538333,11
③ 仅光伏不可知（负载已知）,2025-12-21,12:30-13:00,87.491650,3
③ 仅光伏不可知（负载已知）,2025-12-21,13:50-14:00,11.034483,1
③ 仅光伏不可知（负载已知）,2025-12-21,14:40-15:00,68.092900,2
③ 仅光伏不可知（负载已知）,2025-12-21,15:50-16:00,6.036017,1
③ 仅光伏不可知（负载已知）,2025-12-22,7:00-7:50,595.436183,5
③ 仅光伏不可知（负载已知）,2025-12-22,8:00-9:50,1182.930650,11
③ 仅光伏不可知（负载已知）,2025-12-22,10:00-13:00,2009.041233,18
③ 仅光伏不可知（负载已知）,2025-12-22,13:50-14:00,20.174550,1
③ 仅光伏不可知（负载已知）,2025-12-22,14:50-15:00,26.023567,1
③ 仅光伏不可知（负载已知）,2025-12-23,7:00-7:50,614.990800,5
③ 仅光伏不可知（负载已知）,2025-12-23,8:00-8:40,427.950100,4
③ 仅光伏不可知（负载已知）,2025-12-23,9:00-9:20,172.708150,2
③ 仅光伏不可知（负载已知）,2025-12-23,10:00-10:20,44.314383,2
③ 仅光伏不可知（负载已知）,2025-12-23,12:00-13:00,75.967367,6
③ 仅光伏不可知（负载已知）,2025-12-23,13:50-14:00,22.018533,1
③ 仅光伏不可知（负载已知）,2025-12-23,14:50-15:00,16.485083,1
③ 仅光伏不可知（负载已知）,2025-12-23,15:50-16:00,5.468750,1
③ 仅光伏不可知（负载已知）,2025-12-24,7:00-7:50,709.784517,5
③ 仅光伏不可知（负载已知）,2025-12-24,8:00-9:50,891.603383,11
③ 仅光伏不可知（负载已知）,2025-12-24,10:00-12:00,921.541250,12
③ 仅光伏不可知（负载已知）,2025-12-24,12:40-13:00,47.687350,2
③ 仅光伏不可知（负载已知）,2025-12-24,14:50-15:00,24.756850,1
③ 仅光伏不可知（负载已知）,2025-12-25,7:00-13:00,4799.846167,36
③ 仅光伏不可知（负载已知）,2025-12-25,13:40-14:00,108.317350,2
③ 仅光伏不可知（负载已知）,2025-12-25,14:30-15:00,109.121050,3
③ 仅光伏不可知（负载已知）,2025-12-25,15:50-16:00,16.295367,1
③ 仅光伏不可知（负载已知）,2025-12-26,7:00-10:50,3421.741367,23
③ 仅光伏不可知（负载已知）,2025-12-26,11:00-12:00,264.606383,6
③ 仅光伏不可知（负载已知）,2025-12-26,12:20-13:00,213.752550,4
③ 仅光伏不可知（负载已知）,2025-12-26,13:30-14:00,53.652900,3
③ 仅光伏不可知（负载已知）,2025-12-26,14:40-15:00,47.459367,2
③ 仅光伏不可知（负载已知）,2025-12-27,7:00-12:00,3873.127333,30
③ 仅光伏不可知（负载已知）,2025-12-27,14:50-15:00,35.645133,1
③ 仅光伏不可知（负载已知）,2025-12-28,7:00-7:50,581.380300,5
③ 仅光伏不可知（负载已知）,2025-12-28,8:00-12:00,2869.611500,24
③ 仅光伏不可知（负载已知）,2025-12-28,15:50-16:00,1.936350,1
③ 仅光伏不可知（负载已知）,2025-12-29,7:00-8:50,1689.717033,11
③ 仅光伏不可知（负载已知）,2025-12-29,9:00-9:50,588.197650,5
③ 仅光伏不可知（负载已知）,2025-12-29,10:00-12:20,1204.685950,14
③ 仅光伏不可知（负载已知）,2025-12-29,12:40-13:00,91.268383,2
③ 仅光伏不可知（负载已知）,2025-12-29,13:10-14:00,127.085617,5
③ 仅光伏不可知（负载已知）,2025-12-29,14:50-15:00,31.795900,1
③ 仅光伏不可知（负载已知）,2025-12-30,7:00-11:50,3599.032650,29
③ 仅光伏不可知（负载已知）,2025-12-31,6:00-6:30,0.282367,3
③ 仅光伏不可知（负载已知）,2025-12-31,6:40-6:50,0.121417,1
③ 仅光伏不可知（负载已知）,2025-12-31,7:00-7:50,724.614850,5
③ 仅光伏不可知（负载已知）,2025-12-31,8:00-8:50,648.594167,5
③ 仅光伏不可知（负载已知）,2025-12-31,9:00-9:50,264.123100,5
③ 仅光伏不可知（负载已知）,2025-12-31,10:00-10:30,123.956183,3
③ 仅光伏不可知（负载已知）,2025-12-31,12:20-13:00,84.916800,4
③ 仅光伏不可知（负载已知）,2025-12-31,13:30-14:00,220.002267,3
③ 仅光伏不可知（负载已知）,2025-12-31,14:40-15:00,41.377800,2
③ 仅光伏不可知（负载已知）,2025-12-31,15:50-16:00,4.687500,1
④ 仅光伏不可知 + 改用当天 6:00 发布的预报（覆盖 6:00–24:00，与 0:00 条不可横向比较）,2025-02-01,6:00-9:50,2737.329817,23
④ 仅光伏不可知 + 改用当天 6:00 发布的预报（覆盖 6:00–24:00，与 0:00 条不可横向比较）,2025-02-01,10:00-11:30,1222.746467,9
④ 仅光伏不可知 + 改用当天 6:00 发布的预报（覆盖 6:00–24:00，与 0:00 条不可横向比较）,2025-02-01,11:40-12:50,554.732583,7
④ 仅光伏不可知 + 改用当天 6:00 发布的预报（覆盖 6:00–24:00，与 0:00 条不可横向比较）,2025-02-01,13:50-14:00,69.198767,1
④ 仅光伏不可知 + 改用当天 6:00 发布的预报（覆盖 6:00–24:00，与 0:00 条不可横向比较）,2025-02-01,14:50-15:00,9.698467,1
④ 仅光伏不可知 + 改用当天 6:00 发布的预报（覆盖 6:00–24:00，与 0:00 条不可横向比较）,2025-02-01,15:50-16:00,23.206017,1
④ 仅光伏不可知 + 改用当天 6:00 发布的预报（覆盖 6:00–24:00，与 0:00 条不可横向比较）,2025-02-01,16:50-17:00,5.051933,1
④ 仅光伏不可知 + 改用当天 6:00 发布的预报（覆盖 6:00–24:00，与 0:00 条不可横向比较）,2025-02-02,6:00-6:50,300.508917,5
④ 仅光伏不可知 + 改用当天 6:00 发布的预报（覆盖 6:00–24:00，与 0:00 条不可横向比较）,2025-02-02,7:00-8:50,1455.996417,11
④ 仅光伏不可知 + 改用当天 6:00 发布的预报（覆盖 6:00–24:00，与 0:00 条不可横向比较）,2025-02-02,9:00-12:00,1619.971750,18
④ 仅光伏不可知 + 改用当天 6:00 发布的预报（覆盖 6:00–24:00，与 0:00 条不可横向比较）,2025-02-02,15:50-16:00,6.194967,1
④ 仅光伏不可知 + 改用当天 6:00 发布的预报（覆盖 6:00–24:00，与 0:00 条不可横向比较）,2025-02-02,16:50-17:00,8.918700,1
④ 仅光伏不可知 + 改用当天 6:00 发布的预报（覆盖 6:00–24:00，与 0:00 条不可横向比较）,2025-02-03,6:00-9:50,2610.504217,23
④ 仅光伏不可知 + 改用当天 6:00 发布的预报（覆盖 6:00–24:00，与 0:00 条不可横向比较）,2025-02-03,10:00-10:50,523.105133,5
④ 仅光伏不可知 + 改用当天 6:00 发布的预报（覆盖 6:00–24:00，与 0:00 条不可横向比较）,2025-02-03,11:10-11:30,66.635167,2
④ 仅光伏不可知 + 改用当天 6:00 发布的预报（覆盖 6:00–24:00，与 0:00 条不可横向比较）,2025-02-03,11:50-12:00,5.184217,1
④ 仅光伏不可知 + 改用当天 6:00 发布的预报（覆盖 6:00–24:00，与 0:00 条不可横向比较）,2025-02-03,14:50-15:00,4.056167,1
④ 仅光伏不可知 + 改用当天 6:00 发布的预报（覆盖 6:00–24:00，与 0:00 条不可横向比较）,2025-02-03,15:50-16:00,11.184483,1
④ 仅光伏不可知 + 改用当天 6:00 发布的预报（覆盖 6:00–24:00，与 0:00 条不可横向比较）,2025-02-04,6:00-7:50,1090.550550,11
④ 仅光伏不可知 + 改用当天 6:00 发布的预报（覆盖 6:00–24:00，与 0:00 条不可横向比较）,2025-02-04,8:00-8:50,430.057017,5
④ 仅光伏不可知 + 改用当天 6:00 发布的预报（覆盖 6:00–24:00，与 0:00 条不可横向比较）,2025-02-04,9:00-9:50,601.048550,5
④ 仅光伏不可知 + 改用当天 6:00 发布的预报（覆盖 6:00–24:00，与 0:00 条不可横向比较）,2025-02-04,10:00-10:30,69.856517,3
④ 仅光伏不可知 + 改用当天 6:00 发布的预报（覆盖 6:00–24:00，与 0:00 条不可横向比较）,2025-02-04,11:00-11:30,96.762783,3
④ 仅光伏不可知 + 改用当天 6:00 发布的预报（覆盖 6:00–24:00，与 0:00 条不可横向比较）,2025-02-04,14:50-15:00,5.611183,1
④ 仅光伏不可知 + 改用当天 6:00 发布的预报（覆盖 6:00–24:00，与 0:00 条不可横向比较）,2025-02-04,15:50-16:00,11.595583,1
④ 仅光伏不可知 + 改用当天 6:00 发布的预报（覆盖 6:00–24:00，与 0:00 条不可横向比较）,2025-02-04,16:50-17:00,2.301383,1
④ 仅光伏不可知 + 改用当天 6:00 发布的预报（覆盖 6:00–24:00，与 0:00 条不可横向比较）,2025-02-05,6:00-7:50,1018.693800,11
④ 仅光伏不可知 + 改用当天 6:00 发布的预报（覆盖 6:00–24:00，与 0:00 条不可横向比较）,2025-02-05,8:00-9:50,1201.061667,11
④ 仅光伏不可知 + 改用当天 6:00 发布的预报（覆盖 6:00–24:00，与 0:00 条不可横向比较）,2025-02-05,10:00-10:30,208.596800,3
④ 仅光伏不可知 + 改用当天 6:00 发布的预报（覆盖 6:00–24:00，与 0:00 条不可横向比较）,2025-02-05,11:30-11:50,19.046617,2
④ 仅光伏不可知 + 改用当天 6:00 发布的预报（覆盖 6:00–24:00，与 0:00 条不可横向比较）,2025-02-05,12:00-12:20,23.708583,2
④ 仅光伏不可知 + 改用当天 6:00 发布的预报（覆盖 6:00–24:00，与 0:00 条不可横向比较）,2025-02-06,6:00-8:50,1891.296433,17
④ 仅光伏不可知 + 改用当天 6:00 发布的预报（覆盖 6:00–24:00，与 0:00 条不可横向比较）,2025-02-06,9:00-9:50,422.288383,5
④ 仅光伏不可知 + 改用当天 6:00 发布的预报（覆盖 6:00–24:00，与 0:00 条不可横向比较）,2025-02-06,10:00-10:30,206.933733,3
④ 仅光伏不可知 + 改用当天 6:00 发布的预报（覆盖 6:00–24:00，与 0:00 条不可横向比较）,2025-02-07,6:00-6:50,331.322917,5
④ 仅光伏不可知 + 改用当天 6:00 发布的预报（覆盖 6:00–24:00，与 0:00 条不可横向比较）,2025-02-07,7:00-7:50,665.399433,5
④ 仅光伏不可知 + 改用当天 6:00 发布的预报（覆盖 6:00–24:00，与 0:00 条不可横向比较）,2025-02-07,8:00-8:50,477.048033,5
④ 仅光伏不可知 + 改用当天 6:00 发布的预报（覆盖 6:00–24:00，与 0:00 条不可横向比较）,2025-02-07,9:00-9:50,612.234267,5
④ 仅光伏不可知 + 改用当天 6:00 发布的预报（覆盖 6:00–24:00，与 0:00 条不可横向比较）,2025-02-07,10:00-10:20,85.923783,2
④ 仅光伏不可知 + 改用当天 6:00 发布的预报（覆盖 6:00–24:00，与 0:00 条不可横向比较）,2025-02-07,11:00-11:20,78.721583,2
④ 仅光伏不可知 + 改用当天 6:00 发布的预报（覆盖 6:00–24:00，与 0:00 条不可横向比较）,2025-02-08,6:00-9:50,2441.907767,23
④ 仅光伏不可知 + 改用当天 6:00 发布的预报（覆盖 6:00–24:00，与 0:00 条不可横向比较）,2025-02-08,10:00-10:50,610.437867,5
④ 仅光伏不可知 + 改用当天 6:00 发布的预报（覆盖 6:00–24:00，与 0:00 条不可横向比较）,2025-02-08,12:20-12:50,34.751333,3
④ 仅光伏不可知 + 改用当天 6:00 发布的预报（覆盖 6:00–24:00，与 0:00 条不可横向比较）,2025-02-08,13:50-14:00,11.137450,1
④ 仅光伏不可知 + 改用当天 6:00 发布的预报（覆盖 6:00–24:00，与 0:00 条不可横向比较）,2025-02-09,6:00-6:50,386.535150,5
④ 仅光伏不可知 + 改用当天 6:00 发布的预报（覆盖 6:00–24:00，与 0:00 条不可横向比较）,2025-02-09,7:00-7:50,782.408783,5
④ 仅光伏不可知 + 改用当天 6:00 发布的预报（覆盖 6:00–24:00，与 0:00 条不可横向比较）,2025-02-09,8:00-8:50,634.993633,5
④ 仅光伏不可知 + 改用当天 6:00 发布的预报（覆盖 6:00–24:00，与 0:00 条不可横向比较）,2025-02-09,9:00-9:40,348.540083,4
④ 仅光伏不可知 + 改用当天 6:00 发布的预报（覆盖 6:00–24:00，与 0:00 条不可横向比较）,2025-02-09,10:00-10:10,8.119883,1
④ 仅光伏不可知 + 改用当天 6:00 发布的预报（覆盖 6:00–24:00，与 0:00 条不可横向比较）,2025-02-09,11:00-11:10,1.912483,1
④ 仅光伏不可知 + 改用当天 6:00 发布的预报（覆盖 6:00–24:00，与 0:00 条不可横向比较）,2025-02-10,6:00-6:50,402.099400,5
④ 仅光伏不可知 + 改用当天 6:00 发布的预报（覆盖 6:00–24:00，与 0:00 条不可横向比较）,2025-02-10,7:00-13:00,3797.392717,36
④ 仅光伏不可知 + 改用当天 6:00 发布的预报（覆盖 6:00–24:00，与 0:00 条不可横向比较）,2025-02-10,13:40-14:00,191.005117,2
④ 仅光伏不可知 + 改用当天 6:00 发布的预报（覆盖 6:00–24:00，与 0:00 条不可横向比较）,2025-02-10,14:30-15:00,290.386017,3
④ 仅光伏不可知 + 改用当天 6:00 发布的预报（覆盖 6:00–24:00，与 0:00 条不可横向比较）,2025-02-10,15:40-16:00,43.813400,2
④ 仅光伏不可知 + 改用当天 6:00 发布的预报（覆盖 6:00–24:00，与 0:00 条不可横向比较）,2025-02-10,16:50-17:00,7.071067,1
④ 仅光伏不可知 + 改用当天 6:00 发布的预报（覆盖 6:00–24:00，与 0:00 条不可横向比较）,2025-02-11,6:00-13:00,3902.200317,42
④ 仅光伏不可知 + 改用当天 6:00 发布的预报（覆盖 6:00–24:00，与 0:00 条不可横向比较）,2025-02-11,13:50-14:00,2.209083,1
④ 仅光伏不可知 + 改用当天 6:00 发布的预报（覆盖 6:00–24:00，与 0:00 条不可横向比较）,2025-02-12,6:00-12:00,4028.897033,36
④ 仅光伏不可知 + 改用当天 6:00 发布的预报（覆盖 6:00–24:00，与 0:00 条不可横向比较）,2025-02-12,12:50-13:00,2.812800,1
④ 仅光伏不可知 + 改用当天 6:00 发布的预报（覆盖 6:00–24:00，与 0:00 条不可横向比较）,2025-02-12,14:40-15:00,17.173133,2
④ 仅光伏不可知 + 改用当天 6:00 发布的预报（覆盖 6:00–24:00，与 0:00 条不可横向比较）,2025-02-12,15:50-16:00,12.717650,1
④ 仅光伏不可知 + 改用当天 6:00 发布的预报（覆盖 6:00–24:00，与 0:00 条不可横向比较）,2025-02-12,16:50-17:00,5.161133,1
④ 仅光伏不可知 + 改用当天 6:00 发布的预报（覆盖 6:00–24:00，与 0:00 条不可横向比较）,2025-02-13,6:00-12:00,3862.057767,36
④ 仅光伏不可知 + 改用当天 6:00 发布的预报（覆盖 6:00–24:00，与 0:00 条不可横向比较）,2025-02-13,12:20-13:00,130.286667,4
④ 仅光伏不可知 + 改用当天 6:00 发布的预报（覆盖 6:00–24:00，与 0:00 条不可横向比较）,2025-02-13,13:50-14:00,63.366317,1
④ 仅光伏不可知 + 改用当天 6:00 发布的预报（覆盖 6:00–24:00，与 0:00 条不可横向比较）,2025-02-13,14:50-15:00,0.006150,1
④ 仅光伏不可知 + 改用当天 6:00 发布的预报（覆盖 6:00–24:00，与 0:00 条不可横向比较）,2025-02-13,15:50-16:00,17.334067,1
④ 仅光伏不可知 + 改用当天 6:00 发布的预报（覆盖 6:00–24:00，与 0:00 条不可横向比较）,2025-02-13,16:50-17:00,10.298817,1
④ 仅光伏不可知 + 改用当天 6:00 发布的预报（覆盖 6:00–24:00，与 0:00 条不可横向比较）,2025-02-14,6:00-7:50,1313.584517,11
④ 仅光伏不可知 + 改用当天 6:00 发布的预报（覆盖 6:00–24:00，与 0:00 条不可横向比较）,2025-02-14,8:00-8:30,505.532900,3
④ 仅光伏不可知 + 改用当天 6:00 发布的预报（覆盖 6:00–24:00，与 0:00 条不可横向比较）,2025-02-14,8:40-9:50,497.406167,7
④ 仅光伏不可知 + 改用当天 6:00 发布的预报（覆盖 6:00–24:00，与 0:00 条不可横向比较）,2025-02-14,10:00-11:50,530.680033,11
④ 仅光伏不可知 + 改用当天 6:00 发布的预报（覆盖 6:00–24:00，与 0:00 条不可横向比较）,2025-02-15,6:00-8:20,1781.436467,14
④ 仅光伏不可知 + 改用当天 6:00 发布的预报（覆盖 6:00–24:00，与 0:00 条不可横向比较）,2025-02-15,8:40-9:50,790.186300,7
④ 仅光伏不可知 + 改用当天 6:00 发布的预报（覆盖 6:00–24:00，与 0:00 条不可横向比较）,2025-02-15,10:00-10:20,239.724100,2
④ 仅光伏不可知 + 改用当天 6:00 发布的预报（覆盖 6:00–24:00，与 0:00 条不可横向比较）,2025-02-15,10:30-10:50,28.003833,2
④ 仅光伏不可知 + 改用当天 6:00 发布的预报（覆盖 6:00–24:00，与 0:00 条不可横向比较）,2025-02-15,11:00-11:30,219.758467,3
④ 仅光伏不可知 + 改用当天 6:00 发布的预报（覆盖 6:00–24:00，与 0:00 条不可横向比较）,2025-02-15,11:40-11:50,51.851883,1
④ 仅光伏不可知 + 改用当天 6:00 发布的预报（覆盖 6:00–24:00，与 0:00 条不可横向比较）,2025-02-15,12:00-12:50,466.978000,5
④ 仅光伏不可知 + 改用当天 6:00 发布的预报（覆盖 6:00–24:00，与 0:00 条不可横向比较）,2025-02-15,13:50-14:00,97.293450,1
④ 仅光伏不可知 + 改用当天 6:00 发布的预报（覆盖 6:00–24:00，与 0:00 条不可横向比较）,2025-02-15,14:50-15:00,40.400750,1
④ 仅光伏不可知 + 改用当天 6:00 发布的预报（覆盖 6:00–24:00，与 0:00 条不可横向比较）,2025-02-15,15:50-16:00,35.312933,1
④ 仅光伏不可知 + 改用当天 6:00 发布的预报（覆盖 6:00–24:00，与 0:00 条不可横向比较）,2025-02-15,16:50-17:00,1.711150,1
④ 仅光伏不可知 + 改用当天 6:00 发布的预报（覆盖 6:00–24:00，与 0:00 条不可横向比较）,2025-02-16,6:00-12:00,4502.339917,36
④ 仅光伏不可知 + 改用当天 6:00 发布的预报（覆盖 6:00–24:00，与 0:00 条不可横向比较）,2025-02-16,12:40-13:00,30.552000,2
④ 仅光伏不可知 + 改用当天 6:00 发布的预报（覆盖 6:00–24:00，与 0:00 条不可横向比较）,2025-02-16,13:40-14:00,73.107800,2
④ 仅光伏不可知 + 改用当天 6:00 发布的预报（覆盖 6:00–24:00，与 0:00 条不可横向比较）,2025-02-16,14:50-15:00,36.107367,1
④ 仅光伏不可知 + 改用当天 6:00 发布的预报（覆盖 6:00–24:00，与 0:00 条不可横向比较）,2025-02-16,15:50-16:00,13.477750,1
④ 仅光伏不可知 + 改用当天 6:00 发布的预报（覆盖 6:00–24:00，与 0:00 条不可横向比较）,2025-02-16,16:50-17:00,8.777183,1
④ 仅光伏不可知 + 改用当天 6:00 发布的预报（覆盖 6:00–24:00，与 0:00 条不可横向比较）,2025-02-17,6:00-6:50,532.036400,5
④ 仅光伏不可知 + 改用当天 6:00 发布的预报（覆盖 6:00–24:00，与 0:00 条不可横向比较）,2025-02-17,7:00-7:50,856.078950,5
④ 仅光伏不可知 + 改用当天 6:00 发布的预报（覆盖 6:00–24:00，与 0:00 条不可横向比较）,2025-02-17,8:00-8:50,688.924383,5
④ 仅光伏不可知 + 改用当天 6:00 发布的预报（覆盖 6:00–24:00，与 0:00 条不可横向比较）,2025-02-17,9:00-9:40,445.528650,4
④ 仅光伏不可知 + 改用当天 6:00 发布的预报（覆盖 6:00–24:00，与 0:00 条不可横向比较）,2025-02-17,10:00-10:50,448.046617,5
④ 仅光伏不可知 + 改用当天 6:00 发布的预报（覆盖 6:00–24:00，与 0:00 条不可横向比较）,2025-02-17,12:00-12:40,107.068817,4
④ 仅光伏不可知 + 改用当天 6:00 发布的预报（覆盖 6:00–24:00，与 0:00 条不可横向比较）,2025-02-18,6:00-6:50,528.202583,5
④ 仅光伏不可知 + 改用当天 6:00 发布的预报（覆盖 6:00–24:00，与 0:00 条不可横向比较）,2025-02-18,7:00-7:50,634.481967,5
④ 仅光伏不可知 + 改用当天 6:00 发布的预报（覆盖 6:00–24:00，与 0:00 条不可横向比较）,2025-02-18,8:00-8:50,557.018367,5
④ 仅光伏不可知 + 改用当天 6:00 发布的预报（覆盖 6:00–24:00，与 0:00 条不可横向比较）,2025-02-18,9:00-9:40,406.685883,4
④ 仅光伏不可知 + 改用当天 6:00 发布的预报（覆盖 6:00–24:00，与 0:00 条不可横向比较）,2025-02-18,11:00-12:00,374.383000,6
④ 仅光伏不可知 + 改用当天 6:00 发布的预报（覆盖 6:00–24:00，与 0:00 条不可横向比较）,2025-02-18,12:40-14:00,324.005733,8
④ 仅光伏不可知 + 改用当天 6:00 发布的预报（覆盖 6:00–24:00，与 0:00 条不可横向比较）,2025-02-18,14:30-15:00,116.489283,3
④ 仅光伏不可知 + 改用当天 6:00 发布的预报（覆盖 6:00–24:00，与 0:00 条不可横向比较）,2025-02-19,6:00-12:00,4478.169200,36
④ 仅光伏不可知 + 改用当天 6:00 发布的预报（覆盖 6:00–24:00，与 0:00 条不可横向比较）,2025-02-19,12:30-13:00,60.934667,3
④ 仅光伏不可知 + 改用当天 6:00 发布的预报（覆盖 6:00–24:00，与 0:00 条不可横向比较）,2025-02-19,14:40-15:00,71.067133,2
④ 仅光伏不可知 + 改用当天 6:00 发布的预报（覆盖 6:00–24:00，与 0:00 条不可横向比较）,2025-02-19,15:50-16:00,12.539950,1
④ 仅光伏不可知 + 改用当天 6:00 发布的预报（覆盖 6:00–24:00，与 0:00 条不可横向比较）,2025-02-19,16:50-17:00,12.164333,1
④ 仅光伏不可知 + 改用当天 6:00 发布的预报（覆盖 6:00–24:00，与 0:00 条不可横向比较）,2025-02-20,6:00-6:50,595.831900,5
④ 仅光伏不可知 + 改用当天 6:00 发布的预报（覆盖 6:00–24:00，与 0:00 条不可横向比较）,2025-02-20,7:00-11:30,2877.974900,27
④ 仅光伏不可知 + 改用当天 6:00 发布的预报（覆盖 6:00–24:00，与 0:00 条不可横向比较）,2025-02-20,11:40-12:00,81.042117,2
④ 仅光伏不可知 + 改用当天 6:00 发布的预报（覆盖 6:00–24:00，与 0:00 条不可横向比较）,2025-02-20,12:40-13:00,43.479583,2
④ 仅光伏不可知 + 改用当天 6:00 发布的预报（覆盖 6:00–24:00，与 0:00 条不可横向比较）,2025-02-21,6:00-6:50,540.889883,5
④ 仅光伏不可知 + 改用当天 6:00 发布的预报（覆盖 6:00–24:00，与 0:00 条不可横向比较）,2025-02-21,7:00-7:50,650.089633,5
④ 仅光伏不可知 + 改用当天 6:00 发布的预报（覆盖 6:00–24:00，与 0:00 条不可横向比较）,2025-02-21,8:00-8:30,369.966467,3
④ 仅光伏不可知 + 改用当天 6:00 发布的预报（覆盖 6:00–24:00，与 0:00 条不可横向比较）,2025-02-21,8:40-8:50,0.219167,1
④ 仅光伏不可知 + 改用当天 6:00 发布的预报（覆盖 6:00–24:00，与 0:00 条不可横向比较）,2025-02-21,9:00-9:30,215.181733,3
④ 仅光伏不可知 + 改用当天 6:00 发布的预报（覆盖 6:00–24:00，与 0:00 条不可横向比较）,2025-02-21,10:00-10:50,244.460467,5
④ 仅光伏不可知 + 改用当天 6:00 发布的预报（覆盖 6:00–24:00，与 0:00 条不可横向比较）,2025-02-21,11:00-11:10,0.941400,1
④ 仅光伏不可知 + 改用当天 6:00 发布的预报（覆盖 6:00–24:00，与 0:00 条不可横向比较）,2025-02-21,15:50-16:00,23.104700,1
④ 仅光伏不可知 + 改用当天 6:00 发布的预报（覆盖 6:00–24:00，与 0:00 条不可横向比较）,2025-02-21,16:50-17:00,11.284917,1
④ 仅光伏不可知 + 改用当天 6:00 发布的预报（覆盖 6:00–24:00，与 0:00 条不可横向比较）,2025-02-22,6:00-8:20,1800.872633,14
④ 仅光伏不可知 + 改用当天 6:00 发布的预报（覆盖 6:00–24:00，与 0:00 条不可横向比较）,2025-02-22,8:40-9:50,703.299500,7
④ 仅光伏不可知 + 改用当天 6:00 发布的预报（覆盖 6:00–24:00，与 0:00 条不可横向比较）,2025-02-22,10:00-11:00,526.985017,6
④ 仅光伏不可知 + 改用当天 6:00 发布的预报（覆盖 6:00–24:00，与 0:00 条不可横向比较）,2025-02-22,11:40-11:50,6.593633,1
④ 仅光伏不可知 + 改用当天 6:00 发布的预报（覆盖 6:00–24:00，与 0:00 条不可横向比较）,2025-02-23,6:00-6:50,541.314150,5
④ 仅光伏不可知 + 改用当天 6:00 发布的预报（覆盖 6:00–24:00，与 0:00 条不可横向比较）,2025-02-23,7:00-8:50,1680.745650,11
④ 仅光伏不可知 + 改用当天 6:00 发布的预报（覆盖 6:00–24:00，与 0:00 条不可横向比较）,2025-02-23,9:00-9:50,359.970233,5
④ 仅光伏不可知 + 改用当天 6:00 发布的预报（覆盖 6:00–24:00，与 0:00 条不可横向比较）,2025-02-23,10:00-10:50,628.394617,5
④ 仅光伏不可知 + 改用当天 6:00 发布的预报（覆盖 6:00–24:00，与 0:00 条不可横向比较）,2025-02-23,12:00-12:50,307.702800,5
④ 仅光伏不可知 + 改用当天 6:00 发布的预报（覆盖 6:00–24:00，与 0:00 条不可横向比较）,2025-02-24,6:00-6:50,593.330417,5
④ 仅光伏不可知 + 改用当天 6:00 发布的预报（覆盖 6:00–24:00，与 0:00 条不可横向比较）,2025-02-24,7:00-7:50,727.429817,5
④ 仅光伏不可知 + 改用当天 6:00 发布的预报（覆盖 6:00–24:00，与 0:00 条不可横向比较）,2025-02-24,8:00-8:50,916.621317,5
④ 仅光伏不可知 + 改用当天 6:00 发布的预报（覆盖 6:00–24:00，与 0:00 条不可横向比较）,2025-02-24,9:00-9:30,201.132367,3
④ 仅光伏不可知 + 改用当天 6:00 发布的预报（覆盖 6:00–24:00，与 0:00 条不可横向比较）,2025-02-24,10:00-10:10,18.502333,1
④ 仅光伏不可知 + 改用当天 6:00 发布的预报（覆盖 6:00–24:00，与 0:00 条不可横向比较）,2025-02-24,15:50-16:00,12.087667,1
④ 仅光伏不可知 + 改用当天 6:00 发布的预报（覆盖 6:00–24:00，与 0:00 条不可横向比较）,2025-02-24,16:50-17:00,15.014983,1
④ 仅光伏不可知 + 改用当天 6:00 发布的预报（覆盖 6:00–24:00，与 0:00 条不可横向比较）,2025-02-25,6:00-8:50,2507.138300,17
④ 仅光伏不可知 + 改用当天 6:00 发布的预报（覆盖 6:00–24:00，与 0:00 条不可横向比较）,2025-02-25,9:00-10:30,722.689850,9
④ 仅光伏不可知 + 改用当天 6:00 发布的预报（覆盖 6:00–24:00，与 0:00 条不可横向比较）,2025-02-26,6:00-6:50,646.253883,5
④ 仅光伏不可知 + 改用当天 6:00 发布的预报（覆盖 6:00–24:00，与 0:00 条不可横向比较）,2025-02-26,7:00-11:30,2982.013117,27
④ 仅光伏不可知 + 改用当天 6:00 发布的预报（覆盖 6:00–24:00，与 0:00 条不可横向比较）,2025-02-26,11:40-12:00,105.224650,2
④ 仅光伏不可知 + 改用当天 6:00 发布的预报（覆盖 6:00–24:00，与 0:00 条不可横向比较）,2025-02-26,12:40-13:00,42.403950,2
④ 仅光伏不可知 + 改用当天 6:00 发布的预报（覆盖 6:00–24:00，与 0:00 条不可横向比较）,2025-02-26,13:50-14:00,44.440600,1
④ 仅光伏不可知 + 改用当天 6:00 发布的预报（覆盖 6:00–24:00，与 0:00 条不可横向比较）,2025-02-26,14:40-15:00,91.562100,2
④ 仅光伏不可知 + 改用当天 6:00 发布的预报（覆盖 6:00–24:00，与 0:00 条不可横向比较）,2025-02-26,15:50-16:00,38.126217,1
④ 仅光伏不可知 + 改用当天 6:00 发布的预报（覆盖 6:00–24:00，与 0:00 条不可横向比较）,2025-02-26,16:50-17:00,13.241667,1
④ 仅光伏不可知 + 改用当天 6:00 发布的预报（覆盖 6:00–24:00，与 0:00 条不可横向比较）,2025-02-27,6:00-6:50,628.560817,5
④ 仅光伏不可知 + 改用当天 6:00 发布的预报（覆盖 6:00–24:00，与 0:00 条不可横向比较）,2025-02-27,7:00-7:50,753.928500,5
④ 仅光伏不可知 + 改用当天 6:00 发布的预报（覆盖 6:00–24:00，与 0:00 条不可横向比较）,2025-02-27,8:00-10:50,2325.532367,17
④ 仅光伏不可知 + 改用当天 6:00 发布的预报（覆盖 6:00–24:00，与 0:00 条不可横向比较）,2025-02-27,11:00-11:10,31.830867,1
④ 仅光伏不可知 + 改用当天 6:00 发布的预报（覆盖 6:00–24:00，与 0:00 条不可横向比较）,2025-02-27,11:30-11:50,43.035783,2
④ 仅光伏不可知 + 改用当天 6:00 发布的预报（覆盖 6:00–24:00，与 0:00 条不可横向比较）,2025-02-27,12:10-13:00,236.241150,5
④ 仅光伏不可知 + 改用当天 6:00 发布的预报（覆盖 6:00–24:00，与 0:00 条不可横向比较）,2025-02-27,13:50-14:00,17.876700,1
④ 仅光伏不可知 + 改用当天 6:00 发布的预报（覆盖 6:00–24:00，与 0:00 条不可横向比较）,2025-02-27,15:50-16:00,21.296267,1
④ 仅光伏不可知 + 改用当天 6:00 发布的预报（覆盖 6:00–24:00，与 0:00 条不可横向比较）,2025-02-27,16:50-17:00,0.235067,1
④ 仅光伏不可知 + 改用当天 6:00 发布的预报（覆盖 6:00–24:00，与 0:00 条不可横向比较）,2025-02-28,6:00-6:50,594.325450,5
④ 仅光伏不可知 + 改用当天 6:00 发布的预报（覆盖 6:00–24:00，与 0:00 条不可横向比较）,2025-02-28,7:00-7:50,897.455033,5
④ 仅光伏不可知 + 改用当天 6:00 发布的预报（覆盖 6:00–24:00，与 0:00 条不可横向比较）,2025-02-28,8:00-8:20,422.378217,2
④ 仅光伏不可知 + 改用当天 6:00 发布的预报（覆盖 6:00–24:00，与 0:00 条不可横向比较）,2025-02-28,8:40-8:50,34.441683,1
④ 仅光伏不可知 + 改用当天 6:00 发布的预报（覆盖 6:00–24:00，与 0:00 条不可横向比较）,2025-02-28,9:00-9:50,627.665850,5
④ 仅光伏不可知 + 改用当天 6:00 发布的预报（覆盖 6:00–24:00，与 0:00 条不可横向比较）,2025-02-28,11:20-11:30,19.567683,1
④ 仅光伏不可知 + 改用当天 6:00 发布的预报（覆盖 6:00–24:00，与 0:00 条不可横向比较）,2025-02-28,14:40-14:50,24.965267,1
④ 仅光伏不可知 + 改用当天 6:00 发布的预报（覆盖 6:00–24:00，与 0:00 条不可横向比较）,2025-02-28,15:40-16:00,53.022700,2
④ 仅光伏不可知 + 改用当天 6:00 发布的预报（覆盖 6:00–24:00，与 0:00 条不可横向比较）,2025-02-28,16:50-17:00,7.352350,1
④ 仅光伏不可知 + 改用当天 6:00 发布的预报（覆盖 6:00–24:00，与 0:00 条不可横向比较）,2025-03-01,6:00-8:20,1687.114050,14
④ 仅光伏不可知 + 改用当天 6:00 发布的预报（覆盖 6:00–24:00，与 0:00 条不可横向比较）,2025-03-01,8:40-9:40,713.469050,6
④ 仅光伏不可知 + 改用当天 6:00 发布的预报（覆盖 6:00–24:00，与 0:00 条不可横向比较）,2025-03-01,10:00-10:20,377.804317,2
④ 仅光伏不可知 + 改用当天 6:00 发布的预报（覆盖 6:00–24:00，与 0:00 条不可横向比较）,2025-03-01,10:30-11:00,334.354317,3
④ 仅光伏不可知 + 改用当天 6:00 发布的预报（覆盖 6:00–24:00，与 0:00 条不可横向比较）,2025-03-01,11:10-11:30,569.120000,2
④ 仅光伏不可知 + 改用当天 6:00 发布的预报（覆盖 6:00–24:00，与 0:00 条不可横向比较）,2025-03-01,11:40-11:50,185.888883,1
④ 仅光伏不可知 + 改用当天 6:00 发布的预报（覆盖 6:00–24:00，与 0:00 条不可横向比较）,2025-03-01,12:10-12:50,382.720750,4
④ 仅光伏不可知 + 改用当天 6:00 发布的预报（覆盖 6:00–24:00，与 0:00 条不可横向比较）,2025-03-01,13:50-14:00,60.751983,1
④ 仅光伏不可知 + 改用当天 6:00 发布的预报（覆盖 6:00–24:00，与 0:00 条不可横向比较）,2025-03-02,6:00-6:50,610.024550,5
④ 仅光伏不可知 + 改用当天 6:00 发布的预报（覆盖 6:00–24:00，与 0:00 条不可横向比较）,2025-03-02,7:00-7:50,758.844717,5
④ 仅光伏不可知 + 改用当天 6:00 发布的预报（覆盖 6:00–24:00，与 0:00 条不可横向比较）,2025-03-02,8:00-8:50,546.525033,5
④ 仅光伏不可知 + 改用当天 6:00 发布的预报（覆盖 6:00–24:00，与 0:00 条不可横向比较）,2025-03-02,9:00-9:20,180.711517,2
④ 仅光伏不可知 + 改用当天 6:00 发布的预报（覆盖 6:00–24:00，与 0:00 条不可横向比较）,2025-03-02,10:00-10:40,162.593133,4
④ 仅光伏不可知 + 改用当天 6:00 发布的预报（覆盖 6:00–24:00，与 0:00 条不可横向比较）,2025-03-02,11:50-12:00,3.386783,1
④ 仅光伏不可知 + 改用当天 6:00 发布的预报（覆盖 6:00–24:00，与 0:00 条不可横向比较）,2025-03-02,14:30-15:00,93.051433,3
④ 仅光伏不可知 + 改用当天 6:00 发布的预报（覆盖 6:00–24:00，与 0:00 条不可横向比较）,2025-03-03,6:00-13:00,4743.321100,42
④ 仅光伏不可知 + 改用当天 6:00 发布的预报（覆盖 6:00–24:00，与 0:00 条不可横向比较）,2025-03-03,13:40-14:00,41.219233,2
④ 仅光伏不可知 + 改用当天 6:00 发布的预报（覆盖 6:00–24:00，与 0:00 条不可横向比较）,2025-03-04,6:00-6:50,653.242950,5
④ 仅光伏不可知 + 改用当天 6:00 发布的预报（覆盖 6:00–24:00，与 0:00 条不可横向比较）,2025-03-04,7:00-7:50,563.955817,5
④ 仅光伏不可知 + 改用当天 6:00 发布的预报（覆盖 6:00–24:00，与 0:00 条不可横向比较）,2025-03-04,8:00-8:50,737.205567,5
④ 仅光伏不可知 + 改用当天 6:00 发布的预报（覆盖 6:00–24:00，与 0:00 条不可横向比较）,2025-03-04,9:00-9:50,492.168533,5
④ 仅光伏不可知 + 改用当天 6:00 发布的预报（覆盖 6:00–24:00，与 0:00 条不可横向比较）,2025-03-04,10:00-10:40,70.592217,4
④ 仅光伏不可知 + 改用当天 6:00 发布的预报（覆盖 6:00–24:00，与 0:00 条不可横向比较）,2025-03-04,10:50-13:00,929.664317,13
④ 仅光伏不可知 + 改用当天 6:00 发布的预报（覆盖 6:00–24:00，与 0:00 条不可横向比较）,2025-03-04,13:40-14:00,38.070300,2
④ 仅光伏不可知 + 改用当天 6:00 发布的预报（覆盖 6:00–24:00，与 0:00 条不可横向比较）,2025-03-04,14:20-15:00,232.131350,4
④ 仅光伏不可知 + 改用当天 6:00 发布的预报（覆盖 6:00–24:00，与 0:00 条不可横向比较）,2025-03-04,15:50-16:00,23.205133,1
④ 仅光伏不可知 + 改用当天 6:00 发布的预报（覆盖 6:00–24:00，与 0:00 条不可横向比较）,2025-03-04,16:50-17:00,5.528817,1
④ 仅光伏不可知 + 改用当天 6:00 发布的预报（覆盖 6:00–24:00，与 0:00 条不可横向比较）,2025-03-05,6:00-8:50,2032.580733,17
④ 仅光伏不可知 + 改用当天 6:00 发布的预报（覆盖 6:00–24:00，与 0:00 条不可横向比较）,2025-03-05,9:00-9:50,511.509017,5
④ 仅光伏不可知 + 改用当天 6:00 发布的预报（覆盖 6:00–24:00，与 0:00 条不可横向比较）,2025-03-05,10:00-10:50,393.190383,5
④ 仅光伏不可知 + 改用当天 6:00 发布的预报（覆盖 6:00–24:00，与 0:00 条不可横向比较）,2025-03-05,11:00-11:20,76.722767,2
④ 仅光伏不可知 + 改用当天 6:00 发布的预报（覆盖 6:00–24:00，与 0:00 条不可横向比较）,2025-03-05,11:30-11:50,16.147817,2
④ 仅光伏不可知 + 改用当天 6:00 发布的预报（覆盖 6:00–24:00，与 0:00 条不可横向比较）,2025-03-05,13:30-14:00,94.362283,3
④ 仅光伏不可知 + 改用当天 6:00 发布的预报（覆盖 6:00–24:00，与 0:00 条不可横向比较）,2025-03-05,14:50-15:00,18.046917,1
④ 仅光伏不可知 + 改用当天 6:00 发布的预报（覆盖 6:00–24:00，与 0:00 条不可横向比较）,2025-03-06,6:00-6:50,696.976317,5
④ 仅光伏不可知 + 改用当天 6:00 发布的预报（覆盖 6:00–24:00，与 0:00 条不可横向比较）,2025-03-06,7:00-9:50,2207.812733,17
④ 仅光伏不可知 + 改用当天 6:00 发布的预报（覆盖 6:00–24:00，与 0:00 条不可横向比较）,2025-03-06,10:00-12:00,1026.049750,12
④ 仅光伏不可知 + 改用当天 6:00 发布的预报（覆盖 6:00–24:00，与 0:00 条不可横向比较）,2025-03-06,12:30-13:00,44.134717,3
④ 仅光伏不可知 + 改用当天 6:00 发布的预报（覆盖 6:00–24:00，与 0:00 条不可横向比较）,2025-03-06,13:40-14:00,52.018533,2
④ 仅光伏不可知 + 改用当天 6:00 发布的预报（覆盖 6:00–24:00，与 0:00 条不可横向比较）,2025-03-06,14:50-15:00,47.654000,1
④ 仅光伏不可知 + 改用当天 6:00 发布的预报（覆盖 6:00–24:00，与 0:00 条不可横向比较）,2025-03-06,15:50-16:00,7.131383,1
④ 仅光伏不可知 + 改用当天 6:00 发布的预报（覆盖 6:00–24:00，与 0:00 条不可横向比较）,2025-03-06,16:50-17:00,10.696733,1
④ 仅光伏不可知 + 改用当天 6:00 发布的预报（覆盖 6:00–24:00，与 0:00 条不可横向比较）,2025-03-07,6:00-6:50,624.447267,5
④ 仅光伏不可知 + 改用当天 6:00 发布的预报（覆盖 6:00–24:00，与 0:00 条不可横向比较）,2025-03-07,7:00-7:50,902.041433,5
④ 仅光伏不可知 + 改用当天 6:00 发布的预报（覆盖 6:00–24:00，与 0:00 条不可横向比较）,2025-03-07,8:00-8:20,345.574167,2
④ 仅光伏不可知 + 改用当天 6:00 发布的预报（覆盖 6:00–24:00，与 0:00 条不可横向比较）,2025-03-07,8:40-9:40,639.614233,6
④ 仅光伏不可知 + 改用当天 6:00 发布的预报（覆盖 6:00–24:00，与 0:00 条不可横向比较）,2025-03-07,10:00-10:20,284.222450,2
④ 仅光伏不可知 + 改用当天 6:00 发布的预报（覆盖 6:00–24:00，与 0:00 条不可横向比较）,2025-03-07,10:30-10:50,115.792233,2
④ 仅光伏不可知 + 改用当天 6:00 发布的预报（覆盖 6:00–24:00，与 0:00 条不可横向比较）,2025-03-07,11:10-11:20,75.852050,1
④ 仅光伏不可知 + 改用当天 6:00 发布的预报（覆盖 6:00–24:00，与 0:00 条不可横向比较）,2025-03-07,11:40-11:50,8.880583,1
④ 仅光伏不可知 + 改用当天 6:00 发布的预报（覆盖 6:00–24:00，与 0:00 条不可横向比较）,2025-03-07,12:20-12:50,89.060150,3
④ 仅光伏不可知 + 改用当天 6:00 发布的预报（覆盖 6:00–24:00，与 0:00 条不可横向比较）,2025-03-07,13:50-14:00,71.017800,1
④ 仅光伏不可知 + 改用当天 6:00 发布的预报（覆盖 6:00–24:00，与 0:00 条不可横向比较）,2025-03-07,14:40-14:50,32.418100,1
④ 仅光伏不可知 + 改用当天 6:00 发布的预报（覆盖 6:00–24:00，与 0:00 条不可横向比较）,2025-03-07,15:50-16:00,19.286383,1
④ 仅光伏不可知 + 改用当天 6:00 发布的预报（覆盖 6:00–24:00，与 0:00 条不可横向比较）,2025-03-08,6:00-8:20,2023.368833,14
④ 仅光伏不可知 + 改用当天 6:00 发布的预报（覆盖 6:00–24:00，与 0:00 条不可横向比较）,2025-03-08,8:40-9:40,516.888300,6
④ 仅光伏不可知 + 改用当天 6:00 发布的预报（覆盖 6:00–24:00，与 0:00 条不可横向比较）,2025-03-08,10:00-10:20,109.830050,2
④ 仅光伏不可知 + 改用当天 6:00 发布的预报（覆盖 6:00–24:00，与 0:00 条不可横向比较）,2025-03-08,10:30-10:40,18.197933,1
④ 仅光伏不可知 + 改用当天 6:00 发布的预报（覆盖 6:00–24:00，与 0:00 条不可横向比较）,2025-03-08,11:10-11:30,70.137517,2
④ 仅光伏不可知 + 改用当天 6:00 发布的预报（覆盖 6:00–24:00，与 0:00 条不可横向比较）,2025-03-08,11:40-11:50,15.600267,1
④ 仅光伏不可知 + 改用当天 6:00 发布的预报（覆盖 6:00–24:00，与 0:00 条不可横向比较）,2025-03-08,13:50-14:00,65.810333,1
④ 仅光伏不可知 + 改用当天 6:00 发布的预报（覆盖 6:00–24:00，与 0:00 条不可横向比较）,2025-03-08,14:30-14:50,49.990750,2
④ 仅光伏不可知 + 改用当天 6:00 发布的预报（覆盖 6:00–24:00，与 0:00 条不可横向比较）,2025-03-08,15:50-16:00,10.608750,1
④ 仅光伏不可知 + 改用当天 6:00 发布的预报（覆盖 6:00–24:00，与 0:00 条不可横向比较）,2025-03-09,6:00-7:50,1399.514967,11
④ 仅光伏不可知 + 改用当天 6:00 发布的预报（覆盖 6:00–24:00，与 0:00 条不可横向比较）,2025-03-09,8:00-12:50,2816.334183,29
④ 仅光伏不可知 + 改用当天 6:00 发布的预报（覆盖 6:00–24:00，与 0:00 条不可横向比较）,2025-03-09,13:30-14:00,259.714650,3
④ 仅光伏不可知 + 改用当天 6:00 发布的预报（覆盖 6:00–24:00，与 0:00 条不可横向比较）,2025-03-09,14:30-15:00,172.135167,3
④ 仅光伏不可知 + 改用当天 6:00 发布的预报（覆盖 6:00–24:00，与 0:00 条不可横向比较）,2025-03-09,15:40-16:00,98.903167,2
④ 仅光伏不可知 + 改用当天 6:00 发布的预报（覆盖 6:00–24:00，与 0:00 条不可横向比较）,2025-03-09,16:50-17:00,28.184217,1
④ 仅光伏不可知 + 改用当天 6:00 发布的预报（覆盖 6:00–24:00，与 0:00 条不可横向比较）,2025-03-10,6:00-7:50,1434.297417,11
④ 仅光伏不可知 + 改用当天 6:00 发布的预报（覆盖 6:00–24:00，与 0:00 条不可横向比较）,2025-03-10,8:00-10:20,1622.350067,14
④ 仅光伏不可知 + 改用当天 6:00 发布的预报（覆盖 6:00–24:00，与 0:00 条不可横向比较）,2025-03-10,10:40-11:10,59.236000,3
④ 仅光伏不可知 + 改用当天 6:00 发布的预报（覆盖 6:00–24:00，与 0:00 条不可横向比较）,2025-03-10,11:20-11:30,4.814983,1
④ 仅光伏不可知 + 改用当天 6:00 发布的预报（覆盖 6:00–24:00，与 0:00 条不可横向比较）,2025-03-10,12:00-13:00,321.234650,6
④ 仅光伏不可知 + 改用当天 6:00 发布的预报（覆盖 6:00–24:00，与 0:00 条不可横向比较）,2025-03-10,13:50-14:00,78.720583,1
④ 仅光伏不可知 + 改用当天 6:00 发布的预报（覆盖 6:00–24:00，与 0:00 条不可横向比较）,2025-03-10,14:40-15:00,122.847000,2
④ 仅光伏不可知 + 改用当天 6:00 发布的预报（覆盖 6:00–24:00，与 0:00 条不可横向比较）,2025-03-10,15:50-16:00,32.971300,1
④ 仅光伏不可知 + 改用当天 6:00 发布的预报（覆盖 6:00–24:00，与 0:00 条不可横向比较）,2025-03-10,16:50-17:00,33.841100,1
④ 仅光伏不可知 + 改用当天 6:00 发布的预报（覆盖 6:00–24:00，与 0:00 条不可横向比较）,2025-03-11,6:00-12:00,3493.614717,36
④ 仅光伏不可知 + 改用当天 6:00 发布的预报（覆盖 6:00–24:00，与 0:00 条不可横向比较）,2025-03-11,12:50-13:00,13.618600,1
④ 仅光伏不可知 + 改用当天 6:00 发布的预报（覆盖 6:00–24:00，与 0:00 条不可横向比较）,2025-03-12,6:00-6:50,744.060683,5
④ 仅光伏不可知 + 改用当天 6:00 发布的预报（覆盖 6:00–24:00，与 0:00 条不可横向比较）,2025-03-12,7:00-7:50,837.090133,5
④ 仅光伏不可知 + 改用当天 6:00 发布的预报（覆盖 6:00–24:00，与 0:00 条不可横向比较）,2025-03-12,8:00-8:50,681.915933,5
④ 仅光伏不可知 + 改用当天 6:00 发布的预报（覆盖 6:00–24:00，与 0:00 条不可横向比较）,2025-03-12,9:00-13:00,1836.000183,24
④ 仅光伏不可知 + 改用当天 6:00 发布的预报（覆盖 6:00–24:00，与 0:00 条不可横向比较）,2025-03-12,13:10-14:00,250.535867,5
④ 仅光伏不可知 + 改用当天 6:00 发布的预报（覆盖 6:00–24:00，与 0:00 条不可横向比较）,2025-03-12,14:40-15:00,131.633750,2
④ 仅光伏不可知 + 改用当天 6:00 发布的预报（覆盖 6:00–24:00，与 0:00 条不可横向比较）,2025-03-12,15:40-16:00,117.629200,2
④ 仅光伏不可知 + 改用当天 6:00 发布的预报（覆盖 6:00–24:00，与 0:00 条不可横向比较）,2025-03-12,16:50-17:00,55.222467,1
④ 仅光伏不可知 + 改用当天 6:00 发布的预报（覆盖 6:00–24:00，与 0:00 条不可横向比较）,2025-03-13,6:00-9:30,2403.035600,21
④ 仅光伏不可知 + 改用当天 6:00 发布的预报（覆盖 6:00–24:00，与 0:00 条不可横向比较）,2025-03-13,10:00-10:50,249.784417,5
④ 仅光伏不可知 + 改用当天 6:00 发布的预报（覆盖 6:00–24:00，与 0:00 条不可横向比较）,2025-03-13,11:00-11:30,87.599700,3
④ 仅光伏不可知 + 改用当天 6:00 发布的预报（覆盖 6:00–24:00，与 0:00 条不可横向比较）,2025-03-13,12:00-12:10,12.828217,1
④ 仅光伏不可知 + 改用当天 6:00 发布的预报（覆盖 6:00–24:00，与 0:00 条不可横向比较）,2025-03-13,12:40-13:00,36.517333,2
④ 仅光伏不可知 + 改用当天 6:00 发布的预报（覆盖 6:00–24:00，与 0:00 条不可横向比较）,2025-03-13,13:10-13:30,13.069717,2
④ 仅光伏不可知 + 改用当天 6:00 发布的预报（覆盖 6:00–24:00，与 0:00 条不可横向比较）,2025-03-13,14:50-15:00,6.456317,1
④ 仅光伏不可知 + 改用当天 6:00 发布的预报（覆盖 6:00–24:00，与 0:00 条不可横向比较）,2025-03-14,6:00-8:00,1440.033200,12
④ 仅光伏不可知 + 改用当天 6:00 发布的预报（覆盖 6:00–24:00，与 0:00 条不可横向比较）,2025-03-14,8:10-8:20,305.475633,1
④ 仅光伏不可知 + 改用当天 6:00 发布的预报（覆盖 6:00–24:00，与 0:00 条不可横向比较）,2025-03-14,8:40-8:50,114.391950,1
④ 仅光伏不可知 + 改用当天 6:00 发布的预报（覆盖 6:00–24:00，与 0:00 条不可横向比较）,2025-03-14,9:00-9:10,306.975250,1
④ 仅光伏不可知 + 改用当天 6:00 发布的预报（覆盖 6:00–24:00，与 0:00 条不可横向比较）,2025-03-14,9:30-10:10,660.969567,4
④ 仅光伏不可知 + 改用当天 6:00 发布的预报（覆盖 6:00–24:00，与 0:00 条不可横向比较）,2025-03-14,10:20-10:30,171.524950,1
④ 仅光伏不可知 + 改用当天 6:00 发布的预报（覆盖 6:00–24:00，与 0:00 条不可横向比较）,2025-03-14,10:50-11:10,316.928717,2
④ 仅光伏不可知 + 改用当天 6:00 发布的预报（覆盖 6:00–24:00，与 0:00 条不可横向比较）,2025-03-14,11:20-11:50,159.951383,3
④ 仅光伏不可知 + 改用当天 6:00 发布的预报（覆盖 6:00–24:00，与 0:00 条不可横向比较）,2025-03-14,12:10-12:20,17.047883,1
④ 仅光伏不可知 + 改用当天 6:00 发布的预报（覆盖 6:00–24:00，与 0:00 条不可横向比较）,2025-03-15,6:00-6:50,663.090850,5
④ 仅光伏不可知 + 改用当天 6:00 发布的预报（覆盖 6:00–24:00，与 0:00 条不可横向比较）,2025-03-15,7:00-7:50,831.711083,5
④ 仅光伏不可知 + 改用当天 6:00 发布的预报（覆盖 6:00–24:00，与 0:00 条不可横向比较）,2025-03-15,8:00-8:20,412.899083,2
④ 仅光伏不可知 + 改用当天 6:00 发布的预报（覆盖 6:00–24:00，与 0:00 条不可横向比较）,2025-03-15,8:40-8:50,17.873350,1
④ 仅光伏不可知 + 改用当天 6:00 发布的预报（覆盖 6:00–24:00，与 0:00 条不可横向比较）,2025-03-15,10:00-10:40,136.446267,4
④ 仅光伏不可知 + 改用当天 6:00 发布的预报（覆盖 6:00–24:00，与 0:00 条不可横向比较）,2025-03-16,6:00-9:50,2721.874383,23
④ 仅光伏不可知 + 改用当天 6:00 发布的预报（覆盖 6:00–24:00，与 0:00 条不可横向比较）,2025-03-16,10:00-10:50,423.090983,5
④ 仅光伏不可知 + 改用当天 6:00 发布的预报（覆盖 6:00–24:00，与 0:00 条不可横向比较）,2025-03-17,6:00-6:50,865.517383,5
④ 仅光伏不可知 + 改用当天 6:00 发布的预报（覆盖 6:00–24:00，与 0:00 条不可横向比较）,2025-03-17,7:00-12:00,3966.745183,30
④ 仅光伏不可知 + 改用当天 6:00 发布的预报（覆盖 6:00–24:00，与 0:00 条不可横向比较）,2025-03-17,12:30-14:00,753.140733,9
④ 仅光伏不可知 + 改用当天 6:00 发布的预报（覆盖 6:00–24:00，与 0:00 条不可横向比较）,2025-03-17,14:40-15:00,87.392283,2
④ 仅光伏不可知 + 改用当天 6:00 发布的预报（覆盖 6:00–24:00，与 0:00 条不可横向比较）,2025-03-17,15:40-16:00,165.713000,2
④ 仅光伏不可知 + 改用当天 6:00 发布的预报（覆盖 6:00–24:00，与 0:00 条不可横向比较）,2025-03-17,16:50-17:00,46.762100,1
④ 仅光伏不可知 + 改用当天 6:00 发布的预报（覆盖 6:00–24:00，与 0:00 条不可横向比较）,2025-03-18,6:00-6:50,706.951017,5
④ 仅光伏不可知 + 改用当天 6:00 发布的预报（覆盖 6:00–24:00，与 0:00 条不可横向比较）,2025-03-18,7:00-10:40,2324.937667,22
④ 仅光伏不可知 + 改用当天 6:00 发布的预报（覆盖 6:00–24:00，与 0:00 条不可横向比较）,2025-03-18,11:00-11:30,51.970833,3
④ 仅光伏不可知 + 改用当天 6:00 发布的预报（覆盖 6:00–24:00，与 0:00 条不可横向比较）,2025-03-19,6:00-6:50,778.663217,5
④ 仅光伏不可知 + 改用当天 6:00 发布的预报（覆盖 6:00–24:00，与 0:00 条不可横向比较）,2025-03-19,7:00-12:00,4120.865183,30
④ 仅光伏不可知 + 改用当天 6:00 发布的预报（覆盖 6:00–24:00，与 0:00 条不可横向比较）,2025-03-20,6:00-14:00,7146.607200,48
④ 仅光伏不可知 + 改用当天 6:00 发布的预报（覆盖 6:00–24:00，与 0:00 条不可横向比较）,2025-03-20,14:40-15:00,131.974183,2
④ 仅光伏不可知 + 改用当天 6:00 发布的预报（覆盖 6:00–24:00，与 0:00 条不可横向比较）,2025-03-20,15:40-16:00,52.725283,2
④ 仅光伏不可知 + 改用当天 6:00 发布的预报（覆盖 6:00–24:00，与 0:00 条不可横向比较）,2025-03-20,16:50-17:00,28.716567,1
④ 仅光伏不可知 + 改用当天 6:00 发布的预报（覆盖 6:00–24:00，与 0:00 条不可横向比较）,2025-03-21,6:00-7:40,1474.781467,10
④ 仅光伏不可知 + 改用当天 6:00 发布的预报（覆盖 6:00–24:00，与 0:00 条不可横向比较）,2025-03-21,8:00-8:30,615.777083,3
④ 仅光伏不可知 + 改用当天 6:00 发布的预报（覆盖 6:00–24:00，与 0:00 条不可横向比较）,2025-03-21,8:50-9:10,269.562600,2
④ 仅光伏不可知 + 改用当天 6:00 发布的预报（覆盖 6:00–24:00，与 0:00 条不可横向比较）,2025-03-21,9:30-9:40,106.427533,1
④ 仅光伏不可知 + 改用当天 6:00 发布的预报（覆盖 6:00–24:00，与 0:00 条不可横向比较）,2025-03-21,9:50-10:10,276.387750,2
④ 仅光伏不可知 + 改用当天 6:00 发布的预报（覆盖 6:00–24:00，与 0:00 条不可横向比较）,2025-03-21,10:20-10:40,253.629883,2
④ 仅光伏不可知 + 改用当天 6:00 发布的预报（覆盖 6:00–24:00，与 0:00 条不可横向比较）,2025-03-21,11:00-11:10,117.361233,1
④ 仅光伏不可知 + 改用当天 6:00 发布的预报（覆盖 6:00–24:00，与 0:00 条不可横向比较）,2025-03-21,11:20-11:40,57.742200,2
④ 仅光伏不可知 + 改用当天 6:00 发布的预报（覆盖 6:00–24:00，与 0:00 条不可横向比较）,2025-03-21,14:30-14:40,3.802533,1
④ 仅光伏不可知 + 改用当天 6:00 发布的预报（覆盖 6:00–24:00，与 0:00 条不可横向比较）,2025-03-21,14:50-15:00,29.450167,1
④ 仅光伏不可知 + 改用当天 6:00 发布的预报（覆盖 6:00–24:00，与 0:00 条不可横向比较）,2025-03-21,15:50-16:00,44.818750,1
④ 仅光伏不可知 + 改用当天 6:00 发布的预报（覆盖 6:00–24:00，与 0:00 条不可横向比较）,2025-03-21,16:50-17:00,56.667333,1
④ 仅光伏不可知 + 改用当天 6:00 发布的预报（覆盖 6:00–24:00，与 0:00 条不可横向比较）,2025-03-22,6:00-6:50,751.775200,5
④ 仅光伏不可知 + 改用当天 6:00 发布的预报（覆盖 6:00–24:00，与 0:00 条不可横向比较）,2025-03-22,7:00-7:50,592.838833,5
④ 仅光伏不可知 + 改用当天 6:00 发布的预报（覆盖 6:00–24:00，与 0:00 条不可横向比较）,2025-03-22,9:00-9:10,147.426417,1
④ 仅光伏不可知 + 改用当天 6:00 发布的预报（覆盖 6:00–24:00，与 0:00 条不可横向比较）,2025-03-22,9:40-10:20,448.272800,4
④ 仅光伏不可知 + 改用当天 6:00 发布的预报（覆盖 6:00–24:00，与 0:00 条不可横向比较）,2025-03-22,10:30-11:00,114.955400,3
④ 仅光伏不可知 + 改用当天 6:00 发布的预报（覆盖 6:00–24:00，与 0:00 条不可横向比较）,2025-03-22,11:10-12:10,672.624867,6
④ 仅光伏不可知 + 改用当天 6:00 发布的预报（覆盖 6:00–24:00，与 0:00 条不可横向比较）,2025-03-22,12:40-13:00,348.734500,2
④ 仅光伏不可知 + 改用当天 6:00 发布的预报（覆盖 6:00–24:00，与 0:00 条不可横向比较）,2025-03-22,13:20-13:30,7.218067,1
④ 仅光伏不可知 + 改用当天 6:00 发布的预报（覆盖 6:00–24:00，与 0:00 条不可横向比较）,2025-03-22,13:40-13:50,78.509033,1
④ 仅光伏不可知 + 改用当天 6:00 发布的预报（覆盖 6:00–24:00，与 0:00 条不可横向比较）,2025-03-23,6:00-6:50,777.845067,5
④ 仅光伏不可知 + 改用当天 6:00 发布的预报（覆盖 6:00–24:00，与 0:00 条不可横向比较）,2025-03-23,7:00-7:50,608.189250,5
④ 仅光伏不可知 + 改用当天 6:00 发布的预报（覆盖 6:00–24:00，与 0:00 条不可横向比较）,2025-03-23,8:00-8:50,533.744000,5
④ 仅光伏不可知 + 改用当天 6:00 发布的预报（覆盖 6:00–24:00，与 0:00 条不可横向比较）,2025-03-23,9:00-9:50,467.031633,5
④ 仅光伏不可知 + 改用当天 6:00 发布的预报（覆盖 6:00–24:00，与 0:00 条不可横向比较）,2025-03-23,10:00-10:10,11.088583,1
④ 仅光伏不可知 + 改用当天 6:00 发布的预报（覆盖 6:00–24:00，与 0:00 条不可横向比较）,2025-03-23,11:00-11:30,176.923100,3
④ 仅光伏不可知 + 改用当天 6:00 发布的预报（覆盖 6:00–24:00，与 0:00 条不可横向比较）,2025-03-23,12:50-13:00,6.585467,1
④ 仅光伏不可知 + 改用当天 6:00 发布的预报（覆盖 6:00–24:00，与 0:00 条不可横向比较）,2025-03-24,6:00-6:50,741.007283,5
④ 仅光伏不可知 + 改用当天 6:00 发布的预报（覆盖 6:00–24:00，与 0:00 条不可横向比较）,2025-03-24,7:00-10:10,2574.782000,19
④ 仅光伏不可知 + 改用当天 6:00 发布的预报（覆盖 6:00–24:00，与 0:00 条不可横向比较）,2025-03-24,11:00-12:00,334.833600,6
④ 仅光伏不可知 + 改用当天 6:00 发布的预报（覆盖 6:00–24:00，与 0:00 条不可横向比较）,2025-03-24,12:10-12:40,166.034233,3
④ 仅光伏不可知 + 改用当天 6:00 发布的预报（覆盖 6:00–24:00，与 0:00 条不可横向比较）,2025-03-24,15:50-16:00,9.821533,1
④ 仅光伏不可知 + 改用当天 6:00 发布的预报（覆盖 6:00–24:00，与 0:00 条不可横向比较）,2025-03-24,16:50-17:00,8.006800,1
④ 仅光伏不可知 + 改用当天 6:00 发布的预报（覆盖 6:00–24:00，与 0:00 条不可横向比较）,2025-03-24,17:50-18:00,0.327033,1
④ 仅光伏不可知 + 改用当天 6:00 发布的预报（覆盖 6:00–24:00，与 0:00 条不可横向比较）,2025-03-25,6:00-6:50,706.593733,5
④ 仅光伏不可知 + 改用当天 6:00 发布的预报（覆盖 6:00–24:00，与 0:00 条不可横向比较）,2025-03-25,7:00-14:00,3971.486933,42
④ 仅光伏不可知 + 改用当天 6:00 发布的预报（覆盖 6:00–24:00，与 0:00 条不可横向比较）,2025-03-25,14:40-15:00,180.104433,2
④ 仅光伏不可知 + 改用当天 6:00 发布的预报（覆盖 6:00–24:00，与 0:00 条不可横向比较）,2025-03-25,15:30-16:00,133.050433,3
④ 仅光伏不可知 + 改用当天 6:00 发布的预报（覆盖 6:00–24:00，与 0:00 条不可横向比较）,2025-03-25,16:50-17:00,25.322867,1
④ 仅光伏不可知 + 改用当天 6:00 发布的预报（覆盖 6:00–24:00，与 0:00 条不可横向比较）,2025-03-25,17:50-18:00,0.089367,1
④ 仅光伏不可知 + 改用当天 6:00 发布的预报（覆盖 6:00–24:00，与 0:00 条不可横向比较）,2025-03-26,6:00-6:50,759.820017,5
④ 仅光伏不可知 + 改用当天 6:00 发布的预报（覆盖 6:00–24:00，与 0:00 条不可横向比较）,2025-03-26,7:00-7:50,747.231817,5
④ 仅光伏不可知 + 改用当天 6:00 发布的预报（覆盖 6:00–24:00，与 0:00 条不可横向比较）,2025-03-26,8:00-8:50,787.740383,5
④ 仅光伏不可知 + 改用当天 6:00 发布的预报（覆盖 6:00–24:00，与 0:00 条不可横向比较）,2025-03-26,9:00-9:50,644.078600,5
④ 仅光伏不可知 + 改用当天 6:00 发布的预报（覆盖 6:00–24:00，与 0:00 条不可横向比较）,2025-03-26,10:00-10:40,216.763400,4
④ 仅光伏不可知 + 改用当天 6:00 发布的预报（覆盖 6:00–24:00，与 0:00 条不可横向比较）,2025-03-26,11:00-11:20,49.930600,2
④ 仅光伏不可知 + 改用当天 6:00 发布的预报（覆盖 6:00–24:00，与 0:00 条不可横向比较）,2025-03-27,6:00-12:00,4696.226667,36
④ 仅光伏不可知 + 改用当天 6:00 发布的预报（覆盖 6:00–24:00，与 0:00 条不可横向比较）,2025-03-28,6:00-6:50,706.623267,5
④ 仅光伏不可知 + 改用当天 6:00 发布的预报（覆盖 6:00–24:00，与 0:00 条不可横向比较）,2025-03-28,7:00-7:50,652.746167,5
④ 仅光伏不可知 + 改用当天 6:00 发布的预报（覆盖 6:00–24:00，与 0:00 条不可横向比较）,2025-03-28,9:00-9:10,217.252083,1
④ 仅光伏不可知 + 改用当天 6:00 发布的预报（覆盖 6:00–24:00，与 0:00 条不可横向比较）,2025-03-28,9:40-10:20,364.288633,4
④ 仅光伏不可知 + 改用当天 6:00 发布的预报（覆盖 6:00–24:00，与 0:00 条不可横向比较）,2025-03-28,10:30-10:50,108.731667,2
④ 仅光伏不可知 + 改用当天 6:00 发布的预报（覆盖 6:00–24:00，与 0:00 条不可横向比较）,2025-03-28,11:10-11:40,175.160750,3
④ 仅光伏不可知 + 改用当天 6:00 发布的预报（覆盖 6:00–24:00，与 0:00 条不可横向比较）,2025-03-28,12:40-13:00,150.044017,2
④ 仅光伏不可知 + 改用当天 6:00 发布的预报（覆盖 6:00–24:00，与 0:00 条不可横向比较）,2025-03-28,13:20-13:30,17.778250,1
④ 仅光伏不可知 + 改用当天 6:00 发布的预报（覆盖 6:00–24:00，与 0:00 条不可横向比较）,2025-03-28,13:40-13:50,24.130783,1
④ 仅光伏不可知 + 改用当天 6:00 发布的预报（覆盖 6:00–24:00，与 0:00 条不可横向比较）,2025-03-28,15:50-16:00,28.359600,1
④ 仅光伏不可知 + 改用当天 6:00 发布的预报（覆盖 6:00–24:00，与 0:00 条不可横向比较）,2025-03-28,16:50-17:00,0.815083,1
④ 仅光伏不可知 + 改用当天 6:00 发布的预报（覆盖 6:00–24:00，与 0:00 条不可横向比较）,2025-03-28,17:50-18:00,0.150183,1
④ 仅光伏不可知 + 改用当天 6:00 发布的预报（覆盖 6:00–24:00，与 0:00 条不可横向比较）,2025-03-29,6:00-6:50,717.508183,5
④ 仅光伏不可知 + 改用当天 6:00 发布的预报（覆盖 6:00–24:00，与 0:00 条不可横向比较）,2025-03-29,7:00-7:50,727.702967,5
④ 仅光伏不可知 + 改用当天 6:00 发布的预报（覆盖 6:00–24:00，与 0:00 条不可横向比较）,2025-03-29,9:00-9:10,129.079433,1
④ 仅光伏不可知 + 改用当天 6:00 发布的预报（覆盖 6:00–24:00，与 0:00 条不可横向比较）,2025-03-29,10:00-10:20,429.725700,2
④ 仅光伏不可知 + 改用当天 6:00 发布的预报（覆盖 6:00–24:00，与 0:00 条不可横向比较）,2025-03-29,10:30-11:00,130.642817,3
④ 仅光伏不可知 + 改用当天 6:00 发布的预报（覆盖 6:00–24:00，与 0:00 条不可横向比较）,2025-03-29,13:10-13:30,25.884833,2
④ 仅光伏不可知 + 改用当天 6:00 发布的预报（覆盖 6:00–24:00，与 0:00 条不可横向比较）,2025-03-29,13:40-13:50,1.629633,1
④ 仅光伏不可知 + 改用当天 6:00 发布的预报（覆盖 6:00–24:00，与 0:00 条不可横向比较）,2025-03-29,15:50-16:00,20.272867,1
④ 仅光伏不可知 + 改用当天 6:00 发布的预报（覆盖 6:00–24:00，与 0:00 条不可横向比较）,2025-03-30,6:00-6:50,835.446950,5
④ 仅光伏不可知 + 改用当天 6:00 发布的预报（覆盖 6:00–24:00，与 0:00 条不可横向比较）,2025-03-30,7:00-7:50,756.444950,5
④ 仅光伏不可知 + 改用当天 6:00 发布的预报（覆盖 6:00–24:00，与 0:00 条不可横向比较）,2025-03-30,8:00-11:20,2352.048000,20
④ 仅光伏不可知 + 改用当天 6:00 发布的预报（覆盖 6:00–24:00，与 0:00 条不可横向比较）,2025-03-30,11:30-13:00,364.353267,9
④ 仅光伏不可知 + 改用当天 6:00 发布的预报（覆盖 6:00–24:00，与 0:00 条不可横向比较）,2025-03-30,16:50-17:00,19.723150,1
④ 仅光伏不可知 + 改用当天 6:00 发布的预报（覆盖 6:00–24:00，与 0:00 条不可横向比较）,2025-03-31,6:00-6:50,755.697733,5
④ 仅光伏不可知 + 改用当天 6:00 发布的预报（覆盖 6:00–24:00，与 0:00 条不可横向比较）,2025-03-31,7:00-7:50,856.096383,5
④ 仅光伏不可知 + 改用当天 6:00 发布的预报（覆盖 6:00–24:00，与 0:00 条不可横向比较）,2025-03-31,8:00-8:50,895.838983,5
④ 仅光伏不可知 + 改用当天 6:00 发布的预报（覆盖 6:00–24:00，与 0:00 条不可横向比较）,2025-03-31,9:00-11:00,939.835383,12
④ 仅光伏不可知 + 改用当天 6:00 发布的预报（覆盖 6:00–24:00，与 0:00 条不可横向比较）,2025-04-01,6:00-6:50,832.923067,5
④ 仅光伏不可知 + 改用当天 6:00 发布的预报（覆盖 6:00–24:00，与 0:00 条不可横向比较）,2025-04-01,7:00-7:50,932.313967,5
④ 仅光伏不可知 + 改用当天 6:00 发布的预报（覆盖 6:00–24:00，与 0:00 条不可横向比较）,2025-04-01,8:00-8:50,567.862617,5
④ 仅光伏不可知 + 改用当天 6:00 发布的预报（覆盖 6:00–24:00，与 0:00 条不可横向比较）,2025-04-01,9:00-9:10,10.721883,1
④ 仅光伏不可知 + 改用当天 6:00 发布的预报（覆盖 6:00–24:00，与 0:00 条不可横向比较）,2025-04-01,10:00-10:20,55.903733,2
④ 仅光伏不可知 + 改用当天 6:00 发布的预报（覆盖 6:00–24:00，与 0:00 条不可横向比较）,2025-04-01,16:50-17:00,7.855200,1
④ 仅光伏不可知 + 改用当天 6:00 发布的预报（覆盖 6:00–24:00，与 0:00 条不可横向比较）,2025-04-01,17:50-18:00,0.109433,1
④ 仅光伏不可知 + 改用当天 6:00 发布的预报（覆盖 6:00–24:00，与 0:00 条不可横向比较）,2025-04-02,6:00-6:50,749.574767,5
④ 仅光伏不可知 + 改用当天 6:00 发布的预报（覆盖 6:00–24:00，与 0:00 条不可横向比较）,2025-04-02,7:00-7:50,451.734067,5
④ 仅光伏不可知 + 改用当天 6:00 发布的预报（覆盖 6:00–24:00，与 0:00 条不可横向比较）,2025-04-02,8:00-8:50,626.316633,5
④ 仅光伏不可知 + 改用当天 6:00 发布的预报（覆盖 6:00–24:00，与 0:00 条不可横向比较）,2025-04-02,9:00-9:20,33.840050,2
④ 仅光伏不可知 + 改用当天 6:00 发布的预报（覆盖 6:00–24:00，与 0:00 条不可横向比较）,2025-04-02,10:00-10:50,436.879917,5
④ 仅光伏不可知 + 改用当天 6:00 发布的预报（覆盖 6:00–24:00，与 0:00 条不可横向比较）,2025-04-02,11:00-11:20,41.090567,2
④ 仅光伏不可知 + 改用当天 6:00 发布的预报（覆盖 6:00–24:00，与 0:00 条不可横向比较）,2025-04-03,6:00-6:50,710.216733,5
④ 仅光伏不可知 + 改用当天 6:00 发布的预报（覆盖 6:00–24:00，与 0:00 条不可横向比较）,2025-04-03,7:00-7:50,562.376750,5
④ 仅光伏不可知 + 改用当天 6:00 发布的预报（覆盖 6:00–24:00，与 0:00 条不可横向比较）,2025-04-03,8:00-8:50,598.860367,5
④ 仅光伏不可知 + 改用当天 6:00 发布的预报（覆盖 6:00–24:00，与 0:00 条不可横向比较）,2025-04-03,9:00-10:50,1082.551417,11
④ 仅光伏不可知 + 改用当天 6:00 发布的预报（覆盖 6:00–24:00，与 0:00 条不可横向比较）,2025-04-03,11:00-11:10,5.780817,1
④ 仅光伏不可知 + 改用当天 6:00 发布的预报（覆盖 6:00–24:00，与 0:00 条不可横向比较）,2025-04-03,12:30-12:50,18.095033,2
④ 仅光伏不可知 + 改用当天 6:00 发布的预报（覆盖 6:00–24:00，与 0:00 条不可横向比较）,2025-04-03,14:50-15:00,10.861367,1
④ 仅光伏不可知 + 改用当天 6:00 发布的预报（覆盖 6:00–24:00，与 0:00 条不可横向比较）,2025-04-03,15:50-16:00,11.231667,1
④ 仅光伏不可知 + 改用当天 6:00 发布的预报（覆盖 6:00–24:00，与 0:00 条不可横向比较）,2025-04-03,16:50-17:00,1.941433,1
④ 仅光伏不可知 + 改用当天 6:00 发布的预报（覆盖 6:00–24:00，与 0:00 条不可横向比较）,2025-04-03,17:50-18:00,0.250950,1
④ 仅光伏不可知 + 改用当天 6:00 发布的预报（覆盖 6:00–24:00，与 0:00 条不可横向比较）,2025-04-04,6:00-7:30,1363.481983,9
④ 仅光伏不可知 + 改用当天 6:00 发布的预报（覆盖 6:00–24:00，与 0:00 条不可横向比较）,2025-04-04,8:00-8:10,228.482033,1
④ 仅光伏不可知 + 改用当天 6:00 发布的预报（覆盖 6:00–24:00，与 0:00 条不可横向比较）,2025-04-04,8:40-9:20,627.967933,4
④ 仅光伏不可知 + 改用当天 6:00 发布的预报（覆盖 6:00–24:00，与 0:00 条不可横向比较）,2025-04-04,9:40-10:10,355.197933,3
④ 仅光伏不可知 + 改用当天 6:00 发布的预报（覆盖 6:00–24:00，与 0:00 条不可横向比较）,2025-04-04,10:20-10:40,288.355183,2
④ 仅光伏不可知 + 改用当天 6:00 发布的预报（覆盖 6:00–24:00，与 0:00 条不可横向比较）,2025-04-04,10:50-11:10,113.507967,2
④ 仅光伏不可知 + 改用当天 6:00 发布的预报（覆盖 6:00–24:00，与 0:00 条不可横向比较）,2025-04-04,11:20-11:50,145.611900,3
④ 仅光伏不可知 + 改用当天 6:00 发布的预报（覆盖 6:00–24:00，与 0:00 条不可横向比较）,2025-04-04,13:50-14:00,46.956250,1
④ 仅光伏不可知 + 改用当天 6:00 发布的预报（覆盖 6:00–24:00，与 0:00 条不可横向比较）,2025-04-04,14:50-15:00,2.793750,1
④ 仅光伏不可知 + 改用当天 6:00 发布的预报（覆盖 6:00–24:00，与 0:00 条不可横向比较）,2025-04-04,16:50-17:00,46.431300,1
④ 仅光伏不可知 + 改用当天 6:00 发布的预报（覆盖 6:00–24:00，与 0:00 条不可横向比较）,2025-04-04,17:50-18:00,7.556083,1
④ 仅光伏不可知 + 改用当天 6:00 发布的预报（覆盖 6:00–24:00，与 0:00 条不可横向比较）,2025-04-05,6:00-6:50,747.504867,5
④ 仅光伏不可知 + 改用当天 6:00 发布的预报（覆盖 6:00–24:00，与 0:00 条不可横向比较）,2025-04-05,7:00-7:40,696.529467,4
④ 仅光伏不可知 + 改用当天 6:00 发布的预报（覆盖 6:00–24:00，与 0:00 条不可横向比较）,2025-04-05,8:00-8:20,381.924183,2
④ 仅光伏不可知 + 改用当天 6:00 发布的预报（覆盖 6:00–24:00，与 0:00 条不可横向比较）,2025-04-05,8:30-8:40,124.749117,1
④ 仅光伏不可知 + 改用当天 6:00 发布的预报（覆盖 6:00–24:00，与 0:00 条不可横向比较）,2025-04-05,9:10-10:10,416.566817,6
④ 仅光伏不可知 + 改用当天 6:00 发布的预报（覆盖 6:00–24:00，与 0:00 条不可横向比较）,2025-04-05,10:20-10:30,42.941267,1
④ 仅光伏不可知 + 改用当天 6:00 发布的预报（覆盖 6:00–24:00，与 0:00 条不可横向比较）,2025-04-05,11:00-11:30,367.795167,3
④ 仅光伏不可知 + 改用当天 6:00 发布的预报（覆盖 6:00–24:00，与 0:00 条不可横向比较）,2025-04-05,11:40-11:50,40.144950,1
④ 仅光伏不可知 + 改用当天 6:00 发布的预报（覆盖 6:00–24:00，与 0:00 条不可横向比较）,2025-04-05,12:20-12:40,88.568533,2
④ 仅光伏不可知 + 改用当天 6:00 发布的预报（覆盖 6:00–24:00，与 0:00 条不可横向比较）,2025-04-05,12:50-13:00,45.341667,1
④ 仅光伏不可知 + 改用当天 6:00 发布的预报（覆盖 6:00–24:00，与 0:00 条不可横向比较）,2025-04-05,13:50-14:00,44.924967,1
④ 仅光伏不可知 + 改用当天 6:00 发布的预报（覆盖 6:00–24:00，与 0:00 条不可横向比较）,2025-04-05,14:40-14:50,42.933050,1
④ 仅光伏不可知 + 改用当天 6:00 发布的预报（覆盖 6:00–24:00，与 0:00 条不可横向比较）,2025-04-05,16:50-17:00,33.065083,1
④ 仅光伏不可知 + 改用当天 6:00 发布的预报（覆盖 6:00–24:00，与 0:00 条不可横向比较）,2025-04-05,17:50-18:00,6.138200,1
④ 仅光伏不可知 + 改用当天 6:00 发布的预报（覆盖 6:00–24:00，与 0:00 条不可横向比较）,2025-04-06,6:00-8:50,2035.035400,17
④ 仅光伏不可知 + 改用当天 6:00 发布的预报（覆盖 6:00–24:00，与 0:00 条不可横向比较）,2025-04-06,9:00-9:40,518.873933,4
④ 仅光伏不可知 + 改用当天 6:00 发布的预报（覆盖 6:00–24:00，与 0:00 条不可横向比较）,2025-04-06,10:00-13:00,1190.417550,18
④ 仅光伏不可知 + 改用当天 6:00 发布的预报（覆盖 6:00–24:00，与 0:00 条不可横向比较）,2025-04-06,13:40-14:00,81.941483,2
④ 仅光伏不可知 + 改用当天 6:00 发布的预报（覆盖 6:00–24:00，与 0:00 条不可横向比较）,2025-04-06,14:50-15:00,24.075967,1
④ 仅光伏不可知 + 改用当天 6:00 发布的预报（覆盖 6:00–24:00，与 0:00 条不可横向比较）,2025-04-06,15:40-16:00,54.531367,2
④ 仅光伏不可知 + 改用当天 6:00 发布的预报（覆盖 6:00–24:00，与 0:00 条不可横向比较）,2025-04-06,16:50-17:00,8.830367,1
④ 仅光伏不可知 + 改用当天 6:00 发布的预报（覆盖 6:00–24:00，与 0:00 条不可横向比较）,2025-04-07,6:00-10:30,3832.961167,27
④ 仅光伏不可知 + 改用当天 6:00 发布的预报（覆盖 6:00–24:00，与 0:00 条不可横向比较）,2025-04-07,10:50-11:00,27.237500,1
④ 仅光伏不可知 + 改用当天 6:00 发布的预报（覆盖 6:00–24:00，与 0:00 条不可横向比较）,2025-04-07,11:50-12:00,15.862483,1
④ 仅光伏不可知 + 改用当天 6:00 发布的预报（覆盖 6:00–24:00，与 0:00 条不可横向比较）,2025-04-07,12:50-13:00,4.680150,1
④ 仅光伏不可知 + 改用当天 6:00 发布的预报（覆盖 6:00–24:00，与 0:00 条不可横向比较）,2025-04-08,6:00-7:50,1415.837967,11
④ 仅光伏不可知 + 改用当天 6:00 发布的预报（覆盖 6:00–24:00，与 0:00 条不可横向比较）,2025-04-08,8:00-8:50,738.216700,5
④ 仅光伏不可知 + 改用当天 6:00 发布的预报（覆盖 6:00–24:00，与 0:00 条不可横向比较）,2025-04-08,9:00-9:50,425.054900,5
④ 仅光伏不可知 + 改用当天 6:00 发布的预报（覆盖 6:00–24:00，与 0:00 条不可横向比较）,2025-04-08,10:00-10:50,459.146367,5
④ 仅光伏不可知 + 改用当天 6:00 发布的预报（覆盖 6:00–24:00，与 0:00 条不可横向比较）,2025-04-08,11:00-11:10,10.133533,1
④ 仅光伏不可知 + 改用当天 6:00 发布的预报（覆盖 6:00–24:00，与 0:00 条不可横向比较）,2025-04-08,12:20-13:00,116.570450,4
④ 仅光伏不可知 + 改用当天 6:00 发布的预报（覆盖 6:00–24:00，与 0:00 条不可横向比较）,2025-04-08,13:30-14:00,127.531183,3
④ 仅光伏不可知 + 改用当天 6:00 发布的预报（覆盖 6:00–24:00，与 0:00 条不可横向比较）,2025-04-09,6:00-6:50,679.356500,5
④ 仅光伏不可知 + 改用当天 6:00 发布的预报（覆盖 6:00–24:00，与 0:00 条不可横向比较）,2025-04-09,7:00-7:50,699.306550,5
④ 仅光伏不可知 + 改用当天 6:00 发布的预报（覆盖 6:00–24:00，与 0:00 条不可横向比较）,2025-04-09,8:00-8:40,569.638350,4
④ 仅光伏不可知 + 改用当天 6:00 发布的预报（覆盖 6:00–24:00，与 0:00 条不可横向比较）,2025-04-09,8:50-10:40,965.035683,11
④ 仅光伏不可知 + 改用当天 6:00 发布的预报（覆盖 6:00–24:00，与 0:00 条不可横向比较）,2025-04-09,11:00-12:00,226.415817,6
④ 仅光伏不可知 + 改用当天 6:00 发布的预报（覆盖 6:00–24:00，与 0:00 条不可横向比较）,2025-04-09,12:50-13:00,14.357967,1
④ 仅光伏不可知 + 改用当天 6:00 发布的预报（覆盖 6:00–24:00，与 0:00 条不可横向比较）,2025-04-09,15:50-16:00,3.490067,1
④ 仅光伏不可知 + 改用当天 6:00 发布的预报（覆盖 6:00–24:00，与 0:00 条不可横向比较）,2025-04-09,17:50-18:00,1.355617,1
④ 仅光伏不可知 + 改用当天 6:00 发布的预报（覆盖 6:00–24:00，与 0:00 条不可横向比较）,2025-04-10,6:00-7:50,1637.367700,11
④ 仅光伏不可知 + 改用当天 6:00 发布的预报（覆盖 6:00–24:00，与 0:00 条不可横向比较）,2025-04-10,8:00-8:50,564.309900,5
④ 仅光伏不可知 + 改用当天 6:00 发布的预报（覆盖 6:00–24:00，与 0:00 条不可横向比较）,2025-04-10,9:00-9:50,333.611400,5
④ 仅光伏不可知 + 改用当天 6:00 发布的预报（覆盖 6:00–24:00，与 0:00 条不可横向比较）,2025-04-10,10:00-10:30,300.565433,3
④ 仅光伏不可知 + 改用当天 6:00 发布的预报（覆盖 6:00–24:00，与 0:00 条不可横向比较）,2025-04-11,6:00-6:50,890.583767,5
④ 仅光伏不可知 + 改用当天 6:00 发布的预报（覆盖 6:00–24:00，与 0:00 条不可横向比较）,2025-04-11,7:00-7:50,410.943083,5
④ 仅光伏不可知 + 改用当天 6:00 发布的预报（覆盖 6:00–24:00，与 0:00 条不可横向比较）,2025-04-11,9:00-9:10,222.430517,1
④ 仅光伏不可知 + 改用当天 6:00 发布的预报（覆盖 6:00–24:00，与 0:00 条不可横向比较）,2025-04-11,9:40-10:20,467.899433,4
④ 仅光伏不可知 + 改用当天 6:00 发布的预报（覆盖 6:00–24:00，与 0:00 条不可横向比较）,2025-04-11,10:30-11:00,341.024867,3
④ 仅光伏不可知 + 改用当天 6:00 发布的预报（覆盖 6:00–24:00，与 0:00 条不可横向比较）,2025-04-11,11:10-11:20,47.019950,1
④ 仅光伏不可知 + 改用当天 6:00 发布的预报（覆盖 6:00–24:00，与 0:00 条不可横向比较）,2025-04-11,11:30-12:00,71.551183,3
④ 仅光伏不可知 + 改用当天 6:00 发布的预报（覆盖 6:00–24:00，与 0:00 条不可横向比较）,2025-04-12,6:00-7:40,1398.269067,10
④ 仅光伏不可知 + 改用当天 6:00 发布的预报（覆盖 6:00–24:00，与 0:00 条不可横向比较）,2025-04-12,8:00-8:20,327.504133,2
④ 仅光伏不可知 + 改用当天 6:00 发布的预报（覆盖 6:00–24:00，与 0:00 条不可横向比较）,2025-04-12,8:40-8:50,17.113767,1
④ 仅光伏不可知 + 改用当天 6:00 发布的预报（覆盖 6:00–24:00，与 0:00 条不可横向比较）,2025-04-12,9:00-9:30,413.298500,3
④ 仅光伏不可知 + 改用当天 6:00 发布的预报（覆盖 6:00–24:00，与 0:00 条不可横向比较）,2025-04-12,12:10-12:40,117.857483,3
④ 仅光伏不可知 + 改用当天 6:00 发布的预报（覆盖 6:00–24:00，与 0:00 条不可横向比较）,2025-04-12,13:50-14:00,21.890717,1
④ 仅光伏不可知 + 改用当天 6:00 发布的预报（覆盖 6:00–24:00，与 0:00 条不可横向比较）,2025-04-12,14:40-14:50,18.241583,1
④ 仅光伏不可知 + 改用当天 6:00 发布的预报（覆盖 6:00–24:00，与 0:00 条不可横向比较）,2025-04-12,16:50-17:00,15.516433,1
④ 仅光伏不可知 + 改用当天 6:00 发布的预报（覆盖 6:00–24:00，与 0:00 条不可横向比较）,2025-04-12,17:50-18:00,5.861667,1
④ 仅光伏不可知 + 改用当天 6:00 发布的预报（覆盖 6:00–24:00，与 0:00 条不可横向比较）,2025-04-13,6:00-11:10,3415.899650,31
④ 仅光伏不可知 + 改用当天 6:00 发布的预报（覆盖 6:00–24:00，与 0:00 条不可横向比较）,2025-04-13,11:20-11:50,138.488867,3
④ 仅光伏不可知 + 改用当天 6:00 发布的预报（覆盖 6:00–24:00，与 0:00 条不可横向比较）,2025-04-13,13:10-14:00,170.573967,5
④ 仅光伏不可知 + 改用当天 6:00 发布的预报（覆盖 6:00–24:00，与 0:00 条不可横向比较）,2025-04-13,14:40-15:00,100.748333,2
④ 仅光伏不可知 + 改用当天 6:00 发布的预报（覆盖 6:00–24:00，与 0:00 条不可横向比较）,2025-04-13,15:50-16:00,29.409967,1
④ 仅光伏不可知 + 改用当天 6:00 发布的预报（覆盖 6:00–24:00，与 0:00 条不可横向比较）,2025-04-13,16:40-17:00,94.608617,2
④ 仅光伏不可知 + 改用当天 6:00 发布的预报（覆盖 6:00–24:00，与 0:00 条不可横向比较）,2025-04-13,17:50-18:00,18.151917,1
④ 仅光伏不可知 + 改用当天 6:00 发布的预报（覆盖 6:00–24:00，与 0:00 条不可横向比较）,2025-04-14,6:00-6:50,671.635767,5
④ 仅光伏不可知 + 改用当天 6:00 发布的预报（覆盖 6:00–24:00，与 0:00 条不可横向比较）,2025-04-14,7:00-7:50,940.151700,5
④ 仅光伏不可知 + 改用当天 6:00 发布的预报（覆盖 6:00–24:00，与 0:00 条不可横向比较）,2025-04-14,8:00-13:00,2932.487350,30
④ 仅光伏不可知 + 改用当天 6:00 发布的预报（覆盖 6:00–24:00，与 0:00 条不可横向比较）,2025-04-14,13:30-14:00,230.758950,3
④ 仅光伏不可知 + 改用当天 6:00 发布的预报（覆盖 6:00–24:00，与 0:00 条不可横向比较）,2025-04-14,14:10-15:00,312.882850,5
④ 仅光伏不可知 + 改用当天 6:00 发布的预报（覆盖 6:00–24:00，与 0:00 条不可横向比较）,2025-04-14,15:40-16:00,86.660367,2
④ 仅光伏不可知 + 改用当天 6:00 发布的预报（覆盖 6:00–24:00，与 0:00 条不可横向比较）,2025-04-14,16:50-17:00,5.286250,1
④ 仅光伏不可知 + 改用当天 6:00 发布的预报（覆盖 6:00–24:00，与 0:00 条不可横向比较）,2025-04-14,17:50-18:00,2.476250,1
④ 仅光伏不可知 + 改用当天 6:00 发布的预报（覆盖 6:00–24:00，与 0:00 条不可横向比较）,2025-04-15,6:00-7:50,1479.148667,11
④ 仅光伏不可知 + 改用当天 6:00 发布的预报（覆盖 6:00–24:00，与 0:00 条不可横向比较）,2025-04-15,8:00-8:50,877.982317,5
④ 仅光伏不可知 + 改用当天 6:00 发布的预报（覆盖 6:00–24:00，与 0:00 条不可横向比较）,2025-04-15,9:00-9:40,451.849767,4
④ 仅光伏不可知 + 改用当天 6:00 发布的预报（覆盖 6:00–24:00，与 0:00 条不可横向比较）,2025-04-15,10:00-10:50,275.592567,5
④ 仅光伏不可知 + 改用当天 6:00 发布的预报（覆盖 6:00–24:00，与 0:00 条不可横向比较）,2025-04-15,13:50-14:00,6.999550,1
④ 仅光伏不可知 + 改用当天 6:00 发布的预报（覆盖 6:00–24:00，与 0:00 条不可横向比较）,2025-04-15,16:50-17:00,4.228467,1
④ 仅光伏不可知 + 改用当天 6:00 发布的预报（覆盖 6:00–24:00，与 0:00 条不可横向比较）,2025-04-15,17:50-18:00,3.719200,1
④ 仅光伏不可知 + 改用当天 6:00 发布的预报（覆盖 6:00–24:00，与 0:00 条不可横向比较）,2025-04-16,6:00-10:40,3509.789367,28
④ 仅光伏不可知 + 改用当天 6:00 发布的预报（覆盖 6:00–24:00，与 0:00 条不可横向比较）,2025-04-16,12:00-12:10,18.962267,1
④ 仅光伏不可知 + 改用当天 6:00 发布的预报（覆盖 6:00–24:00，与 0:00 条不可横向比较）,2025-04-17,6:00-6:50,763.038750,5
④ 仅光伏不可知 + 改用当天 6:00 发布的预报（覆盖 6:00–24:00，与 0:00 条不可横向比较）,2025-04-17,7:00-7:50,678.193567,5
④ 仅光伏不可知 + 改用当天 6:00 发布的预报（覆盖 6:00–24:00，与 0:00 条不可横向比较）,2025-04-17,8:00-8:50,757.637117,5
④ 仅光伏不可知 + 改用当天 6:00 发布的预报（覆盖 6:00–24:00，与 0:00 条不可横向比较）,2025-04-17,9:00-9:40,586.740550,4
④ 仅光伏不可知 + 改用当天 6:00 发布的预报（覆盖 6:00–24:00，与 0:00 条不可横向比较）,2025-04-17,10:20-10:40,33.128100,2
④ 仅光伏不可知 + 改用当天 6:00 发布的预报（覆盖 6:00–24:00，与 0:00 条不可横向比较）,2025-04-17,10:50-11:20,145.005983,3
④ 仅光伏不可知 + 改用当天 6:00 发布的预报（覆盖 6:00–24:00，与 0:00 条不可横向比较）,2025-04-17,16:50-17:00,5.435233,1
④ 仅光伏不可知 + 改用当天 6:00 发布的预报（覆盖 6:00–24:00，与 0:00 条不可横向比较）,2025-04-17,17:50-18:00,9.234683,1
④ 仅光伏不可知 + 改用当天 6:00 发布的预报（覆盖 6:00–24:00，与 0:00 条不可横向比较）,2025-04-18,6:00-6:50,846.921017,5
④ 仅光伏不可知 + 改用当天 6:00 发布的预报（覆盖 6:00–24:00，与 0:00 条不可横向比较）,2025-04-18,7:00-7:10,64.650083,1
④ 仅光伏不可知 + 改用当天 6:00 发布的预报（覆盖 6:00–24:00，与 0:00 条不可横向比较）,2025-04-18,7:40-7:50,37.495650,1
④ 仅光伏不可知 + 改用当天 6:00 发布的预报（覆盖 6:00–24:00，与 0:00 条不可横向比较）,2025-04-18,8:10-8:20,128.498333,1
④ 仅光伏不可知 + 改用当天 6:00 发布的预报（覆盖 6:00–24:00，与 0:00 条不可横向比较）,2025-04-18,8:40-8:50,5.610833,1
④ 仅光伏不可知 + 改用当天 6:00 发布的预报（覆盖 6:00–24:00，与 0:00 条不可横向比较）,2025-04-18,9:00-9:10,190.761933,1
④ 仅光伏不可知 + 改用当天 6:00 发布的预报（覆盖 6:00–24:00，与 0:00 条不可横向比较）,2025-04-18,9:50-10:10,59.751217,2
④ 仅光伏不可知 + 改用当天 6:00 发布的预报（覆盖 6:00–24:00，与 0:00 条不可横向比较）,2025-04-18,10:20-10:30,6.418050,1
④ 仅光伏不可知 + 改用当天 6:00 发布的预报（覆盖 6:00–24:00，与 0:00 条不可横向比较）,2025-04-18,11:00-11:10,25.343183,1
④ 仅光伏不可知 + 改用当天 6:00 发布的预报（覆盖 6:00–24:00，与 0:00 条不可横向比较）,2025-04-18,11:40-11:50,53.004300,1
④ 仅光伏不可知 + 改用当天 6:00 发布的预报（覆盖 6:00–24:00，与 0:00 条不可横向比较）,2025-04-18,12:10-12:20,89.603250,1
④ 仅光伏不可知 + 改用当天 6:00 发布的预报（覆盖 6:00–24:00，与 0:00 条不可横向比较）,2025-04-18,12:40-13:00,85.916300,2
④ 仅光伏不可知 + 改用当天 6:00 发布的预报（覆盖 6:00–24:00，与 0:00 条不可横向比较）,2025-04-18,13:10-13:40,140.648183,3
④ 仅光伏不可知 + 改用当天 6:00 发布的预报（覆盖 6:00–24:00，与 0:00 条不可横向比较）,2025-04-18,15:40-15:50,35.603533,1
④ 仅光伏不可知 + 改用当天 6:00 发布的预报（覆盖 6:00–24:00，与 0:00 条不可横向比较）,2025-04-18,16:50-17:00,31.645267,1
④ 仅光伏不可知 + 改用当天 6:00 发布的预报（覆盖 6:00–24:00，与 0:00 条不可横向比较）,2025-04-18,17:50-18:00,3.249450,1
④ 仅光伏不可知 + 改用当天 6:00 发布的预报（覆盖 6:00–24:00，与 0:00 条不可横向比较）,2025-04-19,6:00-6:50,625.827150,5
④ 仅光伏不可知 + 改用当天 6:00 发布的预报（覆盖 6:00–24:00，与 0:00 条不可横向比较）,2025-04-19,7:00-7:40,455.619967,4
④ 仅光伏不可知 + 改用当天 6:00 发布的预报（覆盖 6:00–24:00，与 0:00 条不可横向比较）,2025-04-19,8:00-8:20,257.799133,2
④ 仅光伏不可知 + 改用当天 6:00 发布的预报（覆盖 6:00–24:00，与 0:00 条不可横向比较）,2025-04-19,8:40-8:50,25.236583,1
④ 仅光伏不可知 + 改用当天 6:00 发布的预报（覆盖 6:00–24:00，与 0:00 条不可横向比较）,2025-04-19,9:00-9:30,216.522317,3
④ 仅光伏不可知 + 改用当天 6:00 发布的预报（覆盖 6:00–24:00，与 0:00 条不可横向比较）,2025-04-19,11:10-11:20,34.176233,1
④ 仅光伏不可知 + 改用当天 6:00 发布的预报（覆盖 6:00–24:00，与 0:00 条不可横向比较）,2025-04-19,12:30-12:40,29.520367,1
④ 仅光伏不可知 + 改用当天 6:00 发布的预报（覆盖 6:00–24:00，与 0:00 条不可横向比较）,2025-04-19,13:50-14:00,65.309650,1
④ 仅光伏不可知 + 改用当天 6:00 发布的预报（覆盖 6:00–24:00，与 0:00 条不可横向比较）,2025-04-19,14:30-14:50,185.847100,2
④ 仅光伏不可知 + 改用当天 6:00 发布的预报（覆盖 6:00–24:00，与 0:00 条不可横向比较）,2025-04-19,15:30-15:40,9.893100,1
④ 仅光伏不可知 + 改用当天 6:00 发布的预报（覆盖 6:00–24:00，与 0:00 条不可横向比较）,2025-04-19,16:40-17:00,67.945333,2
④ 仅光伏不可知 + 改用当天 6:00 发布的预报（覆盖 6:00–24:00，与 0:00 条不可横向比较）,2025-04-19,17:50-18:00,34.513383,1
④ 仅光伏不可知 + 改用当天 6:00 发布的预报（覆盖 6:00–24:00，与 0:00 条不可横向比较）,2025-04-20,6:00-6:50,835.419250,5
④ 仅光伏不可知 + 改用当天 6:00 发布的预报（覆盖 6:00–24:00，与 0:00 条不可横向比较）,2025-04-20,7:00-8:50,1329.617233,11
④ 仅光伏不可知 + 改用当天 6:00 发布的预报（覆盖 6:00–24:00，与 0:00 条不可横向比较）,2025-04-20,9:00-10:20,1077.749483,8
④ 仅光伏不可知 + 改用当天 6:00 发布的预报（覆盖 6:00–24:00，与 0:00 条不可横向比较）,2025-04-20,10:30-10:50,5.304233,2
④ 仅光伏不可知 + 改用当天 6:00 发布的预报（覆盖 6:00–24:00，与 0:00 条不可横向比较）,2025-04-20,12:20-12:40,4.888383,2
④ 仅光伏不可知 + 改用当天 6:00 发布的预报（覆盖 6:00–24:00，与 0:00 条不可横向比较）,2025-04-20,14:10-15:00,125.342183,5
④ 仅光伏不可知 + 改用当天 6:00 发布的预报（覆盖 6:00–24:00，与 0:00 条不可横向比较）,2025-04-20,15:50-16:00,29.842817,1
④ 仅光伏不可知 + 改用当天 6:00 发布的预报（覆盖 6:00–24:00，与 0:00 条不可横向比较）,2025-04-20,16:50-17:00,21.028933,1
④ 仅光伏不可知 + 改用当天 6:00 发布的预报（覆盖 6:00–24:00，与 0:00 条不可横向比较）,2025-04-20,17:50-18:00,7.688317,1
④ 仅光伏不可知 + 改用当天 6:00 发布的预报（覆盖 6:00–24:00，与 0:00 条不可横向比较）,2025-04-21,6:00-11:30,4823.920683,33
④ 仅光伏不可知 + 改用当天 6:00 发布的预报（覆盖 6:00–24:00，与 0:00 条不可横向比较）,2025-04-21,11:40-12:00,44.928600,2
④ 仅光伏不可知 + 改用当天 6:00 发布的预报（覆盖 6:00–24:00，与 0:00 条不可横向比较）,2025-04-21,12:10-12:40,142.781150,3
④ 仅光伏不可知 + 改用当天 6:00 发布的预报（覆盖 6:00–24:00，与 0:00 条不可横向比较）,2025-04-21,14:40-15:00,82.095983,2
④ 仅光伏不可知 + 改用当天 6:00 发布的预报（覆盖 6:00–24:00，与 0:00 条不可横向比较）,2025-04-21,15:40-16:00,85.438650,2
④ 仅光伏不可知 + 改用当天 6:00 发布的预报（覆盖 6:00–24:00，与 0:00 条不可横向比较）,2025-04-21,16:50-17:00,11.400000,1
④ 仅光伏不可知 + 改用当天 6:00 发布的预报（覆盖 6:00–24:00，与 0:00 条不可横向比较）,2025-04-21,17:50-18:00,5.474233,1
④ 仅光伏不可知 + 改用当天 6:00 发布的预报（覆盖 6:00–24:00，与 0:00 条不可横向比较）,2025-04-22,6:00-7:50,1624.164250,11
④ 仅光伏不可知 + 改用当天 6:00 发布的预报（覆盖 6:00–24:00，与 0:00 条不可横向比较）,2025-04-22,8:00-8:50,652.985383,5
④ 仅光伏不可知 + 改用当天 6:00 发布的预报（覆盖 6:00–24:00，与 0:00 条不可横向比较）,2025-04-22,9:00-9:50,544.497933,5
④ 仅光伏不可知 + 改用当天 6:00 发布的预报（覆盖 6:00–24:00，与 0:00 条不可横向比较）,2025-04-22,10:00-10:40,364.806883,4
④ 仅光伏不可知 + 改用当天 6:00 发布的预报（覆盖 6:00–24:00，与 0:00 条不可横向比较）,2025-04-22,12:20-12:30,1.068517,1
④ 仅光伏不可知 + 改用当天 6:00 发布的预报（覆盖 6:00–24:00，与 0:00 条不可横向比较）,2025-04-22,13:30-13:40,11.120217,1
④ 仅光伏不可知 + 改用当天 6:00 发布的预报（覆盖 6:00–24:00，与 0:00 条不可横向比较）,2025-04-23,6:00-6:50,795.844367,5
④ 仅光伏不可知 + 改用当天 6:00 发布的预报（覆盖 6:00–24:00，与 0:00 条不可横向比较）,2025-04-23,7:00-7:50,696.334050,5
④ 仅光伏不可知 + 改用当天 6:00 发布的预报（覆盖 6:00–24:00，与 0:00 条不可横向比较）,2025-04-23,8:00-8:50,576.059700,5
④ 仅光伏不可知 + 改用当天 6:00 发布的预报（覆盖 6:00–24:00，与 0:00 条不可横向比较）,2025-04-23,9:00-9:30,333.065100,3
④ 仅光伏不可知 + 改用当天 6:00 发布的预报（覆盖 6:00–24:00，与 0:00 条不可横向比较）,2025-04-23,10:00-10:10,14.094600,1
④ 仅光伏不可知 + 改用当天 6:00 发布的预报（覆盖 6:00–24:00，与 0:00 条不可横向比较）,2025-04-23,11:20-13:00,222.050533,10
④ 仅光伏不可知 + 改用当天 6:00 发布的预报（覆盖 6:00–24:00，与 0:00 条不可横向比较）,2025-04-23,13:20-14:00,170.410350,4
④ 仅光伏不可知 + 改用当天 6:00 发布的预报（覆盖 6:00–24:00，与 0:00 条不可横向比较）,2025-04-23,14:20-15:00,142.121900,4
④ 仅光伏不可知 + 改用当天 6:00 发布的预报（覆盖 6:00–24:00，与 0:00 条不可横向比较）,2025-04-23,15:50-16:00,1.098683,1
④ 仅光伏不可知 + 改用当天 6:00 发布的预报（覆盖 6:00–24:00，与 0:00 条不可横向比较）,2025-04-24,6:00-7:50,1809.658100,11
④ 仅光伏不可知 + 改用当天 6:00 发布的预报（覆盖 6:00–24:00，与 0:00 条不可横向比较）,2025-04-24,8:00-8:50,814.355967,5
④ 仅光伏不可知 + 改用当天 6:00 发布的预报（覆盖 6:00–24:00，与 0:00 条不可横向比较）,2025-04-24,9:00-9:40,140.135600,4
④ 仅光伏不可知 + 改用当天 6:00 发布的预报（覆盖 6:00–24:00，与 0:00 条不可横向比较）,2025-04-24,9:50-11:30,1271.547133,10
④ 仅光伏不可知 + 改用当天 6:00 发布的预报（覆盖 6:00–24:00，与 0:00 条不可横向比较）,2025-04-24,11:40-12:00,237.181667,2
④ 仅光伏不可知 + 改用当天 6:00 发布的预报（覆盖 6:00–24:00，与 0:00 条不可横向比较）,2025-04-24,12:10-12:30,343.208417,2
④ 仅光伏不可知 + 改用当天 6:00 发布的预报（覆盖 6:00–24:00，与 0:00 条不可横向比较）,2025-04-24,12:40-13:00,264.606383,2
④ 仅光伏不可知 + 改用当天 6:00 发布的预报（覆盖 6:00–24:00，与 0:00 条不可横向比较）,2025-04-24,13:50-14:00,31.318750,1
④ 仅光伏不可知 + 改用当天 6:00 发布的预报（覆盖 6:00–24:00，与 0:00 条不可横向比较）,2025-04-24,15:50-16:00,2.933683,1
④ 仅光伏不可知 + 改用当天 6:00 发布的预报（覆盖 6:00–24:00，与 0:00 条不可横向比较）,2025-04-24,16:50-17:00,1.913433,1
④ 仅光伏不可知 + 改用当天 6:00 发布的预报（覆盖 6:00–24:00，与 0:00 条不可横向比较）,2025-04-25,6:00-7:20,1290.435050,8
④ 仅光伏不可知 + 改用当天 6:00 发布的预报（覆盖 6:00–24:00，与 0:00 条不可横向比较）,2025-04-25,7:40-7:50,37.311750,1
④ 仅光伏不可知 + 改用当天 6:00 发布的预报（覆盖 6:00–24:00，与 0:00 条不可横向比较）,2025-04-25,8:00-8:10,271.781767,1
④ 仅光伏不可知 + 改用当天 6:00 发布的预报（覆盖 6:00–24:00，与 0:00 条不可横向比较）,2025-04-25,8:30-8:50,95.409783,2
④ 仅光伏不可知 + 改用当天 6:00 发布的预报（覆盖 6:00–24:00，与 0:00 条不可横向比较）,2025-04-25,9:00-9:10,281.119850,1
④ 仅光伏不可知 + 改用当天 6:00 发布的预报（覆盖 6:00–24:00，与 0:00 条不可横向比较）,2025-04-25,9:40-9:50,130.541267,1
④ 仅光伏不可知 + 改用当天 6:00 发布的预报（覆盖 6:00–24:00，与 0:00 条不可横向比较）,2025-04-25,10:00-10:40,541.532550,4
④ 仅光伏不可知 + 改用当天 6:00 发布的预报（覆盖 6:00–24:00，与 0:00 条不可横向比较）,2025-04-25,10:50-11:00,42.182500,1
④ 仅光伏不可知 + 改用当天 6:00 发布的预报（覆盖 6:00–24:00，与 0:00 条不可横向比较）,2025-04-25,12:40-12:50,2.617450,1
④ 仅光伏不可知 + 改用当天 6:00 发布的预报（覆盖 6:00–24:00，与 0:00 条不可横向比较）,2025-04-26,6:00-7:30,1237.028730,9
④ 仅光伏不可知 + 改用当天 6:00 发布的预报（覆盖 6:00–24:00，与 0:00 条不可横向比较）,2025-04-26,8:00-8:10,247.254700,1
④ 仅光伏不可知 + 改用当天 6:00 发布的预报（覆盖 6:00–24:00，与 0:00 条不可横向比较）,2025-04-26,8:40-9:20,235.730283,4
④ 仅光伏不可知 + 改用当天 6:00 发布的预报（覆盖 6:00–24:00，与 0:00 条不可横向比较）,2025-04-26,10:00-10:10,73.824683,1
④ 仅光伏不可知 + 改用当天 6:00 发布的预报（覆盖 6:00–24:00，与 0:00 条不可横向比较）,2025-04-26,13:50-14:00,63.441933,1
④ 仅光伏不可知 + 改用当天 6:00 发布的预报（覆盖 6:00–24:00，与 0:00 条不可横向比较）,2025-04-26,14:50-15:00,126.621850,1
④ 仅光伏不可知 + 改用当天 6:00 发布的预报（覆盖 6:00–24:00，与 0:00 条不可横向比较）,2025-04-26,16:50-17:00,11.185583,1
④ 仅光伏不可知 + 改用当天 6:00 发布的预报（覆盖 6:00–24:00，与 0:00 条不可横向比较）,2025-04-26,17:50-18:00,12.449683,1
④ 仅光伏不可知 + 改用当天 6:00 发布的预报（覆盖 6:00–24:00，与 0:00 条不可横向比较）,2025-04-27,6:00-7:50,1518.615700,11
④ 仅光伏不可知 + 改用当天 6:00 发布的预报（覆盖 6:00–24:00，与 0:00 条不可横向比较）,2025-04-27,8:00-8:50,487.899100,5
④ 仅光伏不可知 + 改用当天 6:00 发布的预报（覆盖 6:00–24:00，与 0:00 条不可横向比较）,2025-04-27,9:00-9:40,404.040900,4
④ 仅光伏不可知 + 改用当天 6:00 发布的预报（覆盖 6:00–24:00，与 0:00 条不可横向比较）,2025-04-27,12:50-13:00,4.451667,1
④ 仅光伏不可知 + 改用当天 6:00 发布的预报（覆盖 6:00–24:00，与 0:00 条不可横向比较）,2025-04-27,13:40-14:00,97.844250,2
④ 仅光伏不可知 + 改用当天 6:00 发布的预报（覆盖 6:00–24:00，与 0:00 条不可横向比较）,2025-04-27,14:20-15:00,186.554867,4
④ 仅光伏不可知 + 改用当天 6:00 发布的预报（覆盖 6:00–24:00，与 0:00 条不可横向比较）,2025-04-27,15:50-16:00,36.575217,1
④ 仅光伏不可知 + 改用当天 6:00 发布的预报（覆盖 6:00–24:00，与 0:00 条不可横向比较）,2025-04-27,16:50-17:00,28.660400,1
④ 仅光伏不可知 + 改用当天 6:00 发布的预报（覆盖 6:00–24:00，与 0:00 条不可横向比较）,2025-04-27,17:50-18:00,3.437633,1
④ 仅光伏不可知 + 改用当天 6:00 发布的预报（覆盖 6:00–24:00，与 0:00 条不可横向比较）,2025-04-28,6:00-8:50,1989.504833,17
④ 仅光伏不可知 + 改用当天 6:00 发布的预报（覆盖 6:00–24:00，与 0:00 条不可横向比较）,2025-04-28,9:00-9:50,665.472433,5
④ 仅光伏不可知 + 改用当天 6:00 发布的预报（覆盖 6:00–24:00，与 0:00 条不可横向比较）,2025-04-28,16:50-17:00,6.867800,1
④ 仅光伏不可知 + 改用当天 6:00 发布的预报（覆盖 6:00–24:00，与 0:00 条不可横向比较）,2025-04-29,6:00-6:50,734.315100,5
④ 仅光伏不可知 + 改用当天 6:00 发布的预报（覆盖 6:00–24:00，与 0:00 条不可横向比较）,2025-04-29,7:00-7:50,713.252533,5
④ 仅光伏不可知 + 改用当天 6:00 发布的预报（覆盖 6:00–24:00，与 0:00 条不可横向比较）,2025-04-29,8:00-8:50,765.707800,5
④ 仅光伏不可知 + 改用当天 6:00 发布的预报（覆盖 6:00–24:00，与 0:00 条不可横向比较）,2025-04-29,9:00-9:40,207.196517,4
④ 仅光伏不可知 + 改用当天 6:00 发布的预报（覆盖 6:00–24:00，与 0:00 条不可横向比较）,2025-04-29,10:00-10:20,112.008450,2
④ 仅光伏不可知 + 改用当天 6:00 发布的预报（覆盖 6:00–24:00，与 0:00 条不可横向比较）,2025-04-29,11:20-11:30,9.306717,1
④ 仅光伏不可知 + 改用当天 6:00 发布的预报（覆盖 6:00–24:00，与 0:00 条不可横向比较）,2025-04-29,12:00-13:00,152.276983,6
④ 仅光伏不可知 + 改用当天 6:00 发布的预报（覆盖 6:00–24:00，与 0:00 条不可横向比较）,2025-04-29,13:20-14:00,190.768467,4
④ 仅光伏不可知 + 改用当天 6:00 发布的预报（覆盖 6:00–24:00，与 0:00 条不可横向比较）,2025-04-29,14:50-15:00,46.196850,1
④ 仅光伏不可知 + 改用当天 6:00 发布的预报（覆盖 6:00–24:00，与 0:00 条不可横向比较）,2025-04-29,15:50-16:00,13.954950,1
④ 仅光伏不可知 + 改用当天 6:00 发布的预报（覆盖 6:00–24:00，与 0:00 条不可横向比较）,2025-04-29,16:50-17:00,14.262017,1
④ 仅光伏不可知 + 改用当天 6:00 发布的预报（覆盖 6:00–24:00，与 0:00 条不可横向比较）,2025-04-29,17:50-18:00,0.530817,1
④ 仅光伏不可知 + 改用当天 6:00 发布的预报（覆盖 6:00–24:00，与 0:00 条不可横向比较）,2025-04-30,6:00-12:00,4481.719567,36
④ 仅光伏不可知 + 改用当天 6:00 发布的预报（覆盖 6:00–24:00，与 0:00 条不可横向比较）,2025-04-30,12:10-12:50,89.879883,4
④ 仅光伏不可知 + 改用当天 6:00 发布的预报（覆盖 6:00–24:00，与 0:00 条不可横向比较）,2025-04-30,16:50-17:00,10.112500,1
④ 仅光伏不可知 + 改用当天 6:00 发布的预报（覆盖 6:00–24:00，与 0:00 条不可横向比较）,2025-04-30,17:50-18:00,18.070317,1
④ 仅光伏不可知 + 改用当天 6:00 发布的预报（覆盖 6:00–24:00，与 0:00 条不可横向比较）,2025-05-01,6:00-6:50,644.375700,5
④ 仅光伏不可知 + 改用当天 6:00 发布的预报（覆盖 6:00–24:00，与 0:00 条不可横向比较）,2025-05-01,7:00-7:50,393.450983,5
④ 仅光伏不可知 + 改用当天 6:00 发布的预报（覆盖 6:00–24:00，与 0:00 条不可横向比较）,2025-05-01,8:00-8:50,605.217517,5
④ 仅光伏不可知 + 改用当天 6:00 发布的预报（覆盖 6:00–24:00，与 0:00 条不可横向比较）,2025-05-01,9:00-9:20,389.565167,2
④ 仅光伏不可知 + 改用当天 6:00 发布的预报（覆盖 6:00–24:00，与 0:00 条不可横向比较）,2025-05-01,9:30-9:50,64.827617,2
④ 仅光伏不可知 + 改用当天 6:00 发布的预报（覆盖 6:00–24:00，与 0:00 条不可横向比较）,2025-05-01,10:10-10:20,59.002433,1
④ 仅光伏不可知 + 改用当天 6:00 发布的预报（覆盖 6:00–24:00，与 0:00 条不可横向比较）,2025-05-01,10:30-10:50,26.138350,2
④ 仅光伏不可知 + 改用当天 6:00 发布的预报（覆盖 6:00–24:00，与 0:00 条不可横向比较）,2025-05-01,11:00-12:10,597.785750,7
④ 仅光伏不可知 + 改用当天 6:00 发布的预报（覆盖 6:00–24:00，与 0:00 条不可横向比较）,2025-05-01,12:20-13:00,207.370850,4
④ 仅光伏不可知 + 改用当天 6:00 发布的预报（覆盖 6:00–24:00，与 0:00 条不可横向比较）,2025-05-01,13:10-13:40,80.895967,3
④ 仅光伏不可知 + 改用当天 6:00 发布的预报（覆盖 6:00–24:00，与 0:00 条不可横向比较）,2025-05-01,13:50-14:00,11.281250,1
④ 仅光伏不可知 + 改用当天 6:00 发布的预报（覆盖 6:00–24:00，与 0:00 条不可横向比较）,2025-05-01,14:40-15:00,51.521150,2
④ 仅光伏不可知 + 改用当天 6:00 发布的预报（覆盖 6:00–24:00，与 0:00 条不可横向比较）,2025-05-02,6:00-6:50,655.248967,5
④ 仅光伏不可知 + 改用当天 6:00 发布的预报（覆盖 6:00–24:00，与 0:00 条不可横向比较）,2025-05-02,7:00-7:50,363.428250,5
④ 仅光伏不可知 + 改用当天 6:00 发布的预报（覆盖 6:00–24:00，与 0:00 条不可横向比较）,2025-05-02,8:00-8:20,394.557383,2
④ 仅光伏不可知 + 改用当天 6:00 发布的预报（覆盖 6:00–24:00，与 0:00 条不可横向比较）,2025-05-02,9:00-9:10,43.859433,1
④ 仅光伏不可知 + 改用当天 6:00 发布的预报（覆盖 6:00–24:00，与 0:00 条不可横向比较）,2025-05-02,10:00-10:10,4.560883,1
④ 仅光伏不可知 + 改用当天 6:00 发布的预报（覆盖 6:00–24:00，与 0:00 条不可横向比较）,2025-05-02,10:30-10:40,3.974767,1
④ 仅光伏不可知 + 改用当天 6:00 发布的预报（覆盖 6:00–24:00，与 0:00 条不可横向比较）,2025-05-03,6:00-6:50,660.520967,5
④ 仅光伏不可知 + 改用当天 6:00 发布的预报（覆盖 6:00–24:00，与 0:00 条不可横向比较）,2025-05-03,7:00-7:50,657.924483,5
④ 仅光伏不可知 + 改用当天 6:00 发布的预报（覆盖 6:00–24:00，与 0:00 条不可横向比较）,2025-05-03,8:00-8:10,213.839950,1
④ 仅光伏不可知 + 改用当天 6:00 发布的预报（覆盖 6:00–24:00，与 0:00 条不可横向比较）,2025-05-03,8:20-8:40,176.074767,2
④ 仅光伏不可知 + 改用当天 6:00 发布的预报（覆盖 6:00–24:00，与 0:00 条不可横向比较）,2025-05-03,9:00-9:10,178.616283,1
④ 仅光伏不可知 + 改用当天 6:00 发布的预报（覆盖 6:00–24:00，与 0:00 条不可横向比较）,2025-05-03,10:00-10:10,164.529017,1
④ 仅光伏不可知 + 改用当天 6:00 发布的预报（覆盖 6:00–24:00，与 0:00 条不可横向比较）,2025-05-03,10:20-10:30,86.438150,1
④ 仅光伏不可知 + 改用当天 6:00 发布的预报（覆盖 6:00–24:00，与 0:00 条不可横向比较）,2025-05-03,16:50-17:00,25.342267,1
④ 仅光伏不可知 + 改用当天 6:00 发布的预报（覆盖 6:00–24:00，与 0:00 条不可横向比较）,2025-05-04,6:00-12:00,5459.985217,36
④ 仅光伏不可知 + 改用当天 6:00 发布的预报（覆盖 6:00–24:00，与 0:00 条不可横向比较）,2025-05-04,12:50-13:00,6.942683,1
④ 仅光伏不可知 + 改用当天 6:00 发布的预报（覆盖 6:00–24:00，与 0:00 条不可横向比较）,2025-05-04,17:50-18:00,2.079617,1
④ 仅光伏不可知 + 改用当天 6:00 发布的预报（覆盖 6:00–24:00，与 0:00 条不可横向比较）,2025-05-05,6:00-6:50,499.950367,5
④ 仅光伏不可知 + 改用当天 6:00 发布的预报（覆盖 6:00–24:00，与 0:00 条不可横向比较）,2025-05-05,7:00-7:50,574.710667,5
④ 仅光伏不可知 + 改用当天 6:00 发布的预报（覆盖 6:00–24:00，与 0:00 条不可横向比较）,2025-05-05,8:00-8:50,831.505417,5
④ 仅光伏不可知 + 改用当天 6:00 发布的预报（覆盖 6:00–24:00，与 0:00 条不可横向比较）,2025-05-05,9:00-10:40,1023.985450,10
④ 仅光伏不可知 + 改用当天 6:00 发布的预报（覆盖 6:00–24:00，与 0:00 条不可横向比较）,2025-05-05,11:00-11:40,183.753450,4
④ 仅光伏不可知 + 改用当天 6:00 发布的预报（覆盖 6:00–24:00，与 0:00 条不可横向比较）,2025-05-05,15:50-16:00,18.668750,1
④ 仅光伏不可知 + 改用当天 6:00 发布的预报（覆盖 6:00–24:00，与 0:00 条不可横向比较）,2025-05-05,16:40-17:00,102.494483,2
④ 仅光伏不可知 + 改用当天 6:00 发布的预报（覆盖 6:00–24:00，与 0:00 条不可横向比较）,2025-05-05,17:50-18:00,26.421767,1
④ 仅光伏不可知 + 改用当天 6:00 发布的预报（覆盖 6:00–24:00，与 0:00 条不可横向比较）,2025-05-06,6:00-6:50,656.380217,5
④ 仅光伏不可知 + 改用当天 6:00 发布的预报（覆盖 6:00–24:00，与 0:00 条不可横向比较）,2025-05-06,7:00-11:50,3258.193500,29
④ 仅光伏不可知 + 改用当天 6:00 发布的预报（覆盖 6:00–24:00，与 0:00 条不可横向比较）,2025-05-06,15:40-16:00,55.769133,2
④ 仅光伏不可知 + 改用当天 6:00 发布的预报（覆盖 6:00–24:00，与 0:00 条不可横向比较）,2025-05-06,16:40-17:00,81.786550,2
④ 仅光伏不可知 + 改用当天 6:00 发布的预报（覆盖 6:00–24:00，与 0:00 条不可横向比较）,2025-05-06,17:50-18:00,24.816000,1
④ 仅光伏不可知 + 改用当天 6:00 发布的预报（覆盖 6:00–24:00，与 0:00 条不可横向比较）,2025-05-07,6:00-7:50,1319.877400,11
④ 仅光伏不可知 + 改用当天 6:00 发布的预报（覆盖 6:00–24:00，与 0:00 条不可横向比较）,2025-05-07,8:00-8:40,515.478250,4
④ 仅光伏不可知 + 改用当天 6:00 发布的预报（覆盖 6:00–24:00，与 0:00 条不可横向比较）,2025-05-07,9:00-10:40,1075.830333,10
④ 仅光伏不可知 + 改用当天 6:00 发布的预报（覆盖 6:00–24:00，与 0:00 条不可横向比较）,2025-05-07,11:00-12:10,276.777817,7
④ 仅光伏不可知 + 改用当天 6:00 发布的预报（覆盖 6:00–24:00，与 0:00 条不可横向比较）,2025-05-07,12:50-13:00,29.403300,1
④ 仅光伏不可知 + 改用当天 6:00 发布的预报（覆盖 6:00–24:00，与 0:00 条不可横向比较）,2025-05-07,13:50-14:00,11.225467,1
④ 仅光伏不可知 + 改用当天 6:00 发布的预报（覆盖 6:00–24:00，与 0:00 条不可横向比较）,2025-05-08,6:00-9:50,2786.898300,23
④ 仅光伏不可知 + 改用当天 6:00 发布的预报（覆盖 6:00–24:00，与 0:00 条不可横向比较）,2025-05-08,12:00-14:00,701.985400,12
④ 仅光伏不可知 + 改用当天 6:00 发布的预报（覆盖 6:00–24:00，与 0:00 条不可横向比较）,2025-05-08,14:30-15:00,172.939533,3
④ 仅光伏不可知 + 改用当天 6:00 发布的预报（覆盖 6:00–24:00，与 0:00 条不可横向比较）,2025-05-08,15:30-16:00,94.547683,3
④ 仅光伏不可知 + 改用当天 6:00 发布的预报（覆盖 6:00–24:00，与 0:00 条不可横向比较）,2025-05-08,16:50-17:00,18.675000,1
④ 仅光伏不可知 + 改用当天 6:00 发布的预报（覆盖 6:00–24:00，与 0:00 条不可横向比较）,2025-05-09,6:00-6:50,610.701667,5
④ 仅光伏不可知 + 改用当天 6:00 发布的预报（覆盖 6:00–24:00，与 0:00 条不可横向比较）,2025-05-09,7:00-7:30,184.196533,3
④ 仅光伏不可知 + 改用当天 6:00 发布的预报（覆盖 6:00–24:00，与 0:00 条不可横向比较）,2025-05-09,7:40-7:50,41.836167,1
④ 仅光伏不可知 + 改用当天 6:00 发布的预报（覆盖 6:00–24:00，与 0:00 条不可横向比较）,2025-05-09,8:10-8:20,109.443533,1
④ 仅光伏不可知 + 改用当天 6:00 发布的预报（覆盖 6:00–24:00，与 0:00 条不可横向比较）,2025-05-09,9:00-9:10,233.329033,1
④ 仅光伏不可知 + 改用当天 6:00 发布的预报（覆盖 6:00–24:00，与 0:00 条不可横向比较）,2025-05-09,9:30-9:40,40.803783,1
④ 仅光伏不可知 + 改用当天 6:00 发布的预报（覆盖 6:00–24:00，与 0:00 条不可横向比较）,2025-05-09,10:00-10:10,54.245100,1
④ 仅光伏不可知 + 改用当天 6:00 发布的预报（覆盖 6:00–24:00，与 0:00 条不可横向比较）,2025-05-09,10:20-10:30,1.808683,1
④ 仅光伏不可知 + 改用当天 6:00 发布的预报（覆盖 6:00–24:00，与 0:00 条不可横向比较）,2025-05-09,10:50-11:10,154.657633,2
④ 仅光伏不可知 + 改用当天 6:00 发布的预报（覆盖 6:00–24:00，与 0:00 条不可横向比较）,2025-05-09,11:40-11:50,51.787017,1
④ 仅光伏不可知 + 改用当天 6:00 发布的预报（覆盖 6:00–24:00，与 0:00 条不可横向比较）,2025-05-09,12:00-12:20,70.344783,2
④ 仅光伏不可知 + 改用当天 6:00 发布的预报（覆盖 6:00–24:00，与 0:00 条不可横向比较）,2025-05-09,13:30-13:40,31.497233,1
④ 仅光伏不可知 + 改用当天 6:00 发布的预报（覆盖 6:00–24:00，与 0:00 条不可横向比较）,2025-05-09,14:30-14:50,106.050617,2
④ 仅光伏不可知 + 改用当天 6:00 发布的预报（覆盖 6:00–24:00，与 0:00 条不可横向比较）,2025-05-10,6:00-7:50,1030.905983,11
④ 仅光伏不可知 + 改用当天 6:00 发布的预报（覆盖 6:00–24:00，与 0:00 条不可横向比较）,2025-05-10,8:00-8:20,338.972483,2
④ 仅光伏不可知 + 改用当天 6:00 发布的预报（覆盖 6:00–24:00，与 0:00 条不可横向比较）,2025-05-10,8:40-8:50,40.814650,1
④ 仅光伏不可知 + 改用当天 6:00 发布的预报（覆盖 6:00–24:00，与 0:00 条不可横向比较）,2025-05-10,9:00-9:40,523.554383,4
④ 仅光伏不可知 + 改用当天 6:00 发布的预报（覆盖 6:00–24:00，与 0:00 条不可横向比较）,2025-05-10,10:00-10:10,116.837100,1
④ 仅光伏不可知 + 改用当天 6:00 发布的预报（覆盖 6:00–24:00，与 0:00 条不可横向比较）,2025-05-10,10:30-10:50,168.957833,2
④ 仅光伏不可知 + 改用当天 6:00 发布的预报（覆盖 6:00–24:00，与 0:00 条不可横向比较）,2025-05-10,11:10-11:20,9.793233,1
④ 仅光伏不可知 + 改用当天 6:00 发布的预报（覆盖 6:00–24:00，与 0:00 条不可横向比较）,2025-05-11,6:00-6:50,635.796333,5
④ 仅光伏不可知 + 改用当天 6:00 发布的预报（覆盖 6:00–24:00，与 0:00 条不可横向比较）,2025-05-11,7:00-11:40,2908.018817,28
④ 仅光伏不可知 + 改用当天 6:00 发布的预报（覆盖 6:00–24:00，与 0:00 条不可横向比较）,2025-05-11,16:50-17:00,16.270917,1
④ 仅光伏不可知 + 改用当天 6:00 发布的预报（覆盖 6:00–24:00，与 0:00 条不可横向比较）,2025-05-11,17:50-18:00,19.978550,1
④ 仅光伏不可知 + 改用当天 6:00 发布的预报（覆盖 6:00–24:00，与 0:00 条不可横向比较）,2025-05-12,6:00-6:50,908.405233,5
④ 仅光伏不可知 + 改用当天 6:00 发布的预报（覆盖 6:00–24:00，与 0:00 条不可横向比较）,2025-05-12,7:00-7:50,960.396450,5
④ 仅光伏不可知 + 改用当天 6:00 发布的预报（覆盖 6:00–24:00，与 0:00 条不可横向比较）,2025-05-12,8:00-8:30,239.035400,3
④ 仅光伏不可知 + 改用当天 6:00 发布的预报（覆盖 6:00–24:00，与 0:00 条不可横向比较）,2025-05-12,9:00-9:50,481.841750,5
④ 仅光伏不可知 + 改用当天 6:00 发布的预报（覆盖 6:00–24:00，与 0:00 条不可横向比较）,2025-05-13,6:00-6:50,622.775817,5
④ 仅光伏不可知 + 改用当天 6:00 发布的预报（覆盖 6:00–24:00，与 0:00 条不可横向比较）,2025-05-13,7:00-11:00,3311.655350,24
④ 仅光伏不可知 + 改用当天 6:00 发布的预报（覆盖 6:00–24:00，与 0:00 条不可横向比较）,2025-05-13,11:40-12:10,147.486567,3
④ 仅光伏不可知 + 改用当天 6:00 发布的预报（覆盖 6:00–24:00，与 0:00 条不可横向比较）,2025-05-13,12:40-13:00,28.729483,2
④ 仅光伏不可知 + 改用当天 6:00 发布的预报（覆盖 6:00–24:00，与 0:00 条不可横向比较）,2025-05-13,14:50-15:00,19.783283,1
④ 仅光伏不可知 + 改用当天 6:00 发布的预报（覆盖 6:00–24:00，与 0:00 条不可横向比较）,2025-05-13,15:50-16:00,7.211583,1
④ 仅光伏不可知 + 改用当天 6:00 发布的预报（覆盖 6:00–24:00，与 0:00 条不可横向比较）,2025-05-14,6:00-6:50,776.906800,5
④ 仅光伏不可知 + 改用当天 6:00 发布的预报（覆盖 6:00–24:00，与 0:00 条不可横向比较）,2025-05-14,7:00-7:50,885.930017,5
④ 仅光伏不可知 + 改用当天 6:00 发布的预报（覆盖 6:00–24:00，与 0:00 条不可横向比较）,2025-05-14,8:00-8:50,700.726067,5
④ 仅光伏不可知 + 改用当天 6:00 发布的预报（覆盖 6:00–24:00，与 0:00 条不可横向比较）,2025-05-14,9:00-9:30,96.413817,3
④ 仅光伏不可知 + 改用当天 6:00 发布的预报（覆盖 6:00–24:00，与 0:00 条不可横向比较）,2025-05-15,6:00-11:10,3424.106583,31
④ 仅光伏不可知 + 改用当天 6:00 发布的预报（覆盖 6:00–24:00，与 0:00 条不可横向比较）,2025-05-16,6:00-7:50,1202.837633,11
④ 仅光伏不可知 + 改用当天 6:00 发布的预报（覆盖 6:00–24:00，与 0:00 条不可横向比较）,2025-05-16,8:00-8:20,470.196850,2
④ 仅光伏不可知 + 改用当天 6:00 发布的预报（覆盖 6:00–24:00，与 0:00 条不可横向比较）,2025-05-16,8:50-9:00,5.175517,1
④ 仅光伏不可知 + 改用当天 6:00 发布的预报（覆盖 6:00–24:00，与 0:00 条不可横向比较）,2025-05-16,9:20-9:30,40.117900,1
④ 仅光伏不可知 + 改用当天 6:00 发布的预报（覆盖 6:00–24:00，与 0:00 条不可横向比较）,2025-05-16,10:10-10:30,154.836767,2
④ 仅光伏不可知 + 改用当天 6:00 发布的预报（覆盖 6:00–24:00，与 0:00 条不可横向比较）,2025-05-16,13:20-14:00,42.334867,4
④ 仅光伏不可知 + 改用当天 6:00 发布的预报（覆盖 6:00–24:00，与 0:00 条不可横向比较）,2025-05-16,14:40-14:50,6.994933,1
④ 仅光伏不可知 + 改用当天 6:00 发布的预报（覆盖 6:00–24:00，与 0:00 条不可横向比较）,2025-05-17,6:00-7:10,978.579233,7
④ 仅光伏不可知 + 改用当天 6:00 发布的预报（覆盖 6:00–24:00，与 0:00 条不可横向比较）,2025-05-17,7:20-7:40,213.248567,2
④ 仅光伏不可知 + 改用当天 6:00 发布的预报（覆盖 6:00–24:00，与 0:00 条不可横向比较）,2025-05-17,8:00-8:20,242.836583,2
④ 仅光伏不可知 + 改用当天 6:00 发布的预报（覆盖 6:00–24:00，与 0:00 条不可横向比较）,2025-05-17,9:00-9:20,41.887033,2
④ 仅光伏不可知 + 改用当天 6:00 发布的预报（覆盖 6:00–24:00，与 0:00 条不可横向比较）,2025-05-17,10:00-10:10,44.911767,1
④ 仅光伏不可知 + 改用当天 6:00 发布的预报（覆盖 6:00–24:00，与 0:00 条不可横向比较）,2025-05-17,12:10-12:20,2.497017,1
④ 仅光伏不可知 + 改用当天 6:00 发布的预报（覆盖 6:00–24:00，与 0:00 条不可横向比较）,2025-05-17,14:40-14:50,11.637433,1
④ 仅光伏不可知 + 改用当天 6:00 发布的预报（覆盖 6:00–24:00，与 0:00 条不可横向比较）,2025-05-17,16:50-17:00,54.872683,1
④ 仅光伏不可知 + 改用当天 6:00 发布的预报（覆盖 6:00–24:00，与 0:00 条不可横向比较）,2025-05-17,17:50-18:00,28.057867,1
④ 仅光伏不可知 + 改用当天 6:00 发布的预报（覆盖 6:00–24:00，与 0:00 条不可横向比较）,2025-05-18,6:00-6:50,672.416933,5
④ 仅光伏不可知 + 改用当天 6:00 发布的预报（覆盖 6:00–24:00，与 0:00 条不可横向比较）,2025-05-18,7:00-7:50,355.670433,5
④ 仅光伏不可知 + 改用当天 6:00 发布的预报（覆盖 6:00–24:00，与 0:00 条不可横向比较）,2025-05-18,8:00-8:50,985.308050,5
④ 仅光伏不可知 + 改用当天 6:00 发布的预报（覆盖 6:00–24:00，与 0:00 条不可横向比较）,2025-05-18,9:00-9:30,240.555200,3
④ 仅光伏不可知 + 改用当天 6:00 发布的预报（覆盖 6:00–24:00，与 0:00 条不可横向比较）,2025-05-18,11:50-12:30,90.417467,4
④ 仅光伏不可知 + 改用当天 6:00 发布的预报（覆盖 6:00–24:00，与 0:00 条不可横向比较）,2025-05-18,15:50-16:00,10.518750,1
④ 仅光伏不可知 + 改用当天 6:00 发布的预报（覆盖 6:00–24:00，与 0:00 条不可横向比较）,2025-05-19,6:00-7:50,1433.276283,11
④ 仅光伏不可知 + 改用当天 6:00 发布的预报（覆盖 6:00–24:00，与 0:00 条不可横向比较）,2025-05-19,8:00-8:50,874.621467,5
④ 仅光伏不可知 + 改用当天 6:00 发布的预报（覆盖 6:00–24:00，与 0:00 条不可横向比较）,2025-05-19,9:00-9:30,149.398500,3
④ 仅光伏不可知 + 改用当天 6:00 发布的预报（覆盖 6:00–24:00，与 0:00 条不可横向比较）,2025-05-19,10:00-10:50,494.196167,5
④ 仅光伏不可知 + 改用当天 6:00 发布的预报（覆盖 6:00–24:00，与 0:00 条不可横向比较）,2025-05-19,11:00-11:30,199.244750,3
④ 仅光伏不可知 + 改用当天 6:00 发布的预报（覆盖 6:00–24:00，与 0:00 条不可横向比较）,2025-05-19,17:50-18:00,3.089833,1
④ 仅光伏不可知 + 改用当天 6:00 发布的预报（覆盖 6:00–24:00，与 0:00 条不可横向比较）,2025-05-20,6:00-6:50,725.891867,5
④ 仅光伏不可知 + 改用当天 6:00 发布的预报（覆盖 6:00–24:00，与 0:00 条不可横向比较）,2025-05-20,7:00-7:50,941.509600,5
④ 仅光伏不可知 + 改用当天 6:00 发布的预报（覆盖 6:00–24:00，与 0:00 条不可横向比较）,2025-05-20,8:00-8:50,767.537633,5
④ 仅光伏不可知 + 改用当天 6:00 发布的预报（覆盖 6:00–24:00，与 0:00 条不可横向比较）,2025-05-20,9:00-9:50,224.059150,5
④ 仅光伏不可知 + 改用当天 6:00 发布的预报（覆盖 6:00–24:00，与 0:00 条不可横向比较）,2025-05-20,10:00-10:30,64.205033,3
④ 仅光伏不可知 + 改用当天 6:00 发布的预报（覆盖 6:00–24:00，与 0:00 条不可横向比较）,2025-05-20,11:50-12:00,15.980583,1
④ 仅光伏不可知 + 改用当天 6:00 发布的预报（覆盖 6:00–24:00，与 0:00 条不可横向比较）,2025-05-20,12:20-12:50,35.600283,3
④ 仅光伏不可知 + 改用当天 6:00 发布的预报（覆盖 6:00–24:00，与 0:00 条不可横向比较）,2025-05-20,17:50-18:00,0.986683,1
④ 仅光伏不可知 + 改用当天 6:00 发布的预报（覆盖 6:00–24:00，与 0:00 条不可横向比较）,2025-05-21,6:00-6:50,820.968950,5
④ 仅光伏不可知 + 改用当天 6:00 发布的预报（覆盖 6:00–24:00，与 0:00 条不可横向比较）,2025-05-21,7:00-7:50,612.889633,5
④ 仅光伏不可知 + 改用当天 6:00 发布的预报（覆盖 6:00–24:00，与 0:00 条不可横向比较）,2025-05-21,8:00-8:50,234.095333,5
④ 仅光伏不可知 + 改用当天 6:00 发布的预报（覆盖 6:00–24:00，与 0:00 条不可横向比较）,2025-05-21,9:00-9:20,46.148733,2
④ 仅光伏不可知 + 改用当天 6:00 发布的预报（覆盖 6:00–24:00，与 0:00 条不可横向比较）,2025-05-21,9:30-9:50,37.879967,2
④ 仅光伏不可知 + 改用当天 6:00 发布的预报（覆盖 6:00–24:00，与 0:00 条不可横向比较）,2025-05-21,10:00-10:50,254.060317,5
④ 仅光伏不可知 + 改用当天 6:00 发布的预报（覆盖 6:00–24:00，与 0:00 条不可横向比较）,2025-05-21,11:00-11:20,128.986333,2
④ 仅光伏不可知 + 改用当天 6:00 发布的预报（覆盖 6:00–24:00，与 0:00 条不可横向比较）,2025-05-21,11:30-11:50,25.642867,2
④ 仅光伏不可知 + 改用当天 6:00 发布的预报（覆盖 6:00–24:00，与 0:00 条不可横向比较）,2025-05-22,6:00-6:50,693.778817,5
④ 仅光伏不可知 + 改用当天 6:00 发布的预报（覆盖 6:00–24:00，与 0:00 条不可横向比较）,2025-05-22,7:00-7:50,837.266367,5
④ 仅光伏不可知 + 改用当天 6:00 发布的预报（覆盖 6:00–24:00，与 0:00 条不可横向比较）,2025-05-22,8:00-8:50,597.709767,5
④ 仅光伏不可知 + 改用当天 6:00 发布的预报（覆盖 6:00–24:00，与 0:00 条不可横向比较）,2025-05-22,9:00-9:10,17.906333,1
④ 仅光伏不可知 + 改用当天 6:00 发布的预报（覆盖 6:00–24:00，与 0:00 条不可横向比较）,2025-05-22,10:00-10:40,500.062817,4
④ 仅光伏不可知 + 改用当天 6:00 发布的预报（覆盖 6:00–24:00，与 0:00 条不可横向比较）,2025-05-22,11:00-13:00,851.068283,12
④ 仅光伏不可知 + 改用当天 6:00 发布的预报（覆盖 6:00–24:00，与 0:00 条不可横向比较）,2025-05-22,13:40-14:00,138.249750,2
④ 仅光伏不可知 + 改用当天 6:00 发布的预报（覆盖 6:00–24:00，与 0:00 条不可横向比较）,2025-05-22,14:50-15:00,39.425033,1
④ 仅光伏不可知 + 改用当天 6:00 发布的预报（覆盖 6:00–24:00，与 0:00 条不可横向比较）,2025-05-23,6:00-6:50,685.229300,5
④ 仅光伏不可知 + 改用当天 6:00 发布的预报（覆盖 6:00–24:00，与 0:00 条不可横向比较）,2025-05-23,7:00-7:10,218.548650,1
④ 仅光伏不可知 + 改用当天 6:00 发布的预报（覆盖 6:00–24:00，与 0:00 条不可横向比较）,2025-05-23,7:20-7:40,218.970083,2
④ 仅光伏不可知 + 改用当天 6:00 发布的预报（覆盖 6:00–24:00，与 0:00 条不可横向比较）,2025-05-23,8:00-8:20,383.572867,2
④ 仅光伏不可知 + 改用当天 6:00 发布的预报（覆盖 6:00–24:00，与 0:00 条不可横向比较）,2025-05-23,8:40-8:50,9.265167,1
④ 仅光伏不可知 + 改用当天 6:00 发布的预报（覆盖 6:00–24:00，与 0:00 条不可横向比较）,2025-05-23,9:00-9:30,208.872133,3
④ 仅光伏不可知 + 改用当天 6:00 发布的预报（覆盖 6:00–24:00，与 0:00 条不可横向比较）,2025-05-23,16:50-17:00,35.389667,1
④ 仅光伏不可知 + 改用当天 6:00 发布的预报（覆盖 6:00–24:00，与 0:00 条不可横向比较）,2025-05-23,17:50-18:00,0.700000,1
④ 仅光伏不可知 + 改用当天 6:00 发布的预报（覆盖 6:00–24:00，与 0:00 条不可横向比较）,2025-05-24,6:00-6:50,783.423083,5
④ 仅光伏不可知 + 改用当天 6:00 发布的预报（覆盖 6:00–24:00，与 0:00 条不可横向比较）,2025-05-24,7:00-7:10,176.891083,1
④ 仅光伏不可知 + 改用当天 6:00 发布的预报（覆盖 6:00–24:00，与 0:00 条不可横向比较）,2025-05-24,7:20-7:50,204.788433,3
④ 仅光伏不可知 + 改用当天 6:00 发布的预报（覆盖 6:00–24:00，与 0:00 条不可横向比较）,2025-05-24,9:00-9:10,284.500617,1
④ 仅光伏不可知 + 改用当天 6:00 发布的预报（覆盖 6:00–24:00，与 0:00 条不可横向比较）,2025-05-24,9:40-10:10,263.965783,3
④ 仅光伏不可知 + 改用当天 6:00 发布的预报（覆盖 6:00–24:00，与 0:00 条不可横向比较）,2025-05-24,10:20-10:30,62.119167,1
④ 仅光伏不可知 + 改用当天 6:00 发布的预报（覆盖 6:00–24:00，与 0:00 条不可横向比较）,2025-05-24,12:50-13:00,30.467150,1
④ 仅光伏不可知 + 改用当天 6:00 发布的预报（覆盖 6:00–24:00，与 0:00 条不可横向比较）,2025-05-24,13:20-13:30,9.506250,1
④ 仅光伏不可知 + 改用当天 6:00 发布的预报（覆盖 6:00–24:00，与 0:00 条不可横向比较）,2025-05-25,6:00-6:50,661.216733,5
④ 仅光伏不可知 + 改用当天 6:00 发布的预报（覆盖 6:00–24:00，与 0:00 条不可横向比较）,2025-05-25,7:00-7:50,921.837433,5
④ 仅光伏不可知 + 改用当天 6:00 发布的预报（覆盖 6:00–24:00，与 0:00 条不可横向比较）,2025-05-25,8:00-8:50,287.604417,5
④ 仅光伏不可知 + 改用当天 6:00 发布的预报（覆盖 6:00–24:00，与 0:00 条不可横向比较）,2025-05-25,9:00-9:40,353.863033,4
④ 仅光伏不可知 + 改用当天 6:00 发布的预报（覆盖 6:00–24:00，与 0:00 条不可横向比较）,2025-05-25,11:00-11:20,57.320833,2
④ 仅光伏不可知 + 改用当天 6:00 发布的预报（覆盖 6:00–24:00，与 0:00 条不可横向比较）,2025-05-25,17:50-18:00,1.558700,1
④ 仅光伏不可知 + 改用当天 6:00 发布的预报（覆盖 6:00–24:00，与 0:00 条不可横向比较）,2025-05-26,6:00-6:50,507.406817,5
④ 仅光伏不可知 + 改用当天 6:00 发布的预报（覆盖 6:00–24:00，与 0:00 条不可横向比较）,2025-05-26,7:00-7:50,836.283817,5
④ 仅光伏不可知 + 改用当天 6:00 发布的预报（覆盖 6:00–24:00，与 0:00 条不可横向比较）,2025-05-26,8:00-8:40,482.591667,4
④ 仅光伏不可知 + 改用当天 6:00 发布的预报（覆盖 6:00–24:00，与 0:00 条不可横向比较）,2025-05-26,9:00-9:10,48.743967,1
④ 仅光伏不可知 + 改用当天 6:00 发布的预报（覆盖 6:00–24:00，与 0:00 条不可横向比较）,2025-05-26,11:00-12:00,620.259133,6
④ 仅光伏不可知 + 改用当天 6:00 发布的预报（覆盖 6:00–24:00，与 0:00 条不可横向比较）,2025-05-26,12:10-14:00,681.871367,11
④ 仅光伏不可知 + 改用当天 6:00 发布的预报（覆盖 6:00–24:00，与 0:00 条不可横向比较）,2025-05-26,14:40-15:00,159.885450,2
④ 仅光伏不可知 + 改用当天 6:00 发布的预报（覆盖 6:00–24:00，与 0:00 条不可横向比较）,2025-05-26,15:40-16:00,74.886117,2
④ 仅光伏不可知 + 改用当天 6:00 发布的预报（覆盖 6:00–24:00，与 0:00 条不可横向比较）,2025-05-26,16:50-17:00,3.089867,1
④ 仅光伏不可知 + 改用当天 6:00 发布的预报（覆盖 6:00–24:00，与 0:00 条不可横向比较）,2025-05-27,6:00-6:50,806.365417,5
④ 仅光伏不可知 + 改用当天 6:00 发布的预报（覆盖 6:00–24:00，与 0:00 条不可横向比较）,2025-05-27,7:00-9:50,2333.628300,17
④ 仅光伏不可知 + 改用当天 6:00 发布的预报（覆盖 6:00–24:00，与 0:00 条不可横向比较）,2025-05-27,10:00-10:50,177.075883,5
④ 仅光伏不可知 + 改用当天 6:00 发布的预报（覆盖 6:00–24:00，与 0:00 条不可横向比较）,2025-05-27,11:00-11:10,67.004967,1
④ 仅光伏不可知 + 改用当天 6:00 发布的预报（覆盖 6:00–24:00，与 0:00 条不可横向比较）,2025-05-28,6:00-6:50,660.082217,5
④ 仅光伏不可知 + 改用当天 6:00 发布的预报（覆盖 6:00–24:00，与 0:00 条不可横向比较）,2025-05-28,7:00-7:40,469.710167,4
④ 仅光伏不可知 + 改用当天 6:00 发布的预报（覆盖 6:00–24:00，与 0:00 条不可横向比较）,2025-05-28,8:00-8:40,442.800800,4
④ 仅光伏不可知 + 改用当天 6:00 发布的预报（覆盖 6:00–24:00，与 0:00 条不可横向比较）,2025-05-28,9:00-9:10,35.434333,1
④ 仅光伏不可知 + 改用当天 6:00 发布的预报（覆盖 6:00–24:00，与 0:00 条不可横向比较）,2025-05-28,10:00-10:20,69.736717,2
④ 仅光伏不可知 + 改用当天 6:00 发布的预报（覆盖 6:00–24:00，与 0:00 条不可横向比较）,2025-05-28,11:00-11:20,114.737250,2
④ 仅光伏不可知 + 改用当天 6:00 发布的预报（覆盖 6:00–24:00，与 0:00 条不可横向比较）,2025-05-28,11:30-13:00,976.424167,9
④ 仅光伏不可知 + 改用当天 6:00 发布的预报（覆盖 6:00–24:00，与 0:00 条不可横向比较）,2025-05-29,6:00-6:50,609.871983,5
④ 仅光伏不可知 + 改用当天 6:00 发布的预报（覆盖 6:00–24:00，与 0:00 条不可横向比较）,2025-05-29,7:00-7:50,427.298700,5
④ 仅光伏不可知 + 改用当天 6:00 发布的预报（覆盖 6:00–24:00，与 0:00 条不可横向比较）,2025-05-29,8:00-8:40,692.863667,4
④ 仅光伏不可知 + 改用当天 6:00 发布的预报（覆盖 6:00–24:00，与 0:00 条不可横向比较）,2025-05-29,9:00-9:30,151.025800,3
④ 仅光伏不可知 + 改用当天 6:00 发布的预报（覆盖 6:00–24:00，与 0:00 条不可横向比较）,2025-05-29,11:30-11:40,13.422700,1
④ 仅光伏不可知 + 改用当天 6:00 发布的预报（覆盖 6:00–24:00，与 0:00 条不可横向比较）,2025-05-30,6:00-7:40,1450.901967,10
④ 仅光伏不可知 + 改用当天 6:00 发布的预报（覆盖 6:00–24:00，与 0:00 条不可横向比较）,2025-05-30,8:00-8:20,292.239200,2
④ 仅光伏不可知 + 改用当天 6:00 发布的预报（覆盖 6:00–24:00，与 0:00 条不可横向比较）,2025-05-30,8:30-8:40,30.971600,1
④ 仅光伏不可知 + 改用当天 6:00 发布的预报（覆盖 6:00–24:00，与 0:00 条不可横向比较）,2025-05-30,9:10-9:40,229.121050,3
④ 仅光伏不可知 + 改用当天 6:00 发布的预报（覆盖 6:00–24:00，与 0:00 条不可横向比较）,2025-05-30,11:00-11:20,98.791567,2
④ 仅光伏不可知 + 改用当天 6:00 发布的预报（覆盖 6:00–24:00，与 0:00 条不可横向比较）,2025-05-30,12:30-12:40,30.662200,1
④ 仅光伏不可知 + 改用当天 6:00 发布的预报（覆盖 6:00–24:00，与 0:00 条不可横向比较）,2025-05-31,6:00-7:40,1107.097367,10
④ 仅光伏不可知 + 改用当天 6:00 发布的预报（覆盖 6:00–24:00，与 0:00 条不可横向比较）,2025-05-31,8:00-8:20,336.418267,2
④ 仅光伏不可知 + 改用当天 6:00 发布的预报（覆盖 6:00–24:00，与 0:00 条不可横向比较）,2025-05-31,8:40-8:50,27.093067,1
④ 仅光伏不可知 + 改用当天 6:00 发布的预报（覆盖 6:00–24:00，与 0:00 条不可横向比较）,2025-05-31,9:00-9:30,245.894250,3
④ 仅光伏不可知 + 改用当天 6:00 发布的预报（覆盖 6:00–24:00，与 0:00 条不可横向比较）,2025-05-31,10:00-10:10,169.124083,1
④ 仅光伏不可知 + 改用当天 6:00 发布的预报（覆盖 6:00–24:00，与 0:00 条不可横向比较）,2025-05-31,10:40-10:50,3.090983,1
④ 仅光伏不可知 + 改用当天 6:00 发布的预报（覆盖 6:00–24:00，与 0:00 条不可横向比较）,2025-06-01,6:00-6:50,597.594500,5
④ 仅光伏不可知 + 改用当天 6:00 发布的预报（覆盖 6:00–24:00，与 0:00 条不可横向比较）,2025-06-01,7:00-7:50,391.845883,5
④ 仅光伏不可知 + 改用当天 6:00 发布的预报（覆盖 6:00–24:00，与 0:00 条不可横向比较）,2025-06-01,8:00-8:30,164.643717,3
④ 仅光伏不可知 + 改用当天 6:00 发布的预报（覆盖 6:00–24:00，与 0:00 条不可横向比较）,2025-06-01,9:00-9:40,176.620100,4
④ 仅光伏不可知 + 改用当天 6:00 发布的预报（覆盖 6:00–24:00，与 0:00 条不可横向比较）,2025-06-01,11:00-11:30,146.879400,3
④ 仅光伏不可知 + 改用当天 6:00 发布的预报（覆盖 6:00–24:00，与 0:00 条不可横向比较）,2025-06-01,14:50-15:00,7.812117,1
④ 仅光伏不可知 + 改用当天 6:00 发布的预报（覆盖 6:00–24:00，与 0:00 条不可横向比较）,2025-06-01,15:50-16:00,0.671333,1
④ 仅光伏不可知 + 改用当天 6:00 发布的预报（覆盖 6:00–24:00，与 0:00 条不可横向比较）,2025-06-02,6:00-11:00,3864.873817,30
④ 仅光伏不可知 + 改用当天 6:00 发布的预报（覆盖 6:00–24:00，与 0:00 条不可横向比较）,2025-06-02,11:50-12:00,19.107200,1
④ 仅光伏不可知 + 改用当天 6:00 发布的预报（覆盖 6:00–24:00，与 0:00 条不可横向比较）,2025-06-02,12:20-13:00,203.584583,4
④ 仅光伏不可知 + 改用当天 6:00 发布的预报（覆盖 6:00–24:00，与 0:00 条不可横向比较）,2025-06-02,13:50-14:00,40.093383,1
④ 仅光伏不可知 + 改用当天 6:00 发布的预报（覆盖 6:00–24:00，与 0:00 条不可横向比较）,2025-06-03,6:00-6:50,477.067117,5
④ 仅光伏不可知 + 改用当天 6:00 发布的预报（覆盖 6:00–24:00，与 0:00 条不可横向比较）,2025-06-03,7:00-7:40,327.566367,4
④ 仅光伏不可知 + 改用当天 6:00 发布的预报（覆盖 6:00–24:00，与 0:00 条不可横向比较）,2025-06-03,8:00-8:50,541.036400,5
④ 仅光伏不可知 + 改用当天 6:00 发布的预报（覆盖 6:00–24:00，与 0:00 条不可横向比较）,2025-06-03,10:00-10:10,17.172050,1
④ 仅光伏不可知 + 改用当天 6:00 发布的预报（覆盖 6:00–24:00，与 0:00 条不可横向比较）,2025-06-03,11:00-11:10,10.717850,1
④ 仅光伏不可知 + 改用当天 6:00 发布的预报（覆盖 6:00–24:00，与 0:00 条不可横向比较）,2025-06-03,12:20-12:40,139.332883,2
④ 仅光伏不可知 + 改用当天 6:00 发布的预报（覆盖 6:00–24:00，与 0:00 条不可横向比较）,2025-06-04,6:00-6:50,433.183583,5
④ 仅光伏不可知 + 改用当天 6:00 发布的预报（覆盖 6:00–24:00，与 0:00 条不可横向比较）,2025-06-04,7:00-7:50,639.056517,5
④ 仅光伏不可知 + 改用当天 6:00 发布的预报（覆盖 6:00–24:00，与 0:00 条不可横向比较）,2025-06-04,8:00-8:50,680.599000,5
④ 仅光伏不可知 + 改用当天 6:00 发布的预报（覆盖 6:00–24:00，与 0:00 条不可横向比较）,2025-06-04,9:00-9:30,185.642067,3
④ 仅光伏不可知 + 改用当天 6:00 发布的预报（覆盖 6:00–24:00，与 0:00 条不可横向比较）,2025-06-04,10:00-14:00,2684.877567,24
④ 仅光伏不可知 + 改用当天 6:00 发布的预报（覆盖 6:00–24:00，与 0:00 条不可横向比较）,2025-06-04,14:10-15:00,444.241733,5
④ 仅光伏不可知 + 改用当天 6:00 发布的预报（覆盖 6:00–24:00，与 0:00 条不可横向比较）,2025-06-04,15:40-16:00,155.587433,2
④ 仅光伏不可知 + 改用当天 6:00 发布的预报（覆盖 6:00–24:00，与 0:00 条不可横向比较）,2025-06-04,16:50-17:00,47.322067,1
④ 仅光伏不可知 + 改用当天 6:00 发布的预报（覆盖 6:00–24:00，与 0:00 条不可横向比较）,2025-06-05,6:00-9:50,1766.033567,23
④ 仅光伏不可知 + 改用当天 6:00 发布的预报（覆盖 6:00–24:00，与 0:00 条不可横向比较）,2025-06-05,10:00-10:10,38.647867,1
④ 仅光伏不可知 + 改用当天 6:00 发布的预报（覆盖 6:00–24:00，与 0:00 条不可横向比较）,2025-06-05,11:00-11:20,29.028500,2
④ 仅光伏不可知 + 改用当天 6:00 发布的预报（覆盖 6:00–24:00，与 0:00 条不可横向比较）,2025-06-05,11:50-13:00,232.892200,7
④ 仅光伏不可知 + 改用当天 6:00 发布的预报（覆盖 6:00–24:00，与 0:00 条不可横向比较）,2025-06-05,15:10-16:00,170.226833,5
④ 仅光伏不可知 + 改用当天 6:00 发布的预报（覆盖 6:00–24:00，与 0:00 条不可横向比较）,2025-06-05,16:50-17:00,8.198567,1
④ 仅光伏不可知 + 改用当天 6:00 发布的预报（覆盖 6:00–24:00，与 0:00 条不可横向比较）,2025-06-06,6:00-7:50,1188.483250,11
④ 仅光伏不可知 + 改用当天 6:00 发布的预报（覆盖 6:00–24:00，与 0:00 条不可横向比较）,2025-06-06,8:00-8:20,386.368817,2
④ 仅光伏不可知 + 改用当天 6:00 发布的预报（覆盖 6:00–24:00，与 0:00 条不可横向比较）,2025-06-06,8:40-9:50,396.645517,7
④ 仅光伏不可知 + 改用当天 6:00 发布的预报（覆盖 6:00–24:00，与 0:00 条不可横向比较）,2025-06-06,10:00-10:20,338.269650,2
④ 仅光伏不可知 + 改用当天 6:00 发布的预报（覆盖 6:00–24:00，与 0:00 条不可横向比较）,2025-06-06,10:30-11:00,386.201933,3
④ 仅光伏不可知 + 改用当天 6:00 发布的预报（覆盖 6:00–24:00，与 0:00 条不可横向比较）,2025-06-06,11:10-11:30,121.817550,2
④ 仅光伏不可知 + 改用当天 6:00 发布的预报（覆盖 6:00–24:00，与 0:00 条不可横向比较）,2025-06-06,11:40-11:50,130.610583,1
④ 仅光伏不可知 + 改用当天 6:00 发布的预报（覆盖 6:00–24:00，与 0:00 条不可横向比较）,2025-06-06,12:10-12:50,347.375183,4
④ 仅光伏不可知 + 改用当天 6:00 发布的预报（覆盖 6:00–24:00，与 0:00 条不可横向比较）,2025-06-06,13:50-14:10,73.243300,2
④ 仅光伏不可知 + 改用当天 6:00 发布的预报（覆盖 6:00–24:00，与 0:00 条不可横向比较）,2025-06-06,14:20-14:50,144.634733,3
④ 仅光伏不可知 + 改用当天 6:00 发布的预报（覆盖 6:00–24:00，与 0:00 条不可横向比较）,2025-06-06,15:40-16:00,9.252017,2
④ 仅光伏不可知 + 改用当天 6:00 发布的预报（覆盖 6:00–24:00，与 0:00 条不可横向比较）,2025-06-07,6:00-6:50,669.931350,5
④ 仅光伏不可知 + 改用当天 6:00 发布的预报（覆盖 6:00–24:00，与 0:00 条不可横向比较）,2025-06-07,7:00-7:50,425.771600,5
④ 仅光伏不可知 + 改用当天 6:00 发布的预报（覆盖 6:00–24:00，与 0:00 条不可横向比较）,2025-06-07,8:00-8:20,282.291667,2
④ 仅光伏不可知 + 改用当天 6:00 发布的预报（覆盖 6:00–24:00，与 0:00 条不可横向比较）,2025-06-07,8:40-9:50,222.898200,7
④ 仅光伏不可知 + 改用当天 6:00 发布的预报（覆盖 6:00–24:00，与 0:00 条不可横向比较）,2025-06-07,10:00-11:10,741.826067,7
④ 仅光伏不可知 + 改用当天 6:00 发布的预报（覆盖 6:00–24:00，与 0:00 条不可横向比较）,2025-06-07,11:40-12:00,65.893067,2
④ 仅光伏不可知 + 改用当天 6:00 发布的预报（覆盖 6:00–24:00，与 0:00 条不可横向比较）,2025-06-07,12:10-12:50,183.754983,4
④ 仅光伏不可知 + 改用当天 6:00 发布的预报（覆盖 6:00–24:00，与 0:00 条不可横向比较）,2025-06-07,13:00-13:20,60.358583,2
④ 仅光伏不可知 + 改用当天 6:00 发布的预报（覆盖 6:00–24:00，与 0:00 条不可横向比较）,2025-06-07,13:50-14:10,65.772217,2
④ 仅光伏不可知 + 改用当天 6:00 发布的预报（覆盖 6:00–24:00，与 0:00 条不可横向比较）,2025-06-07,14:30-15:00,110.140567,3
④ 仅光伏不可知 + 改用当天 6:00 发布的预报（覆盖 6:00–24:00，与 0:00 条不可横向比较）,2025-06-07,15:40-16:00,81.890750,2
④ 仅光伏不可知 + 改用当天 6:00 发布的预报（覆盖 6:00–24:00，与 0:00 条不可横向比较）,2025-06-07,16:50-17:00,49.438800,1
④ 仅光伏不可知 + 改用当天 6:00 发布的预报（覆盖 6:00–24:00，与 0:00 条不可横向比较）,2025-06-07,17:50-18:00,13.772583,1
④ 仅光伏不可知 + 改用当天 6:00 发布的预报（覆盖 6:00–24:00，与 0:00 条不可横向比较）,2025-06-08,6:00-6:50,478.615733,5
④ 仅光伏不可知 + 改用当天 6:00 发布的预报（覆盖 6:00–24:00，与 0:00 条不可横向比较）,2025-06-08,7:00-7:50,973.488517,5
④ 仅光伏不可知 + 改用当天 6:00 发布的预报（覆盖 6:00–24:00，与 0:00 条不可横向比较）,2025-06-08,8:00-9:50,854.077433,11
④ 仅光伏不可知 + 改用当天 6:00 发布的预报（覆盖 6:00–24:00，与 0:00 条不可横向比较）,2025-06-08,10:50-11:00,7.655967,1
④ 仅光伏不可知 + 改用当天 6:00 发布的预报（覆盖 6:00–24:00，与 0:00 条不可横向比较）,2025-06-08,12:00-12:50,367.363033,5
④ 仅光伏不可知 + 改用当天 6:00 发布的预报（覆盖 6:00–24:00，与 0:00 条不可横向比较）,2025-06-08,16:50-17:00,4.915050,1
④ 仅光伏不可知 + 改用当天 6:00 发布的预报（覆盖 6:00–24:00，与 0:00 条不可横向比较）,2025-06-09,6:00-6:50,556.213650,5
④ 仅光伏不可知 + 改用当天 6:00 发布的预报（覆盖 6:00–24:00，与 0:00 条不可横向比较）,2025-06-09,7:00-7:50,408.521333,5
④ 仅光伏不可知 + 改用当天 6:00 发布的预报（覆盖 6:00–24:00，与 0:00 条不可横向比较）,2025-06-09,8:00-8:50,1052.530050,5
④ 仅光伏不可知 + 改用当天 6:00 发布的预报（覆盖 6:00–24:00，与 0:00 条不可横向比较）,2025-06-09,9:00-10:00,614.567150,6
④ 仅光伏不可知 + 改用当天 6:00 发布的预报（覆盖 6:00–24:00，与 0:00 条不可横向比较）,2025-06-09,10:50-12:00,519.285217,7
④ 仅光伏不可知 + 改用当天 6:00 发布的预报（覆盖 6:00–24:00，与 0:00 条不可横向比较）,2025-06-09,13:20-13:30,16.725367,1
④ 仅光伏不可知 + 改用当天 6:00 发布的预报（覆盖 6:00–24:00，与 0:00 条不可横向比较）,2025-06-09,14:40-14:50,11.933167,1
④ 仅光伏不可知 + 改用当天 6:00 发布的预报（覆盖 6:00–24:00，与 0:00 条不可横向比较）,2025-06-09,17:50-18:00,8.860050,1
④ 仅光伏不可知 + 改用当天 6:00 发布的预报（覆盖 6:00–24:00，与 0:00 条不可横向比较）,2025-06-10,6:00-6:50,565.176383,5
④ 仅光伏不可知 + 改用当天 6:00 发布的预报（覆盖 6:00–24:00，与 0:00 条不可横向比较）,2025-06-10,7:00-10:30,1991.972817,21
④ 仅光伏不可知 + 改用当天 6:00 发布的预报（覆盖 6:00–24:00，与 0:00 条不可横向比较）,2025-06-10,10:40-13:00,1244.209933,14
④ 仅光伏不可知 + 改用当天 6:00 发布的预报（覆盖 6:00–24:00，与 0:00 条不可横向比较）,2025-06-10,13:30-14:00,172.270050,3
④ 仅光伏不可知 + 改用当天 6:00 发布的预报（覆盖 6:00–24:00，与 0:00 条不可横向比较）,2025-06-10,14:50-15:00,65.473567,1
④ 仅光伏不可知 + 改用当天 6:00 发布的预报（覆盖 6:00–24:00，与 0:00 条不可横向比较）,2025-06-10,15:50-16:00,27.494550,1
④ 仅光伏不可知 + 改用当天 6:00 发布的预报（覆盖 6:00–24:00，与 0:00 条不可横向比较）,2025-06-11,6:00-6:50,546.987467,5
④ 仅光伏不可知 + 改用当天 6:00 发布的预报（覆盖 6:00–24:00，与 0:00 条不可横向比较）,2025-06-11,7:00-7:50,547.731867,5
④ 仅光伏不可知 + 改用当天 6:00 发布的预报（覆盖 6:00–24:00，与 0:00 条不可横向比较）,2025-06-11,8:00-8:40,299.853200,4
④ 仅光伏不可知 + 改用当天 6:00 发布的预报（覆盖 6:00–24:00，与 0:00 条不可横向比较）,2025-06-11,9:00-9:30,155.021350,3
④ 仅光伏不可知 + 改用当天 6:00 发布的预报（覆盖 6:00–24:00，与 0:00 条不可横向比较）,2025-06-11,10:00-10:40,518.918967,4
④ 仅光伏不可知 + 改用当天 6:00 发布的预报（覆盖 6:00–24:00，与 0:00 条不可横向比较）,2025-06-11,11:30-11:40,1.072283,1
④ 仅光伏不可知 + 改用当天 6:00 发布的预报（覆盖 6:00–24:00，与 0:00 条不可横向比较）,2025-06-11,14:00-14:20,63.779250,2
④ 仅光伏不可知 + 改用当天 6:00 发布的预报（覆盖 6:00–24:00，与 0:00 条不可横向比较）,2025-06-11,14:50-15:00,24.619200,1
④ 仅光伏不可知 + 改用当天 6:00 发布的预报（覆盖 6:00–24:00，与 0:00 条不可横向比较）,2025-06-11,15:10-16:00,436.447083,5
④ 仅光伏不可知 + 改用当天 6:00 发布的预报（覆盖 6:00–24:00，与 0:00 条不可横向比较）,2025-06-11,16:30-17:00,104.179867,3
④ 仅光伏不可知 + 改用当天 6:00 发布的预报（覆盖 6:00–24:00，与 0:00 条不可横向比较）,2025-06-11,17:50-18:00,31.867500,1
④ 仅光伏不可知 + 改用当天 6:00 发布的预报（覆盖 6:00–24:00，与 0:00 条不可横向比较）,2025-06-12,6:00-8:50,1754.782000,17
④ 仅光伏不可知 + 改用当天 6:00 发布的预报（覆盖 6:00–24:00，与 0:00 条不可横向比较）,2025-06-12,9:00-9:30,394.259417,3
④ 仅光伏不可知 + 改用当天 6:00 发布的预报（覆盖 6:00–24:00，与 0:00 条不可横向比较）,2025-06-12,10:00-10:10,1.945650,1
④ 仅光伏不可知 + 改用当天 6:00 发布的预报（覆盖 6:00–24:00，与 0:00 条不可横向比较）,2025-06-12,10:20-10:40,54.087750,2
④ 仅光伏不可知 + 改用当天 6:00 发布的预报（覆盖 6:00–24:00，与 0:00 条不可横向比较）,2025-06-12,15:40-16:00,40.991350,2
④ 仅光伏不可知 + 改用当天 6:00 发布的预报（覆盖 6:00–24:00，与 0:00 条不可横向比较）,2025-06-12,17:50-18:00,12.902867,1
④ 仅光伏不可知 + 改用当天 6:00 发布的预报（覆盖 6:00–24:00，与 0:00 条不可横向比较）,2025-06-12,18:50-19:00,0.023400,1
④ 仅光伏不可知 + 改用当天 6:00 发布的预报（覆盖 6:00–24:00，与 0:00 条不可横向比较）,2025-06-13,6:00-6:50,362.982767,5
④ 仅光伏不可知 + 改用当天 6:00 发布的预报（覆盖 6:00–24:00，与 0:00 条不可横向比较）,2025-06-13,7:00-7:40,392.121400,4
④ 仅光伏不可知 + 改用当天 6:00 发布的预报（覆盖 6:00–24:00，与 0:00 条不可横向比较）,2025-06-13,8:00-8:20,326.368850,2
④ 仅光伏不可知 + 改用当天 6:00 发布的预报（覆盖 6:00–24:00，与 0:00 条不可横向比较）,2025-06-13,8:40-8:50,5.343417,1
④ 仅光伏不可知 + 改用当天 6:00 发布的预报（覆盖 6:00–24:00，与 0:00 条不可横向比较）,2025-06-13,9:00-9:50,458.180867,5
④ 仅光伏不可知 + 改用当天 6:00 发布的预报（覆盖 6:00–24:00，与 0:00 条不可横向比较）,2025-06-13,10:00-10:20,153.482900,2
④ 仅光伏不可知 + 改用当天 6:00 发布的预报（覆盖 6:00–24:00，与 0:00 条不可横向比较）,2025-06-13,10:30-10:50,107.222283,2
④ 仅光伏不可知 + 改用当天 6:00 发布的预报（覆盖 6:00–24:00，与 0:00 条不可横向比较）,2025-06-13,11:00-11:30,90.172633,3
④ 仅光伏不可知 + 改用当天 6:00 发布的预报（覆盖 6:00–24:00，与 0:00 条不可横向比较）,2025-06-13,12:00-12:50,308.901883,5
④ 仅光伏不可知 + 改用当天 6:00 发布的预报（覆盖 6:00–24:00，与 0:00 条不可横向比较）,2025-06-13,13:50-14:00,56.079350,1
④ 仅光伏不可知 + 改用当天 6:00 发布的预报（覆盖 6:00–24:00，与 0:00 条不可横向比较）,2025-06-13,14:40-15:00,131.524117,2
④ 仅光伏不可知 + 改用当天 6:00 发布的预报（覆盖 6:00–24:00，与 0:00 条不可横向比较）,2025-06-13,15:10-16:00,275.316950,5
④ 仅光伏不可知 + 改用当天 6:00 发布的预报（覆盖 6:00–24:00，与 0:00 条不可横向比较）,2025-06-13,16:40-17:00,108.224250,2
④ 仅光伏不可知 + 改用当天 6:00 发布的预报（覆盖 6:00–24:00，与 0:00 条不可横向比较）,2025-06-13,17:40-18:00,29.193600,2
④ 仅光伏不可知 + 改用当天 6:00 发布的预报（覆盖 6:00–24:00，与 0:00 条不可横向比较）,2025-06-13,18:50-19:00,0.036817,1
④ 仅光伏不可知 + 改用当天 6:00 发布的预报（覆盖 6:00–24:00，与 0:00 条不可横向比较）,2025-06-14,6:00-6:50,440.505983,5
④ 仅光伏不可知 + 改用当天 6:00 发布的预报（覆盖 6:00–24:00，与 0:00 条不可横向比较）,2025-06-14,7:00-7:50,674.412517,5
④ 仅光伏不可知 + 改用当天 6:00 发布的预报（覆盖 6:00–24:00，与 0:00 条不可横向比较）,2025-06-14,8:00-8:20,295.642000,2
④ 仅光伏不可知 + 改用当天 6:00 发布的预报（覆盖 6:00–24:00，与 0:00 条不可横向比较）,2025-06-14,8:40-8:50,22.615333,1
④ 仅光伏不可知 + 改用当天 6:00 发布的预报（覆盖 6:00–24:00，与 0:00 条不可横向比较）,2025-06-14,9:00-9:50,244.691133,5
④ 仅光伏不可知 + 改用当天 6:00 发布的预报（覆盖 6:00–24:00，与 0:00 条不可横向比较）,2025-06-14,10:00-10:10,14.831900,1
④ 仅光伏不可知 + 改用当天 6:00 发布的预报（覆盖 6:00–24:00，与 0:00 条不可横向比较）,2025-06-14,10:50-11:00,65.730800,1
④ 仅光伏不可知 + 改用当天 6:00 发布的预报（覆盖 6:00–24:00，与 0:00 条不可横向比较）,2025-06-14,11:10-11:30,69.592617,2
④ 仅光伏不可知 + 改用当天 6:00 发布的预报（覆盖 6:00–24:00，与 0:00 条不可横向比较）,2025-06-14,11:40-11:50,50.530300,1
④ 仅光伏不可知 + 改用当天 6:00 发布的预报（覆盖 6:00–24:00，与 0:00 条不可横向比较）,2025-06-14,12:10-12:30,215.916833,2
④ 仅光伏不可知 + 改用当天 6:00 发布的预报（覆盖 6:00–24:00，与 0:00 条不可横向比较）,2025-06-14,13:50-14:00,28.782733,1
④ 仅光伏不可知 + 改用当天 6:00 发布的预报（覆盖 6:00–24:00，与 0:00 条不可横向比较）,2025-06-15,6:00-6:50,587.947833,5
④ 仅光伏不可知 + 改用当天 6:00 发布的预报（覆盖 6:00–24:00，与 0:00 条不可横向比较）,2025-06-15,7:00-7:50,480.368183,5
④ 仅光伏不可知 + 改用当天 6:00 发布的预报（覆盖 6:00–24:00，与 0:00 条不可横向比较）,2025-06-15,8:00-8:50,365.088650,5
④ 仅光伏不可知 + 改用当天 6:00 发布的预报（覆盖 6:00–24:00，与 0:00 条不可横向比较）,2025-06-15,9:00-9:40,420.068317,4
④ 仅光伏不可知 + 改用当天 6:00 发布的预报（覆盖 6:00–24:00，与 0:00 条不可横向比较）,2025-06-15,10:00-11:40,363.560917,10
④ 仅光伏不可知 + 改用当天 6:00 发布的预报（覆盖 6:00–24:00，与 0:00 条不可横向比较）,2025-06-15,12:40-13:00,35.728367,2
④ 仅光伏不可知 + 改用当天 6:00 发布的预报（覆盖 6:00–24:00，与 0:00 条不可横向比较）,2025-06-15,13:50-14:00,4.941500,1
④ 仅光伏不可知 + 改用当天 6:00 发布的预报（覆盖 6:00–24:00，与 0:00 条不可横向比较）,2025-06-15,16:50-17:00,4.739850,1
④ 仅光伏不可知 + 改用当天 6:00 发布的预报（覆盖 6:00–24:00，与 0:00 条不可横向比较）,2025-06-16,6:00-8:40,1782.025883,16
④ 仅光伏不可知 + 改用当天 6:00 发布的预报（覆盖 6:00–24:00，与 0:00 条不可横向比较）,2025-06-16,8:50-9:50,293.526567,6
④ 仅光伏不可知 + 改用当天 6:00 发布的预报（覆盖 6:00–24:00，与 0:00 条不可横向比较）,2025-06-16,10:00-10:20,201.152450,2
④ 仅光伏不可知 + 改用当天 6:00 发布的预报（覆盖 6:00–24:00，与 0:00 条不可横向比较）,2025-06-16,12:40-12:50,53.079033,1
④ 仅光伏不可知 + 改用当天 6:00 发布的预报（覆盖 6:00–24:00，与 0:00 条不可横向比较）,2025-06-16,13:50-14:00,0.196083,1
④ 仅光伏不可知 + 改用当天 6:00 发布的预报（覆盖 6:00–24:00，与 0:00 条不可横向比较）,2025-06-16,14:30-15:00,40.509500,3
④ 仅光伏不可知 + 改用当天 6:00 发布的预报（覆盖 6:00–24:00，与 0:00 条不可横向比较）,2025-06-16,15:40-16:00,81.886167,2
④ 仅光伏不可知 + 改用当天 6:00 发布的预报（覆盖 6:00–24:00，与 0:00 条不可横向比较）,2025-06-16,16:40-17:00,15.341183,2
④ 仅光伏不可知 + 改用当天 6:00 发布的预报（覆盖 6:00–24:00，与 0:00 条不可横向比较）,2025-06-16,17:50-18:00,10.195617,1
④ 仅光伏不可知 + 改用当天 6:00 发布的预报（覆盖 6:00–24:00，与 0:00 条不可横向比较）,2025-06-16,18:50-19:00,0.003233,1
④ 仅光伏不可知 + 改用当天 6:00 发布的预报（覆盖 6:00–24:00，与 0:00 条不可横向比较）,2025-06-17,6:00-9:30,1866.592817,21
④ 仅光伏不可知 + 改用当天 6:00 发布的预报（覆盖 6:00–24:00，与 0:00 条不可横向比较）,2025-06-17,9:50-11:00,435.382517,7
④ 仅光伏不可知 + 改用当天 6:00 发布的预报（覆盖 6:00–24:00，与 0:00 条不可横向比较）,2025-06-17,11:20-11:50,101.803850,3
④ 仅光伏不可知 + 改用当天 6:00 发布的预报（覆盖 6:00–24:00，与 0:00 条不可横向比较）,2025-06-17,13:20-13:40,16.384300,2
④ 仅光伏不可知 + 改用当天 6:00 发布的预报（覆盖 6:00–24:00，与 0:00 条不可横向比较）,2025-06-18,6:00-8:50,1958.360383,17
④ 仅光伏不可知 + 改用当天 6:00 发布的预报（覆盖 6:00–24:00，与 0:00 条不可横向比较）,2025-06-18,17:50-18:00,6.617717,1
④ 仅光伏不可知 + 改用当天 6:00 发布的预报（覆盖 6:00–24:00，与 0:00 条不可横向比较）,2025-06-18,18:50-19:00,0.027100,1
④ 仅光伏不可知 + 改用当天 6:00 发布的预报（覆盖 6:00–24:00，与 0:00 条不可横向比较）,2025-06-19,6:00-11:00,3568.396417,30
④ 仅光伏不可知 + 改用当天 6:00 发布的预报（覆盖 6:00–24:00，与 0:00 条不可横向比较）,2025-06-19,11:20-13:00,742.836567,10
④ 仅光伏不可知 + 改用当天 6:00 发布的预报（覆盖 6:00–24:00，与 0:00 条不可横向比较）,2025-06-19,13:50-14:00,56.524117,1
④ 仅光伏不可知 + 改用当天 6:00 发布的预报（覆盖 6:00–24:00，与 0:00 条不可横向比较）,2025-06-19,14:50-15:00,38.413717,1
④ 仅光伏不可知 + 改用当天 6:00 发布的预报（覆盖 6:00–24:00，与 0:00 条不可横向比较）,2025-06-19,15:50-16:00,10.600950,1
④ 仅光伏不可知 + 改用当天 6:00 发布的预报（覆盖 6:00–24:00，与 0:00 条不可横向比较）,2025-06-19,16:50-17:00,37.333567,1
④ 仅光伏不可知 + 改用当天 6:00 发布的预报（覆盖 6:00–24:00，与 0:00 条不可横向比较）,2025-06-19,17:40-18:00,32.724200,2
④ 仅光伏不可知 + 改用当天 6:00 发布的预报（覆盖 6:00–24:00，与 0:00 条不可横向比较）,2025-06-19,18:50-19:00,0.200000,1
④ 仅光伏不可知 + 改用当天 6:00 发布的预报（覆盖 6:00–24:00，与 0:00 条不可横向比较）,2025-06-20,6:00-7:10,808.965167,7
④ 仅光伏不可知 + 改用当天 6:00 发布的预报（覆盖 6:00–24:00，与 0:00 条不可横向比较）,2025-06-20,7:20-7:50,172.152183,3
④ 仅光伏不可知 + 改用当天 6:00 发布的预报（覆盖 6:00–24:00，与 0:00 条不可横向比较）,2025-06-20,8:00-8:20,240.165200,2
④ 仅光伏不可知 + 改用当天 6:00 发布的预报（覆盖 6:00–24:00，与 0:00 条不可横向比较）,2025-06-20,8:40-9:50,500.475110,7
④ 仅光伏不可知 + 改用当天 6:00 发布的预报（覆盖 6:00–24:00，与 0:00 条不可横向比较）,2025-06-20,10:00-10:20,131.745783,2
④ 仅光伏不可知 + 改用当天 6:00 发布的预报（覆盖 6:00–24:00，与 0:00 条不可横向比较）,2025-06-20,10:30-10:40,4.852883,1
④ 仅光伏不可知 + 改用当天 6:00 发布的预报（覆盖 6:00–24:00，与 0:00 条不可横向比较）,2025-06-20,14:30-14:50,46.379733,2
④ 仅光伏不可知 + 改用当天 6:00 发布的预报（覆盖 6:00–24:00，与 0:00 条不可横向比较）,2025-06-20,15:40-16:00,39.607300,2
④ 仅光伏不可知 + 改用当天 6:00 发布的预报（覆盖 6:00–24:00，与 0:00 条不可横向比较）,2025-06-20,16:50-17:00,9.341900,1
④ 仅光伏不可知 + 改用当天 6:00 发布的预报（覆盖 6:00–24:00，与 0:00 条不可横向比较）,2025-06-21,6:00-7:50,1235.173217,11
④ 仅光伏不可知 + 改用当天 6:00 发布的预报（覆盖 6:00–24:00，与 0:00 条不可横向比较）,2025-06-21,8:00-8:20,117.714617,2
④ 仅光伏不可知 + 改用当天 6:00 发布的预报（覆盖 6:00–24:00，与 0:00 条不可横向比较）,2025-06-21,8:40-8:50,12.149200,1
④ 仅光伏不可知 + 改用当天 6:00 发布的预报（覆盖 6:00–24:00，与 0:00 条不可横向比较）,2025-06-21,9:00-9:40,719.748667,4
④ 仅光伏不可知 + 改用当天 6:00 发布的预报（覆盖 6:00–24:00，与 0:00 条不可横向比较）,2025-06-21,10:00-10:20,155.881050,2
④ 仅光伏不可知 + 改用当天 6:00 发布的预报（覆盖 6:00–24:00，与 0:00 条不可横向比较）,2025-06-21,10:30-10:40,2.757850,1
④ 仅光伏不可知 + 改用当天 6:00 发布的预报（覆盖 6:00–24:00，与 0:00 条不可横向比较）,2025-06-22,6:00-10:40,3357.290683,28
④ 仅光伏不可知 + 改用当天 6:00 发布的预报（覆盖 6:00–24:00，与 0:00 条不可横向比较）,2025-06-23,6:00-6:50,602.381950,5
④ 仅光伏不可知 + 改用当天 6:00 发布的预报（覆盖 6:00–24:00，与 0:00 条不可横向比较）,2025-06-23,7:00-7:50,537.331417,5
④ 仅光伏不可知 + 改用当天 6:00 发布的预报（覆盖 6:00–24:00，与 0:00 条不可横向比较）,2025-06-23,8:00-8:40,284.528917,4
④ 仅光伏不可知 + 改用当天 6:00 发布的预报（覆盖 6:00–24:00，与 0:00 条不可横向比较）,2025-06-23,9:00-9:40,357.213233,4
④ 仅光伏不可知 + 改用当天 6:00 发布的预报（覆盖 6:00–24:00，与 0:00 条不可横向比较）,2025-06-23,10:00-10:10,39.291317,1
④ 仅光伏不可知 + 改用当天 6:00 发布的预报（覆盖 6:00–24:00，与 0:00 条不可横向比较）,2025-06-23,14:00-14:20,58.412833,2
④ 仅光伏不可知 + 改用当天 6:00 发布的预报（覆盖 6:00–24:00，与 0:00 条不可横向比较）,2025-06-23,14:30-14:50,98.557767,2
④ 仅光伏不可知 + 改用当天 6:00 发布的预报（覆盖 6:00–24:00，与 0:00 条不可横向比较）,2025-06-24,6:00-6:50,558.681300,5
④ 仅光伏不可知 + 改用当天 6:00 发布的预报（覆盖 6:00–24:00，与 0:00 条不可横向比较）,2025-06-24,7:00-7:50,252.144300,5
④ 仅光伏不可知 + 改用当天 6:00 发布的预报（覆盖 6:00–24:00，与 0:00 条不可横向比较）,2025-06-24,8:00-9:30,410.303750,9
④ 仅光伏不可知 + 改用当天 6:00 发布的预报（覆盖 6:00–24:00，与 0:00 条不可横向比较）,2025-06-24,9:50-13:00,1874.358800,19
④ 仅光伏不可知 + 改用当天 6:00 发布的预报（覆盖 6:00–24:00，与 0:00 条不可横向比较）,2025-06-24,13:10-14:00,339.175917,5
④ 仅光伏不可知 + 改用当天 6:00 发布的预报（覆盖 6:00–24:00，与 0:00 条不可横向比较）,2025-06-24,18:50-19:00,0.007083,1
④ 仅光伏不可知 + 改用当天 6:00 发布的预报（覆盖 6:00–24:00，与 0:00 条不可横向比较）,2025-06-25,6:00-6:50,645.009117,5
④ 仅光伏不可知 + 改用当天 6:00 发布的预报（覆盖 6:00–24:00，与 0:00 条不可横向比较）,2025-06-25,7:00-7:50,763.855983,5
④ 仅光伏不可知 + 改用当天 6:00 发布的预报（覆盖 6:00–24:00，与 0:00 条不可横向比较）,2025-06-25,8:00-8:50,492.458917,5
④ 仅光伏不可知 + 改用当天 6:00 发布的预报（覆盖 6:00–24:00，与 0:00 条不可横向比较）,2025-06-25,11:00-11:40,330.039733,4
④ 仅光伏不可知 + 改用当天 6:00 发布的预报（覆盖 6:00–24:00，与 0:00 条不可横向比较）,2025-06-25,12:00-12:10,6.808433,1
④ 仅光伏不可知 + 改用当天 6:00 发布的预报（覆盖 6:00–24:00，与 0:00 条不可横向比较）,2025-06-25,14:20-14:50,84.245583,3
④ 仅光伏不可知 + 改用当天 6:00 发布的预报（覆盖 6:00–24:00，与 0:00 条不可横向比较）,2025-06-25,15:40-16:00,77.828583,2
④ 仅光伏不可知 + 改用当天 6:00 发布的预报（覆盖 6:00–24:00，与 0:00 条不可横向比较）,2025-06-25,16:50-17:00,21.077700,1
④ 仅光伏不可知 + 改用当天 6:00 发布的预报（覆盖 6:00–24:00，与 0:00 条不可横向比较）,2025-06-25,17:50-18:00,13.640500,1
④ 仅光伏不可知 + 改用当天 6:00 发布的预报（覆盖 6:00–24:00，与 0:00 条不可横向比较）,2025-06-25,18:50-19:00,0.048033,1
④ 仅光伏不可知 + 改用当天 6:00 发布的预报（覆盖 6:00–24:00，与 0:00 条不可横向比较）,2025-06-26,6:00-7:50,1451.489433,11
④ 仅光伏不可知 + 改用当天 6:00 发布的预报（覆盖 6:00–24:00，与 0:00 条不可横向比较）,2025-06-26,8:00-8:50,168.361617,5
④ 仅光伏不可知 + 改用当天 6:00 发布的预报（覆盖 6:00–24:00，与 0:00 条不可横向比较）,2025-06-26,9:00-9:30,233.055100,3
④ 仅光伏不可知 + 改用当天 6:00 发布的预报（覆盖 6:00–24:00，与 0:00 条不可横向比较）,2025-06-26,10:00-10:10,28.624017,1
④ 仅光伏不可知 + 改用当天 6:00 发布的预报（覆盖 6:00–24:00，与 0:00 条不可横向比较）,2025-06-26,13:00-13:20,24.666933,2
④ 仅光伏不可知 + 改用当天 6:00 发布的预报（覆盖 6:00–24:00，与 0:00 条不可横向比较）,2025-06-26,13:50-14:00,10.897333,1
④ 仅光伏不可知 + 改用当天 6:00 发布的预报（覆盖 6:00–24:00，与 0:00 条不可横向比较）,2025-06-26,14:30-15:00,77.760200,3
④ 仅光伏不可知 + 改用当天 6:00 发布的预报（覆盖 6:00–24:00，与 0:00 条不可横向比较）,2025-06-26,15:50-16:00,14.997000,1
④ 仅光伏不可知 + 改用当天 6:00 发布的预报（覆盖 6:00–24:00，与 0:00 条不可横向比较）,2025-06-26,16:50-17:00,32.319400,1
④ 仅光伏不可知 + 改用当天 6:00 发布的预报（覆盖 6:00–24:00，与 0:00 条不可横向比较）,2025-06-26,17:50-18:00,25.257350,1
④ 仅光伏不可知 + 改用当天 6:00 发布的预报（覆盖 6:00–24:00，与 0:00 条不可横向比较）,2025-06-26,18:50-19:00,0.060417,1
④ 仅光伏不可知 + 改用当天 6:00 发布的预报（覆盖 6:00–24:00，与 0:00 条不可横向比较）,2025-06-27,6:00-7:40,1119.438250,10
④ 仅光伏不可知 + 改用当天 6:00 发布的预报（覆盖 6:00–24:00，与 0:00 条不可横向比较）,2025-06-27,8:00-8:20,451.519150,2
④ 仅光伏不可知 + 改用当天 6:00 发布的预报（覆盖 6:00–24:00，与 0:00 条不可横向比较）,2025-06-27,8:40-9:40,857.717550,6
④ 仅光伏不可知 + 改用当天 6:00 发布的预报（覆盖 6:00–24:00，与 0:00 条不可横向比较）,2025-06-27,10:00-10:10,333.379567,1
④ 仅光伏不可知 + 改用当天 6:00 发布的预报（覆盖 6:00–24:00，与 0:00 条不可横向比较）,2025-06-27,10:30-10:50,304.474450,2
④ 仅光伏不可知 + 改用当天 6:00 发布的预报（覆盖 6:00–24:00，与 0:00 条不可横向比较）,2025-06-27,11:20-11:30,9.950950,1
④ 仅光伏不可知 + 改用当天 6:00 发布的预报（覆盖 6:00–24:00，与 0:00 条不可横向比较）,2025-06-27,11:40-11:50,17.664083,1
④ 仅光伏不可知 + 改用当天 6:00 发布的预报（覆盖 6:00–24:00，与 0:00 条不可横向比较）,2025-06-27,16:50-17:00,11.673617,1
④ 仅光伏不可知 + 改用当天 6:00 发布的预报（覆盖 6:00–24:00，与 0:00 条不可横向比较）,2025-06-27,17:50-18:00,4.400133,1
④ 仅光伏不可知 + 改用当天 6:00 发布的预报（覆盖 6:00–24:00，与 0:00 条不可横向比较）,2025-06-27,18:50-19:00,0.002867,1
④ 仅光伏不可知 + 改用当天 6:00 发布的预报（覆盖 6:00–24:00，与 0:00 条不可横向比较）,2025-06-28,6:00-6:50,523.003650,5
④ 仅光伏不可知 + 改用当天 6:00 发布的预报（覆盖 6:00–24:00，与 0:00 条不可横向比较）,2025-06-28,7:00-7:50,295.818033,5
④ 仅光伏不可知 + 改用当天 6:00 发布的预报（覆盖 6:00–24:00，与 0:00 条不可横向比较）,2025-06-28,8:00-8:20,57.487567,2
④ 仅光伏不可知 + 改用当天 6:00 发布的预报（覆盖 6:00–24:00，与 0:00 条不可横向比较）,2025-06-28,9:00-9:50,548.110567,5
④ 仅光伏不可知 + 改用当天 6:00 发布的预报（覆盖 6:00–24:00，与 0:00 条不可横向比较）,2025-06-28,10:00-10:20,406.130217,2
④ 仅光伏不可知 + 改用当天 6:00 发布的预报（覆盖 6:00–24:00，与 0:00 条不可横向比较）,2025-06-28,10:30-10:40,36.272267,1
④ 仅光伏不可知 + 改用当天 6:00 发布的预报（覆盖 6:00–24:00，与 0:00 条不可横向比较）,2025-06-28,11:10-11:30,121.194667,2
④ 仅光伏不可知 + 改用当天 6:00 发布的预报（覆盖 6:00–24:00，与 0:00 条不可横向比较）,2025-06-28,11:40-11:50,8.170550,1
④ 仅光伏不可知 + 改用当天 6:00 发布的预报（覆盖 6:00–24:00，与 0:00 条不可横向比较）,2025-06-28,17:50-18:00,10.177500,1
④ 仅光伏不可知 + 改用当天 6:00 发布的预报（覆盖 6:00–24:00，与 0:00 条不可横向比较）,2025-06-28,18:50-19:00,0.085967,1
④ 仅光伏不可知 + 改用当天 6:00 发布的预报（覆盖 6:00–24:00，与 0:00 条不可横向比较）,2025-06-29,6:00-8:50,1741.766267,17
④ 仅光伏不可知 + 改用当天 6:00 发布的预报（覆盖 6:00–24:00，与 0:00 条不可横向比较）,2025-06-29,9:00-9:50,631.153867,5
④ 仅光伏不可知 + 改用当天 6:00 发布的预报（覆盖 6:00–24:00，与 0:00 条不可横向比较）,2025-06-29,10:00-11:00,584.540017,6
④ 仅光伏不可知 + 改用当天 6:00 发布的预报（覆盖 6:00–24:00，与 0:00 条不可横向比较）,2025-06-29,11:10-14:00,1070.302300,17
④ 仅光伏不可知 + 改用当天 6:00 发布的预报（覆盖 6:00–24:00，与 0:00 条不可横向比较）,2025-06-29,14:50-15:00,32.172767,1
④ 仅光伏不可知 + 改用当天 6:00 发布的预报（覆盖 6:00–24:00，与 0:00 条不可横向比较）,2025-06-30,6:00-6:50,309.523033,5
④ 仅光伏不可知 + 改用当天 6:00 发布的预报（覆盖 6:00–24:00，与 0:00 条不可横向比较）,2025-06-30,7:00-7:50,827.509100,5
④ 仅光伏不可知 + 改用当天 6:00 发布的预报（覆盖 6:00–24:00，与 0:00 条不可横向比较）,2025-06-30,8:00-8:50,359.913383,5
④ 仅光伏不可知 + 改用当天 6:00 发布的预报（覆盖 6:00–24:00，与 0:00 条不可横向比较）,2025-06-30,9:00-9:20,125.703867,2
④ 仅光伏不可知 + 改用当天 6:00 发布的预报（覆盖 6:00–24:00，与 0:00 条不可横向比较）,2025-06-30,9:50-11:00,1132.799083,7
④ 仅光伏不可知 + 改用当天 6:00 发布的预报（覆盖 6:00–24:00，与 0:00 条不可横向比较）,2025-06-30,11:40-14:00,1059.151500,14
④ 仅光伏不可知 + 改用当天 6:00 发布的预报（覆盖 6:00–24:00，与 0:00 条不可横向比较）,2025-06-30,14:30-15:00,140.545217,3
④ 仅光伏不可知 + 改用当天 6:00 发布的预报（覆盖 6:00–24:00，与 0:00 条不可横向比较）,2025-07-01,6:00-6:50,527.847817,5
④ 仅光伏不可知 + 改用当天 6:00 发布的预报（覆盖 6:00–24:00，与 0:00 条不可横向比较）,2025-07-01,7:00-7:50,608.926100,5
④ 仅光伏不可知 + 改用当天 6:00 发布的预报（覆盖 6:00–24:00，与 0:00 条不可横向比较）,2025-07-01,8:00-8:50,172.793283,5
④ 仅光伏不可知 + 改用当天 6:00 发布的预报（覆盖 6:00–24:00，与 0:00 条不可横向比较）,2025-07-01,9:00-9:10,89.927533,1
④ 仅光伏不可知 + 改用当天 6:00 发布的预报（覆盖 6:00–24:00，与 0:00 条不可横向比较）,2025-07-01,10:00-10:50,344.866467,5
④ 仅光伏不可知 + 改用当天 6:00 发布的预报（覆盖 6:00–24:00，与 0:00 条不可横向比较）,2025-07-01,11:00-13:00,769.225533,12
④ 仅光伏不可知 + 改用当天 6:00 发布的预报（覆盖 6:00–24:00，与 0:00 条不可横向比较）,2025-07-01,13:20-14:00,221.235117,4
④ 仅光伏不可知 + 改用当天 6:00 发布的预报（覆盖 6:00–24:00，与 0:00 条不可横向比较）,2025-07-01,14:40-15:00,60.819500,2
④ 仅光伏不可知 + 改用当天 6:00 发布的预报（覆盖 6:00–24:00，与 0:00 条不可横向比较）,2025-07-01,15:20-15:30,7.264033,1
④ 仅光伏不可知 + 改用当天 6:00 发布的预报（覆盖 6:00–24:00，与 0:00 条不可横向比较）,2025-07-01,15:50-16:00,4.220283,1
④ 仅光伏不可知 + 改用当天 6:00 发布的预报（覆盖 6:00–24:00，与 0:00 条不可横向比较）,2025-07-02,6:00-6:50,578.813850,5
④ 仅光伏不可知 + 改用当天 6:00 发布的预报（覆盖 6:00–24:00，与 0:00 条不可横向比较）,2025-07-02,7:00-11:00,3005.213517,24
④ 仅光伏不可知 + 改用当天 6:00 发布的预报（覆盖 6:00–24:00，与 0:00 条不可横向比较）,2025-07-02,11:50-12:00,22.313717,1
④ 仅光伏不可知 + 改用当天 6:00 发布的预报（覆盖 6:00–24:00，与 0:00 条不可横向比较）,2025-07-02,13:00-14:00,85.105967,6
④ 仅光伏不可知 + 改用当天 6:00 发布的预报（覆盖 6:00–24:00，与 0:00 条不可横向比较）,2025-07-02,15:50-16:00,7.320050,1
④ 仅光伏不可知 + 改用当天 6:00 发布的预报（覆盖 6:00–24:00，与 0:00 条不可横向比较）,2025-07-02,17:50-18:00,10.987500,1
④ 仅光伏不可知 + 改用当天 6:00 发布的预报（覆盖 6:00–24:00，与 0:00 条不可横向比较）,2025-07-03,6:00-6:50,436.672900,5
④ 仅光伏不可知 + 改用当天 6:00 发布的预报（覆盖 6:00–24:00，与 0:00 条不可横向比较）,2025-07-03,7:00-7:50,211.543367,5
④ 仅光伏不可知 + 改用当天 6:00 发布的预报（覆盖 6:00–24:00，与 0:00 条不可横向比较）,2025-07-03,8:00-8:30,241.182783,3
④ 仅光伏不可知 + 改用当天 6:00 发布的预报（覆盖 6:00–24:00，与 0:00 条不可横向比较）,2025-07-03,9:00-9:40,209.888683,4
④ 仅光伏不可知 + 改用当天 6:00 发布的预报（覆盖 6:00–24:00，与 0:00 条不可横向比较）,2025-07-03,10:00-10:20,62.278667,2
④ 仅光伏不可知 + 改用当天 6:00 发布的预报（覆盖 6:00–24:00，与 0:00 条不可横向比较）,2025-07-03,11:40-11:50,7.923667,1
④ 仅光伏不可知 + 改用当天 6:00 发布的预报（覆盖 6:00–24:00，与 0:00 条不可横向比较）,2025-07-03,14:50-15:00,24.345633,1
④ 仅光伏不可知 + 改用当天 6:00 发布的预报（覆盖 6:00–24:00，与 0:00 条不可横向比较）,2025-07-03,15:50-16:00,4.258950,1
④ 仅光伏不可知 + 改用当天 6:00 发布的预报（覆盖 6:00–24:00，与 0:00 条不可横向比较）,2025-07-03,17:50-18:00,10.624667,1
④ 仅光伏不可知 + 改用当天 6:00 发布的预报（覆盖 6:00–24:00，与 0:00 条不可横向比较）,2025-07-04,6:00-6:50,628.329783,5
④ 仅光伏不可知 + 改用当天 6:00 发布的预报（覆盖 6:00–24:00，与 0:00 条不可横向比较）,2025-07-04,7:00-7:50,479.091867,5
④ 仅光伏不可知 + 改用当天 6:00 发布的预报（覆盖 6:00–24:00，与 0:00 条不可横向比较）,2025-07-04,8:00-8:20,243.282550,2
④ 仅光伏不可知 + 改用当天 6:00 发布的预报（覆盖 6:00–24:00，与 0:00 条不可横向比较）,2025-07-04,8:40-8:50,10.620283,1
④ 仅光伏不可知 + 改用当天 6:00 发布的预报（覆盖 6:00–24:00，与 0:00 条不可横向比较）,2025-07-04,9:00-9:40,470.579100,4
④ 仅光伏不可知 + 改用当天 6:00 发布的预报（覆盖 6:00–24:00，与 0:00 条不可横向比较）,2025-07-04,10:00-10:20,298.739967,2
④ 仅光伏不可知 + 改用当天 6:00 发布的预报（覆盖 6:00–24:00，与 0:00 条不可横向比较）,2025-07-04,10:30-10:40,39.732833,1
④ 仅光伏不可知 + 改用当天 6:00 发布的预报（覆盖 6:00–24:00，与 0:00 条不可横向比较）,2025-07-05,6:00-6:50,617.629583,5
④ 仅光伏不可知 + 改用当天 6:00 发布的预报（覆盖 6:00–24:00，与 0:00 条不可横向比较）,2025-07-05,7:00-7:50,655.321000,5
④ 仅光伏不可知 + 改用当天 6:00 发布的预报（覆盖 6:00–24:00，与 0:00 条不可横向比较）,2025-07-05,8:00-8:20,348.109200,2
④ 仅光伏不可知 + 改用当天 6:00 发布的预报（覆盖 6:00–24:00，与 0:00 条不可横向比较）,2025-07-05,8:40-8:50,33.500200,1
④ 仅光伏不可知 + 改用当天 6:00 发布的预报（覆盖 6:00–24:00，与 0:00 条不可横向比较）,2025-07-05,9:00-9:40,879.115817,4
④ 仅光伏不可知 + 改用当天 6:00 发布的预报（覆盖 6:00–24:00，与 0:00 条不可横向比较）,2025-07-05,10:00-10:10,41.874450,1
④ 仅光伏不可知 + 改用当天 6:00 发布的预报（覆盖 6:00–24:00，与 0:00 条不可横向比较）,2025-07-05,12:10-12:40,168.007900,3
④ 仅光伏不可知 + 改用当天 6:00 发布的预报（覆盖 6:00–24:00，与 0:00 条不可横向比较）,2025-07-05,15:40-16:00,37.902883,2
④ 仅光伏不可知 + 改用当天 6:00 发布的预报（覆盖 6:00–24:00，与 0:00 条不可横向比较）,2025-07-05,16:50-17:00,32.082633,1
④ 仅光伏不可知 + 改用当天 6:00 发布的预报（覆盖 6:00–24:00，与 0:00 条不可横向比较）,2025-07-05,17:50-18:00,17.112500,1
④ 仅光伏不可知 + 改用当天 6:00 发布的预报（覆盖 6:00–24:00，与 0:00 条不可横向比较）,2025-07-06,6:00-6:50,790.478683,5
④ 仅光伏不可知 + 改用当天 6:00 发布的预报（覆盖 6:00–24:00，与 0:00 条不可横向比较）,2025-07-06,7:00-7:50,468.479983,5
④ 仅光伏不可知 + 改用当天 6:00 发布的预报（覆盖 6:00–24:00，与 0:00 条不可横向比较）,2025-07-06,8:00-8:40,337.113317,4
④ 仅光伏不可知 + 改用当天 6:00 发布的预报（覆盖 6:00–24:00，与 0:00 条不可横向比较）,2025-07-06,9:00-9:20,147.379833,2
④ 仅光伏不可知 + 改用当天 6:00 发布的预报（覆盖 6:00–24:00，与 0:00 条不可横向比较）,2025-07-06,10:00-10:20,132.256083,2
④ 仅光伏不可知 + 改用当天 6:00 发布的预报（覆盖 6:00–24:00，与 0:00 条不可横向比较）,2025-07-06,12:50-13:00,16.440650,1
④ 仅光伏不可知 + 改用当天 6:00 发布的预报（覆盖 6:00–24:00，与 0:00 条不可横向比较）,2025-07-06,13:30-14:00,99.076717,3
④ 仅光伏不可知 + 改用当天 6:00 发布的预报（覆盖 6:00–24:00，与 0:00 条不可横向比较）,2025-07-06,15:50-16:00,0.525083,1
④ 仅光伏不可知 + 改用当天 6:00 发布的预报（覆盖 6:00–24:00，与 0:00 条不可横向比较）,2025-07-06,16:50-17:00,10.662517,1
④ 仅光伏不可知 + 改用当天 6:00 发布的预报（覆盖 6:00–24:00，与 0:00 条不可横向比较）,2025-07-07,6:00-7:50,1678.771483,11
④ 仅光伏不可知 + 改用当天 6:00 发布的预报（覆盖 6:00–24:00，与 0:00 条不可横向比较）,2025-07-07,8:00-10:00,1533.863083,12
④ 仅光伏不可知 + 改用当天 6:00 发布的预报（覆盖 6:00–24:00，与 0:00 条不可横向比较）,2025-07-07,10:20-11:50,307.588283,9
④ 仅光伏不可知 + 改用当天 6:00 发布的预报（覆盖 6:00–24:00，与 0:00 条不可横向比较）,2025-07-07,12:40-13:00,27.520800,2
④ 仅光伏不可知 + 改用当天 6:00 发布的预报（覆盖 6:00–24:00，与 0:00 条不可横向比较）,2025-07-07,13:20-14:00,216.107300,4
④ 仅光伏不可知 + 改用当天 6:00 发布的预报（覆盖 6:00–24:00，与 0:00 条不可横向比较）,2025-07-07,14:50-15:00,37.972517,1
④ 仅光伏不可知 + 改用当天 6:00 发布的预报（覆盖 6:00–24:00，与 0:00 条不可横向比较）,2025-07-07,15:50-16:00,57.978367,1
④ 仅光伏不可知 + 改用当天 6:00 发布的预报（覆盖 6:00–24:00，与 0:00 条不可横向比较）,2025-07-07,16:50-17:00,38.062500,1
④ 仅光伏不可知 + 改用当天 6:00 发布的预报（覆盖 6:00–24:00，与 0:00 条不可横向比较）,2025-07-07,17:50-18:00,15.368750,1
④ 仅光伏不可知 + 改用当天 6:00 发布的预报（覆盖 6:00–24:00，与 0:00 条不可横向比较）,2025-07-08,6:00-6:50,524.368083,5
④ 仅光伏不可知 + 改用当天 6:00 发布的预报（覆盖 6:00–24:00，与 0:00 条不可横向比较）,2025-07-08,7:00-7:50,581.919700,5
④ 仅光伏不可知 + 改用当天 6:00 发布的预报（覆盖 6:00–24:00，与 0:00 条不可横向比较）,2025-07-08,8:00-8:50,751.301433,5
④ 仅光伏不可知 + 改用当天 6:00 发布的预报（覆盖 6:00–24:00，与 0:00 条不可横向比较）,2025-07-08,9:00-10:50,921.696350,11
④ 仅光伏不可知 + 改用当天 6:00 发布的预报（覆盖 6:00–24:00，与 0:00 条不可横向比较）,2025-07-08,11:00-12:00,608.374933,6
④ 仅光伏不可知 + 改用当天 6:00 发布的预报（覆盖 6:00–24:00，与 0:00 条不可横向比较）,2025-07-08,12:50-13:00,37.112500,1
④ 仅光伏不可知 + 改用当天 6:00 发布的预报（覆盖 6:00–24:00，与 0:00 条不可横向比较）,2025-07-08,13:20-14:00,142.402850,4
④ 仅光伏不可知 + 改用当天 6:00 发布的预报（覆盖 6:00–24:00，与 0:00 条不可横向比较）,2025-07-08,14:50-15:00,36.582750,1
④ 仅光伏不可知 + 改用当天 6:00 发布的预报（覆盖 6:00–24:00，与 0:00 条不可横向比较）,2025-07-08,15:50-16:00,63.091367,1
④ 仅光伏不可知 + 改用当天 6:00 发布的预报（覆盖 6:00–24:00，与 0:00 条不可横向比较）,2025-07-08,16:40-17:00,85.529167,2
④ 仅光伏不可知 + 改用当天 6:00 发布的预报（覆盖 6:00–24:00，与 0:00 条不可横向比较）,2025-07-09,6:00-7:50,1186.413617,11
④ 仅光伏不可知 + 改用当天 6:00 发布的预报（覆盖 6:00–24:00，与 0:00 条不可横向比较）,2025-07-09,8:00-8:50,791.772717,5
④ 仅光伏不可知 + 改用当天 6:00 发布的预报（覆盖 6:00–24:00，与 0:00 条不可横向比较）,2025-07-09,9:00-9:50,469.914733,5
④ 仅光伏不可知 + 改用当天 6:00 发布的预报（覆盖 6:00–24:00，与 0:00 条不可横向比较）,2025-07-09,15:50-16:00,14.599033,1
④ 仅光伏不可知 + 改用当天 6:00 发布的预报（覆盖 6:00–24:00，与 0:00 条不可横向比较）,2025-07-09,16:50-17:00,36.608450,1
④ 仅光伏不可知 + 改用当天 6:00 发布的预报（覆盖 6:00–24:00，与 0:00 条不可横向比较）,2025-07-09,17:40-18:00,29.836933,2
④ 仅光伏不可知 + 改用当天 6:00 发布的预报（覆盖 6:00–24:00，与 0:00 条不可横向比较）,2025-07-10,6:00-6:50,787.793950,5
④ 仅光伏不可知 + 改用当天 6:00 发布的预报（覆盖 6:00–24:00，与 0:00 条不可横向比较）,2025-07-10,7:00-7:50,416.206333,5
④ 仅光伏不可知 + 改用当天 6:00 发布的预报（覆盖 6:00–24:00，与 0:00 条不可横向比较）,2025-07-10,8:00-8:50,379.601967,5
④ 仅光伏不可知 + 改用当天 6:00 发布的预报（覆盖 6:00–24:00，与 0:00 条不可横向比较）,2025-07-10,9:00-9:50,614.579950,5
④ 仅光伏不可知 + 改用当天 6:00 发布的预报（覆盖 6:00–24:00，与 0:00 条不可横向比较）,2025-07-10,10:00-10:50,955.495283,5
④ 仅光伏不可知 + 改用当天 6:00 发布的预报（覆盖 6:00–24:00，与 0:00 条不可横向比较）,2025-07-10,11:00-13:00,1074.259617,12
④ 仅光伏不可知 + 改用当天 6:00 发布的预报（覆盖 6:00–24:00，与 0:00 条不可横向比较）,2025-07-10,13:50-14:00,41.111750,1
④ 仅光伏不可知 + 改用当天 6:00 发布的预报（覆盖 6:00–24:00，与 0:00 条不可横向比较）,2025-07-11,6:00-7:50,1361.128200,11
④ 仅光伏不可知 + 改用当天 6:00 发布的预报（覆盖 6:00–24:00，与 0:00 条不可横向比较）,2025-07-11,8:00-8:20,144.374517,2
④ 仅光伏不可知 + 改用当天 6:00 发布的预报（覆盖 6:00–24:00，与 0:00 条不可横向比较）,2025-07-11,8:40-9:50,551.479383,7
④ 仅光伏不可知 + 改用当天 6:00 发布的预报（覆盖 6:00–24:00，与 0:00 条不可横向比较）,2025-07-11,10:00-10:20,320.615667,2
④ 仅光伏不可知 + 改用当天 6:00 发布的预报（覆盖 6:00–24:00，与 0:00 条不可横向比较）,2025-07-11,10:30-11:00,386.528067,3
④ 仅光伏不可知 + 改用当天 6:00 发布的预报（覆盖 6:00–24:00，与 0:00 条不可横向比较）,2025-07-12,6:00-7:50,1274.885833,11
④ 仅光伏不可知 + 改用当天 6:00 发布的预报（覆盖 6:00–24:00，与 0:00 条不可横向比较）,2025-07-12,8:00-8:20,183.910167,2
④ 仅光伏不可知 + 改用当天 6:00 发布的预报（覆盖 6:00–24:00，与 0:00 条不可横向比较）,2025-07-12,9:00-9:40,302.643317,4
④ 仅光伏不可知 + 改用当天 6:00 发布的预报（覆盖 6:00–24:00，与 0:00 条不可横向比较）,2025-07-12,10:00-10:20,28.360500,2
④ 仅光伏不可知 + 改用当天 6:00 发布的预报（覆盖 6:00–24:00，与 0:00 条不可横向比较）,2025-07-12,11:10-11:20,53.923900,1
④ 仅光伏不可知 + 改用当天 6:00 发布的预报（覆盖 6:00–24:00，与 0:00 条不可横向比较）,2025-07-12,12:10-12:50,150.488350,4
④ 仅光伏不可知 + 改用当天 6:00 发布的预报（覆盖 6:00–24:00，与 0:00 条不可横向比较）,2025-07-12,13:50-14:00,16.182000,1
④ 仅光伏不可知 + 改用当天 6:00 发布的预报（覆盖 6:00–24:00，与 0:00 条不可横向比较）,2025-07-12,15:50-16:00,0.944483,1
④ 仅光伏不可知 + 改用当天 6:00 发布的预报（覆盖 6:00–24:00，与 0:00 条不可横向比较）,2025-07-13,6:00-6:50,478.112717,5
④ 仅光伏不可知 + 改用当天 6:00 发布的预报（覆盖 6:00–24:00，与 0:00 条不可横向比较）,2025-07-13,7:00-7:50,718.519417,5
④ 仅光伏不可知 + 改用当天 6:00 发布的预报（覆盖 6:00–24:00，与 0:00 条不可横向比较）,2025-07-13,8:00-8:50,527.566150,5
④ 仅光伏不可知 + 改用当天 6:00 发布的预报（覆盖 6:00–24:00，与 0:00 条不可横向比较）,2025-07-13,9:00-9:50,575.177267,5
④ 仅光伏不可知 + 改用当天 6:00 发布的预报（覆盖 6:00–24:00，与 0:00 条不可横向比较）,2025-07-13,10:00-10:50,228.680733,5
④ 仅光伏不可知 + 改用当天 6:00 发布的预报（覆盖 6:00–24:00，与 0:00 条不可横向比较）,2025-07-13,11:00-11:50,527.457750,5
④ 仅光伏不可知 + 改用当天 6:00 发布的预报（覆盖 6:00–24:00，与 0:00 条不可横向比较）,2025-07-13,14:50-15:00,4.430850,1
④ 仅光伏不可知 + 改用当天 6:00 发布的预报（覆盖 6:00–24:00，与 0:00 条不可横向比较）,2025-07-14,6:00-6:50,754.094600,5
④ 仅光伏不可知 + 改用当天 6:00 发布的预报（覆盖 6:00–24:00，与 0:00 条不可横向比较）,2025-07-14,7:00-12:00,2800.972567,30
④ 仅光伏不可知 + 改用当天 6:00 发布的预报（覆盖 6:00–24:00，与 0:00 条不可横向比较）,2025-07-14,12:30-13:00,145.811483,3
④ 仅光伏不可知 + 改用当天 6:00 发布的预报（覆盖 6:00–24:00，与 0:00 条不可横向比较）,2025-07-14,15:50-16:00,28.771417,1
④ 仅光伏不可知 + 改用当天 6:00 发布的预报（覆盖 6:00–24:00，与 0:00 条不可横向比较）,2025-07-14,16:50-17:00,20.143750,1
④ 仅光伏不可知 + 改用当天 6:00 发布的预报（覆盖 6:00–24:00，与 0:00 条不可横向比较）,2025-07-14,17:50-18:00,35.768833,1
④ 仅光伏不可知 + 改用当天 6:00 发布的预报（覆盖 6:00–24:00，与 0:00 条不可横向比较）,2025-07-15,6:00-6:50,780.012100,5
④ 仅光伏不可知 + 改用当天 6:00 发布的预报（覆盖 6:00–24:00，与 0:00 条不可横向比较）,2025-07-15,7:00-7:50,767.347533,5
④ 仅光伏不可知 + 改用当天 6:00 发布的预报（覆盖 6:00–24:00，与 0:00 条不可横向比较）,2025-07-15,8:00-8:50,917.962267,5
④ 仅光伏不可知 + 改用当天 6:00 发布的预报（覆盖 6:00–24:00，与 0:00 条不可横向比较）,2025-07-15,9:00-11:00,1071.268633,12
④ 仅光伏不可知 + 改用当天 6:00 发布的预报（覆盖 6:00–24:00，与 0:00 条不可横向比较）,2025-07-15,11:30-14:00,1697.708200,15
④ 仅光伏不可知 + 改用当天 6:00 发布的预报（覆盖 6:00–24:00，与 0:00 条不可横向比较）,2025-07-15,14:30-15:00,43.048067,3
④ 仅光伏不可知 + 改用当天 6:00 发布的预报（覆盖 6:00–24:00，与 0:00 条不可横向比较）,2025-07-16,6:00-6:50,770.693450,5
④ 仅光伏不可知 + 改用当天 6:00 发布的预报（覆盖 6:00–24:00，与 0:00 条不可横向比较）,2025-07-16,7:00-7:50,665.636167,5
④ 仅光伏不可知 + 改用当天 6:00 发布的预报（覆盖 6:00–24:00，与 0:00 条不可横向比较）,2025-07-16,8:00-8:50,848.672383,5
④ 仅光伏不可知 + 改用当天 6:00 发布的预报（覆盖 6:00–24:00，与 0:00 条不可横向比较）,2025-07-16,9:00-9:50,526.479900,5
④ 仅光伏不可知 + 改用当天 6:00 发布的预报（覆盖 6:00–24:00，与 0:00 条不可横向比较）,2025-07-16,10:00-11:30,775.469333,9
④ 仅光伏不可知 + 改用当天 6:00 发布的预报（覆盖 6:00–24:00，与 0:00 条不可横向比较）,2025-07-16,11:50-14:00,1071.156867,13
④ 仅光伏不可知 + 改用当天 6:00 发布的预报（覆盖 6:00–24:00，与 0:00 条不可横向比较）,2025-07-16,14:50-15:00,83.667183,1
④ 仅光伏不可知 + 改用当天 6:00 发布的预报（覆盖 6:00–24:00，与 0:00 条不可横向比较）,2025-07-16,15:50-16:00,28.899050,1
④ 仅光伏不可知 + 改用当天 6:00 发布的预报（覆盖 6:00–24:00，与 0:00 条不可横向比较）,2025-07-16,16:50-17:00,3.082150,1
④ 仅光伏不可知 + 改用当天 6:00 发布的预报（覆盖 6:00–24:00，与 0:00 条不可横向比较）,2025-07-17,6:00-11:00,3557.699533,30
④ 仅光伏不可知 + 改用当天 6:00 发布的预报（覆盖 6:00–24:00，与 0:00 条不可横向比较）,2025-07-17,15:50-16:00,2.903967,1
④ 仅光伏不可知 + 改用当天 6:00 发布的预报（覆盖 6:00–24:00，与 0:00 条不可横向比较）,2025-07-17,16:40-17:00,22.258133,2
④ 仅光伏不可知 + 改用当天 6:00 发布的预报（覆盖 6:00–24:00，与 0:00 条不可横向比较）,2025-07-17,17:50-18:00,3.962167,1
④ 仅光伏不可知 + 改用当天 6:00 发布的预报（覆盖 6:00–24:00，与 0:00 条不可横向比较）,2025-07-18,6:00-6:50,613.768450,5
④ 仅光伏不可知 + 改用当天 6:00 发布的预报（覆盖 6:00–24:00，与 0:00 条不可横向比较）,2025-07-18,7:00-7:50,466.412967,5
④ 仅光伏不可知 + 改用当天 6:00 发布的预报（覆盖 6:00–24:00，与 0:00 条不可横向比较）,2025-07-18,8:00-8:20,188.397567,2
④ 仅光伏不可知 + 改用当天 6:00 发布的预报（覆盖 6:00–24:00，与 0:00 条不可横向比较）,2025-07-18,8:40-8:50,1.405433,1
④ 仅光伏不可知 + 改用当天 6:00 发布的预报（覆盖 6:00–24:00，与 0:00 条不可横向比较）,2025-07-18,9:00-9:50,242.152700,5
④ 仅光伏不可知 + 改用当天 6:00 发布的预报（覆盖 6:00–24:00，与 0:00 条不可横向比较）,2025-07-18,10:00-10:20,254.063983,2
④ 仅光伏不可知 + 改用当天 6:00 发布的预报（覆盖 6:00–24:00，与 0:00 条不可横向比较）,2025-07-18,10:30-11:00,189.533233,3
④ 仅光伏不可知 + 改用当天 6:00 发布的预报（覆盖 6:00–24:00，与 0:00 条不可横向比较）,2025-07-18,11:40-11:50,8.757750,1
④ 仅光伏不可知 + 改用当天 6:00 发布的预报（覆盖 6:00–24:00，与 0:00 条不可横向比较）,2025-07-18,12:00-12:20,96.277700,2
④ 仅光伏不可知 + 改用当天 6:00 发布的预报（覆盖 6:00–24:00，与 0:00 条不可横向比较）,2025-07-18,16:50-17:00,15.695483,1
④ 仅光伏不可知 + 改用当天 6:00 发布的预报（覆盖 6:00–24:00，与 0:00 条不可横向比较）,2025-07-18,17:50-18:00,15.193267,1
④ 仅光伏不可知 + 改用当天 6:00 发布的预报（覆盖 6:00–24:00，与 0:00 条不可横向比较）,2025-07-19,6:00-6:50,756.841533,5
④ 仅光伏不可知 + 改用当天 6:00 发布的预报（覆盖 6:00–24:00，与 0:00 条不可横向比较）,2025-07-19,7:00-7:50,372.964350,5
④ 仅光伏不可知 + 改用当天 6:00 发布的预报（覆盖 6:00–24:00，与 0:00 条不可横向比较）,2025-07-19,8:00-8:20,344.939750,2
④ 仅光伏不可知 + 改用当天 6:00 发布的预报（覆盖 6:00–24:00，与 0:00 条不可横向比较）,2025-07-19,8:50-9:00,36.582317,1
④ 仅光伏不可知 + 改用当天 6:00 发布的预报（覆盖 6:00–24:00，与 0:00 条不可横向比较）,2025-07-19,9:10-9:30,299.997667,2
④ 仅光伏不可知 + 改用当天 6:00 发布的预报（覆盖 6:00–24:00，与 0:00 条不可横向比较）,2025-07-19,10:20-10:30,277.864867,1
④ 仅光伏不可知 + 改用当天 6:00 发布的预报（覆盖 6:00–24:00，与 0:00 条不可横向比较）,2025-07-19,10:40-11:00,322.736950,2
④ 仅光伏不可知 + 改用当天 6:00 发布的预报（覆盖 6:00–24:00，与 0:00 条不可横向比较）,2025-07-19,11:10-11:30,369.991350,2
④ 仅光伏不可知 + 改用当天 6:00 发布的预报（覆盖 6:00–24:00，与 0:00 条不可横向比较）,2025-07-19,11:50-12:20,300.885583,3
④ 仅光伏不可知 + 改用当天 6:00 发布的预报（覆盖 6:00–24:00，与 0:00 条不可横向比较）,2025-07-19,12:50-13:00,115.478333,1
④ 仅光伏不可知 + 改用当天 6:00 发布的预报（覆盖 6:00–24:00，与 0:00 条不可横向比较）,2025-07-19,13:10-14:00,483.947800,5
④ 仅光伏不可知 + 改用当天 6:00 发布的预报（覆盖 6:00–24:00，与 0:00 条不可横向比较）,2025-07-19,14:20-14:50,116.771650,3
④ 仅光伏不可知 + 改用当天 6:00 发布的预报（覆盖 6:00–24:00，与 0:00 条不可横向比较）,2025-07-19,15:50-16:00,29.040917,1
④ 仅光伏不可知 + 改用当天 6:00 发布的预报（覆盖 6:00–24:00，与 0:00 条不可横向比较）,2025-07-19,16:50-17:00,38.418733,1
④ 仅光伏不可知 + 改用当天 6:00 发布的预报（覆盖 6:00–24:00，与 0:00 条不可横向比较）,2025-07-19,17:50-18:00,5.925167,1
④ 仅光伏不可知 + 改用当天 6:00 发布的预报（覆盖 6:00–24:00，与 0:00 条不可横向比较）,2025-07-20,6:00-7:50,1507.520567,11
④ 仅光伏不可知 + 改用当天 6:00 发布的预报（覆盖 6:00–24:00，与 0:00 条不可横向比较）,2025-07-20,8:00-8:50,903.836933,5
④ 仅光伏不可知 + 改用当天 6:00 发布的预报（覆盖 6:00–24:00，与 0:00 条不可横向比较）,2025-07-20,10:00-10:40,457.229750,4
④ 仅光伏不可知 + 改用当天 6:00 发布的预报（覆盖 6:00–24:00，与 0:00 条不可横向比较）,2025-07-20,16:50-17:00,15.281867,1
④ 仅光伏不可知 + 改用当天 6:00 发布的预报（覆盖 6:00–24:00，与 0:00 条不可横向比较）,2025-07-20,17:50-18:00,6.449317,1
④ 仅光伏不可知 + 改用当天 6:00 发布的预报（覆盖 6:00–24:00，与 0:00 条不可横向比较）,2025-07-21,6:00-6:50,698.607400,5
④ 仅光伏不可知 + 改用当天 6:00 发布的预报（覆盖 6:00–24:00，与 0:00 条不可横向比较）,2025-07-21,7:00-7:50,596.030933,5
④ 仅光伏不可知 + 改用当天 6:00 发布的预报（覆盖 6:00–24:00，与 0:00 条不可横向比较）,2025-07-21,8:00-8:30,327.422983,3
④ 仅光伏不可知 + 改用当天 6:00 发布的预报（覆盖 6:00–24:00，与 0:00 条不可横向比较）,2025-07-21,9:00-9:50,740.609867,5
④ 仅光伏不可知 + 改用当天 6:00 发布的预报（覆盖 6:00–24:00，与 0:00 条不可横向比较）,2025-07-21,10:00-11:00,646.925467,6
④ 仅光伏不可知 + 改用当天 6:00 发布的预报（覆盖 6:00–24:00，与 0:00 条不可横向比较）,2025-07-21,11:50-14:00,1318.611550,13
④ 仅光伏不可知 + 改用当天 6:00 发布的预报（覆盖 6:00–24:00，与 0:00 条不可横向比较）,2025-07-21,14:30-15:00,199.899983,3
④ 仅光伏不可知 + 改用当天 6:00 发布的预报（覆盖 6:00–24:00，与 0:00 条不可横向比较）,2025-07-21,15:40-16:00,63.693867,2
④ 仅光伏不可知 + 改用当天 6:00 发布的预报（覆盖 6:00–24:00，与 0:00 条不可横向比较）,2025-07-21,16:50-17:00,43.113400,1
④ 仅光伏不可知 + 改用当天 6:00 发布的预报（覆盖 6:00–24:00，与 0:00 条不可横向比较）,2025-07-21,17:50-18:00,19.607100,1
④ 仅光伏不可知 + 改用当天 6:00 发布的预报（覆盖 6:00–24:00，与 0:00 条不可横向比较）,2025-07-22,6:00-8:50,2124.192533,17
④ 仅光伏不可知 + 改用当天 6:00 发布的预报（覆盖 6:00–24:00，与 0:00 条不可横向比较）,2025-07-22,9:00-9:30,155.318600,3
④ 仅光伏不可知 + 改用当天 6:00 发布的预报（覆盖 6:00–24:00，与 0:00 条不可横向比较）,2025-07-22,11:00-11:10,3.296350,1
④ 仅光伏不可知 + 改用当天 6:00 发布的预报（覆盖 6:00–24:00，与 0:00 条不可横向比较）,2025-07-22,17:50-18:00,0.546650,1
④ 仅光伏不可知 + 改用当天 6:00 发布的预报（覆盖 6:00–24:00，与 0:00 条不可横向比较）,2025-07-23,6:00-12:10,4611.233717,37
④ 仅光伏不可知 + 改用当天 6:00 发布的预报（覆盖 6:00–24:00，与 0:00 条不可横向比较）,2025-07-23,14:50-15:00,43.267050,1
④ 仅光伏不可知 + 改用当天 6:00 发布的预报（覆盖 6:00–24:00，与 0:00 条不可横向比较）,2025-07-23,15:40-16:00,43.332333,2
④ 仅光伏不可知 + 改用当天 6:00 发布的预报（覆盖 6:00–24:00，与 0:00 条不可横向比较）,2025-07-23,17:50-18:00,11.096867,1
④ 仅光伏不可知 + 改用当天 6:00 发布的预报（覆盖 6:00–24:00，与 0:00 条不可横向比较）,2025-07-24,6:00-7:50,1490.159183,11
④ 仅光伏不可知 + 改用当天 6:00 发布的预报（覆盖 6:00–24:00，与 0:00 条不可横向比较）,2025-07-24,8:00-9:50,963.941300,11
④ 仅光伏不可知 + 改用当天 6:00 发布的预报（覆盖 6:00–24:00，与 0:00 条不可横向比较）,2025-07-24,10:10-10:40,212.666783,3
④ 仅光伏不可知 + 改用当天 6:00 发布的预报（覆盖 6:00–24:00，与 0:00 条不可横向比较）,2025-07-24,11:00-12:00,322.211500,6
④ 仅光伏不可知 + 改用当天 6:00 发布的预报（覆盖 6:00–24:00，与 0:00 条不可横向比较）,2025-07-24,12:50-13:00,28.206717,1
④ 仅光伏不可知 + 改用当天 6:00 发布的预报（覆盖 6:00–24:00，与 0:00 条不可横向比较）,2025-07-24,13:30-13:50,58.444050,2
④ 仅光伏不可知 + 改用当天 6:00 发布的预报（覆盖 6:00–24:00，与 0:00 条不可横向比较）,2025-07-24,14:50-15:00,4.630750,1
④ 仅光伏不可知 + 改用当天 6:00 发布的预报（覆盖 6:00–24:00，与 0:00 条不可横向比较）,2025-07-24,17:50-18:00,4.962617,1
④ 仅光伏不可知 + 改用当天 6:00 发布的预报（覆盖 6:00–24:00，与 0:00 条不可横向比较）,2025-07-25,6:00-7:10,955.033817,7
④ 仅光伏不可知 + 改用当天 6:00 发布的预报（覆盖 6:00–24:00，与 0:00 条不可横向比较）,2025-07-25,7:20-7:50,262.076950,3
④ 仅光伏不可知 + 改用当天 6:00 发布的预报（覆盖 6:00–24:00，与 0:00 条不可横向比较）,2025-07-25,8:00-8:20,526.583833,2
④ 仅光伏不可知 + 改用当天 6:00 发布的预报（覆盖 6:00–24:00，与 0:00 条不可横向比较）,2025-07-25,8:40-9:40,453.558950,6
④ 仅光伏不可知 + 改用当天 6:00 发布的预报（覆盖 6:00–24:00，与 0:00 条不可横向比较）,2025-07-25,10:00-10:20,281.127967,2
④ 仅光伏不可知 + 改用当天 6:00 发布的预报（覆盖 6:00–24:00，与 0:00 条不可横向比较）,2025-07-25,10:30-10:50,202.863150,2
④ 仅光伏不可知 + 改用当天 6:00 发布的预报（覆盖 6:00–24:00，与 0:00 条不可横向比较）,2025-07-25,15:40-15:50,4.559283,1
④ 仅光伏不可知 + 改用当天 6:00 发布的预报（覆盖 6:00–24:00，与 0:00 条不可横向比较）,2025-07-26,6:00-6:50,842.577200,5
④ 仅光伏不可知 + 改用当天 6:00 发布的预报（覆盖 6:00–24:00，与 0:00 条不可横向比较）,2025-07-26,7:00-7:10,188.233717,1
④ 仅光伏不可知 + 改用当天 6:00 发布的预报（覆盖 6:00–24:00，与 0:00 条不可横向比较）,2025-07-26,7:20-7:50,232.544717,3
④ 仅光伏不可知 + 改用当天 6:00 发布的预报（覆盖 6:00–24:00，与 0:00 条不可横向比较）,2025-07-26,8:00-8:20,360.076950,2
④ 仅光伏不可知 + 改用当天 6:00 发布的预报（覆盖 6:00–24:00，与 0:00 条不可横向比较）,2025-07-26,8:40-9:40,690.650950,6
④ 仅光伏不可知 + 改用当天 6:00 发布的预报（覆盖 6:00–24:00，与 0:00 条不可横向比较）,2025-07-26,11:10-11:30,222.140100,2
④ 仅光伏不可知 + 改用当天 6:00 发布的预报（覆盖 6:00–24:00，与 0:00 条不可横向比较）,2025-07-26,11:40-11:50,57.256900,1
④ 仅光伏不可知 + 改用当天 6:00 发布的预报（覆盖 6:00–24:00，与 0:00 条不可横向比较）,2025-07-26,17:50-18:00,7.819700,1
④ 仅光伏不可知 + 改用当天 6:00 发布的预报（覆盖 6:00–24:00，与 0:00 条不可横向比较）,2025-07-27,6:00-6:50,659.343733,5
④ 仅光伏不可知 + 改用当天 6:00 发布的预报（覆盖 6:00–24:00，与 0:00 条不可横向比较）,2025-07-27,7:00-7:50,594.388267,5
④ 仅光伏不可知 + 改用当天 6:00 发布的预报（覆盖 6:00–24:00，与 0:00 条不可横向比较）,2025-07-27,8:00-8:50,535.433100,5
④ 仅光伏不可知 + 改用当天 6:00 发布的预报（覆盖 6:00–24:00，与 0:00 条不可横向比较）,2025-07-27,9:00-9:40,565.089667,4
④ 仅光伏不可知 + 改用当天 6:00 发布的预报（覆盖 6:00–24:00，与 0:00 条不可横向比较）,2025-07-27,10:00-10:50,570.821100,5
④ 仅光伏不可知 + 改用当天 6:00 发布的预报（覆盖 6:00–24:00，与 0:00 条不可横向比较）,2025-07-27,11:00-12:00,458.959750,6
④ 仅光伏不可知 + 改用当天 6:00 发布的预报（覆盖 6:00–24:00，与 0:00 条不可横向比较）,2025-07-27,12:40-13:00,82.627783,2
④ 仅光伏不可知 + 改用当天 6:00 发布的预报（覆盖 6:00–24:00，与 0:00 条不可横向比较）,2025-07-27,13:40-14:00,55.199950,2
④ 仅光伏不可知 + 改用当天 6:00 发布的预报（覆盖 6:00–24:00，与 0:00 条不可横向比较）,2025-07-27,14:20-15:00,268.400317,4
④ 仅光伏不可知 + 改用当天 6:00 发布的预报（覆盖 6:00–24:00，与 0:00 条不可横向比较）,2025-07-27,15:40-16:00,34.700067,2
④ 仅光伏不可知 + 改用当天 6:00 发布的预报（覆盖 6:00–24:00，与 0:00 条不可横向比较）,2025-07-27,17:50-18:00,2.484800,1
④ 仅光伏不可知 + 改用当天 6:00 发布的预报（覆盖 6:00–24:00，与 0:00 条不可横向比较）,2025-07-28,6:00-6:50,701.389217,5
④ 仅光伏不可知 + 改用当天 6:00 发布的预报（覆盖 6:00–24:00，与 0:00 条不可横向比较）,2025-07-28,7:00-7:30,337.688283,3
④ 仅光伏不可知 + 改用当天 6:00 发布的预报（覆盖 6:00–24:00，与 0:00 条不可横向比较）,2025-07-28,8:00-11:00,2296.046300,18
④ 仅光伏不可知 + 改用当天 6:00 发布的预报（覆盖 6:00–24:00，与 0:00 条不可横向比较）,2025-07-28,12:00-13:00,213.568933,6
④ 仅光伏不可知 + 改用当天 6:00 发布的预报（覆盖 6:00–24:00，与 0:00 条不可横向比较）,2025-07-28,13:50-14:00,0.651317,1
④ 仅光伏不可知 + 改用当天 6:00 发布的预报（覆盖 6:00–24:00，与 0:00 条不可横向比较）,2025-07-28,14:50-15:00,14.639917,1
④ 仅光伏不可知 + 改用当天 6:00 发布的预报（覆盖 6:00–24:00，与 0:00 条不可横向比较）,2025-07-29,6:00-6:50,431.026767,5
④ 仅光伏不可知 + 改用当天 6:00 发布的预报（覆盖 6:00–24:00，与 0:00 条不可横向比较）,2025-07-29,7:00-7:50,575.568317,5
④ 仅光伏不可知 + 改用当天 6:00 发布的预报（覆盖 6:00–24:00，与 0:00 条不可横向比较）,2025-07-29,8:00-8:50,444.775400,5
④ 仅光伏不可知 + 改用当天 6:00 发布的预报（覆盖 6:00–24:00，与 0:00 条不可横向比较）,2025-07-29,9:00-9:20,70.299100,2
④ 仅光伏不可知 + 改用当天 6:00 发布的预报（覆盖 6:00–24:00，与 0:00 条不可横向比较）,2025-07-29,11:00-11:20,149.896417,2
④ 仅光伏不可知 + 改用当天 6:00 发布的预报（覆盖 6:00–24:00，与 0:00 条不可横向比较）,2025-07-29,12:00-12:20,43.293917,2
④ 仅光伏不可知 + 改用当天 6:00 发布的预报（覆盖 6:00–24:00，与 0:00 条不可横向比较）,2025-07-29,15:50-16:00,28.855817,1
④ 仅光伏不可知 + 改用当天 6:00 发布的预报（覆盖 6:00–24:00，与 0:00 条不可横向比较）,2025-07-29,16:40-17:00,43.957500,2
④ 仅光伏不可知 + 改用当天 6:00 发布的预报（覆盖 6:00–24:00，与 0:00 条不可横向比较）,2025-07-29,17:50-18:00,10.299217,1
④ 仅光伏不可知 + 改用当天 6:00 发布的预报（覆盖 6:00–24:00，与 0:00 条不可横向比较）,2025-07-30,6:00-7:50,1151.486683,11
④ 仅光伏不可知 + 改用当天 6:00 发布的预报（覆盖 6:00–24:00，与 0:00 条不可横向比较）,2025-07-30,8:00-8:50,579.883033,5
④ 仅光伏不可知 + 改用当天 6:00 发布的预报（覆盖 6:00–24:00，与 0:00 条不可横向比较）,2025-07-30,9:00-9:40,335.373100,4
④ 仅光伏不可知 + 改用当天 6:00 发布的预报（覆盖 6:00–24:00，与 0:00 条不可横向比较）,2025-07-30,10:00-10:20,27.094100,2
④ 仅光伏不可知 + 改用当天 6:00 发布的预报（覆盖 6:00–24:00，与 0:00 条不可横向比较）,2025-07-30,10:50-11:50,683.703217,6
④ 仅光伏不可知 + 改用当天 6:00 发布的预报（覆盖 6:00–24:00，与 0:00 条不可横向比较）,2025-07-30,12:00-13:00,184.441700,6
④ 仅光伏不可知 + 改用当天 6:00 发布的预报（覆盖 6:00–24:00，与 0:00 条不可横向比较）,2025-07-30,13:50-14:00,15.844000,1
④ 仅光伏不可知 + 改用当天 6:00 发布的预报（覆盖 6:00–24:00，与 0:00 条不可横向比较）,2025-07-30,14:50-15:00,40.107667,1
④ 仅光伏不可知 + 改用当天 6:00 发布的预报（覆盖 6:00–24:00，与 0:00 条不可横向比较）,2025-07-31,6:00-11:00,3154.977467,30
④ 仅光伏不可知 + 改用当天 6:00 发布的预报（覆盖 6:00–24:00，与 0:00 条不可横向比较）,2025-07-31,11:50-12:00,27.574333,1
④ 仅光伏不可知 + 改用当天 6:00 发布的预报（覆盖 6:00–24:00，与 0:00 条不可横向比较）,2025-07-31,12:40-13:00,59.897217,2
④ 仅光伏不可知 + 改用当天 6:00 发布的预报（覆盖 6:00–24:00，与 0:00 条不可横向比较）,2025-07-31,13:50-14:00,26.035383,1
④ 仅光伏不可知 + 改用当天 6:00 发布的预报（覆盖 6:00–24:00，与 0:00 条不可横向比较）,2025-07-31,14:20-15:00,102.541033,4
④ 仅光伏不可知 + 改用当天 6:00 发布的预报（覆盖 6:00–24:00，与 0:00 条不可横向比较）,2025-07-31,15:20-16:00,158.074750,4
④ 仅光伏不可知 + 改用当天 6:00 发布的预报（覆盖 6:00–24:00，与 0:00 条不可横向比较）,2025-07-31,16:50-17:00,31.017117,1
④ 仅光伏不可知 + 改用当天 6:00 发布的预报（覆盖 6:00–24:00，与 0:00 条不可横向比较）,2025-07-31,17:50-18:00,4.369850,1
④ 仅光伏不可知 + 改用当天 6:00 发布的预报（覆盖 6:00–24:00，与 0:00 条不可横向比较）,2025-08-01,6:00-7:50,1148.654033,11
④ 仅光伏不可知 + 改用当天 6:00 发布的预报（覆盖 6:00–24:00，与 0:00 条不可横向比较）,2025-08-01,9:00-9:10,192.923733,1
④ 仅光伏不可知 + 改用当天 6:00 发布的预报（覆盖 6:00–24:00，与 0:00 条不可横向比较）,2025-08-01,9:40-10:10,427.987467,3
④ 仅光伏不可知 + 改用当天 6:00 发布的预报（覆盖 6:00–24:00，与 0:00 条不可横向比较）,2025-08-01,10:20-10:40,269.745633,2
④ 仅光伏不可知 + 改用当天 6:00 发布的预报（覆盖 6:00–24:00，与 0:00 条不可横向比较）,2025-08-01,10:50-11:20,490.559983,3
④ 仅光伏不可知 + 改用当天 6:00 发布的预报（覆盖 6:00–24:00，与 0:00 条不可横向比较）,2025-08-01,11:30-11:50,170.682833,2
④ 仅光伏不可知 + 改用当天 6:00 发布的预报（覆盖 6:00–24:00，与 0:00 条不可横向比较）,2025-08-01,12:40-13:00,44.403800,2
④ 仅光伏不可知 + 改用当天 6:00 发布的预报（覆盖 6:00–24:00，与 0:00 条不可横向比较）,2025-08-01,13:20-13:30,74.514833,1
④ 仅光伏不可知 + 改用当天 6:00 发布的预报（覆盖 6:00–24:00，与 0:00 条不可横向比较）,2025-08-01,13:40-13:50,108.339800,1
④ 仅光伏不可知 + 改用当天 6:00 发布的预报（覆盖 6:00–24:00，与 0:00 条不可横向比较）,2025-08-02,6:00-7:40,1184.521033,10
④ 仅光伏不可知 + 改用当天 6:00 发布的预报（覆盖 6:00–24:00，与 0:00 条不可横向比较）,2025-08-02,8:00-8:20,532.341950,2
④ 仅光伏不可知 + 改用当天 6:00 发布的预报（覆盖 6:00–24:00，与 0:00 条不可横向比较）,2025-08-02,8:40-9:30,554.328650,5
④ 仅光伏不可知 + 改用当天 6:00 发布的预报（覆盖 6:00–24:00，与 0:00 条不可横向比较）,2025-08-02,10:40-10:50,8.487550,1
④ 仅光伏不可知 + 改用当天 6:00 发布的预报（覆盖 6:00–24:00，与 0:00 条不可横向比较）,2025-08-02,13:50-14:00,10.338417,1
④ 仅光伏不可知 + 改用当天 6:00 发布的预报（覆盖 6:00–24:00，与 0:00 条不可横向比较）,2025-08-02,15:50-16:00,23.129633,1
④ 仅光伏不可知 + 改用当天 6:00 发布的预报（覆盖 6:00–24:00，与 0:00 条不可横向比较）,2025-08-02,16:50-17:00,9.993550,1
④ 仅光伏不可知 + 改用当天 6:00 发布的预报（覆盖 6:00–24:00，与 0:00 条不可横向比较）,2025-08-03,6:00-10:40,3665.182883,28
④ 仅光伏不可知 + 改用当天 6:00 发布的预报（覆盖 6:00–24:00，与 0:00 条不可横向比较）,2025-08-03,11:00-11:50,294.176517,5
④ 仅光伏不可知 + 改用当天 6:00 发布的预报（覆盖 6:00–24:00，与 0:00 条不可横向比较）,2025-08-03,12:00-12:40,334.666983,4
④ 仅光伏不可知 + 改用当天 6:00 发布的预报（覆盖 6:00–24:00，与 0:00 条不可横向比较）,2025-08-04,6:00-7:50,1622.687567,11
④ 仅光伏不可知 + 改用当天 6:00 发布的预报（覆盖 6:00–24:00，与 0:00 条不可横向比较）,2025-08-04,8:00-8:50,844.934500,5
④ 仅光伏不可知 + 改用当天 6:00 发布的预报（覆盖 6:00–24:00，与 0:00 条不可横向比较）,2025-08-04,9:00-9:40,207.257250,4
④ 仅光伏不可知 + 改用当天 6:00 发布的预报（覆盖 6:00–24:00，与 0:00 条不可横向比较）,2025-08-04,10:00-10:10,5.233317,1
④ 仅光伏不可知 + 改用当天 6:00 发布的预报（覆盖 6:00–24:00，与 0:00 条不可横向比较）,2025-08-05,6:00-6:50,884.110567,5
④ 仅光伏不可知 + 改用当天 6:00 发布的预报（覆盖 6:00–24:00，与 0:00 条不可横向比较）,2025-08-05,7:00-9:20,1635.890300,14
④ 仅光伏不可知 + 改用当天 6:00 发布的预报（覆盖 6:00–24:00，与 0:00 条不可横向比较）,2025-08-05,10:00-12:00,930.274217,12
④ 仅光伏不可知 + 改用当天 6:00 发布的预报（覆盖 6:00–24:00，与 0:00 条不可横向比较）,2025-08-05,14:50-15:00,29.446633,1
④ 仅光伏不可知 + 改用当天 6:00 发布的预报（覆盖 6:00–24:00，与 0:00 条不可横向比较）,2025-08-05,17:50-18:00,0.678700,1
④ 仅光伏不可知 + 改用当天 6:00 发布的预报（覆盖 6:00–24:00，与 0:00 条不可横向比较）,2025-08-06,6:00-11:40,3493.821983,34
④ 仅光伏不可知 + 改用当天 6:00 发布的预报（覆盖 6:00–24:00，与 0:00 条不可横向比较）,2025-08-06,12:50-13:00,24.623717,1
④ 仅光伏不可知 + 改用当天 6:00 发布的预报（覆盖 6:00–24:00，与 0:00 条不可横向比较）,2025-08-06,14:50-15:00,32.419600,1
④ 仅光伏不可知 + 改用当天 6:00 发布的预报（覆盖 6:00–24:00，与 0:00 条不可横向比较）,2025-08-06,15:50-16:00,39.727017,1
④ 仅光伏不可知 + 改用当天 6:00 发布的预报（覆盖 6:00–24:00，与 0:00 条不可横向比较）,2025-08-06,16:50-17:00,56.741017,1
④ 仅光伏不可知 + 改用当天 6:00 发布的预报（覆盖 6:00–24:00，与 0:00 条不可横向比较）,2025-08-06,17:50-18:00,12.751117,1
④ 仅光伏不可知 + 改用当天 6:00 发布的预报（覆盖 6:00–24:00，与 0:00 条不可横向比较）,2025-08-07,6:00-6:50,590.805583,5
④ 仅光伏不可知 + 改用当天 6:00 发布的预报（覆盖 6:00–24:00，与 0:00 条不可横向比较）,2025-08-07,7:00-7:50,686.554717,5
④ 仅光伏不可知 + 改用当天 6:00 发布的预报（覆盖 6:00–24:00，与 0:00 条不可横向比较）,2025-08-07,8:00-8:50,948.978083,5
④ 仅光伏不可知 + 改用当天 6:00 发布的预报（覆盖 6:00–24:00，与 0:00 条不可横向比较）,2025-08-07,9:00-9:30,174.586200,3
④ 仅光伏不可知 + 改用当天 6:00 发布的预报（覆盖 6:00–24:00，与 0:00 条不可横向比较）,2025-08-07,9:50-11:40,848.176383,11
④ 仅光伏不可知 + 改用当天 6:00 发布的预报（覆盖 6:00–24:00，与 0:00 条不可横向比较）,2025-08-08,6:00-7:30,1100.082133,9
④ 仅光伏不可知 + 改用当天 6:00 发布的预报（覆盖 6:00–24:00，与 0:00 条不可横向比较）,2025-08-08,8:00-8:10,253.269367,1
④ 仅光伏不可知 + 改用当天 6:00 发布的预报（覆盖 6:00–24:00，与 0:00 条不可横向比较）,2025-08-08,8:40-9:20,617.462733,4
④ 仅光伏不可知 + 改用当天 6:00 发布的预报（覆盖 6:00–24:00，与 0:00 条不可横向比较）,2025-08-08,9:40-10:10,187.892267,3
④ 仅光伏不可知 + 改用当天 6:00 发布的预报（覆盖 6:00–24:00，与 0:00 条不可横向比较）,2025-08-08,10:20-10:40,47.920500,2
④ 仅光伏不可知 + 改用当天 6:00 发布的预报（覆盖 6:00–24:00，与 0:00 条不可横向比较）,2025-08-08,10:50-11:10,132.291933,2
④ 仅光伏不可知 + 改用当天 6:00 发布的预报（覆盖 6:00–24:00，与 0:00 条不可横向比较）,2025-08-08,12:50-13:00,43.412917,1
④ 仅光伏不可知 + 改用当天 6:00 发布的预报（覆盖 6:00–24:00，与 0:00 条不可横向比较）,2025-08-08,14:50-15:00,28.107400,1
④ 仅光伏不可知 + 改用当天 6:00 发布的预报（覆盖 6:00–24:00，与 0:00 条不可横向比较）,2025-08-09,6:00-7:40,1539.436100,10
④ 仅光伏不可知 + 改用当天 6:00 发布的预报（覆盖 6:00–24:00，与 0:00 条不可横向比较）,2025-08-09,8:00-8:20,577.778783,2
④ 仅光伏不可知 + 改用当天 6:00 发布的预报（覆盖 6:00–24:00，与 0:00 条不可横向比较）,2025-08-09,8:40-9:00,129.223500,2
④ 仅光伏不可知 + 改用当天 6:00 发布的预报（覆盖 6:00–24:00，与 0:00 条不可横向比较）,2025-08-09,9:10-9:30,405.518200,2
④ 仅光伏不可知 + 改用当天 6:00 发布的预报（覆盖 6:00–24:00，与 0:00 条不可横向比较）,2025-08-09,10:40-10:50,32.186467,1
④ 仅光伏不可知 + 改用当天 6:00 发布的预报（覆盖 6:00–24:00，与 0:00 条不可横向比较）,2025-08-09,11:10-11:20,46.273917,1
④ 仅光伏不可知 + 改用当天 6:00 发布的预报（覆盖 6:00–24:00，与 0:00 条不可横向比较）,2025-08-09,13:50-14:00,31.619050,1
④ 仅光伏不可知 + 改用当天 6:00 发布的预报（覆盖 6:00–24:00，与 0:00 条不可横向比较）,2025-08-09,17:50-18:00,2.548733,1
④ 仅光伏不可知 + 改用当天 6:00 发布的预报（覆盖 6:00–24:00，与 0:00 条不可横向比较）,2025-08-10,6:00-6:50,922.970067,5
④ 仅光伏不可知 + 改用当天 6:00 发布的预报（覆盖 6:00–24:00，与 0:00 条不可横向比较）,2025-08-10,7:00-11:00,3446.654833,24
④ 仅光伏不可知 + 改用当天 6:00 发布的预报（覆盖 6:00–24:00，与 0:00 条不可横向比较）,2025-08-10,11:40-12:00,114.503567,2
④ 仅光伏不可知 + 改用当天 6:00 发布的预报（覆盖 6:00–24:00，与 0:00 条不可横向比较）,2025-08-10,12:50-13:20,89.476033,3
④ 仅光伏不可知 + 改用当天 6:00 发布的预报（覆盖 6:00–24:00，与 0:00 条不可横向比较）,2025-08-11,6:00-6:50,739.901000,5
④ 仅光伏不可知 + 改用当天 6:00 发布的预报（覆盖 6:00–24:00，与 0:00 条不可横向比较）,2025-08-11,7:00-7:50,859.288650,5
④ 仅光伏不可知 + 改用当天 6:00 发布的预报（覆盖 6:00–24:00，与 0:00 条不可横向比较）,2025-08-11,8:00-8:30,332.411517,3
④ 仅光伏不可知 + 改用当天 6:00 发布的预报（覆盖 6:00–24:00，与 0:00 条不可横向比较）,2025-08-11,9:00-9:50,506.366500,5
④ 仅光伏不可知 + 改用当天 6:00 发布的预报（覆盖 6:00–24:00，与 0:00 条不可横向比较）,2025-08-11,10:00-10:20,184.694283,2
④ 仅光伏不可知 + 改用当天 6:00 发布的预报（覆盖 6:00–24:00，与 0:00 条不可横向比较）,2025-08-11,13:00-13:30,122.174667,3
④ 仅光伏不可知 + 改用当天 6:00 发布的预报（覆盖 6:00–24:00，与 0:00 条不可横向比较）,2025-08-11,13:50-14:00,4.668067,1
④ 仅光伏不可知 + 改用当天 6:00 发布的预报（覆盖 6:00–24:00，与 0:00 条不可横向比较）,2025-08-11,14:50-15:00,12.215417,1
④ 仅光伏不可知 + 改用当天 6:00 发布的预报（覆盖 6:00–24:00，与 0:00 条不可横向比较）,2025-08-11,17:50-18:00,8.446150,1
④ 仅光伏不可知 + 改用当天 6:00 发布的预报（覆盖 6:00–24:00，与 0:00 条不可横向比较）,2025-08-12,6:00-7:50,1696.196917,11
④ 仅光伏不可知 + 改用当天 6:00 发布的预报（覆盖 6:00–24:00，与 0:00 条不可横向比较）,2025-08-12,8:00-8:30,221.259533,3
④ 仅光伏不可知 + 改用当天 6:00 发布的预报（覆盖 6:00–24:00，与 0:00 条不可横向比较）,2025-08-12,8:40-11:30,942.250417,17
④ 仅光伏不可知 + 改用当天 6:00 发布的预报（覆盖 6:00–24:00，与 0:00 条不可横向比较）,2025-08-13,6:00-11:30,3511.039317,33
④ 仅光伏不可知 + 改用当天 6:00 发布的预报（覆盖 6:00–24:00，与 0:00 条不可横向比较）,2025-08-13,11:50-12:00,6.521650,1
④ 仅光伏不可知 + 改用当天 6:00 发布的预报（覆盖 6:00–24:00，与 0:00 条不可横向比较）,2025-08-13,14:50-15:00,76.571100,1
④ 仅光伏不可知 + 改用当天 6:00 发布的预报（覆盖 6:00–24:00，与 0:00 条不可横向比较）,2025-08-13,15:50-16:00,2.118750,1
④ 仅光伏不可知 + 改用当天 6:00 发布的预报（覆盖 6:00–24:00，与 0:00 条不可横向比较）,2025-08-13,16:50-17:00,24.642250,1
④ 仅光伏不可知 + 改用当天 6:00 发布的预报（覆盖 6:00–24:00，与 0:00 条不可横向比较）,2025-08-13,17:50-18:00,13.851350,1
④ 仅光伏不可知 + 改用当天 6:00 发布的预报（覆盖 6:00–24:00，与 0:00 条不可横向比较）,2025-08-14,6:00-6:50,802.406533,5
④ 仅光伏不可知 + 改用当天 6:00 发布的预报（覆盖 6:00–24:00，与 0:00 条不可横向比较）,2025-08-14,7:00-7:50,389.236900,5
④ 仅光伏不可知 + 改用当天 6:00 发布的预报（覆盖 6:00–24:00，与 0:00 条不可横向比较）,2025-08-14,8:00-8:50,863.859267,5
④ 仅光伏不可知 + 改用当天 6:00 发布的预报（覆盖 6:00–24:00，与 0:00 条不可横向比较）,2025-08-14,9:00-9:50,333.561000,5
④ 仅光伏不可知 + 改用当天 6:00 发布的预报（覆盖 6:00–24:00，与 0:00 条不可横向比较）,2025-08-14,10:00-10:40,281.082833,4
④ 仅光伏不可知 + 改用当天 6:00 发布的预报（覆盖 6:00–24:00，与 0:00 条不可横向比较）,2025-08-15,6:00-7:20,930.751600,8
④ 仅光伏不可知 + 改用当天 6:00 发布的预报（覆盖 6:00–24:00，与 0:00 条不可横向比较）,2025-08-15,7:40-7:50,46.949183,1
④ 仅光伏不可知 + 改用当天 6:00 发布的预报（覆盖 6:00–24:00，与 0:00 条不可横向比较）,2025-08-15,8:10-8:20,126.964100,1
④ 仅光伏不可知 + 改用当天 6:00 发布的预报（覆盖 6:00–24:00，与 0:00 条不可横向比较）,2025-08-15,8:40-8:50,43.768500,1
④ 仅光伏不可知 + 改用当天 6:00 发布的预报（覆盖 6:00–24:00，与 0:00 条不可横向比较）,2025-08-15,9:00-9:10,153.255867,1
④ 仅光伏不可知 + 改用当天 6:00 发布的预报（覆盖 6:00–24:00，与 0:00 条不可横向比较）,2025-08-15,9:40-9:50,1.970350,1
④ 仅光伏不可知 + 改用当天 6:00 发布的预报（覆盖 6:00–24:00，与 0:00 条不可横向比较）,2025-08-15,10:00-10:30,180.987667,3
④ 仅光伏不可知 + 改用当天 6:00 发布的预报（覆盖 6:00–24:00，与 0:00 条不可横向比较）,2025-08-16,6:00-7:20,995.533417,8
④ 仅光伏不可知 + 改用当天 6:00 发布的预报（覆盖 6:00–24:00，与 0:00 条不可横向比较）,2025-08-16,7:40-8:00,78.216417,2
④ 仅光伏不可知 + 改用当天 6:00 发布的预报（覆盖 6:00–24:00，与 0:00 条不可横向比较）,2025-08-16,8:10-8:20,181.282117,1
④ 仅光伏不可知 + 改用当天 6:00 发布的预报（覆盖 6:00–24:00，与 0:00 条不可横向比较）,2025-08-16,8:40-8:50,49.745200,1
④ 仅光伏不可知 + 改用当天 6:00 发布的预报（覆盖 6:00–24:00，与 0:00 条不可横向比较）,2025-08-16,9:00-9:10,79.184950,1
④ 仅光伏不可知 + 改用当天 6:00 发布的预报（覆盖 6:00–24:00，与 0:00 条不可横向比较）,2025-08-16,9:30-9:40,32.785083,1
④ 仅光伏不可知 + 改用当天 6:00 发布的预报（覆盖 6:00–24:00，与 0:00 条不可横向比较）,2025-08-16,9:50-10:10,100.212033,2
④ 仅光伏不可知 + 改用当天 6:00 发布的预报（覆盖 6:00–24:00，与 0:00 条不可横向比较）,2025-08-16,10:20-10:30,48.944950,1
④ 仅光伏不可知 + 改用当天 6:00 发布的预报（覆盖 6:00–24:00，与 0:00 条不可横向比较）,2025-08-16,10:50-11:10,22.129600,2
④ 仅光伏不可知 + 改用当天 6:00 发布的预报（覆盖 6:00–24:00，与 0:00 条不可横向比较）,2025-08-16,13:30-13:40,8.967550,1
④ 仅光伏不可知 + 改用当天 6:00 发布的预报（覆盖 6:00–24:00，与 0:00 条不可横向比较）,2025-08-16,14:40-14:50,12.385867,1
④ 仅光伏不可知 + 改用当天 6:00 发布的预报（覆盖 6:00–24:00，与 0:00 条不可横向比较）,2025-08-16,17:50-18:00,5.621933,1
④ 仅光伏不可知 + 改用当天 6:00 发布的预报（覆盖 6:00–24:00，与 0:00 条不可横向比较）,2025-08-17,6:00-6:50,679.928750,5
④ 仅光伏不可知 + 改用当天 6:00 发布的预报（覆盖 6:00–24:00，与 0:00 条不可横向比较）,2025-08-17,7:00-7:50,1142.199717,5
④ 仅光伏不可知 + 改用当天 6:00 发布的预报（覆盖 6:00–24:00，与 0:00 条不可横向比较）,2025-08-17,8:00-8:50,624.184100,5
④ 仅光伏不可知 + 改用当天 6:00 发布的预报（覆盖 6:00–24:00，与 0:00 条不可横向比较）,2025-08-17,9:00-9:50,522.066550,5
④ 仅光伏不可知 + 改用当天 6:00 发布的预报（覆盖 6:00–24:00，与 0:00 条不可横向比较）,2025-08-17,10:00-10:30,528.877900,3
④ 仅光伏不可知 + 改用当天 6:00 发布的预报（覆盖 6:00–24:00，与 0:00 条不可横向比较）,2025-08-17,15:50-16:00,37.934183,1
④ 仅光伏不可知 + 改用当天 6:00 发布的预报（覆盖 6:00–24:00，与 0:00 条不可横向比较）,2025-08-17,16:50-17:00,13.772483,1
④ 仅光伏不可知 + 改用当天 6:00 发布的预报（覆盖 6:00–24:00，与 0:00 条不可横向比较）,2025-08-17,17:50-18:00,15.799467,1
④ 仅光伏不可知 + 改用当天 6:00 发布的预报（覆盖 6:00–24:00，与 0:00 条不可横向比较）,2025-08-18,6:00-6:50,765.629917,5
④ 仅光伏不可知 + 改用当天 6:00 发布的预报（覆盖 6:00–24:00，与 0:00 条不可横向比较）,2025-08-18,7:00-7:50,794.082450,5
④ 仅光伏不可知 + 改用当天 6:00 发布的预报（覆盖 6:00–24:00，与 0:00 条不可横向比较）,2025-08-18,8:00-8:50,600.404750,5
④ 仅光伏不可知 + 改用当天 6:00 发布的预报（覆盖 6:00–24:00，与 0:00 条不可横向比较）,2025-08-18,9:00-9:20,181.038883,2
④ 仅光伏不可知 + 改用当天 6:00 发布的预报（覆盖 6:00–24:00，与 0:00 条不可横向比较）,2025-08-18,10:00-10:50,743.917383,5
④ 仅光伏不可知 + 改用当天 6:00 发布的预报（覆盖 6:00–24:00，与 0:00 条不可横向比较）,2025-08-19,6:00-9:50,3076.623733,23
④ 仅光伏不可知 + 改用当天 6:00 发布的预报（覆盖 6:00–24:00，与 0:00 条不可横向比较）,2025-08-19,10:00-10:10,1.491583,1
④ 仅光伏不可知 + 改用当天 6:00 发布的预报（覆盖 6:00–24:00，与 0:00 条不可横向比较）,2025-08-19,11:30-11:40,10.885900,1
④ 仅光伏不可知 + 改用当天 6:00 发布的预报（覆盖 6:00–24:00，与 0:00 条不可横向比较）,2025-08-19,12:40-13:00,32.989333,2
④ 仅光伏不可知 + 改用当天 6:00 发布的预报（覆盖 6:00–24:00，与 0:00 条不可横向比较）,2025-08-19,13:50-14:00,21.675783,1
④ 仅光伏不可知 + 改用当天 6:00 发布的预报（覆盖 6:00–24:00，与 0:00 条不可横向比较）,2025-08-19,14:40-15:00,103.061583,2
④ 仅光伏不可知 + 改用当天 6:00 发布的预报（覆盖 6:00–24:00，与 0:00 条不可横向比较）,2025-08-19,15:30-16:00,179.975883,3
④ 仅光伏不可知 + 改用当天 6:00 发布的预报（覆盖 6:00–24:00，与 0:00 条不可横向比较）,2025-08-19,16:40-17:00,41.399567,2
④ 仅光伏不可知 + 改用当天 6:00 发布的预报（覆盖 6:00–24:00，与 0:00 条不可横向比较）,2025-08-19,17:50-18:00,19.004750,1
④ 仅光伏不可知 + 改用当天 6:00 发布的预报（覆盖 6:00–24:00，与 0:00 条不可横向比较）,2025-08-20,6:00-6:50,602.504117,5
④ 仅光伏不可知 + 改用当天 6:00 发布的预报（覆盖 6:00–24:00，与 0:00 条不可横向比较）,2025-08-20,7:00-7:50,504.509500,5
④ 仅光伏不可知 + 改用当天 6:00 发布的预报（覆盖 6:00–24:00，与 0:00 条不可横向比较）,2025-08-20,8:00-8:40,485.928733,4
④ 仅光伏不可知 + 改用当天 6:00 发布的预报（覆盖 6:00–24:00，与 0:00 条不可横向比较）,2025-08-20,9:00-9:50,971.988183,5
④ 仅光伏不可知 + 改用当天 6:00 发布的预报（覆盖 6:00–24:00，与 0:00 条不可横向比较）,2025-08-20,10:00-13:00,1772.513850,18
④ 仅光伏不可知 + 改用当天 6:00 发布的预报（覆盖 6:00–24:00，与 0:00 条不可横向比较）,2025-08-20,13:30-14:00,92.746517,3
④ 仅光伏不可知 + 改用当天 6:00 发布的预报（覆盖 6:00–24:00，与 0:00 条不可横向比较）,2025-08-20,14:40-15:00,62.519833,2
④ 仅光伏不可知 + 改用当天 6:00 发布的预报（覆盖 6:00–24:00，与 0:00 条不可横向比较）,2025-08-21,6:00-6:50,857.362817,5
④ 仅光伏不可知 + 改用当天 6:00 发布的预报（覆盖 6:00–24:00，与 0:00 条不可横向比较）,2025-08-21,7:00-7:50,685.201000,5
④ 仅光伏不可知 + 改用当天 6:00 发布的预报（覆盖 6:00–24:00，与 0:00 条不可横向比较）,2025-08-21,8:00-8:30,398.512683,3
④ 仅光伏不可知 + 改用当天 6:00 发布的预报（覆盖 6:00–24:00，与 0:00 条不可横向比较）,2025-08-21,9:00-9:50,362.487000,5
④ 仅光伏不可知 + 改用当天 6:00 发布的预报（覆盖 6:00–24:00，与 0:00 条不可横向比较）,2025-08-21,10:00-10:50,588.508417,5
④ 仅光伏不可知 + 改用当天 6:00 发布的预报（覆盖 6:00–24:00，与 0:00 条不可横向比较）,2025-08-21,11:30-13:00,740.781817,9
④ 仅光伏不可知 + 改用当天 6:00 发布的预报（覆盖 6:00–24:00，与 0:00 条不可横向比较）,2025-08-21,13:20-14:00,158.561317,4
④ 仅光伏不可知 + 改用当天 6:00 发布的预报（覆盖 6:00–24:00，与 0:00 条不可横向比较）,2025-08-21,14:20-15:00,167.443467,4
④ 仅光伏不可知 + 改用当天 6:00 发布的预报（覆盖 6:00–24:00，与 0:00 条不可横向比较）,2025-08-22,6:00-7:20,962.244367,8
④ 仅光伏不可知 + 改用当天 6:00 发布的预报（覆盖 6:00–24:00，与 0:00 条不可横向比较）,2025-08-22,7:30-7:40,162.786133,1
④ 仅光伏不可知 + 改用当天 6:00 发布的预报（覆盖 6:00–24:00，与 0:00 条不可横向比较）,2025-08-22,7:50-8:30,804.141317,4
④ 仅光伏不可知 + 改用当天 6:00 发布的预报（覆盖 6:00–24:00，与 0:00 条不可横向比较）,2025-08-22,9:20-9:30,145.763133,1
④ 仅光伏不可知 + 改用当天 6:00 发布的预报（覆盖 6:00–24:00，与 0:00 条不可横向比较）,2025-08-22,10:10-10:20,116.899650,1
④ 仅光伏不可知 + 改用当天 6:00 发布的预报（覆盖 6:00–24:00，与 0:00 条不可横向比较）,2025-08-22,11:00-11:30,321.732367,3
④ 仅光伏不可知 + 改用当天 6:00 发布的预报（覆盖 6:00–24:00，与 0:00 条不可横向比较）,2025-08-22,13:40-13:50,65.059450,1
④ 仅光伏不可知 + 改用当天 6:00 发布的预报（覆盖 6:00–24:00，与 0:00 条不可横向比较）,2025-08-22,14:50-15:00,134.892867,1
④ 仅光伏不可知 + 改用当天 6:00 发布的预报（覆盖 6:00–24:00，与 0:00 条不可横向比较）,2025-08-22,15:40-16:00,43.303767,2
④ 仅光伏不可知 + 改用当天 6:00 发布的预报（覆盖 6:00–24:00，与 0:00 条不可横向比较）,2025-08-22,16:50-17:00,25.740417,1
④ 仅光伏不可知 + 改用当天 6:00 发布的预报（覆盖 6:00–24:00，与 0:00 条不可横向比较）,2025-08-22,17:50-18:00,10.868183,1
④ 仅光伏不可知 + 改用当天 6:00 发布的预报（覆盖 6:00–24:00，与 0:00 条不可横向比较）,2025-08-23,6:00-7:40,1469.670750,10
④ 仅光伏不可知 + 改用当天 6:00 发布的预报（覆盖 6:00–24:00，与 0:00 条不可横向比较）,2025-08-23,8:00-8:20,233.543917,2
④ 仅光伏不可知 + 改用当天 6:00 发布的预报（覆盖 6:00–24:00，与 0:00 条不可横向比较）,2025-08-23,8:30-8:40,37.552817,1
④ 仅光伏不可知 + 改用当天 6:00 发布的预报（覆盖 6:00–24:00，与 0:00 条不可横向比较）,2025-08-23,9:10-10:10,858.839900,6
④ 仅光伏不可知 + 改用当天 6:00 发布的预报（覆盖 6:00–24:00，与 0:00 条不可横向比较）,2025-08-23,10:20-10:30,176.848833,1
④ 仅光伏不可知 + 改用当天 6:00 发布的预报（覆盖 6:00–24:00，与 0:00 条不可横向比较）,2025-08-23,11:00-11:30,334.043650,3
④ 仅光伏不可知 + 改用当天 6:00 发布的预报（覆盖 6:00–24:00，与 0:00 条不可横向比较）,2025-08-23,12:20-12:30,33.664583,1
④ 仅光伏不可知 + 改用当天 6:00 发布的预报（覆盖 6:00–24:00，与 0:00 条不可横向比较）,2025-08-23,13:00-13:10,5.380800,1
④ 仅光伏不可知 + 改用当天 6:00 发布的预报（覆盖 6:00–24:00，与 0:00 条不可横向比较）,2025-08-23,13:20-13:30,93.320533,1
④ 仅光伏不可知 + 改用当天 6:00 发布的预报（覆盖 6:00–24:00，与 0:00 条不可横向比较）,2025-08-23,13:50-14:00,158.451783,1
④ 仅光伏不可知 + 改用当天 6:00 发布的预报（覆盖 6:00–24:00，与 0:00 条不可横向比较）,2025-08-23,14:40-14:50,2.807650,1
④ 仅光伏不可知 + 改用当天 6:00 发布的预报（覆盖 6:00–24:00，与 0:00 条不可横向比较）,2025-08-23,15:50-16:00,12.154983,1
④ 仅光伏不可知 + 改用当天 6:00 发布的预报（覆盖 6:00–24:00，与 0:00 条不可横向比较）,2025-08-24,6:00-7:50,1504.729567,11
④ 仅光伏不可知 + 改用当天 6:00 发布的预报（覆盖 6:00–24:00，与 0:00 条不可横向比较）,2025-08-24,8:00-8:50,499.305033,5
④ 仅光伏不可知 + 改用当天 6:00 发布的预报（覆盖 6:00–24:00，与 0:00 条不可横向比较）,2025-08-24,9:00-9:40,1014.748350,4
④ 仅光伏不可知 + 改用当天 6:00 发布的预报（覆盖 6:00–24:00，与 0:00 条不可横向比较）,2025-08-24,10:00-10:30,458.021183,3
④ 仅光伏不可知 + 改用当天 6:00 发布的预报（覆盖 6:00–24:00，与 0:00 条不可横向比较）,2025-08-24,10:40-10:50,92.793000,1
④ 仅光伏不可知 + 改用当天 6:00 发布的预报（覆盖 6:00–24:00，与 0:00 条不可横向比较）,2025-08-24,11:00-11:50,259.450167,5
④ 仅光伏不可知 + 改用当天 6:00 发布的预报（覆盖 6:00–24:00，与 0:00 条不可横向比较）,2025-08-24,12:40-12:50,11.382950,1
④ 仅光伏不可知 + 改用当天 6:00 发布的预报（覆盖 6:00–24:00，与 0:00 条不可横向比较）,2025-08-24,13:30-14:00,229.259650,3
④ 仅光伏不可知 + 改用当天 6:00 发布的预报（覆盖 6:00–24:00，与 0:00 条不可横向比较）,2025-08-24,14:30-15:00,310.992000,3
④ 仅光伏不可知 + 改用当天 6:00 发布的预报（覆盖 6:00–24:00，与 0:00 条不可横向比较）,2025-08-24,15:30-16:00,201.260383,3
④ 仅光伏不可知 + 改用当天 6:00 发布的预报（覆盖 6:00–24:00，与 0:00 条不可横向比较）,2025-08-24,16:40-17:00,128.808700,2
④ 仅光伏不可知 + 改用当天 6:00 发布的预报（覆盖 6:00–24:00，与 0:00 条不可横向比较）,2025-08-24,17:50-18:00,19.339217,1
④ 仅光伏不可知 + 改用当天 6:00 发布的预报（覆盖 6:00–24:00，与 0:00 条不可横向比较）,2025-08-25,6:00-11:00,3820.787767,30
④ 仅光伏不可知 + 改用当天 6:00 发布的预报（覆盖 6:00–24:00，与 0:00 条不可横向比较）,2025-08-25,13:00-13:20,26.226533,2
④ 仅光伏不可知 + 改用当天 6:00 发布的预报（覆盖 6:00–24:00，与 0:00 条不可横向比较）,2025-08-25,13:50-14:00,3.676850,1
④ 仅光伏不可知 + 改用当天 6:00 发布的预报（覆盖 6:00–24:00，与 0:00 条不可横向比较）,2025-08-26,6:00-11:30,4170.437900,33
④ 仅光伏不可知 + 改用当天 6:00 发布的预报（覆盖 6:00–24:00，与 0:00 条不可横向比较）,2025-08-27,6:00-8:50,1848.011000,17
④ 仅光伏不可知 + 改用当天 6:00 发布的预报（覆盖 6:00–24:00，与 0:00 条不可横向比较）,2025-08-27,9:00-9:50,1009.493533,5
④ 仅光伏不可知 + 改用当天 6:00 发布的预报（覆盖 6:00–24:00，与 0:00 条不可横向比较）,2025-08-27,15:50-16:00,1.804967,1
④ 仅光伏不可知 + 改用当天 6:00 发布的预报（覆盖 6:00–24:00，与 0:00 条不可横向比较）,2025-08-28,6:00-11:20,3635.878917,32
④ 仅光伏不可知 + 改用当天 6:00 发布的预报（覆盖 6:00–24:00，与 0:00 条不可横向比较）,2025-08-28,11:50-12:50,467.602683,6
④ 仅光伏不可知 + 改用当天 6:00 发布的预报（覆盖 6:00–24:00，与 0:00 条不可横向比较）,2025-08-29,6:00-6:50,676.467650,5
④ 仅光伏不可知 + 改用当天 6:00 发布的预报（覆盖 6:00–24:00，与 0:00 条不可横向比较）,2025-08-29,7:00-8:00,587.961650,6
④ 仅光伏不可知 + 改用当天 6:00 发布的预报（覆盖 6:00–24:00，与 0:00 条不可横向比较）,2025-08-29,8:10-8:20,201.492650,1
④ 仅光伏不可知 + 改用当天 6:00 发布的预报（覆盖 6:00–24:00，与 0:00 条不可横向比较）,2025-08-29,8:40-8:50,40.316783,1
④ 仅光伏不可知 + 改用当天 6:00 发布的预报（覆盖 6:00–24:00，与 0:00 条不可横向比较）,2025-08-29,9:00-9:40,499.117817,4
④ 仅光伏不可知 + 改用当天 6:00 发布的预报（覆盖 6:00–24:00，与 0:00 条不可横向比较）,2025-08-29,9:50-10:00,10.017983,1
④ 仅光伏不可知 + 改用当天 6:00 发布的预报（覆盖 6:00–24:00，与 0:00 条不可横向比较）,2025-08-29,10:10-10:20,83.796317,1
④ 仅光伏不可知 + 改用当天 6:00 发布的预报（覆盖 6:00–24:00，与 0:00 条不可横向比较）,2025-08-29,11:50-12:00,21.443833,1
④ 仅光伏不可知 + 改用当天 6:00 发布的预报（覆盖 6:00–24:00，与 0:00 条不可横向比较）,2025-08-29,12:50-13:00,7.784450,1
④ 仅光伏不可知 + 改用当天 6:00 发布的预报（覆盖 6:00–24:00，与 0:00 条不可横向比较）,2025-08-29,13:30-14:00,184.186450,3
④ 仅光伏不可知 + 改用当天 6:00 发布的预报（覆盖 6:00–24:00，与 0:00 条不可横向比较）,2025-08-29,14:50-15:00,36.279200,1
④ 仅光伏不可知 + 改用当天 6:00 发布的预报（覆盖 6:00–24:00，与 0:00 条不可横向比较）,2025-08-29,15:40-16:00,76.873900,2
④ 仅光伏不可知 + 改用当天 6:00 发布的预报（覆盖 6:00–24:00，与 0:00 条不可横向比较）,2025-08-29,16:50-17:00,67.447600,1
④ 仅光伏不可知 + 改用当天 6:00 发布的预报（覆盖 6:00–24:00，与 0:00 条不可横向比较）,2025-08-29,17:50-18:00,8.051317,1
④ 仅光伏不可知 + 改用当天 6:00 发布的预报（覆盖 6:00–24:00，与 0:00 条不可横向比较）,2025-08-30,6:00-6:50,832.441650,5
④ 仅光伏不可知 + 改用当天 6:00 发布的预报（覆盖 6:00–24:00，与 0:00 条不可横向比较）,2025-08-30,7:00-7:30,429.717250,3
④ 仅光伏不可知 + 改用当天 6:00 发布的预报（覆盖 6:00–24:00，与 0:00 条不可横向比较）,2025-08-30,8:00-8:10,276.418650,1
④ 仅光伏不可知 + 改用当天 6:00 发布的预报（覆盖 6:00–24:00，与 0:00 条不可横向比较）,2025-08-30,8:40-8:50,41.096950,1
④ 仅光伏不可知 + 改用当天 6:00 发布的预报（覆盖 6:00–24:00，与 0:00 条不可横向比较）,2025-08-30,9:00-9:20,512.151783,2
④ 仅光伏不可知 + 改用当天 6:00 发布的预报（覆盖 6:00–24:00，与 0:00 条不可横向比较）,2025-08-30,9:40-9:50,20.159467,1
④ 仅光伏不可知 + 改用当天 6:00 发布的预报（覆盖 6:00–24:00，与 0:00 条不可横向比较）,2025-08-30,10:00-10:10,28.220767,1
④ 仅光伏不可知 + 改用当天 6:00 发布的预报（覆盖 6:00–24:00，与 0:00 条不可横向比较）,2025-08-30,12:50-13:00,22.787917,1
④ 仅光伏不可知 + 改用当天 6:00 发布的预报（覆盖 6:00–24:00，与 0:00 条不可横向比较）,2025-08-31,6:00-7:50,1871.624667,11
④ 仅光伏不可知 + 改用当天 6:00 发布的预报（覆盖 6:00–24:00，与 0:00 条不可横向比较）,2025-08-31,8:00-8:50,755.742817,5
④ 仅光伏不可知 + 改用当天 6:00 发布的预报（覆盖 6:00–24:00，与 0:00 条不可横向比较）,2025-08-31,9:00-9:50,147.096867,5
④ 仅光伏不可知 + 改用当天 6:00 发布的预报（覆盖 6:00–24:00，与 0:00 条不可横向比较）,2025-08-31,10:00-10:10,22.775233,1
④ 仅光伏不可知 + 改用当天 6:00 发布的预报（覆盖 6:00–24:00，与 0:00 条不可横向比较）,2025-08-31,10:20-11:00,118.260917,4
④ 仅光伏不可知 + 改用当天 6:00 发布的预报（覆盖 6:00–24:00，与 0:00 条不可横向比较）,2025-08-31,12:00-13:00,178.620750,6
④ 仅光伏不可知 + 改用当天 6:00 发布的预报（覆盖 6:00–24:00，与 0:00 条不可横向比较）,2025-08-31,14:50-15:00,59.806533,1
④ 仅光伏不可知 + 改用当天 6:00 发布的预报（覆盖 6:00–24:00，与 0:00 条不可横向比较）,2025-08-31,15:40-16:00,90.547533,2
④ 仅光伏不可知 + 改用当天 6:00 发布的预报（覆盖 6:00–24:00，与 0:00 条不可横向比较）,2025-08-31,16:50-17:00,18.215533,1
④ 仅光伏不可知 + 改用当天 6:00 发布的预报（覆盖 6:00–24:00，与 0:00 条不可横向比较）,2025-09-01,6:00-6:50,854.533233,5
④ 仅光伏不可知 + 改用当天 6:00 发布的预报（覆盖 6:00–24:00，与 0:00 条不可横向比较）,2025-09-01,7:00-7:50,789.473900,5
④ 仅光伏不可知 + 改用当天 6:00 发布的预报（覆盖 6:00–24:00，与 0:00 条不可横向比较）,2025-09-01,8:00-8:50,468.529700,5
④ 仅光伏不可知 + 改用当天 6:00 发布的预报（覆盖 6:00–24:00，与 0:00 条不可横向比较）,2025-09-01,10:00-10:40,243.694050,4
④ 仅光伏不可知 + 改用当天 6:00 发布的预报（覆盖 6:00–24:00，与 0:00 条不可横向比较）,2025-09-01,11:40-14:00,714.699300,14
④ 仅光伏不可知 + 改用当天 6:00 发布的预报（覆盖 6:00–24:00，与 0:00 条不可横向比较）,2025-09-01,14:30-15:00,160.369117,3
④ 仅光伏不可知 + 改用当天 6:00 发布的预报（覆盖 6:00–24:00，与 0:00 条不可横向比较）,2025-09-01,15:40-16:00,135.459150,2
④ 仅光伏不可知 + 改用当天 6:00 发布的预报（覆盖 6:00–24:00，与 0:00 条不可横向比较）,2025-09-01,16:50-17:00,46.837317,1
④ 仅光伏不可知 + 改用当天 6:00 发布的预报（覆盖 6:00–24:00，与 0:00 条不可横向比较）,2025-09-01,17:50-18:00,16.557017,1
④ 仅光伏不可知 + 改用当天 6:00 发布的预报（覆盖 6:00–24:00，与 0:00 条不可横向比较）,2025-09-02,6:00-9:40,2705.270567,22
④ 仅光伏不可知 + 改用当天 6:00 发布的预报（覆盖 6:00–24:00，与 0:00 条不可横向比较）,2025-09-02,10:00-10:40,307.043050,4
④ 仅光伏不可知 + 改用当天 6:00 发布的预报（覆盖 6:00–24:00，与 0:00 条不可横向比较）,2025-09-02,16:50-17:00,1.825883,1
④ 仅光伏不可知 + 改用当天 6:00 发布的预报（覆盖 6:00–24:00，与 0:00 条不可横向比较）,2025-09-02,17:50-18:00,1.872883,1
④ 仅光伏不可知 + 改用当天 6:00 发布的预报（覆盖 6:00–24:00，与 0:00 条不可横向比较）,2025-09-03,6:00-6:50,954.267917,5
④ 仅光伏不可知 + 改用当天 6:00 发布的预报（覆盖 6:00–24:00，与 0:00 条不可横向比较）,2025-09-03,7:00-7:50,884.931067,5
④ 仅光伏不可知 + 改用当天 6:00 发布的预报（覆盖 6:00–24:00，与 0:00 条不可横向比较）,2025-09-03,8:00-8:50,586.352150,5
④ 仅光伏不可知 + 改用当天 6:00 发布的预报（覆盖 6:00–24:00，与 0:00 条不可横向比较）,2025-09-03,9:00-9:50,491.560300,5
④ 仅光伏不可知 + 改用当天 6:00 发布的预报（覆盖 6:00–24:00，与 0:00 条不可横向比较）,2025-09-03,11:00-11:40,555.440300,4
④ 仅光伏不可知 + 改用当天 6:00 发布的预报（覆盖 6:00–24:00，与 0:00 条不可横向比较）,2025-09-03,12:40-13:00,38.065183,2
④ 仅光伏不可知 + 改用当天 6:00 发布的预报（覆盖 6:00–24:00，与 0:00 条不可横向比较）,2025-09-03,13:20-14:00,119.472333,4
④ 仅光伏不可知 + 改用当天 6:00 发布的预报（覆盖 6:00–24:00，与 0:00 条不可横向比较）,2025-09-03,14:40-15:00,64.655733,2
④ 仅光伏不可知 + 改用当天 6:00 发布的预报（覆盖 6:00–24:00，与 0:00 条不可横向比较）,2025-09-03,16:50-17:00,10.724233,1
④ 仅光伏不可知 + 改用当天 6:00 发布的预报（覆盖 6:00–24:00，与 0:00 条不可横向比较）,2025-09-04,6:00-10:20,3721.011383,26
④ 仅光伏不可知 + 改用当天 6:00 发布的预报（覆盖 6:00–24:00，与 0:00 条不可横向比较）,2025-09-04,10:30-10:40,1.019550,1
④ 仅光伏不可知 + 改用当天 6:00 发布的预报（覆盖 6:00–24:00，与 0:00 条不可横向比较）,2025-09-04,10:50-11:50,697.632033,6
④ 仅光伏不可知 + 改用当天 6:00 发布的预报（覆盖 6:00–24:00，与 0:00 条不可横向比较）,2025-09-04,12:00-12:20,39.358467,2
④ 仅光伏不可知 + 改用当天 6:00 发布的预报（覆盖 6:00–24:00，与 0:00 条不可横向比较）,2025-09-04,12:40-13:00,48.114050,2
④ 仅光伏不可知 + 改用当天 6:00 发布的预报（覆盖 6:00–24:00，与 0:00 条不可横向比较）,2025-09-05,6:00-6:50,905.557167,5
④ 仅光伏不可知 + 改用当天 6:00 发布的预报（覆盖 6:00–24:00，与 0:00 条不可横向比较）,2025-09-05,7:00-7:40,548.090433,4
④ 仅光伏不可知 + 改用当天 6:00 发布的预报（覆盖 6:00–24:00，与 0:00 条不可横向比较）,2025-09-05,8:00-8:40,750.759183,4
④ 仅光伏不可知 + 改用当天 6:00 发布的预报（覆盖 6:00–24:00，与 0:00 条不可横向比较）,2025-09-05,9:10-9:30,223.162400,2
④ 仅光伏不可知 + 改用当天 6:00 发布的预报（覆盖 6:00–24:00，与 0:00 条不可横向比较）,2025-09-05,9:50-10:00,2.446833,1
④ 仅光伏不可知 + 改用当天 6:00 发布的预报（覆盖 6:00–24:00，与 0:00 条不可横向比较）,2025-09-05,10:20-10:40,88.365500,2
④ 仅光伏不可知 + 改用当天 6:00 发布的预报（覆盖 6:00–24:00，与 0:00 条不可横向比较）,2025-09-05,11:00-11:10,7.731850,1
④ 仅光伏不可知 + 改用当天 6:00 发布的预报（覆盖 6:00–24:00，与 0:00 条不可横向比较）,2025-09-05,11:30-11:50,64.540900,2
④ 仅光伏不可知 + 改用当天 6:00 发布的预报（覆盖 6:00–24:00，与 0:00 条不可横向比较）,2025-09-05,12:20-12:40,158.253150,2
④ 仅光伏不可知 + 改用当天 6:00 发布的预报（覆盖 6:00–24:00，与 0:00 条不可横向比较）,2025-09-05,13:50-14:00,16.443750,1
④ 仅光伏不可知 + 改用当天 6:00 发布的预报（覆盖 6:00–24:00，与 0:00 条不可横向比较）,2025-09-05,14:50-15:00,51.418750,1
④ 仅光伏不可知 + 改用当天 6:00 发布的预报（覆盖 6:00–24:00，与 0:00 条不可横向比较）,2025-09-05,16:50-17:00,27.814817,1
④ 仅光伏不可知 + 改用当天 6:00 发布的预报（覆盖 6:00–24:00，与 0:00 条不可横向比较）,2025-09-05,17:50-18:00,4.879317,1
④ 仅光伏不可知 + 改用当天 6:00 发布的预报（覆盖 6:00–24:00，与 0:00 条不可横向比较）,2025-09-06,6:00-7:50,1390.729583,11
④ 仅光伏不可知 + 改用当天 6:00 发布的预报（覆盖 6:00–24:00，与 0:00 条不可横向比较）,2025-09-06,9:00-9:10,248.163217,1
④ 仅光伏不可知 + 改用当天 6:00 发布的预报（覆盖 6:00–24:00，与 0:00 条不可横向比较）,2025-09-06,9:40-9:50,40.224917,1
④ 仅光伏不可知 + 改用当天 6:00 发布的预报（覆盖 6:00–24:00，与 0:00 条不可横向比较）,2025-09-06,10:00-10:20,181.093683,2
④ 仅光伏不可知 + 改用当天 6:00 发布的预报（覆盖 6:00–24:00，与 0:00 条不可横向比较）,2025-09-06,10:30-10:40,20.140417,1
④ 仅光伏不可知 + 改用当天 6:00 发布的预报（覆盖 6:00–24:00，与 0:00 条不可横向比较）,2025-09-06,11:10-11:20,9.665883,1
④ 仅光伏不可知 + 改用当天 6:00 发布的预报（覆盖 6:00–24:00，与 0:00 条不可横向比较）,2025-09-07,6:00-6:50,820.986983,5
④ 仅光伏不可知 + 改用当天 6:00 发布的预报（覆盖 6:00–24:00，与 0:00 条不可横向比较）,2025-09-07,7:00-7:50,705.805700,5
④ 仅光伏不可知 + 改用当天 6:00 发布的预报（覆盖 6:00–24:00，与 0:00 条不可横向比较）,2025-09-07,8:00-8:50,703.635117,5
④ 仅光伏不可知 + 改用当天 6:00 发布的预报（覆盖 6:00–24:00，与 0:00 条不可横向比较）,2025-09-07,9:00-10:20,873.540850,8
④ 仅光伏不可知 + 改用当天 6:00 发布的预报（覆盖 6:00–24:00，与 0:00 条不可横向比较）,2025-09-08,6:00-6:50,868.030867,5
④ 仅光伏不可知 + 改用当天 6:00 发布的预报（覆盖 6:00–24:00，与 0:00 条不可横向比较）,2025-09-08,7:00-7:50,700.733767,5
④ 仅光伏不可知 + 改用当天 6:00 发布的预报（覆盖 6:00–24:00，与 0:00 条不可横向比较）,2025-09-08,8:00-8:50,695.787517,5
④ 仅光伏不可知 + 改用当天 6:00 发布的预报（覆盖 6:00–24:00，与 0:00 条不可横向比较）,2025-09-08,9:00-9:20,94.498067,2
④ 仅光伏不可知 + 改用当天 6:00 发布的预报（覆盖 6:00–24:00，与 0:00 条不可横向比较）,2025-09-08,9:50-11:10,862.643550,8
④ 仅光伏不可知 + 改用当天 6:00 发布的预报（覆盖 6:00–24:00，与 0:00 条不可横向比较）,2025-09-08,11:50-12:00,10.376667,1
④ 仅光伏不可知 + 改用当天 6:00 发布的预报（覆盖 6:00–24:00，与 0:00 条不可横向比较）,2025-09-08,12:50-13:00,35.382550,1
④ 仅光伏不可知 + 改用当天 6:00 发布的预报（覆盖 6:00–24:00，与 0:00 条不可横向比较）,2025-09-08,13:40-14:00,103.388150,2
④ 仅光伏不可知 + 改用当天 6:00 发布的预报（覆盖 6:00–24:00，与 0:00 条不可横向比较）,2025-09-08,14:50-15:00,9.322717,1
④ 仅光伏不可知 + 改用当天 6:00 发布的预报（覆盖 6:00–24:00，与 0:00 条不可横向比较）,2025-09-08,15:50-16:00,13.157183,1
④ 仅光伏不可知 + 改用当天 6:00 发布的预报（覆盖 6:00–24:00，与 0:00 条不可横向比较）,2025-09-08,16:50-17:00,21.752200,1
④ 仅光伏不可知 + 改用当天 6:00 发布的预报（覆盖 6:00–24:00，与 0:00 条不可横向比较）,2025-09-08,17:50-18:00,5.548050,1
④ 仅光伏不可知 + 改用当天 6:00 发布的预报（覆盖 6:00–24:00，与 0:00 条不可横向比较）,2025-09-09,6:00-8:50,3044.390050,17
④ 仅光伏不可知 + 改用当天 6:00 发布的预报（覆盖 6:00–24:00，与 0:00 条不可横向比较）,2025-09-09,9:00-10:20,939.153083,8
④ 仅光伏不可知 + 改用当天 6:00 发布的预报（覆盖 6:00–24:00，与 0:00 条不可横向比较）,2025-09-09,10:50-11:50,322.575883,6
④ 仅光伏不可知 + 改用当天 6:00 发布的预报（覆盖 6:00–24:00，与 0:00 条不可横向比较）,2025-09-10,6:00-12:00,3921.978150,36
④ 仅光伏不可知 + 改用当天 6:00 发布的预报（覆盖 6:00–24:00，与 0:00 条不可横向比较）,2025-09-10,12:30-13:00,311.634633,3
④ 仅光伏不可知 + 改用当天 6:00 发布的预报（覆盖 6:00–24:00，与 0:00 条不可横向比较）,2025-09-10,13:10-15:00,663.717883,11
④ 仅光伏不可知 + 改用当天 6:00 发布的预报（覆盖 6:00–24:00，与 0:00 条不可横向比较）,2025-09-10,15:30-16:00,149.032483,3
④ 仅光伏不可知 + 改用当天 6:00 发布的预报（覆盖 6:00–24:00，与 0:00 条不可横向比较）,2025-09-10,16:50-17:00,48.122300,1
④ 仅光伏不可知 + 改用当天 6:00 发布的预报（覆盖 6:00–24:00，与 0:00 条不可横向比较）,2025-09-10,17:50-18:00,2.810033,1
④ 仅光伏不可知 + 改用当天 6:00 发布的预报（覆盖 6:00–24:00，与 0:00 条不可横向比较）,2025-09-11,6:00-7:50,1681.026817,11
④ 仅光伏不可知 + 改用当天 6:00 发布的预报（覆盖 6:00–24:00，与 0:00 条不可横向比较）,2025-09-11,8:00-8:50,894.634667,5
④ 仅光伏不可知 + 改用当天 6:00 发布的预报（覆盖 6:00–24:00，与 0:00 条不可横向比较）,2025-09-11,9:00-9:30,672.155083,3
④ 仅光伏不可知 + 改用当天 6:00 发布的预报（覆盖 6:00–24:00，与 0:00 条不可横向比较）,2025-09-11,9:40-10:00,79.042017,2
④ 仅光伏不可知 + 改用当天 6:00 发布的预报（覆盖 6:00–24:00，与 0:00 条不可横向比较）,2025-09-11,10:10-11:20,453.254950,7
④ 仅光伏不可知 + 改用当天 6:00 发布的预报（覆盖 6:00–24:00，与 0:00 条不可横向比较）,2025-09-11,11:30-12:20,268.752933,5
④ 仅光伏不可知 + 改用当天 6:00 发布的预报（覆盖 6:00–24:00，与 0:00 条不可横向比较）,2025-09-11,12:30-12:40,51.389600,1
④ 仅光伏不可知 + 改用当天 6:00 发布的预报（覆盖 6:00–24:00，与 0:00 条不可横向比较）,2025-09-11,13:50-14:00,89.937500,1
④ 仅光伏不可知 + 改用当天 6:00 发布的预报（覆盖 6:00–24:00，与 0:00 条不可横向比较）,2025-09-11,14:50-15:00,34.982150,1
④ 仅光伏不可知 + 改用当天 6:00 发布的预报（覆盖 6:00–24:00，与 0:00 条不可横向比较）,2025-09-11,15:50-16:00,1.786117,1
④ 仅光伏不可知 + 改用当天 6:00 发布的预报（覆盖 6:00–24:00，与 0:00 条不可横向比较）,2025-09-11,16:50-17:00,9.600700,1
④ 仅光伏不可知 + 改用当天 6:00 发布的预报（覆盖 6:00–24:00，与 0:00 条不可横向比较）,2025-09-11,17:50-18:00,0.111750,1
④ 仅光伏不可知 + 改用当天 6:00 发布的预报（覆盖 6:00–24:00，与 0:00 条不可横向比较）,2025-09-12,6:00-7:40,1489.605500,10
④ 仅光伏不可知 + 改用当天 6:00 发布的预报（覆盖 6:00–24:00，与 0:00 条不可横向比较）,2025-09-12,8:00-8:10,333.111500,1
④ 仅光伏不可知 + 改用当天 6:00 发布的预报（覆盖 6:00–24:00，与 0:00 条不可横向比较）,2025-09-12,8:40-9:20,651.114750,4
④ 仅光伏不可知 + 改用当天 6:00 发布的预报（覆盖 6:00–24:00，与 0:00 条不可横向比较）,2025-09-12,9:40-10:10,344.325050,3
④ 仅光伏不可知 + 改用当天 6:00 发布的预报（覆盖 6:00–24:00，与 0:00 条不可横向比较）,2025-09-12,10:20-10:40,394.735350,2
④ 仅光伏不可知 + 改用当天 6:00 发布的预报（覆盖 6:00–24:00，与 0:00 条不可横向比较）,2025-09-12,10:50-11:10,184.710133,2
④ 仅光伏不可知 + 改用当天 6:00 发布的预报（覆盖 6:00–24:00，与 0:00 条不可横向比较）,2025-09-12,12:10-12:30,71.561967,2
④ 仅光伏不可知 + 改用当天 6:00 发布的预报（覆盖 6:00–24:00，与 0:00 条不可横向比较）,2025-09-12,12:50-13:00,9.498333,1
④ 仅光伏不可知 + 改用当天 6:00 发布的预报（覆盖 6:00–24:00，与 0:00 条不可横向比较）,2025-09-12,13:10-13:40,138.862400,3
④ 仅光伏不可知 + 改用当天 6:00 发布的预报（覆盖 6:00–24:00，与 0:00 条不可横向比较）,2025-09-12,13:50-14:00,44.712500,1
④ 仅光伏不可知 + 改用当天 6:00 发布的预报（覆盖 6:00–24:00，与 0:00 条不可横向比较）,2025-09-12,14:50-15:00,133.155367,1
④ 仅光伏不可知 + 改用当天 6:00 发布的预报（覆盖 6:00–24:00，与 0:00 条不可横向比较）,2025-09-12,16:50-17:00,29.562400,1
④ 仅光伏不可知 + 改用当天 6:00 发布的预报（覆盖 6:00–24:00，与 0:00 条不可横向比较）,2025-09-12,17:50-18:00,0.919317,1
④ 仅光伏不可知 + 改用当天 6:00 发布的预报（覆盖 6:00–24:00，与 0:00 条不可横向比较）,2025-09-13,6:00-6:50,723.610150,5
④ 仅光伏不可知 + 改用当天 6:00 发布的预报（覆盖 6:00–24:00，与 0:00 条不可横向比较）,2025-09-13,7:00-7:50,628.075700,5
④ 仅光伏不可知 + 改用当天 6:00 发布的预报（覆盖 6:00–24:00，与 0:00 条不可横向比较）,2025-09-13,8:00-8:20,509.852850,2
④ 仅光伏不可知 + 改用当天 6:00 发布的预报（覆盖 6:00–24:00，与 0:00 条不可横向比较）,2025-09-13,9:10-9:30,180.243833,2
④ 仅光伏不可知 + 改用当天 6:00 发布的预报（覆盖 6:00–24:00，与 0:00 条不可横向比较）,2025-09-13,10:10-10:20,9.651233,1
④ 仅光伏不可知 + 改用当天 6:00 发布的预报（覆盖 6:00–24:00，与 0:00 条不可横向比较）,2025-09-13,15:40-16:00,65.140250,2
④ 仅光伏不可知 + 改用当天 6:00 发布的预报（覆盖 6:00–24:00，与 0:00 条不可横向比较）,2025-09-13,16:50-17:00,33.221983,1
④ 仅光伏不可知 + 改用当天 6:00 发布的预报（覆盖 6:00–24:00，与 0:00 条不可横向比较）,2025-09-13,17:50-18:00,3.945017,1
④ 仅光伏不可知 + 改用当天 6:00 发布的预报（覆盖 6:00–24:00，与 0:00 条不可横向比较）,2025-09-14,6:00-6:50,731.103783,5
④ 仅光伏不可知 + 改用当天 6:00 发布的预报（覆盖 6:00–24:00，与 0:00 条不可横向比较）,2025-09-14,7:00-7:50,772.061733,5
④ 仅光伏不可知 + 改用当天 6:00 发布的预报（覆盖 6:00–24:00，与 0:00 条不可横向比较）,2025-09-14,8:00-8:50,445.833750,5
④ 仅光伏不可知 + 改用当天 6:00 发布的预报（覆盖 6:00–24:00，与 0:00 条不可横向比较）,2025-09-14,9:00-9:30,221.761933,3
④ 仅光伏不可知 + 改用当天 6:00 发布的预报（覆盖 6:00–24:00，与 0:00 条不可横向比较）,2025-09-14,10:00-10:40,647.437667,4
④ 仅光伏不可知 + 改用当天 6:00 发布的预报（覆盖 6:00–24:00，与 0:00 条不可横向比较）,2025-09-14,11:00-11:20,13.091200,2
④ 仅光伏不可知 + 改用当天 6:00 发布的预报（覆盖 6:00–24:00，与 0:00 条不可横向比较）,2025-09-14,11:50-13:00,342.771017,7
④ 仅光伏不可知 + 改用当天 6:00 发布的预报（覆盖 6:00–24:00，与 0:00 条不可横向比较）,2025-09-14,13:40-14:00,86.471583,2
④ 仅光伏不可知 + 改用当天 6:00 发布的预报（覆盖 6:00–24:00，与 0:00 条不可横向比较）,2025-09-14,14:50-15:00,26.346433,1
④ 仅光伏不可知 + 改用当天 6:00 发布的预报（覆盖 6:00–24:00，与 0:00 条不可横向比较）,2025-09-15,6:00-10:00,4120.959000,24
④ 仅光伏不可知 + 改用当天 6:00 发布的预报（覆盖 6:00–24:00，与 0:00 条不可横向比较）,2025-09-15,10:10-10:30,273.530600,2
④ 仅光伏不可知 + 改用当天 6:00 发布的预报（覆盖 6:00–24:00，与 0:00 条不可横向比较）,2025-09-15,11:00-11:20,149.829983,2
④ 仅光伏不可知 + 改用当天 6:00 发布的预报（覆盖 6:00–24:00，与 0:00 条不可横向比较）,2025-09-15,11:30-12:00,175.779667,3
④ 仅光伏不可知 + 改用当天 6:00 发布的预报（覆盖 6:00–24:00，与 0:00 条不可横向比较）,2025-09-15,14:40-15:00,128.943167,2
④ 仅光伏不可知 + 改用当天 6:00 发布的预报（覆盖 6:00–24:00，与 0:00 条不可横向比较）,2025-09-15,15:50-16:00,23.333450,1
④ 仅光伏不可知 + 改用当天 6:00 发布的预报（覆盖 6:00–24:00，与 0:00 条不可横向比较）,2025-09-15,17:50-18:00,1.198133,1
④ 仅光伏不可知 + 改用当天 6:00 发布的预报（覆盖 6:00–24:00，与 0:00 条不可横向比较）,2025-09-16,6:00-6:50,697.359483,5
④ 仅光伏不可知 + 改用当天 6:00 发布的预报（覆盖 6:00–24:00，与 0:00 条不可横向比较）,2025-09-16,7:00-7:50,832.095467,5
④ 仅光伏不可知 + 改用当天 6:00 发布的预报（覆盖 6:00–24:00，与 0:00 条不可横向比较）,2025-09-16,8:00-8:50,674.598100,5
④ 仅光伏不可知 + 改用当天 6:00 发布的预报（覆盖 6:00–24:00，与 0:00 条不可横向比较）,2025-09-16,9:00-9:40,412.691300,4
④ 仅光伏不可知 + 改用当天 6:00 发布的预报（覆盖 6:00–24:00，与 0:00 条不可横向比较）,2025-09-16,10:00-10:10,15.021267,1
④ 仅光伏不可知 + 改用当天 6:00 发布的预报（覆盖 6:00–24:00，与 0:00 条不可横向比较）,2025-09-16,10:30-10:50,17.455900,2
④ 仅光伏不可知 + 改用当天 6:00 发布的预报（覆盖 6:00–24:00，与 0:00 条不可横向比较）,2025-09-16,15:40-16:00,26.880267,2
④ 仅光伏不可知 + 改用当天 6:00 发布的预报（覆盖 6:00–24:00，与 0:00 条不可横向比较）,2025-09-16,16:50-17:00,6.072317,1
④ 仅光伏不可知 + 改用当天 6:00 发布的预报（覆盖 6:00–24:00，与 0:00 条不可横向比较）,2025-09-16,17:50-18:00,2.091350,1
④ 仅光伏不可知 + 改用当天 6:00 发布的预报（覆盖 6:00–24:00，与 0:00 条不可横向比较）,2025-09-17,6:00-8:40,2094.095483,16
④ 仅光伏不可知 + 改用当天 6:00 发布的预报（覆盖 6:00–24:00，与 0:00 条不可横向比较）,2025-09-17,9:00-12:20,2307.604083,20
④ 仅光伏不可知 + 改用当天 6:00 发布的预报（覆盖 6:00–24:00，与 0:00 条不可横向比较）,2025-09-17,12:30-13:00,229.247150,3
④ 仅光伏不可知 + 改用当天 6:00 发布的预报（覆盖 6:00–24:00，与 0:00 条不可横向比较）,2025-09-17,13:30-14:00,145.218550,3
④ 仅光伏不可知 + 改用当天 6:00 发布的预报（覆盖 6:00–24:00，与 0:00 条不可横向比较）,2025-09-18,6:00-6:50,789.061417,5
④ 仅光伏不可知 + 改用当天 6:00 发布的预报（覆盖 6:00–24:00，与 0:00 条不可横向比较）,2025-09-18,7:00-7:50,896.709050,5
④ 仅光伏不可知 + 改用当天 6:00 发布的预报（覆盖 6:00–24:00，与 0:00 条不可横向比较）,2025-09-18,8:00-8:50,513.961050,5
④ 仅光伏不可知 + 改用当天 6:00 发布的预报（覆盖 6:00–24:00，与 0:00 条不可横向比较）,2025-09-18,9:00-9:40,398.214850,4
④ 仅光伏不可知 + 改用当天 6:00 发布的预报（覆盖 6:00–24:00，与 0:00 条不可横向比较）,2025-09-18,10:00-10:30,278.027600,3
④ 仅光伏不可知 + 改用当天 6:00 发布的预报（覆盖 6:00–24:00，与 0:00 条不可横向比较）,2025-09-18,16:50-17:00,8.925050,1
④ 仅光伏不可知 + 改用当天 6:00 发布的预报（覆盖 6:00–24:00，与 0:00 条不可横向比较）,2025-09-19,6:00-7:50,1382.466517,11
④ 仅光伏不可知 + 改用当天 6:00 发布的预报（覆盖 6:00–24:00，与 0:00 条不可横向比较）,2025-09-19,8:00-8:20,562.670667,2
④ 仅光伏不可知 + 改用当天 6:00 发布的预报（覆盖 6:00–24:00，与 0:00 条不可横向比较）,2025-09-19,9:50-10:10,113.753733,2
④ 仅光伏不可知 + 改用当天 6:00 发布的预报（覆盖 6:00–24:00，与 0:00 条不可横向比较）,2025-09-19,10:20-10:30,67.175167,1
④ 仅光伏不可知 + 改用当天 6:00 发布的预报（覆盖 6:00–24:00，与 0:00 条不可横向比较）,2025-09-19,10:40-10:50,10.281383,1
④ 仅光伏不可知 + 改用当天 6:00 发布的预报（覆盖 6:00–24:00，与 0:00 条不可横向比较）,2025-09-19,11:00-11:20,28.169517,2
④ 仅光伏不可知 + 改用当天 6:00 发布的预报（覆盖 6:00–24:00，与 0:00 条不可横向比较）,2025-09-19,11:40-12:00,44.695117,2
④ 仅光伏不可知 + 改用当天 6:00 发布的预报（覆盖 6:00–24:00，与 0:00 条不可横向比较）,2025-09-19,12:10-12:20,64.956250,1
④ 仅光伏不可知 + 改用当天 6:00 发布的预报（覆盖 6:00–24:00，与 0:00 条不可横向比较）,2025-09-19,12:30-12:50,159.949133,2
④ 仅光伏不可知 + 改用当天 6:00 发布的预报（覆盖 6:00–24:00，与 0:00 条不可横向比较）,2025-09-20,6:00-7:50,1560.108083,11
④ 仅光伏不可知 + 改用当天 6:00 发布的预报（覆盖 6:00–24:00，与 0:00 条不可横向比较）,2025-09-20,8:00-8:20,433.741250,2
④ 仅光伏不可知 + 改用当天 6:00 发布的预报（覆盖 6:00–24:00，与 0:00 条不可横向比较）,2025-09-20,8:40-9:40,1081.200317,6
④ 仅光伏不可知 + 改用当天 6:00 发布的预报（覆盖 6:00–24:00，与 0:00 条不可横向比较）,2025-09-20,10:00-10:10,113.632450,1
④ 仅光伏不可知 + 改用当天 6:00 发布的预报（覆盖 6:00–24:00，与 0:00 条不可横向比较）,2025-09-20,10:30-10:40,25.396483,1
④ 仅光伏不可知 + 改用当天 6:00 发布的预报（覆盖 6:00–24:00，与 0:00 条不可横向比较）,2025-09-21,6:00-8:50,2542.637867,17
④ 仅光伏不可知 + 改用当天 6:00 发布的预报（覆盖 6:00–24:00，与 0:00 条不可横向比较）,2025-09-21,9:00-9:20,62.275250,2
④ 仅光伏不可知 + 改用当天 6:00 发布的预报（覆盖 6:00–24:00，与 0:00 条不可横向比较）,2025-09-22,6:00-13:00,5177.935333,42
④ 仅光伏不可知 + 改用当天 6:00 发布的预报（覆盖 6:00–24:00，与 0:00 条不可横向比较）,2025-09-23,6:00-6:50,692.041417,5
④ 仅光伏不可知 + 改用当天 6:00 发布的预报（覆盖 6:00–24:00，与 0:00 条不可横向比较）,2025-09-23,7:00-12:00,3102.334683,30
④ 仅光伏不可知 + 改用当天 6:00 发布的预报（覆盖 6:00–24:00，与 0:00 条不可横向比较）,2025-09-24,6:00-11:00,3904.799267,30
④ 仅光伏不可知 + 改用当天 6:00 发布的预报（覆盖 6:00–24:00，与 0:00 条不可横向比较）,2025-09-24,11:30-13:00,698.758000,9
④ 仅光伏不可知 + 改用当天 6:00 发布的预报（覆盖 6:00–24:00，与 0:00 条不可横向比较）,2025-09-24,13:20-13:30,14.415800,1
④ 仅光伏不可知 + 改用当天 6:00 发布的预报（覆盖 6:00–24:00，与 0:00 条不可横向比较）,2025-09-24,13:40-14:00,88.588483,2
④ 仅光伏不可知 + 改用当天 6:00 发布的预报（覆盖 6:00–24:00，与 0:00 条不可横向比较）,2025-09-24,14:50-15:00,52.056250,1
④ 仅光伏不可知 + 改用当天 6:00 发布的预报（覆盖 6:00–24:00，与 0:00 条不可横向比较）,2025-09-24,15:50-16:00,15.747217,1
④ 仅光伏不可知 + 改用当天 6:00 发布的预报（覆盖 6:00–24:00，与 0:00 条不可横向比较）,2025-09-24,16:50-17:00,31.355600,1
④ 仅光伏不可知 + 改用当天 6:00 发布的预报（覆盖 6:00–24:00，与 0:00 条不可横向比较）,2025-09-25,6:00-6:50,782.037983,5
④ 仅光伏不可知 + 改用当天 6:00 发布的预报（覆盖 6:00–24:00，与 0:00 条不可横向比较）,2025-09-25,7:00-7:50,676.784267,5
④ 仅光伏不可知 + 改用当天 6:00 发布的预报（覆盖 6:00–24:00，与 0:00 条不可横向比较）,2025-09-25,8:00-8:50,593.260167,5
④ 仅光伏不可知 + 改用当天 6:00 发布的预报（覆盖 6:00–24:00，与 0:00 条不可横向比较）,2025-09-25,9:00-9:10,38.282483,1
④ 仅光伏不可知 + 改用当天 6:00 发布的预报（覆盖 6:00–24:00，与 0:00 条不可横向比较）,2025-09-25,10:00-10:30,219.960800,3
④ 仅光伏不可知 + 改用当天 6:00 发布的预报（覆盖 6:00–24:00，与 0:00 条不可横向比较）,2025-09-25,16:50-17:00,0.279967,1
④ 仅光伏不可知 + 改用当天 6:00 发布的预报（覆盖 6:00–24:00，与 0:00 条不可横向比较）,2025-09-26,6:00-6:50,756.690833,5
④ 仅光伏不可知 + 改用当天 6:00 发布的预报（覆盖 6:00–24:00，与 0:00 条不可横向比较）,2025-09-26,7:00-7:50,711.328383,5
④ 仅光伏不可知 + 改用当天 6:00 发布的预报（覆盖 6:00–24:00，与 0:00 条不可横向比较）,2025-09-26,8:00-8:20,255.947017,2
④ 仅光伏不可知 + 改用当天 6:00 发布的预报（覆盖 6:00–24:00，与 0:00 条不可横向比较）,2025-09-26,8:40-9:40,725.435833,6
④ 仅光伏不可知 + 改用当天 6:00 发布的预报（覆盖 6:00–24:00，与 0:00 条不可横向比较）,2025-09-26,10:00-10:10,64.233267,1
④ 仅光伏不可知 + 改用当天 6:00 发布的预报（覆盖 6:00–24:00，与 0:00 条不可横向比较）,2025-09-26,11:10-11:30,105.444533,2
④ 仅光伏不可知 + 改用当天 6:00 发布的预报（覆盖 6:00–24:00，与 0:00 条不可横向比较）,2025-09-26,12:10-12:40,157.710483,3
④ 仅光伏不可知 + 改用当天 6:00 发布的预报（覆盖 6:00–24:00，与 0:00 条不可横向比较）,2025-09-26,13:50-14:00,16.148533,1
④ 仅光伏不可知 + 改用当天 6:00 发布的预报（覆盖 6:00–24:00，与 0:00 条不可横向比较）,2025-09-26,16:50-17:00,20.017583,1
④ 仅光伏不可知 + 改用当天 6:00 发布的预报（覆盖 6:00–24:00，与 0:00 条不可横向比较）,2025-09-27,6:00-6:50,645.925200,5
④ 仅光伏不可知 + 改用当天 6:00 发布的预报（覆盖 6:00–24:00，与 0:00 条不可横向比较）,2025-09-27,7:00-7:40,802.115633,4
④ 仅光伏不可知 + 改用当天 6:00 发布的预报（覆盖 6:00–24:00，与 0:00 条不可横向比较）,2025-09-27,8:00-8:20,550.906567,2
④ 仅光伏不可知 + 改用当天 6:00 发布的预报（覆盖 6:00–24:00，与 0:00 条不可横向比较）,2025-09-27,8:40-8:50,48.479317,1
④ 仅光伏不可知 + 改用当天 6:00 发布的预报（覆盖 6:00–24:00，与 0:00 条不可横向比较）,2025-09-27,9:00-9:40,657.112050,4
④ 仅光伏不可知 + 改用当天 6:00 发布的预报（覆盖 6:00–24:00，与 0:00 条不可横向比较）,2025-09-27,10:00-10:10,64.893183,1
④ 仅光伏不可知 + 改用当天 6:00 发布的预报（覆盖 6:00–24:00，与 0:00 条不可横向比较）,2025-09-27,10:30-10:50,64.638283,2
④ 仅光伏不可知 + 改用当天 6:00 发布的预报（覆盖 6:00–24:00，与 0:00 条不可横向比较）,2025-09-27,11:10-11:20,2.898267,1
④ 仅光伏不可知 + 改用当天 6:00 发布的预报（覆盖 6:00–24:00，与 0:00 条不可横向比较）,2025-09-27,11:40-11:50,1.339850,1
④ 仅光伏不可知 + 改用当天 6:00 发布的预报（覆盖 6:00–24:00，与 0:00 条不可横向比较）,2025-09-28,6:00-6:50,709.194983,5
④ 仅光伏不可知 + 改用当天 6:00 发布的预报（覆盖 6:00–24:00，与 0:00 条不可横向比较）,2025-09-28,7:00-7:50,814.915050,5
④ 仅光伏不可知 + 改用当天 6:00 发布的预报（覆盖 6:00–24:00，与 0:00 条不可横向比较）,2025-09-28,8:00-8:50,601.052633,5
④ 仅光伏不可知 + 改用当天 6:00 发布的预报（覆盖 6:00–24:00，与 0:00 条不可横向比较）,2025-09-28,9:00-9:40,311.392783,4
④ 仅光伏不可知 + 改用当天 6:00 发布的预报（覆盖 6:00–24:00，与 0:00 条不可横向比较）,2025-09-28,10:00-10:30,85.641367,3
④ 仅光伏不可知 + 改用当天 6:00 发布的预报（覆盖 6:00–24:00，与 0:00 条不可横向比较）,2025-09-28,16:50-17:00,10.689800,1
④ 仅光伏不可知 + 改用当天 6:00 发布的预报（覆盖 6:00–24:00，与 0:00 条不可横向比较）,2025-09-29,6:00-12:00,6302.661717,36
④ 仅光伏不可知 + 改用当天 6:00 发布的预报（覆盖 6:00–24:00，与 0:00 条不可横向比较）,2025-09-29,12:20-14:00,690.450900,10
④ 仅光伏不可知 + 改用当天 6:00 发布的预报（覆盖 6:00–24:00，与 0:00 条不可横向比较）,2025-09-30,6:00-6:50,678.005400,5
④ 仅光伏不可知 + 改用当天 6:00 发布的预报（覆盖 6:00–24:00，与 0:00 条不可横向比较）,2025-09-30,7:00-12:10,3861.582883,31
④ 仅光伏不可知 + 改用当天 6:00 发布的预报（覆盖 6:00–24:00，与 0:00 条不可横向比较）,2025-09-30,12:40-13:00,117.677083,2
④ 仅光伏不可知 + 改用当天 6:00 发布的预报（覆盖 6:00–24:00，与 0:00 条不可横向比较）,2025-09-30,13:50-14:00,29.530817,1
④ 仅光伏不可知 + 改用当天 6:00 发布的预报（覆盖 6:00–24:00，与 0:00 条不可横向比较）,2025-10-01,6:00-7:50,1849.836683,11
④ 仅光伏不可知 + 改用当天 6:00 发布的预报（覆盖 6:00–24:00，与 0:00 条不可横向比较）,2025-10-01,8:00-8:50,959.204050,5
④ 仅光伏不可知 + 改用当天 6:00 发布的预报（覆盖 6:00–24:00，与 0:00 条不可横向比较）,2025-10-01,9:00-9:30,378.462717,3
④ 仅光伏不可知 + 改用当天 6:00 发布的预报（覆盖 6:00–24:00，与 0:00 条不可横向比较）,2025-10-02,6:00-6:50,846.774117,5
④ 仅光伏不可知 + 改用当天 6:00 发布的预报（覆盖 6:00–24:00，与 0:00 条不可横向比较）,2025-10-02,7:00-7:50,808.142183,5
④ 仅光伏不可知 + 改用当天 6:00 发布的预报（覆盖 6:00–24:00，与 0:00 条不可横向比较）,2025-10-02,8:00-8:50,735.267367,5
④ 仅光伏不可知 + 改用当天 6:00 发布的预报（覆盖 6:00–24:00，与 0:00 条不可横向比较）,2025-10-02,9:00-9:50,615.702250,5
④ 仅光伏不可知 + 改用当天 6:00 发布的预报（覆盖 6:00–24:00，与 0:00 条不可横向比较）,2025-10-02,10:00-10:30,146.229367,3
④ 仅光伏不可知 + 改用当天 6:00 发布的预报（覆盖 6:00–24:00，与 0:00 条不可横向比较）,2025-10-03,6:00-6:50,780.797517,5
④ 仅光伏不可知 + 改用当天 6:00 发布的预报（覆盖 6:00–24:00，与 0:00 条不可横向比较）,2025-10-03,7:00-7:40,597.833500,4
④ 仅光伏不可知 + 改用当天 6:00 发布的预报（覆盖 6:00–24:00，与 0:00 条不可横向比较）,2025-10-03,8:00-8:10,233.933800,1
④ 仅光伏不可知 + 改用当天 6:00 发布的预报（覆盖 6:00–24:00，与 0:00 条不可横向比较）,2025-10-03,8:40-8:50,30.229683,1
④ 仅光伏不可知 + 改用当天 6:00 发布的预报（覆盖 6:00–24:00，与 0:00 条不可横向比较）,2025-10-03,9:00-9:20,414.284850,2
④ 仅光伏不可知 + 改用当天 6:00 发布的预报（覆盖 6:00–24:00，与 0:00 条不可横向比较）,2025-10-03,9:40-9:50,69.709950,1
④ 仅光伏不可知 + 改用当天 6:00 发布的预报（覆盖 6:00–24:00，与 0:00 条不可横向比较）,2025-10-03,10:00-10:10,181.899267,1
④ 仅光伏不可知 + 改用当天 6:00 发布的预报（覆盖 6:00–24:00，与 0:00 条不可横向比较）,2025-10-03,10:20-10:40,93.667167,2
④ 仅光伏不可知 + 改用当天 6:00 发布的预报（覆盖 6:00–24:00，与 0:00 条不可横向比较）,2025-10-03,10:50-11:00,1.714167,1
④ 仅光伏不可知 + 改用当天 6:00 发布的预报（覆盖 6:00–24:00，与 0:00 条不可横向比较）,2025-10-03,13:20-13:40,134.293767,2
④ 仅光伏不可知 + 改用当天 6:00 发布的预报（覆盖 6:00–24:00，与 0:00 条不可横向比较）,2025-10-03,13:50-14:00,149.509767,1
④ 仅光伏不可知 + 改用当天 6:00 发布的预报（覆盖 6:00–24:00，与 0:00 条不可横向比较）,2025-10-03,14:50-15:00,78.575000,1
④ 仅光伏不可知 + 改用当天 6:00 发布的预报（覆盖 6:00–24:00，与 0:00 条不可横向比较）,2025-10-03,16:50-17:00,2.542250,1
④ 仅光伏不可知 + 改用当天 6:00 发布的预报（覆盖 6:00–24:00，与 0:00 条不可横向比较）,2025-10-04,6:00-8:00,1610.911450,12
④ 仅光伏不可知 + 改用当天 6:00 发布的预报（覆盖 6:00–24:00，与 0:00 条不可横向比较）,2025-10-04,8:10-8:20,208.879600,1
④ 仅光伏不可知 + 改用当天 6:00 发布的预报（覆盖 6:00–24:00，与 0:00 条不可横向比较）,2025-10-04,8:40-8:50,46.629700,1
④ 仅光伏不可知 + 改用当天 6:00 发布的预报（覆盖 6:00–24:00，与 0:00 条不可横向比较）,2025-10-04,9:00-9:10,239.164800,1
④ 仅光伏不可知 + 改用当天 6:00 发布的预报（覆盖 6:00–24:00，与 0:00 条不可横向比较）,2025-10-04,9:30-10:10,415.431717,4
④ 仅光伏不可知 + 改用当天 6:00 发布的预报（覆盖 6:00–24:00，与 0:00 条不可横向比较）,2025-10-04,10:20-10:30,103.264133,1
④ 仅光伏不可知 + 改用当天 6:00 发布的预报（覆盖 6:00–24:00，与 0:00 条不可横向比较）,2025-10-04,10:50-11:10,173.584450,2
④ 仅光伏不可知 + 改用当天 6:00 发布的预报（覆盖 6:00–24:00，与 0:00 条不可横向比较）,2025-10-04,11:20-11:50,129.561650,3
④ 仅光伏不可知 + 改用当天 6:00 发布的预报（覆盖 6:00–24:00，与 0:00 条不可横向比较）,2025-10-04,13:30-13:40,18.603117,1
④ 仅光伏不可知 + 改用当天 6:00 发布的预报（覆盖 6:00–24:00，与 0:00 条不可横向比较）,2025-10-04,16:50-17:00,6.527217,1
④ 仅光伏不可知 + 改用当天 6:00 发布的预报（覆盖 6:00–24:00，与 0:00 条不可横向比较）,2025-10-05,6:00-6:50,832.888150,5
④ 仅光伏不可知 + 改用当天 6:00 发布的预报（覆盖 6:00–24:00，与 0:00 条不可横向比较）,2025-10-05,7:00-7:50,813.509433,5
④ 仅光伏不可知 + 改用当天 6:00 发布的预报（覆盖 6:00–24:00，与 0:00 条不可横向比较）,2025-10-05,8:00-8:50,762.075083,5
④ 仅光伏不可知 + 改用当天 6:00 发布的预报（覆盖 6:00–24:00，与 0:00 条不可横向比较）,2025-10-05,9:00-9:30,241.836550,3
④ 仅光伏不可知 + 改用当天 6:00 发布的预报（覆盖 6:00–24:00，与 0:00 条不可横向比较）,2025-10-05,10:00-11:00,760.079533,6
④ 仅光伏不可知 + 改用当天 6:00 发布的预报（覆盖 6:00–24:00，与 0:00 条不可横向比较）,2025-10-05,11:10-13:00,618.802983,11
④ 仅光伏不可知 + 改用当天 6:00 发布的预报（覆盖 6:00–24:00，与 0:00 条不可横向比较）,2025-10-05,13:20-13:30,2.500783,1
④ 仅光伏不可知 + 改用当天 6:00 发布的预报（覆盖 6:00–24:00，与 0:00 条不可横向比较）,2025-10-05,13:40-14:00,103.697267,2
④ 仅光伏不可知 + 改用当天 6:00 发布的预报（覆盖 6:00–24:00，与 0:00 条不可横向比较）,2025-10-05,14:50-15:00,14.894333,1
④ 仅光伏不可知 + 改用当天 6:00 发布的预报（覆盖 6:00–24:00，与 0:00 条不可横向比较）,2025-10-06,6:00-6:50,791.884717,5
④ 仅光伏不可知 + 改用当天 6:00 发布的预报（覆盖 6:00–24:00，与 0:00 条不可横向比较）,2025-10-06,7:00-12:00,3483.687967,30
④ 仅光伏不可知 + 改用当天 6:00 发布的预报（覆盖 6:00–24:00，与 0:00 条不可横向比较）,2025-10-06,14:40-15:00,48.005217,2
④ 仅光伏不可知 + 改用当天 6:00 发布的预报（覆盖 6:00–24:00，与 0:00 条不可横向比较）,2025-10-06,15:50-16:00,1.258383,1
④ 仅光伏不可知 + 改用当天 6:00 发布的预报（覆盖 6:00–24:00，与 0:00 条不可横向比较）,2025-10-06,16:50-17:00,5.969617,1
④ 仅光伏不可知 + 改用当天 6:00 发布的预报（覆盖 6:00–24:00，与 0:00 条不可横向比较）,2025-10-07,6:00-6:50,740.956867,5
④ 仅光伏不可知 + 改用当天 6:00 发布的预报（覆盖 6:00–24:00，与 0:00 条不可横向比较）,2025-10-07,7:00-7:50,839.608900,5
④ 仅光伏不可知 + 改用当天 6:00 发布的预报（覆盖 6:00–24:00，与 0:00 条不可横向比较）,2025-10-07,8:00-8:50,680.835917,5
④ 仅光伏不可知 + 改用当天 6:00 发布的预报（覆盖 6:00–24:00，与 0:00 条不可横向比较）,2025-10-07,9:00-9:50,667.971133,5
④ 仅光伏不可知 + 改用当天 6:00 发布的预报（覆盖 6:00–24:00，与 0:00 条不可横向比较）,2025-10-07,10:00-10:50,162.503600,5
④ 仅光伏不可知 + 改用当天 6:00 发布的预报（覆盖 6:00–24:00，与 0:00 条不可横向比较）,2025-10-07,11:00-11:50,214.258217,5
④ 仅光伏不可知 + 改用当天 6:00 发布的预报（覆盖 6:00–24:00，与 0:00 条不可横向比较）,2025-10-07,12:50-13:00,42.279317,1
④ 仅光伏不可知 + 改用当天 6:00 发布的预报（覆盖 6:00–24:00，与 0:00 条不可横向比较）,2025-10-07,13:50-14:00,36.936300,1
④ 仅光伏不可知 + 改用当天 6:00 发布的预报（覆盖 6:00–24:00，与 0:00 条不可横向比较）,2025-10-07,14:40-15:00,147.363033,2
④ 仅光伏不可知 + 改用当天 6:00 发布的预报（覆盖 6:00–24:00，与 0:00 条不可横向比较）,2025-10-07,15:40-16:00,67.805533,2
④ 仅光伏不可知 + 改用当天 6:00 发布的预报（覆盖 6:00–24:00，与 0:00 条不可横向比较）,2025-10-07,16:50-17:00,26.013817,1
④ 仅光伏不可知 + 改用当天 6:00 发布的预报（覆盖 6:00–24:00，与 0:00 条不可横向比较）,2025-10-08,6:00-11:10,4176.726550,31
④ 仅光伏不可知 + 改用当天 6:00 发布的预报（覆盖 6:00–24:00，与 0:00 条不可横向比较）,2025-10-08,11:30-13:00,781.970833,9
④ 仅光伏不可知 + 改用当天 6:00 发布的预报（覆盖 6:00–24:00，与 0:00 条不可横向比较）,2025-10-08,13:20-14:00,92.102433,4
④ 仅光伏不可知 + 改用当天 6:00 发布的预报（覆盖 6:00–24:00，与 0:00 条不可横向比较）,2025-10-08,15:50-16:00,27.462967,1
④ 仅光伏不可知 + 改用当天 6:00 发布的预报（覆盖 6:00–24:00，与 0:00 条不可横向比较）,2025-10-08,16:50-17:00,3.698117,1
④ 仅光伏不可知 + 改用当天 6:00 发布的预报（覆盖 6:00–24:00，与 0:00 条不可横向比较）,2025-10-09,6:00-11:00,4159.099550,30
④ 仅光伏不可知 + 改用当天 6:00 发布的预报（覆盖 6:00–24:00，与 0:00 条不可横向比较）,2025-10-09,11:10-12:30,778.155100,8
④ 仅光伏不可知 + 改用当天 6:00 发布的预报（覆盖 6:00–24:00，与 0:00 条不可横向比较）,2025-10-09,12:50-13:00,74.520717,1
④ 仅光伏不可知 + 改用当天 6:00 发布的预报（覆盖 6:00–24:00，与 0:00 条不可横向比较）,2025-10-09,13:50-14:00,29.820483,1
④ 仅光伏不可知 + 改用当天 6:00 发布的预报（覆盖 6:00–24:00，与 0:00 条不可横向比较）,2025-10-09,14:50-15:00,47.340933,1
④ 仅光伏不可知 + 改用当天 6:00 发布的预报（覆盖 6:00–24:00，与 0:00 条不可横向比较）,2025-10-09,15:50-16:00,38.516767,1
④ 仅光伏不可知 + 改用当天 6:00 发布的预报（覆盖 6:00–24:00，与 0:00 条不可横向比较）,2025-10-09,16:50-17:00,12.838983,1
④ 仅光伏不可知 + 改用当天 6:00 发布的预报（覆盖 6:00–24:00，与 0:00 条不可横向比较）,2025-10-10,6:00-8:00,1590.291233,12
④ 仅光伏不可知 + 改用当天 6:00 发布的预报（覆盖 6:00–24:00，与 0:00 条不可横向比较）,2025-10-10,8:10-8:20,253.038650,1
④ 仅光伏不可知 + 改用当天 6:00 发布的预报（覆盖 6:00–24:00，与 0:00 条不可横向比较）,2025-10-10,8:40-8:50,39.549083,1
④ 仅光伏不可知 + 改用当天 6:00 发布的预报（覆盖 6:00–24:00，与 0:00 条不可横向比较）,2025-10-10,9:00-9:10,262.441783,1
④ 仅光伏不可知 + 改用当天 6:00 发布的预报（覆盖 6:00–24:00，与 0:00 条不可横向比较）,2025-10-10,9:30-9:50,138.344317,2
④ 仅光伏不可知 + 改用当天 6:00 发布的预报（覆盖 6:00–24:00，与 0:00 条不可横向比较）,2025-10-10,10:00-10:10,112.961533,1
④ 仅光伏不可知 + 改用当天 6:00 发布的预报（覆盖 6:00–24:00，与 0:00 条不可横向比较）,2025-10-10,10:20-10:30,38.409350,1
④ 仅光伏不可知 + 改用当天 6:00 发布的预报（覆盖 6:00–24:00，与 0:00 条不可横向比较）,2025-10-11,6:00-8:00,1497.612900,12
④ 仅光伏不可知 + 改用当天 6:00 发布的预报（覆盖 6:00–24:00，与 0:00 条不可横向比较）,2025-10-11,8:10-8:20,206.694133,1
④ 仅光伏不可知 + 改用当天 6:00 发布的预报（覆盖 6:00–24:00，与 0:00 条不可横向比较）,2025-10-11,8:40-8:50,35.380433,1
④ 仅光伏不可知 + 改用当天 6:00 发布的预报（覆盖 6:00–24:00，与 0:00 条不可横向比较）,2025-10-11,9:00-9:10,209.163650,1
④ 仅光伏不可知 + 改用当天 6:00 发布的预报（覆盖 6:00–24:00，与 0:00 条不可横向比较）,2025-10-11,9:30-10:10,218.254567,4
④ 仅光伏不可知 + 改用当天 6:00 发布的预报（覆盖 6:00–24:00，与 0:00 条不可横向比较）,2025-10-11,10:20-10:30,48.683600,1
④ 仅光伏不可知 + 改用当天 6:00 发布的预报（覆盖 6:00–24:00，与 0:00 条不可横向比较）,2025-10-11,10:50-11:10,78.984017,2
④ 仅光伏不可知 + 改用当天 6:00 发布的预报（覆盖 6:00–24:00，与 0:00 条不可横向比较）,2025-10-11,11:40-11:50,54.159367,1
④ 仅光伏不可知 + 改用当天 6:00 发布的预报（覆盖 6:00–24:00，与 0:00 条不可横向比较）,2025-10-11,12:00-12:30,163.062900,3
④ 仅光伏不可知 + 改用当天 6:00 发布的预报（覆盖 6:00–24:00，与 0:00 条不可横向比较）,2025-10-11,12:40-12:50,25.691783,1
④ 仅光伏不可知 + 改用当天 6:00 发布的预报（覆盖 6:00–24:00，与 0:00 条不可横向比较）,2025-10-12,6:00-10:10,3510.187500,25
④ 仅光伏不可知 + 改用当天 6:00 发布的预报（覆盖 6:00–24:00，与 0:00 条不可横向比较）,2025-10-12,11:00-11:10,3.160917,1
④ 仅光伏不可知 + 改用当天 6:00 发布的预报（覆盖 6:00–24:00，与 0:00 条不可横向比较）,2025-10-12,13:50-14:00,0.231900,1
④ 仅光伏不可知 + 改用当天 6:00 发布的预报（覆盖 6:00–24:00，与 0:00 条不可横向比较）,2025-10-12,14:40-15:00,77.775967,2
④ 仅光伏不可知 + 改用当天 6:00 发布的预报（覆盖 6:00–24:00，与 0:00 条不可横向比较）,2025-10-12,15:50-16:00,20.197433,1
④ 仅光伏不可知 + 改用当天 6:00 发布的预报（覆盖 6:00–24:00，与 0:00 条不可横向比较）,2025-10-12,16:50-17:00,22.726733,1
④ 仅光伏不可知 + 改用当天 6:00 发布的预报（覆盖 6:00–24:00，与 0:00 条不可横向比较）,2025-10-13,6:00-7:50,1603.809483,11
④ 仅光伏不可知 + 改用当天 6:00 发布的预报（覆盖 6:00–24:00，与 0:00 条不可横向比较）,2025-10-13,8:00-8:50,810.216183,5
④ 仅光伏不可知 + 改用当天 6:00 发布的预报（覆盖 6:00–24:00，与 0:00 条不可横向比较）,2025-10-13,9:00-9:50,592.086500,5
④ 仅光伏不可知 + 改用当天 6:00 发布的预报（覆盖 6:00–24:00，与 0:00 条不可横向比较）,2025-10-13,10:00-11:20,617.708050,8
④ 仅光伏不可知 + 改用当天 6:00 发布的预报（覆盖 6:00–24:00，与 0:00 条不可横向比较）,2025-10-13,12:20-13:00,249.729450,4
④ 仅光伏不可知 + 改用当天 6:00 发布的预报（覆盖 6:00–24:00，与 0:00 条不可横向比较）,2025-10-13,13:30-14:00,117.254783,3
④ 仅光伏不可知 + 改用当天 6:00 发布的预报（覆盖 6:00–24:00，与 0:00 条不可横向比较）,2025-10-13,14:30-15:00,132.654867,3
④ 仅光伏不可知 + 改用当天 6:00 发布的预报（覆盖 6:00–24:00，与 0:00 条不可横向比较）,2025-10-13,15:50-16:00,69.787567,1
④ 仅光伏不可知 + 改用当天 6:00 发布的预报（覆盖 6:00–24:00，与 0:00 条不可横向比较）,2025-10-13,16:50-17:00,21.737450,1
④ 仅光伏不可知 + 改用当天 6:00 发布的预报（覆盖 6:00–24:00，与 0:00 条不可横向比较）,2025-10-14,6:00-6:50,688.895900,5
④ 仅光伏不可知 + 改用当天 6:00 发布的预报（覆盖 6:00–24:00，与 0:00 条不可横向比较）,2025-10-14,7:00-7:50,733.380250,5
④ 仅光伏不可知 + 改用当天 6:00 发布的预报（覆盖 6:00–24:00，与 0:00 条不可横向比较）,2025-10-14,8:00-12:00,4504.821133,24
④ 仅光伏不可知 + 改用当天 6:00 发布的预报（覆盖 6:00–24:00，与 0:00 条不可横向比较）,2025-10-14,12:10-13:40,1008.458883,9
④ 仅光伏不可知 + 改用当天 6:00 发布的预报（覆盖 6:00–24:00，与 0:00 条不可横向比较）,2025-10-14,13:50-14:00,234.243750,1
④ 仅光伏不可知 + 改用当天 6:00 发布的预报（覆盖 6:00–24:00，与 0:00 条不可横向比较）,2025-10-14,14:50-15:00,51.656400,1
④ 仅光伏不可知 + 改用当天 6:00 发布的预报（覆盖 6:00–24:00，与 0:00 条不可横向比较）,2025-10-14,15:50-16:00,8.847167,1
④ 仅光伏不可知 + 改用当天 6:00 发布的预报（覆盖 6:00–24:00，与 0:00 条不可横向比较）,2025-10-15,6:00-6:50,672.106317,5
④ 仅光伏不可知 + 改用当天 6:00 发布的预报（覆盖 6:00–24:00，与 0:00 条不可横向比较）,2025-10-15,7:00-12:00,4744.664017,30
④ 仅光伏不可知 + 改用当天 6:00 发布的预报（覆盖 6:00–24:00，与 0:00 条不可横向比较）,2025-10-15,12:20-13:00,269.501683,4
④ 仅光伏不可知 + 改用当天 6:00 发布的预报（覆盖 6:00–24:00，与 0:00 条不可横向比较）,2025-10-15,13:30-14:00,104.452467,3
④ 仅光伏不可知 + 改用当天 6:00 发布的预报（覆盖 6:00–24:00，与 0:00 条不可横向比较）,2025-10-15,14:30-15:00,125.146233,3
④ 仅光伏不可知 + 改用当天 6:00 发布的预报（覆盖 6:00–24:00，与 0:00 条不可横向比较）,2025-10-15,15:50-16:00,37.939333,1
④ 仅光伏不可知 + 改用当天 6:00 发布的预报（覆盖 6:00–24:00，与 0:00 条不可横向比较）,2025-10-15,16:50-17:00,0.966500,1
④ 仅光伏不可知 + 改用当天 6:00 发布的预报（覆盖 6:00–24:00，与 0:00 条不可横向比较）,2025-10-16,6:00-6:50,600.282767,5
④ 仅光伏不可知 + 改用当天 6:00 发布的预报（覆盖 6:00–24:00，与 0:00 条不可横向比较）,2025-10-16,7:00-7:50,930.291533,5
④ 仅光伏不可知 + 改用当天 6:00 发布的预报（覆盖 6:00–24:00，与 0:00 条不可横向比较）,2025-10-16,8:00-8:50,765.185967,5
④ 仅光伏不可知 + 改用当天 6:00 发布的预报（覆盖 6:00–24:00，与 0:00 条不可横向比较）,2025-10-16,9:00-9:50,657.469583,5
④ 仅光伏不可知 + 改用当天 6:00 发布的预报（覆盖 6:00–24:00，与 0:00 条不可横向比较）,2025-10-16,10:00-10:50,286.047800,5
④ 仅光伏不可知 + 改用当天 6:00 发布的预报（覆盖 6:00–24:00，与 0:00 条不可横向比较）,2025-10-16,11:00-12:00,460.546767,6
④ 仅光伏不可知 + 改用当天 6:00 发布的预报（覆盖 6:00–24:00，与 0:00 条不可横向比较）,2025-10-16,12:40-13:00,74.134833,2
④ 仅光伏不可知 + 改用当天 6:00 发布的预报（覆盖 6:00–24:00，与 0:00 条不可横向比较）,2025-10-16,13:50-14:00,50.028200,1
④ 仅光伏不可知 + 改用当天 6:00 发布的预报（覆盖 6:00–24:00，与 0:00 条不可横向比较）,2025-10-16,14:50-15:00,55.346150,1
④ 仅光伏不可知 + 改用当天 6:00 发布的预报（覆盖 6:00–24:00，与 0:00 条不可横向比较）,2025-10-16,15:50-16:00,19.659417,1
④ 仅光伏不可知 + 改用当天 6:00 发布的预报（覆盖 6:00–24:00，与 0:00 条不可横向比较）,2025-10-17,6:00-6:50,634.579917,5
④ 仅光伏不可知 + 改用当天 6:00 发布的预报（覆盖 6:00–24:00，与 0:00 条不可横向比较）,2025-10-17,7:00-7:50,821.434217,5
④ 仅光伏不可知 + 改用当天 6:00 发布的预报（覆盖 6:00–24:00，与 0:00 条不可横向比较）,2025-10-17,8:00-8:20,555.362667,2
④ 仅光伏不可知 + 改用当天 6:00 发布的预报（覆盖 6:00–24:00，与 0:00 条不可横向比较）,2025-10-17,8:30-8:40,121.261467,1
④ 仅光伏不可知 + 改用当天 6:00 发布的预报（覆盖 6:00–24:00，与 0:00 条不可横向比较）,2025-10-17,9:20-9:30,177.515333,1
④ 仅光伏不可知 + 改用当天 6:00 发布的预报（覆盖 6:00–24:00，与 0:00 条不可横向比较）,2025-10-17,10:10-10:30,182.594267,2
④ 仅光伏不可知 + 改用当天 6:00 发布的预报（覆盖 6:00–24:00，与 0:00 条不可横向比较）,2025-10-17,11:00-11:30,576.850283,3
④ 仅光伏不可知 + 改用当天 6:00 发布的预报（覆盖 6:00–24:00，与 0:00 条不可横向比较）,2025-10-17,11:40-12:00,157.632633,2
④ 仅光伏不可知 + 改用当天 6:00 发布的预报（覆盖 6:00–24:00，与 0:00 条不可横向比较）,2025-10-17,12:40-13:00,255.735317,2
④ 仅光伏不可知 + 改用当天 6:00 发布的预报（覆盖 6:00–24:00，与 0:00 条不可横向比较）,2025-10-17,14:50-15:00,15.083883,1
④ 仅光伏不可知 + 改用当天 6:00 发布的预报（覆盖 6:00–24:00，与 0:00 条不可横向比较）,2025-10-18,6:00-8:20,2137.689350,14
④ 仅光伏不可知 + 改用当天 6:00 发布的预报（覆盖 6:00–24:00，与 0:00 条不可横向比较）,2025-10-18,8:40-8:50,46.606617,1
④ 仅光伏不可知 + 改用当天 6:00 发布的预报（覆盖 6:00–24:00，与 0:00 条不可横向比较）,2025-10-18,9:00-9:40,451.095250,4
④ 仅光伏不可知 + 改用当天 6:00 发布的预报（覆盖 6:00–24:00，与 0:00 条不可横向比较）,2025-10-18,11:20-11:30,22.766767,1
④ 仅光伏不可知 + 改用当天 6:00 发布的预报（覆盖 6:00–24:00，与 0:00 条不可横向比较）,2025-10-19,6:00-12:00,4462.357983,36
④ 仅光伏不可知 + 改用当天 6:00 发布的预报（覆盖 6:00–24:00，与 0:00 条不可横向比较）,2025-10-20,6:00-10:50,3533.252350,29
④ 仅光伏不可知 + 改用当天 6:00 发布的预报（覆盖 6:00–24:00，与 0:00 条不可横向比较）,2025-10-21,6:00-6:50,495.427300,5
④ 仅光伏不可知 + 改用当天 6:00 发布的预报（覆盖 6:00–24:00，与 0:00 条不可横向比较）,2025-10-21,7:00-10:50,3000.910800,23
④ 仅光伏不可知 + 改用当天 6:00 发布的预报（覆盖 6:00–24:00，与 0:00 条不可横向比较）,2025-10-21,11:00-12:00,125.843417,6
④ 仅光伏不可知 + 改用当天 6:00 发布的预报（覆盖 6:00–24:00，与 0:00 条不可横向比较）,2025-10-21,16:50-17:00,2.754367,1
④ 仅光伏不可知 + 改用当天 6:00 发布的预报（覆盖 6:00–24:00，与 0:00 条不可横向比较）,2025-10-22,6:00-7:50,1442.418383,11
④ 仅光伏不可知 + 改用当天 6:00 发布的预报（覆盖 6:00–24:00，与 0:00 条不可横向比较）,2025-10-22,8:00-8:50,526.893317,5
④ 仅光伏不可知 + 改用当天 6:00 发布的预报（覆盖 6:00–24:00，与 0:00 条不可横向比较）,2025-10-22,9:00-9:50,734.223850,5
④ 仅光伏不可知 + 改用当天 6:00 发布的预报（覆盖 6:00–24:00，与 0:00 条不可横向比较）,2025-10-22,10:00-10:50,769.845983,5
④ 仅光伏不可知 + 改用当天 6:00 发布的预报（覆盖 6:00–24:00，与 0:00 条不可横向比较）,2025-10-22,11:00-11:20,18.073733,2
④ 仅光伏不可知 + 改用当天 6:00 发布的预报（覆盖 6:00–24:00，与 0:00 条不可横向比较）,2025-10-22,11:40-13:00,417.632867,8
④ 仅光伏不可知 + 改用当天 6:00 发布的预报（覆盖 6:00–24:00，与 0:00 条不可横向比较）,2025-10-22,13:20-14:00,234.221267,4
④ 仅光伏不可知 + 改用当天 6:00 发布的预报（覆盖 6:00–24:00，与 0:00 条不可横向比较）,2025-10-22,14:20-15:00,283.354117,4
④ 仅光伏不可知 + 改用当天 6:00 发布的预报（覆盖 6:00–24:00，与 0:00 条不可横向比较）,2025-10-22,15:40-16:00,106.661267,2
④ 仅光伏不可知 + 改用当天 6:00 发布的预报（覆盖 6:00–24:00，与 0:00 条不可横向比较）,2025-10-22,16:50-17:00,21.853717,1
④ 仅光伏不可知 + 改用当天 6:00 发布的预报（覆盖 6:00–24:00，与 0:00 条不可横向比较）,2025-10-23,6:00-13:00,5750.065550,42
④ 仅光伏不可知 + 改用当天 6:00 发布的预报（覆盖 6:00–24:00，与 0:00 条不可横向比较）,2025-10-23,13:50-14:00,40.814217,1
④ 仅光伏不可知 + 改用当天 6:00 发布的预报（覆盖 6:00–24:00，与 0:00 条不可横向比较）,2025-10-23,14:50-15:00,26.323183,1
④ 仅光伏不可知 + 改用当天 6:00 发布的预报（覆盖 6:00–24:00，与 0:00 条不可横向比较）,2025-10-23,15:50-16:00,18.012300,1
④ 仅光伏不可知 + 改用当天 6:00 发布的预报（覆盖 6:00–24:00，与 0:00 条不可横向比较）,2025-10-23,16:50-17:00,5.454067,1
④ 仅光伏不可知 + 改用当天 6:00 发布的预报（覆盖 6:00–24:00，与 0:00 条不可横向比较）,2025-10-24,6:00-8:20,2054.609700,14
④ 仅光伏不可知 + 改用当天 6:00 发布的预报（覆盖 6:00–24:00，与 0:00 条不可横向比较）,2025-10-24,8:40-9:40,862.473967,6
④ 仅光伏不可知 + 改用当天 6:00 发布的预报（覆盖 6:00–24:00，与 0:00 条不可横向比较）,2025-10-24,10:00-10:10,210.809267,1
④ 仅光伏不可知 + 改用当天 6:00 发布的预报（覆盖 6:00–24:00，与 0:00 条不可横向比较）,2025-10-24,10:30-10:50,240.753550,2
④ 仅光伏不可知 + 改用当天 6:00 发布的预报（覆盖 6:00–24:00，与 0:00 条不可横向比较）,2025-10-24,11:10-11:20,84.973000,1
④ 仅光伏不可知 + 改用当天 6:00 发布的预报（覆盖 6:00–24:00，与 0:00 条不可横向比较）,2025-10-24,11:40-11:50,62.678783,1
④ 仅光伏不可知 + 改用当天 6:00 发布的预报（覆盖 6:00–24:00，与 0:00 条不可横向比较）,2025-10-24,13:50-14:00,13.251067,1
④ 仅光伏不可知 + 改用当天 6:00 发布的预报（覆盖 6:00–24:00，与 0:00 条不可横向比较）,2025-10-25,6:00-7:50,1454.240717,11
④ 仅光伏不可知 + 改用当天 6:00 发布的预报（覆盖 6:00–24:00，与 0:00 条不可横向比较）,2025-10-25,8:00-8:20,479.053350,2
④ 仅光伏不可知 + 改用当天 6:00 发布的预报（覆盖 6:00–24:00，与 0:00 条不可横向比较）,2025-10-25,8:40-8:50,34.666700,1
④ 仅光伏不可知 + 改用当天 6:00 发布的预报（覆盖 6:00–24:00，与 0:00 条不可横向比较）,2025-10-25,9:00-9:40,280.416133,4
④ 仅光伏不可知 + 改用当天 6:00 发布的预报（覆盖 6:00–24:00，与 0:00 条不可横向比较）,2025-10-25,10:00-10:20,555.629950,2
④ 仅光伏不可知 + 改用当天 6:00 发布的预报（覆盖 6:00–24:00，与 0:00 条不可横向比较）,2025-10-25,10:30-10:50,166.706633,2
④ 仅光伏不可知 + 改用当天 6:00 发布的预报（覆盖 6:00–24:00，与 0:00 条不可横向比较）,2025-10-25,11:10-11:20,24.051900,1
④ 仅光伏不可知 + 改用当天 6:00 发布的预报（覆盖 6:00–24:00，与 0:00 条不可横向比较）,2025-10-25,11:40-11:50,43.442617,1
④ 仅光伏不可知 + 改用当天 6:00 发布的预报（覆盖 6:00–24:00，与 0:00 条不可横向比较）,2025-10-25,12:10-12:40,200.457267,3
④ 仅光伏不可知 + 改用当天 6:00 发布的预报（覆盖 6:00–24:00，与 0:00 条不可横向比较）,2025-10-25,13:50-14:00,60.436383,1
④ 仅光伏不可知 + 改用当天 6:00 发布的预报（覆盖 6:00–24:00，与 0:00 条不可横向比较）,2025-10-25,16:50-17:00,9.729100,1
④ 仅光伏不可知 + 改用当天 6:00 发布的预报（覆盖 6:00–24:00，与 0:00 条不可横向比较）,2025-10-26,6:00-13:00,6015.153833,42
④ 仅光伏不可知 + 改用当天 6:00 发布的预报（覆盖 6:00–24:00，与 0:00 条不可横向比较）,2025-10-26,13:40-14:00,75.205700,2
④ 仅光伏不可知 + 改用当天 6:00 发布的预报（覆盖 6:00–24:00，与 0:00 条不可横向比较）,2025-10-26,14:40-15:00,60.968700,2
④ 仅光伏不可知 + 改用当天 6:00 发布的预报（覆盖 6:00–24:00，与 0:00 条不可横向比较）,2025-10-27,6:00-8:50,2376.575517,17
④ 仅光伏不可知 + 改用当天 6:00 发布的预报（覆盖 6:00–24:00，与 0:00 条不可横向比较）,2025-10-27,9:00-9:40,337.748900,4
④ 仅光伏不可知 + 改用当天 6:00 发布的预报（覆盖 6:00–24:00，与 0:00 条不可横向比较）,2025-10-27,10:00-10:30,296.030467,3
④ 仅光伏不可知 + 改用当天 6:00 发布的预报（覆盖 6:00–24:00，与 0:00 条不可横向比较）,2025-10-27,16:50-17:00,0.675683,1
④ 仅光伏不可知 + 改用当天 6:00 发布的预报（覆盖 6:00–24:00，与 0:00 条不可横向比较）,2025-10-28,6:00-12:00,4244.346100,36
④ 仅光伏不可知 + 改用当天 6:00 发布的预报（覆盖 6:00–24:00，与 0:00 条不可横向比较）,2025-10-28,12:50-13:00,30.346733,1
④ 仅光伏不可知 + 改用当天 6:00 发布的预报（覆盖 6:00–24:00，与 0:00 条不可横向比较）,2025-10-29,6:00-6:50,454.549183,5
④ 仅光伏不可知 + 改用当天 6:00 发布的预报（覆盖 6:00–24:00，与 0:00 条不可横向比较）,2025-10-29,7:00-7:50,768.667000,5
④ 仅光伏不可知 + 改用当天 6:00 发布的预报（覆盖 6:00–24:00，与 0:00 条不可横向比较）,2025-10-29,8:00-8:50,639.246650,5
④ 仅光伏不可知 + 改用当天 6:00 发布的预报（覆盖 6:00–24:00，与 0:00 条不可横向比较）,2025-10-29,9:00-9:40,426.860400,4
④ 仅光伏不可知 + 改用当天 6:00 发布的预报（覆盖 6:00–24:00，与 0:00 条不可横向比较）,2025-10-29,10:00-10:50,419.040817,5
④ 仅光伏不可知 + 改用当天 6:00 发布的预报（覆盖 6:00–24:00，与 0:00 条不可横向比较）,2025-10-29,11:10-11:50,40.466783,4
④ 仅光伏不可知 + 改用当天 6:00 发布的预报（覆盖 6:00–24:00，与 0:00 条不可横向比较）,2025-10-29,12:50-13:00,31.130067,1
④ 仅光伏不可知 + 改用当天 6:00 发布的预报（覆盖 6:00–24:00，与 0:00 条不可横向比较）,2025-10-29,14:50-15:00,23.095100,1
④ 仅光伏不可知 + 改用当天 6:00 发布的预报（覆盖 6:00–24:00，与 0:00 条不可横向比较）,2025-10-30,6:00-12:30,5107.424050,39
④ 仅光伏不可知 + 改用当天 6:00 发布的预报（覆盖 6:00–24:00，与 0:00 条不可横向比较）,2025-10-30,13:40-14:00,52.096083,2
④ 仅光伏不可知 + 改用当天 6:00 发布的预报（覆盖 6:00–24:00，与 0:00 条不可横向比较）,2025-10-31,6:00-8:20,1767.018750,14
④ 仅光伏不可知 + 改用当天 6:00 发布的预报（覆盖 6:00–24:00，与 0:00 条不可横向比较）,2025-10-31,8:40-9:50,1254.733167,7
④ 仅光伏不可知 + 改用当天 6:00 发布的预报（覆盖 6:00–24:00，与 0:00 条不可横向比较）,2025-10-31,10:00-10:20,186.346450,2
④ 仅光伏不可知 + 改用当天 6:00 发布的预报（覆盖 6:00–24:00，与 0:00 条不可横向比较）,2025-10-31,10:30-11:00,79.943433,3
④ 仅光伏不可知 + 改用当天 6:00 发布的预报（覆盖 6:00–24:00，与 0:00 条不可横向比较）,2025-10-31,11:10-11:30,36.688767,2
④ 仅光伏不可知 + 改用当天 6:00 发布的预报（覆盖 6:00–24:00，与 0:00 条不可横向比较）,2025-10-31,12:10-12:20,12.066900,1
④ 仅光伏不可知 + 改用当天 6:00 发布的预报（覆盖 6:00–24:00，与 0:00 条不可横向比较）,2025-10-31,15:50-16:00,39.361417,1
④ 仅光伏不可知 + 改用当天 6:00 发布的预报（覆盖 6:00–24:00，与 0:00 条不可横向比较）,2025-10-31,16:50-17:00,10.379567,1
④ 仅光伏不可知 + 改用当天 6:00 发布的预报（覆盖 6:00–24:00，与 0:00 条不可横向比较）,2025-11-01,6:00-8:20,1872.378967,14
④ 仅光伏不可知 + 改用当天 6:00 发布的预报（覆盖 6:00–24:00，与 0:00 条不可横向比较）,2025-11-01,8:40-8:50,67.055933,1
④ 仅光伏不可知 + 改用当天 6:00 发布的预报（覆盖 6:00–24:00，与 0:00 条不可横向比较）,2025-11-01,9:00-9:50,484.189817,5
④ 仅光伏不可知 + 改用当天 6:00 发布的预报（覆盖 6:00–24:00，与 0:00 条不可横向比较）,2025-11-01,10:00-10:20,275.017100,2
④ 仅光伏不可知 + 改用当天 6:00 发布的预报（覆盖 6:00–24:00，与 0:00 条不可横向比较）,2025-11-01,10:30-10:50,91.792767,2
④ 仅光伏不可知 + 改用当天 6:00 发布的预报（覆盖 6:00–24:00，与 0:00 条不可横向比较）,2025-11-01,13:50-14:00,79.907867,1
④ 仅光伏不可知 + 改用当天 6:00 发布的预报（覆盖 6:00–24:00，与 0:00 条不可横向比较）,2025-11-01,14:30-14:50,73.903617,2
④ 仅光伏不可知 + 改用当天 6:00 发布的预报（覆盖 6:00–24:00，与 0:00 条不可横向比较）,2025-11-01,15:40-16:00,39.320050,2
④ 仅光伏不可知 + 改用当天 6:00 发布的预报（覆盖 6:00–24:00，与 0:00 条不可横向比较）,2025-11-01,16:50-17:00,11.265233,1
④ 仅光伏不可知 + 改用当天 6:00 发布的预报（覆盖 6:00–24:00，与 0:00 条不可横向比较）,2025-11-02,6:00-10:50,3178.223983,29
④ 仅光伏不可知 + 改用当天 6:00 发布的预报（覆盖 6:00–24:00，与 0:00 条不可横向比较）,2025-11-03,6:00-11:00,3754.354200,30
④ 仅光伏不可知 + 改用当天 6:00 发布的预报（覆盖 6:00–24:00，与 0:00 条不可横向比较）,2025-11-03,11:10-11:40,34.249017,3
④ 仅光伏不可知 + 改用当天 6:00 发布的预报（覆盖 6:00–24:00，与 0:00 条不可横向比较）,2025-11-03,12:30-12:50,69.229250,2
④ 仅光伏不可知 + 改用当天 6:00 发布的预报（覆盖 6:00–24:00，与 0:00 条不可横向比较）,2025-11-04,6:00-6:50,377.413767,5
④ 仅光伏不可知 + 改用当天 6:00 发布的预报（覆盖 6:00–24:00，与 0:00 条不可横向比较）,2025-11-04,7:00-7:50,815.558350,5
④ 仅光伏不可知 + 改用当天 6:00 发布的预报（覆盖 6:00–24:00，与 0:00 条不可横向比较）,2025-11-04,8:00-8:50,726.668250,5
④ 仅光伏不可知 + 改用当天 6:00 发布的预报（覆盖 6:00–24:00，与 0:00 条不可横向比较）,2025-11-04,9:00-9:30,240.761567,3
④ 仅光伏不可知 + 改用当天 6:00 发布的预报（覆盖 6:00–24:00，与 0:00 条不可横向比较）,2025-11-04,10:00-10:40,245.646150,4
④ 仅光伏不可知 + 改用当天 6:00 发布的预报（覆盖 6:00–24:00，与 0:00 条不可横向比较）,2025-11-04,11:00-12:00,823.629017,6
④ 仅光伏不可知 + 改用当天 6:00 发布的预报（覆盖 6:00–24:00，与 0:00 条不可横向比较）,2025-11-04,13:50-14:00,10.976217,1
④ 仅光伏不可知 + 改用当天 6:00 发布的预报（覆盖 6:00–24:00，与 0:00 条不可横向比较）,2025-11-05,6:00-13:00,4167.025017,42
④ 仅光伏不可知 + 改用当天 6:00 发布的预报（覆盖 6:00–24:00，与 0:00 条不可横向比较）,2025-11-05,13:30-14:00,85.293833,3
④ 仅光伏不可知 + 改用当天 6:00 发布的预报（覆盖 6:00–24:00，与 0:00 条不可横向比较）,2025-11-05,14:40-15:00,81.209233,2
④ 仅光伏不可知 + 改用当天 6:00 发布的预报（覆盖 6:00–24:00，与 0:00 条不可横向比较）,2025-11-05,15:50-16:00,54.030033,1
④ 仅光伏不可知 + 改用当天 6:00 发布的预报（覆盖 6:00–24:00，与 0:00 条不可横向比较）,2025-11-05,16:50-17:00,7.863850,1
④ 仅光伏不可知 + 改用当天 6:00 发布的预报（覆盖 6:00–24:00，与 0:00 条不可横向比较）,2025-11-06,6:00-11:30,3257.845467,33
④ 仅光伏不可知 + 改用当天 6:00 发布的预报（覆盖 6:00–24:00，与 0:00 条不可横向比较）,2025-11-06,11:40-12:00,23.384550,2
④ 仅光伏不可知 + 改用当天 6:00 发布的预报（覆盖 6:00–24:00，与 0:00 条不可横向比较）,2025-11-06,14:50-15:00,4.158117,1
④ 仅光伏不可知 + 改用当天 6:00 发布的预报（覆盖 6:00–24:00，与 0:00 条不可横向比较）,2025-11-07,6:00-6:50,283.747850,5
④ 仅光伏不可知 + 改用当天 6:00 发布的预报（覆盖 6:00–24:00，与 0:00 条不可横向比较）,2025-11-07,7:00-7:50,741.274800,5
④ 仅光伏不可知 + 改用当天 6:00 发布的预报（覆盖 6:00–24:00，与 0:00 条不可横向比较）,2025-11-07,8:00-8:30,479.391233,3
④ 仅光伏不可知 + 改用当天 6:00 发布的预报（覆盖 6:00–24:00，与 0:00 条不可横向比较）,2025-11-07,8:40-8:50,23.863450,1
④ 仅光伏不可知 + 改用当天 6:00 发布的预报（覆盖 6:00–24:00，与 0:00 条不可横向比较）,2025-11-07,9:00-9:40,338.636200,4
④ 仅光伏不可知 + 改用当天 6:00 发布的预报（覆盖 6:00–24:00，与 0:00 条不可横向比较）,2025-11-07,10:00-10:20,49.819433,2
④ 仅光伏不可知 + 改用当天 6:00 发布的预报（覆盖 6:00–24:00，与 0:00 条不可横向比较）,2025-11-08,6:00-8:20,1756.495817,14
④ 仅光伏不可知 + 改用当天 6:00 发布的预报（覆盖 6:00–24:00，与 0:00 条不可横向比较）,2025-11-08,8:40-9:50,734.948450,7
④ 仅光伏不可知 + 改用当天 6:00 发布的预报（覆盖 6:00–24:00，与 0:00 条不可横向比较）,2025-11-08,10:00-10:20,302.387617,2
④ 仅光伏不可知 + 改用当天 6:00 发布的预报（覆盖 6:00–24:00，与 0:00 条不可横向比较）,2025-11-08,10:30-10:50,127.951117,2
④ 仅光伏不可知 + 改用当天 6:00 发布的预报（覆盖 6:00–24:00，与 0:00 条不可横向比较）,2025-11-08,11:10-11:30,240.315817,2
④ 仅光伏不可知 + 改用当天 6:00 发布的预报（覆盖 6:00–24:00，与 0:00 条不可横向比较）,2025-11-08,11:40-11:50,29.171500,1
④ 仅光伏不可知 + 改用当天 6:00 发布的预报（覆盖 6:00–24:00，与 0:00 条不可横向比较）,2025-11-08,12:40-12:50,9.895050,1
④ 仅光伏不可知 + 改用当天 6:00 发布的预报（覆盖 6:00–24:00，与 0:00 条不可横向比较）,2025-11-08,13:50-14:00,60.262500,1
④ 仅光伏不可知 + 改用当天 6:00 发布的预报（覆盖 6:00–24:00，与 0:00 条不可横向比较）,2025-11-08,14:40-14:50,0.650217,1
④ 仅光伏不可知 + 改用当天 6:00 发布的预报（覆盖 6:00–24:00，与 0:00 条不可横向比较）,2025-11-09,6:00-6:50,291.754350,5
④ 仅光伏不可知 + 改用当天 6:00 发布的预报（覆盖 6:00–24:00，与 0:00 条不可横向比较）,2025-11-09,7:00-7:50,779.613417,5
④ 仅光伏不可知 + 改用当天 6:00 发布的预报（覆盖 6:00–24:00，与 0:00 条不可横向比较）,2025-11-09,8:00-8:50,764.027500,5
④ 仅光伏不可知 + 改用当天 6:00 发布的预报（覆盖 6:00–24:00，与 0:00 条不可横向比较）,2025-11-09,9:00-9:50,553.318333,5
④ 仅光伏不可知 + 改用当天 6:00 发布的预报（覆盖 6:00–24:00，与 0:00 条不可横向比较）,2025-11-09,10:00-10:40,271.108050,4
④ 仅光伏不可知 + 改用当天 6:00 发布的预报（覆盖 6:00–24:00，与 0:00 条不可横向比较）,2025-11-09,11:00-12:00,516.220050,6
④ 仅光伏不可知 + 改用当天 6:00 发布的预报（覆盖 6:00–24:00，与 0:00 条不可横向比较）,2025-11-09,13:50-14:00,38.966900,1
④ 仅光伏不可知 + 改用当天 6:00 发布的预报（覆盖 6:00–24:00，与 0:00 条不可横向比较）,2025-11-09,14:40-15:00,69.350233,2
④ 仅光伏不可知 + 改用当天 6:00 发布的预报（覆盖 6:00–24:00，与 0:00 条不可横向比较）,2025-11-09,15:50-16:00,36.384767,1
④ 仅光伏不可知 + 改用当天 6:00 发布的预报（覆盖 6:00–24:00，与 0:00 条不可横向比较）,2025-11-09,16:50-17:00,8.688683,1
④ 仅光伏不可知 + 改用当天 6:00 发布的预报（覆盖 6:00–24:00，与 0:00 条不可横向比较）,2025-11-10,6:00-8:50,1770.719783,17
④ 仅光伏不可知 + 改用当天 6:00 发布的预报（覆盖 6:00–24:00，与 0:00 条不可横向比较）,2025-11-10,9:00-9:50,600.252967,5
④ 仅光伏不可知 + 改用当天 6:00 发布的预报（覆盖 6:00–24:00，与 0:00 条不可横向比较）,2025-11-10,16:50-17:00,0.037917,1
④ 仅光伏不可知 + 改用当天 6:00 发布的预报（覆盖 6:00–24:00，与 0:00 条不可横向比较）,2025-11-11,6:00-9:50,2526.264550,23
④ 仅光伏不可知 + 改用当天 6:00 发布的预报（覆盖 6:00–24:00，与 0:00 条不可横向比较）,2025-11-11,10:00-10:50,572.429167,5
④ 仅光伏不可知 + 改用当天 6:00 发布的预报（覆盖 6:00–24:00，与 0:00 条不可横向比较）,2025-11-11,11:00-11:20,31.648950,2
④ 仅光伏不可知 + 改用当天 6:00 发布的预报（覆盖 6:00–24:00，与 0:00 条不可横向比较）,2025-11-12,6:00-6:50,255.456217,5
④ 仅光伏不可知 + 改用当天 6:00 发布的预报（覆盖 6:00–24:00，与 0:00 条不可横向比较）,2025-11-12,7:00-7:50,792.477517,5
④ 仅光伏不可知 + 改用当天 6:00 发布的预报（覆盖 6:00–24:00，与 0:00 条不可横向比较）,2025-11-12,8:00-8:50,660.552500,5
④ 仅光伏不可知 + 改用当天 6:00 发布的预报（覆盖 6:00–24:00，与 0:00 条不可横向比较）,2025-11-12,9:00-9:40,442.558683,4
④ 仅光伏不可知 + 改用当天 6:00 发布的预报（覆盖 6:00–24:00，与 0:00 条不可横向比较）,2025-11-12,10:00-10:40,243.041100,4
④ 仅光伏不可知 + 改用当天 6:00 发布的预报（覆盖 6:00–24:00，与 0:00 条不可横向比较）,2025-11-13,6:00-8:50,1845.307650,17
④ 仅光伏不可知 + 改用当天 6:00 发布的预报（覆盖 6:00–24:00，与 0:00 条不可横向比较）,2025-11-13,9:00-9:40,367.617183,4
④ 仅光伏不可知 + 改用当天 6:00 发布的预报（覆盖 6:00–24:00，与 0:00 条不可横向比较）,2025-11-13,10:00-10:50,478.702100,5
④ 仅光伏不可知 + 改用当天 6:00 发布的预报（覆盖 6:00–24:00，与 0:00 条不可横向比较）,2025-11-13,11:10-12:00,71.930367,5
④ 仅光伏不可知 + 改用当天 6:00 发布的预报（覆盖 6:00–24:00，与 0:00 条不可横向比较）,2025-11-13,12:10-13:00,211.624767,5
④ 仅光伏不可知 + 改用当天 6:00 发布的预报（覆盖 6:00–24:00，与 0:00 条不可横向比较）,2025-11-13,13:30-14:00,125.445833,3
④ 仅光伏不可知 + 改用当天 6:00 发布的预报（覆盖 6:00–24:00，与 0:00 条不可横向比较）,2025-11-13,14:30-15:00,106.687667,3
④ 仅光伏不可知 + 改用当天 6:00 发布的预报（覆盖 6:00–24:00，与 0:00 条不可横向比较）,2025-11-13,15:50-16:00,34.411033,1
④ 仅光伏不可知 + 改用当天 6:00 发布的预报（覆盖 6:00–24:00，与 0:00 条不可横向比较）,2025-11-13,16:50-17:00,4.046767,1
④ 仅光伏不可知 + 改用当天 6:00 发布的预报（覆盖 6:00–24:00，与 0:00 条不可横向比较）,2025-11-14,6:00-8:20,1755.301150,14
④ 仅光伏不可知 + 改用当天 6:00 发布的预报（覆盖 6:00–24:00，与 0:00 条不可横向比较）,2025-11-14,8:40-9:50,1134.744567,7
④ 仅光伏不可知 + 改用当天 6:00 发布的预报（覆盖 6:00–24:00，与 0:00 条不可横向比较）,2025-11-14,10:00-10:20,280.703283,2
④ 仅光伏不可知 + 改用当天 6:00 发布的预报（覆盖 6:00–24:00，与 0:00 条不可横向比较）,2025-11-14,10:30-11:00,303.378367,3
④ 仅光伏不可知 + 改用当天 6:00 发布的预报（覆盖 6:00–24:00，与 0:00 条不可横向比较）,2025-11-14,11:10-11:30,286.689983,2
④ 仅光伏不可知 + 改用当天 6:00 发布的预报（覆盖 6:00–24:00，与 0:00 条不可横向比较）,2025-11-14,11:40-11:50,117.163050,1
④ 仅光伏不可知 + 改用当天 6:00 发布的预报（覆盖 6:00–24:00，与 0:00 条不可横向比较）,2025-11-14,12:10-12:50,442.706817,4
④ 仅光伏不可知 + 改用当天 6:00 发布的预报（覆盖 6:00–24:00，与 0:00 条不可横向比较）,2025-11-14,13:50-14:00,158.783067,1
④ 仅光伏不可知 + 改用当天 6:00 发布的预报（覆盖 6:00–24:00，与 0:00 条不可横向比较）,2025-11-14,14:30-14:50,51.682933,2
④ 仅光伏不可知 + 改用当天 6:00 发布的预报（覆盖 6:00–24:00，与 0:00 条不可横向比较）,2025-11-14,15:40-16:00,86.922800,2
④ 仅光伏不可知 + 改用当天 6:00 发布的预报（覆盖 6:00–24:00，与 0:00 条不可横向比较）,2025-11-14,16:50-17:00,3.363900,1
④ 仅光伏不可知 + 改用当天 6:00 发布的预报（覆盖 6:00–24:00，与 0:00 条不可横向比较）,2025-11-15,6:00-8:30,1521.538950,15
④ 仅光伏不可知 + 改用当天 6:00 发布的预报（覆盖 6:00–24:00，与 0:00 条不可横向比较）,2025-11-15,8:40-9:50,770.961417,7
④ 仅光伏不可知 + 改用当天 6:00 发布的预报（覆盖 6:00–24:00，与 0:00 条不可横向比较）,2025-11-15,10:00-11:10,724.834883,7
④ 仅光伏不可知 + 改用当天 6:00 发布的预报（覆盖 6:00–24:00，与 0:00 条不可横向比较）,2025-11-15,16:50-17:00,0.433700,1
④ 仅光伏不可知 + 改用当天 6:00 发布的预报（覆盖 6:00–24:00，与 0:00 条不可横向比较）,2025-11-16,6:00-6:50,186.182950,5
④ 仅光伏不可知 + 改用当天 6:00 发布的预报（覆盖 6:00–24:00，与 0:00 条不可横向比较）,2025-11-16,7:00-7:50,811.868300,5
④ 仅光伏不可知 + 改用当天 6:00 发布的预报（覆盖 6:00–24:00，与 0:00 条不可横向比较）,2025-11-16,8:00-8:50,573.588567,5
④ 仅光伏不可知 + 改用当天 6:00 发布的预报（覆盖 6:00–24:00，与 0:00 条不可横向比较）,2025-11-16,9:00-9:40,336.863883,4
④ 仅光伏不可知 + 改用当天 6:00 发布的预报（覆盖 6:00–24:00，与 0:00 条不可横向比较）,2025-11-16,10:00-10:40,270.221950,4
④ 仅光伏不可知 + 改用当天 6:00 发布的预报（覆盖 6:00–24:00，与 0:00 条不可横向比较）,2025-11-16,11:00-12:00,640.494783,6
④ 仅光伏不可知 + 改用当天 6:00 发布的预报（覆盖 6:00–24:00，与 0:00 条不可横向比较）,2025-11-17,6:00-8:50,1518.648483,17
④ 仅光伏不可知 + 改用当天 6:00 发布的预报（覆盖 6:00–24:00，与 0:00 条不可横向比较）,2025-11-17,9:00-9:50,809.128233,5
④ 仅光伏不可知 + 改用当天 6:00 发布的预报（覆盖 6:00–24:00，与 0:00 条不可横向比较）,2025-11-17,10:00-10:20,43.900450,2
④ 仅光伏不可知 + 改用当天 6:00 发布的预报（覆盖 6:00–24:00，与 0:00 条不可横向比较）,2025-11-17,11:00-11:20,51.746317,2
④ 仅光伏不可知 + 改用当天 6:00 发布的预报（覆盖 6:00–24:00，与 0:00 条不可横向比较）,2025-11-18,6:00-6:50,175.053600,5
④ 仅光伏不可知 + 改用当天 6:00 发布的预报（覆盖 6:00–24:00，与 0:00 条不可横向比较）,2025-11-18,7:00-13:00,3947.758283,36
④ 仅光伏不可知 + 改用当天 6:00 发布的预报（覆盖 6:00–24:00，与 0:00 条不可横向比较）,2025-11-18,13:20-14:00,228.944550,4
④ 仅光伏不可知 + 改用当天 6:00 发布的预报（覆盖 6:00–24:00，与 0:00 条不可横向比较）,2025-11-18,14:30-15:00,164.498633,3
④ 仅光伏不可知 + 改用当天 6:00 发布的预报（覆盖 6:00–24:00，与 0:00 条不可横向比较）,2025-11-18,15:40-16:00,75.600083,2
④ 仅光伏不可知 + 改用当天 6:00 发布的预报（覆盖 6:00–24:00，与 0:00 条不可横向比较）,2025-11-18,16:50-17:00,6.306717,1
④ 仅光伏不可知 + 改用当天 6:00 发布的预报（覆盖 6:00–24:00，与 0:00 条不可横向比较）,2025-11-19,6:00-6:50,157.063867,5
④ 仅光伏不可知 + 改用当天 6:00 发布的预报（覆盖 6:00–24:00，与 0:00 条不可横向比较）,2025-11-19,7:00-7:50,685.976067,5
④ 仅光伏不可知 + 改用当天 6:00 发布的预报（覆盖 6:00–24:00，与 0:00 条不可横向比较）,2025-11-19,8:00-8:50,535.841900,5
④ 仅光伏不可知 + 改用当天 6:00 发布的预报（覆盖 6:00–24:00，与 0:00 条不可横向比较）,2025-11-19,9:00-9:40,404.106367,4
④ 仅光伏不可知 + 改用当天 6:00 发布的预报（覆盖 6:00–24:00，与 0:00 条不可横向比较）,2025-11-19,10:00-10:30,25.841467,3
④ 仅光伏不可知 + 改用当天 6:00 发布的预报（覆盖 6:00–24:00，与 0:00 条不可横向比较）,2025-11-19,14:50-15:00,6.306150,1
④ 仅光伏不可知 + 改用当天 6:00 发布的预报（覆盖 6:00–24:00，与 0:00 条不可横向比较）,2025-11-19,15:50-16:00,15.936900,1
④ 仅光伏不可知 + 改用当天 6:00 发布的预报（覆盖 6:00–24:00，与 0:00 条不可横向比较）,2025-11-19,16:50-17:00,0.127950,1
④ 仅光伏不可知 + 改用当天 6:00 发布的预报（覆盖 6:00–24:00，与 0:00 条不可横向比较）,2025-11-20,6:00-11:00,2920.025183,30
④ 仅光伏不可知 + 改用当天 6:00 发布的预报（覆盖 6:00–24:00，与 0:00 条不可横向比较）,2025-11-20,11:40-12:00,29.344767,2
④ 仅光伏不可知 + 改用当天 6:00 发布的预报（覆盖 6:00–24:00，与 0:00 条不可横向比较）,2025-11-20,12:40-13:00,70.142900,2
④ 仅光伏不可知 + 改用当天 6:00 发布的预报（覆盖 6:00–24:00，与 0:00 条不可横向比较）,2025-11-20,13:40-14:00,86.366083,2
④ 仅光伏不可知 + 改用当天 6:00 发布的预报（覆盖 6:00–24:00，与 0:00 条不可横向比较）,2025-11-20,14:50-15:00,35.805400,1
④ 仅光伏不可知 + 改用当天 6:00 发布的预报（覆盖 6:00–24:00，与 0:00 条不可横向比较）,2025-11-20,15:50-16:00,9.823450,1
④ 仅光伏不可知 + 改用当天 6:00 发布的预报（覆盖 6:00–24:00，与 0:00 条不可横向比较）,2025-11-20,16:50-17:00,2.323033,1
④ 仅光伏不可知 + 改用当天 6:00 发布的预报（覆盖 6:00–24:00，与 0:00 条不可横向比较）,2025-11-21,6:00-6:50,125.373417,5
④ 仅光伏不可知 + 改用当天 6:00 发布的预报（覆盖 6:00–24:00，与 0:00 条不可横向比较）,2025-11-21,7:00-7:50,776.653967,5
④ 仅光伏不可知 + 改用当天 6:00 发布的预报（覆盖 6:00–24:00，与 0:00 条不可横向比较）,2025-11-21,8:00-8:30,532.955650,3
④ 仅光伏不可知 + 改用当天 6:00 发布的预报（覆盖 6:00–24:00，与 0:00 条不可横向比较）,2025-11-21,8:40-8:50,12.820317,1
④ 仅光伏不可知 + 改用当天 6:00 发布的预报（覆盖 6:00–24:00，与 0:00 条不可横向比较）,2025-11-21,9:00-9:50,672.005083,5
④ 仅光伏不可知 + 改用当天 6:00 发布的预报（覆盖 6:00–24:00，与 0:00 条不可横向比较）,2025-11-21,10:00-10:10,18.040333,1
④ 仅光伏不可知 + 改用当天 6:00 发布的预报（覆盖 6:00–24:00，与 0:00 条不可横向比较）,2025-11-21,14:50-15:00,19.347600,1
④ 仅光伏不可知 + 改用当天 6:00 发布的预报（覆盖 6:00–24:00，与 0:00 条不可横向比较）,2025-11-21,15:50-16:00,29.842967,1
④ 仅光伏不可知 + 改用当天 6:00 发布的预报（覆盖 6:00–24:00，与 0:00 条不可横向比较）,2025-11-21,16:50-17:00,2.646950,1
④ 仅光伏不可知 + 改用当天 6:00 发布的预报（覆盖 6:00–24:00，与 0:00 条不可横向比较）,2025-11-22,6:00-8:30,1405.252717,15
④ 仅光伏不可知 + 改用当天 6:00 发布的预报（覆盖 6:00–24:00，与 0:00 条不可横向比较）,2025-11-22,8:40-8:50,25.897567,1
④ 仅光伏不可知 + 改用当天 6:00 发布的预报（覆盖 6:00–24:00，与 0:00 条不可横向比较）,2025-11-22,9:00-9:50,523.507667,5
④ 仅光伏不可知 + 改用当天 6:00 发布的预报（覆盖 6:00–24:00，与 0:00 条不可横向比较）,2025-11-22,10:00-10:40,371.354900,4
④ 仅光伏不可知 + 改用当天 6:00 发布的预报（覆盖 6:00–24:00，与 0:00 条不可横向比较）,2025-11-22,12:40-12:50,2.539150,1
④ 仅光伏不可知 + 改用当天 6:00 发布的预报（覆盖 6:00–24:00，与 0:00 条不可横向比较）,2025-11-22,13:50-14:00,16.250767,1
④ 仅光伏不可知 + 改用当天 6:00 发布的预报（覆盖 6:00–24:00，与 0:00 条不可横向比较）,2025-11-22,14:50-15:00,53.799717,1
④ 仅光伏不可知 + 改用当天 6:00 发布的预报（覆盖 6:00–24:00，与 0:00 条不可横向比较）,2025-11-22,15:50-16:00,26.241200,1
④ 仅光伏不可知 + 改用当天 6:00 发布的预报（覆盖 6:00–24:00，与 0:00 条不可横向比较）,2025-11-22,16:50-17:00,2.368933,1
④ 仅光伏不可知 + 改用当天 6:00 发布的预报（覆盖 6:00–24:00，与 0:00 条不可横向比较）,2025-11-23,6:00-6:50,97.211783,5
④ 仅光伏不可知 + 改用当天 6:00 发布的预报（覆盖 6:00–24:00，与 0:00 条不可横向比较）,2025-11-23,7:00-7:50,678.234683,5
④ 仅光伏不可知 + 改用当天 6:00 发布的预报（覆盖 6:00–24:00，与 0:00 条不可横向比较）,2025-11-23,8:00-8:50,639.274917,5
④ 仅光伏不可知 + 改用当天 6:00 发布的预报（覆盖 6:00–24:00，与 0:00 条不可横向比较）,2025-11-23,9:00-9:50,416.833167,5
④ 仅光伏不可知 + 改用当天 6:00 发布的预报（覆盖 6:00–24:00，与 0:00 条不可横向比较）,2025-11-23,10:00-11:50,957.457417,11
④ 仅光伏不可知 + 改用当天 6:00 发布的预报（覆盖 6:00–24:00，与 0:00 条不可横向比较）,2025-11-23,12:00-12:50,131.314433,5
④ 仅光伏不可知 + 改用当天 6:00 发布的预报（覆盖 6:00–24:00，与 0:00 条不可横向比较）,2025-11-24,6:00-6:50,101.580217,5
④ 仅光伏不可知 + 改用当天 6:00 发布的预报（覆盖 6:00–24:00，与 0:00 条不可横向比较）,2025-11-24,7:00-7:50,853.622017,5
④ 仅光伏不可知 + 改用当天 6:00 发布的预报（覆盖 6:00–24:00，与 0:00 条不可横向比较）,2025-11-24,8:00-13:00,2607.944117,30
④ 仅光伏不可知 + 改用当天 6:00 发布的预报（覆盖 6:00–24:00，与 0:00 条不可横向比较）,2025-11-25,6:00-6:50,89.894050,5
④ 仅光伏不可知 + 改用当天 6:00 发布的预报（覆盖 6:00–24:00，与 0:00 条不可横向比较）,2025-11-25,7:00-7:50,708.550150,5
④ 仅光伏不可知 + 改用当天 6:00 发布的预报（覆盖 6:00–24:00，与 0:00 条不可横向比较）,2025-11-25,8:00-10:40,1590.084867,16
④ 仅光伏不可知 + 改用当天 6:00 发布的预报（覆盖 6:00–24:00，与 0:00 条不可横向比较）,2025-11-25,11:00-11:30,88.201267,3
④ 仅光伏不可知 + 改用当天 6:00 发布的预报（覆盖 6:00–24:00，与 0:00 条不可横向比较）,2025-11-25,15:50-16:00,4.969800,1
④ 仅光伏不可知 + 改用当天 6:00 发布的预报（覆盖 6:00–24:00，与 0:00 条不可横向比较）,2025-11-25,16:50-17:00,1.397850,1
④ 仅光伏不可知 + 改用当天 6:00 发布的预报（覆盖 6:00–24:00，与 0:00 条不可横向比较）,2025-11-26,6:00-6:50,76.957717,5
④ 仅光伏不可知 + 改用当天 6:00 发布的预报（覆盖 6:00–24:00，与 0:00 条不可横向比较）,2025-11-26,7:00-7:50,750.128433,5
④ 仅光伏不可知 + 改用当天 6:00 发布的预报（覆盖 6:00–24:00，与 0:00 条不可横向比较）,2025-11-26,8:00-8:50,546.551317,5
④ 仅光伏不可知 + 改用当天 6:00 发布的预报（覆盖 6:00–24:00，与 0:00 条不可横向比较）,2025-11-26,9:00-9:40,265.268500,4
④ 仅光伏不可知 + 改用当天 6:00 发布的预报（覆盖 6:00–24:00，与 0:00 条不可横向比较）,2025-11-26,10:00-10:30,138.953350,3
④ 仅光伏不可知 + 改用当天 6:00 发布的预报（覆盖 6:00–24:00，与 0:00 条不可横向比较）,2025-11-26,14:50-15:00,1.025083,1
④ 仅光伏不可知 + 改用当天 6:00 发布的预报（覆盖 6:00–24:00，与 0:00 条不可横向比较）,2025-11-27,6:00-6:50,75.098067,5
④ 仅光伏不可知 + 改用当天 6:00 发布的预报（覆盖 6:00–24:00，与 0:00 条不可横向比较）,2025-11-27,7:00-7:50,802.608100,5
④ 仅光伏不可知 + 改用当天 6:00 发布的预报（覆盖 6:00–24:00，与 0:00 条不可横向比较）,2025-11-27,8:00-8:50,737.873500,5
④ 仅光伏不可知 + 改用当天 6:00 发布的预报（覆盖 6:00–24:00，与 0:00 条不可横向比较）,2025-11-27,9:00-9:40,276.335600,4
④ 仅光伏不可知 + 改用当天 6:00 发布的预报（覆盖 6:00–24:00，与 0:00 条不可横向比较）,2025-11-27,10:00-10:30,57.478917,3
④ 仅光伏不可知 + 改用当天 6:00 发布的预报（覆盖 6:00–24:00，与 0:00 条不可横向比较）,2025-11-27,11:00-11:20,66.554250,2
④ 仅光伏不可知 + 改用当天 6:00 发布的预报（覆盖 6:00–24:00，与 0:00 条不可横向比较）,2025-11-27,14:50-15:00,22.027217,1
④ 仅光伏不可知 + 改用当天 6:00 发布的预报（覆盖 6:00–24:00，与 0:00 条不可横向比较）,2025-11-27,15:40-16:00,43.596883,2
④ 仅光伏不可知 + 改用当天 6:00 发布的预报（覆盖 6:00–24:00，与 0:00 条不可横向比较）,2025-11-27,16:50-17:00,1.347000,1
④ 仅光伏不可知 + 改用当天 6:00 发布的预报（覆盖 6:00–24:00，与 0:00 条不可横向比较）,2025-11-28,6:00-8:50,1458.825817,17
④ 仅光伏不可知 + 改用当天 6:00 发布的预报（覆盖 6:00–24:00，与 0:00 条不可横向比较）,2025-11-28,9:00-9:50,514.908817,5
④ 仅光伏不可知 + 改用当天 6:00 发布的预报（覆盖 6:00–24:00，与 0:00 条不可横向比较）,2025-11-28,10:00-10:40,355.045383,4
④ 仅光伏不可知 + 改用当天 6:00 发布的预报（覆盖 6:00–24:00，与 0:00 条不可横向比较）,2025-11-29,6:00-10:30,2211.390867,27
④ 仅光伏不可知 + 改用当天 6:00 发布的预报（覆盖 6:00–24:00，与 0:00 条不可横向比较）,2025-11-29,12:20-13:00,88.073450,4
④ 仅光伏不可知 + 改用当天 6:00 发布的预报（覆盖 6:00–24:00，与 0:00 条不可横向比较）,2025-11-29,13:50-14:00,32.920233,1
④ 仅光伏不可知 + 改用当天 6:00 发布的预报（覆盖 6:00–24:00，与 0:00 条不可横向比较）,2025-11-29,14:50-15:00,50.914933,1
④ 仅光伏不可知 + 改用当天 6:00 发布的预报（覆盖 6:00–24:00，与 0:00 条不可横向比较）,2025-11-29,15:40-16:00,51.020233,2
④ 仅光伏不可知 + 改用当天 6:00 发布的预报（覆盖 6:00–24:00，与 0:00 条不可横向比较）,2025-11-29,16:50-17:00,3.215067,1
④ 仅光伏不可知 + 改用当天 6:00 发布的预报（覆盖 6:00–24:00，与 0:00 条不可横向比较）,2025-11-30,6:00-6:50,49.185933,5
④ 仅光伏不可知 + 改用当天 6:00 发布的预报（覆盖 6:00–24:00，与 0:00 条不可横向比较）,2025-11-30,7:00-10:30,2298.675150,21
④ 仅光伏不可知 + 改用当天 6:00 发布的预报（覆盖 6:00–24:00，与 0:00 条不可横向比较）,2025-11-30,11:00-11:30,26.578317,3
④ 仅光伏不可知 + 改用当天 6:00 发布的预报（覆盖 6:00–24:00，与 0:00 条不可横向比较）,2025-11-30,11:50-12:00,19.428100,1
④ 仅光伏不可知 + 改用当天 6:00 发布的预报（覆盖 6:00–24:00，与 0:00 条不可横向比较）,2025-12-01,6:00-6:50,39.794867,5
④ 仅光伏不可知 + 改用当天 6:00 发布的预报（覆盖 6:00–24:00，与 0:00 条不可横向比较）,2025-12-01,7:00-11:00,3266.562150,24
④ 仅光伏不可知 + 改用当天 6:00 发布的预报（覆盖 6:00–24:00，与 0:00 条不可横向比较）,2025-12-01,11:40-12:00,24.298067,2
④ 仅光伏不可知 + 改用当天 6:00 发布的预报（覆盖 6:00–24:00，与 0:00 条不可横向比较）,2025-12-02,6:00-6:50,34.010633,5
④ 仅光伏不可知 + 改用当天 6:00 发布的预报（覆盖 6:00–24:00，与 0:00 条不可横向比较）,2025-12-02,7:00-7:50,631.896850,5
④ 仅光伏不可知 + 改用当天 6:00 发布的预报（覆盖 6:00–24:00，与 0:00 条不可横向比较）,2025-12-02,8:00-9:40,1216.447683,10
④ 仅光伏不可知 + 改用当天 6:00 发布的预报（覆盖 6:00–24:00，与 0:00 条不可横向比较）,2025-12-02,10:00-10:40,333.388733,4
④ 仅光伏不可知 + 改用当天 6:00 发布的预报（覆盖 6:00–24:00，与 0:00 条不可横向比较）,2025-12-02,11:00-11:10,30.847833,1
④ 仅光伏不可知 + 改用当天 6:00 发布的预报（覆盖 6:00–24:00，与 0:00 条不可横向比较）,2025-12-02,16:50-17:00,0.301667,1
④ 仅光伏不可知 + 改用当天 6:00 发布的预报（覆盖 6:00–24:00，与 0:00 条不可横向比较）,2025-12-03,6:00-6:50,28.701667,5
④ 仅光伏不可知 + 改用当天 6:00 发布的预报（覆盖 6:00–24:00，与 0:00 条不可横向比较）,2025-12-03,7:00-7:50,729.026267,5
④ 仅光伏不可知 + 改用当天 6:00 发布的预报（覆盖 6:00–24:00，与 0:00 条不可横向比较）,2025-12-03,8:00-8:50,712.902417,5
④ 仅光伏不可知 + 改用当天 6:00 发布的预报（覆盖 6:00–24:00，与 0:00 条不可横向比较）,2025-12-03,9:00-9:50,666.953233,5
④ 仅光伏不可知 + 改用当天 6:00 发布的预报（覆盖 6:00–24:00，与 0:00 条不可横向比较）,2025-12-03,10:00-10:40,240.476217,4
④ 仅光伏不可知 + 改用当天 6:00 发布的预报（覆盖 6:00–24:00，与 0:00 条不可横向比较）,2025-12-03,13:40-14:00,64.848750,2
④ 仅光伏不可知 + 改用当天 6:00 发布的预报（覆盖 6:00–24:00，与 0:00 条不可横向比较）,2025-12-03,14:50-15:00,8.469467,1
④ 仅光伏不可知 + 改用当天 6:00 发布的预报（覆盖 6:00–24:00，与 0:00 条不可横向比较）,2025-12-03,15:50-16:00,11.449900,1
④ 仅光伏不可知 + 改用当天 6:00 发布的预报（覆盖 6:00–24:00，与 0:00 条不可横向比较）,2025-12-03,16:50-17:00,0.074800,1
④ 仅光伏不可知 + 改用当天 6:00 发布的预报（覆盖 6:00–24:00，与 0:00 条不可横向比较）,2025-12-04,6:00-11:10,2857.614917,31
④ 仅光伏不可知 + 改用当天 6:00 发布的预报（覆盖 6:00–24:00，与 0:00 条不可横向比较）,2025-12-04,15:50-16:00,2.500267,1
④ 仅光伏不可知 + 改用当天 6:00 发布的预报（覆盖 6:00–24:00，与 0:00 条不可横向比较）,2025-12-04,16:50-17:00,0.031233,1
④ 仅光伏不可知 + 改用当天 6:00 发布的预报（覆盖 6:00–24:00，与 0:00 条不可横向比较）,2025-12-05,6:00-6:50,15.448583,5
④ 仅光伏不可知 + 改用当天 6:00 发布的预报（覆盖 6:00–24:00，与 0:00 条不可横向比较）,2025-12-05,7:00-7:50,654.532250,5
④ 仅光伏不可知 + 改用当天 6:00 发布的预报（覆盖 6:00–24:00，与 0:00 条不可横向比较）,2025-12-05,8:00-8:50,700.222733,5
④ 仅光伏不可知 + 改用当天 6:00 发布的预报（覆盖 6:00–24:00，与 0:00 条不可横向比较）,2025-12-05,9:00-9:40,322.047217,4
④ 仅光伏不可知 + 改用当天 6:00 发布的预报（覆盖 6:00–24:00，与 0:00 条不可横向比较）,2025-12-05,10:00-10:40,158.092750,4
④ 仅光伏不可知 + 改用当天 6:00 发布的预报（覆盖 6:00–24:00，与 0:00 条不可横向比较）,2025-12-05,14:50-15:00,23.880750,1
④ 仅光伏不可知 + 改用当天 6:00 发布的预报（覆盖 6:00–24:00，与 0:00 条不可横向比较）,2025-12-05,15:50-16:00,17.895583,1
④ 仅光伏不可知 + 改用当天 6:00 发布的预报（覆盖 6:00–24:00，与 0:00 条不可横向比较）,2025-12-05,16:50-17:00,0.473850,1
④ 仅光伏不可知 + 改用当天 6:00 发布的预报（覆盖 6:00–24:00，与 0:00 条不可横向比较）,2025-12-06,6:00-6:50,12.983933,5
④ 仅光伏不可知 + 改用当天 6:00 发布的预报（覆盖 6:00–24:00，与 0:00 条不可横向比较）,2025-12-06,7:00-7:50,692.269567,5
④ 仅光伏不可知 + 改用当天 6:00 发布的预报（覆盖 6:00–24:00，与 0:00 条不可横向比较）,2025-12-06,8:00-8:50,546.025733,5
④ 仅光伏不可知 + 改用当天 6:00 发布的预报（覆盖 6:00–24:00，与 0:00 条不可横向比较）,2025-12-06,9:00-9:40,263.612283,4
④ 仅光伏不可知 + 改用当天 6:00 发布的预报（覆盖 6:00–24:00，与 0:00 条不可横向比较）,2025-12-06,10:00-10:20,103.503817,2
④ 仅光伏不可知 + 改用当天 6:00 发布的预报（覆盖 6:00–24:00，与 0:00 条不可横向比较）,2025-12-06,11:00-11:30,52.396633,3
④ 仅光伏不可知 + 改用当天 6:00 发布的预报（覆盖 6:00–24:00，与 0:00 条不可横向比较）,2025-12-06,12:00-13:00,173.811033,6
④ 仅光伏不可知 + 改用当天 6:00 发布的预报（覆盖 6:00–24:00，与 0:00 条不可横向比较）,2025-12-06,13:40-14:00,93.103783,2
④ 仅光伏不可知 + 改用当天 6:00 发布的预报（覆盖 6:00–24:00，与 0:00 条不可横向比较）,2025-12-06,14:50-15:00,19.131900,1
④ 仅光伏不可知 + 改用当天 6:00 发布的预报（覆盖 6:00–24:00，与 0:00 条不可横向比较）,2025-12-06,15:50-16:00,23.470533,1
④ 仅光伏不可知 + 改用当天 6:00 发布的预报（覆盖 6:00–24:00，与 0:00 条不可横向比较）,2025-12-06,16:50-17:00,0.063350,1
④ 仅光伏不可知 + 改用当天 6:00 发布的预报（覆盖 6:00–24:00，与 0:00 条不可横向比较）,2025-12-07,6:00-6:50,9.714250,5
④ 仅光伏不可知 + 改用当天 6:00 发布的预报（覆盖 6:00–24:00，与 0:00 条不可横向比较）,2025-12-07,7:00-12:00,3651.110750,30
④ 仅光伏不可知 + 改用当天 6:00 发布的预报（覆盖 6:00–24:00，与 0:00 条不可横向比较）,2025-12-07,12:40-13:00,56.035883,2
④ 仅光伏不可知 + 改用当天 6:00 发布的预报（覆盖 6:00–24:00，与 0:00 条不可横向比较）,2025-12-07,13:40-14:00,76.034167,2
④ 仅光伏不可知 + 改用当天 6:00 发布的预报（覆盖 6:00–24:00，与 0:00 条不可横向比较）,2025-12-07,14:50-15:00,46.394433,1
④ 仅光伏不可知 + 改用当天 6:00 发布的预报（覆盖 6:00–24:00，与 0:00 条不可横向比较）,2025-12-07,15:50-16:00,19.175283,1
④ 仅光伏不可知 + 改用当天 6:00 发布的预报（覆盖 6:00–24:00，与 0:00 条不可横向比较）,2025-12-08,6:00-8:50,1595.162433,17
④ 仅光伏不可知 + 改用当天 6:00 发布的预报（覆盖 6:00–24:00，与 0:00 条不可横向比较）,2025-12-08,9:00-9:40,216.363933,4
④ 仅光伏不可知 + 改用当天 6:00 发布的预报（覆盖 6:00–24:00，与 0:00 条不可横向比较）,2025-12-08,15:50-16:00,7.728633,1
④ 仅光伏不可知 + 改用当天 6:00 发布的预报（覆盖 6:00–24:00，与 0:00 条不可横向比较）,2025-12-08,16:50-17:00,0.254950,1
④ 仅光伏不可知 + 改用当天 6:00 发布的预报（覆盖 6:00–24:00，与 0:00 条不可横向比较）,2025-12-09,6:00-6:30,2.155900,3
④ 仅光伏不可知 + 改用当天 6:00 发布的预报（覆盖 6:00–24:00，与 0:00 条不可横向比较）,2025-12-09,6:40-8:50,1437.984100,13
④ 仅光伏不可知 + 改用当天 6:00 发布的预报（覆盖 6:00–24:00，与 0:00 条不可横向比较）,2025-12-09,9:00-9:50,675.097000,5
④ 仅光伏不可知 + 改用当天 6:00 发布的预报（覆盖 6:00–24:00，与 0:00 条不可横向比较）,2025-12-09,10:00-10:30,190.661517,3
④ 仅光伏不可知 + 改用当天 6:00 发布的预报（覆盖 6:00–24:00，与 0:00 条不可横向比较）,2025-12-09,12:50-13:00,30.391533,1
④ 仅光伏不可知 + 改用当天 6:00 发布的预报（覆盖 6:00–24:00，与 0:00 条不可横向比较）,2025-12-09,13:30-14:00,93.619017,3
④ 仅光伏不可知 + 改用当天 6:00 发布的预报（覆盖 6:00–24:00，与 0:00 条不可横向比较）,2025-12-10,6:00-6:30,0.922017,3
④ 仅光伏不可知 + 改用当天 6:00 发布的预报（覆盖 6:00–24:00，与 0:00 条不可横向比较）,2025-12-10,6:40-10:50,2566.085367,25
④ 仅光伏不可知 + 改用当天 6:00 发布的预报（覆盖 6:00–24:00，与 0:00 条不可横向比较）,2025-12-10,11:00-11:20,20.353967,2
④ 仅光伏不可知 + 改用当天 6:00 发布的预报（覆盖 6:00–24:00，与 0:00 条不可横向比较）,2025-12-10,15:50-16:00,11.326983,1
④ 仅光伏不可知 + 改用当天 6:00 发布的预报（覆盖 6:00–24:00，与 0:00 条不可横向比较）,2025-12-10,16:50-17:00,0.034750,1
④ 仅光伏不可知 + 改用当天 6:00 发布的预报（覆盖 6:00–24:00，与 0:00 条不可横向比较）,2025-12-11,7:00-7:50,739.284000,5
④ 仅光伏不可知 + 改用当天 6:00 发布的预报（覆盖 6:00–24:00，与 0:00 条不可横向比较）,2025-12-11,8:00-8:50,619.441567,5
④ 仅光伏不可知 + 改用当天 6:00 发布的预报（覆盖 6:00–24:00，与 0:00 条不可横向比较）,2025-12-11,9:00-9:50,472.495033,5
④ 仅光伏不可知 + 改用当天 6:00 发布的预报（覆盖 6:00–24:00，与 0:00 条不可横向比较）,2025-12-11,10:00-10:40,313.158450,4
④ 仅光伏不可知 + 改用当天 6:00 发布的预报（覆盖 6:00–24:00，与 0:00 条不可横向比较）,2025-12-11,12:00-12:20,91.686383,2
④ 仅光伏不可知 + 改用当天 6:00 发布的预报（覆盖 6:00–24:00，与 0:00 条不可横向比较）,2025-12-11,13:40-14:00,42.975717,2
④ 仅光伏不可知 + 改用当天 6:00 发布的预报（覆盖 6:00–24:00，与 0:00 条不可横向比较）,2025-12-11,14:40-15:00,36.996350,2
④ 仅光伏不可知 + 改用当天 6:00 发布的预报（覆盖 6:00–24:00，与 0:00 条不可横向比较）,2025-12-11,15:50-16:00,42.304667,1
④ 仅光伏不可知 + 改用当天 6:00 发布的预报（覆盖 6:00–24:00，与 0:00 条不可横向比较）,2025-12-12,7:00-7:50,622.871267,5
④ 仅光伏不可知 + 改用当天 6:00 发布的预报（覆盖 6:00–24:00，与 0:00 条不可横向比较）,2025-12-12,8:00-8:50,699.128283,5
④ 仅光伏不可知 + 改用当天 6:00 发布的预报（覆盖 6:00–24:00，与 0:00 条不可横向比较）,2025-12-12,9:00-9:40,172.962450,4
④ 仅光伏不可知 + 改用当天 6:00 发布的预报（覆盖 6:00–24:00，与 0:00 条不可横向比较）,2025-12-12,10:00-10:20,42.144433,2
④ 仅光伏不可知 + 改用当天 6:00 发布的预报（覆盖 6:00–24:00，与 0:00 条不可横向比较）,2025-12-12,13:30-13:50,40.759017,2
④ 仅光伏不可知 + 改用当天 6:00 发布的预报（覆盖 6:00–24:00，与 0:00 条不可横向比较）,2025-12-12,14:50-15:00,23.290700,1
④ 仅光伏不可知 + 改用当天 6:00 发布的预报（覆盖 6:00–24:00，与 0:00 条不可横向比较）,2025-12-12,15:50-16:00,30.829967,1
④ 仅光伏不可知 + 改用当天 6:00 发布的预报（覆盖 6:00–24:00，与 0:00 条不可横向比较）,2025-12-13,7:00-11:50,2695.789900,29
④ 仅光伏不可知 + 改用当天 6:00 发布的预报（覆盖 6:00–24:00，与 0:00 条不可横向比较）,2025-12-14,7:00-10:50,2443.882083,23
④ 仅光伏不可知 + 改用当天 6:00 发布的预报（覆盖 6:00–24:00，与 0:00 条不可横向比较）,2025-12-14,11:00-11:30,66.388850,3
④ 仅光伏不可知 + 改用当天 6:00 发布的预报（覆盖 6:00–24:00，与 0:00 条不可横向比较）,2025-12-14,15:50-16:00,22.293167,1
④ 仅光伏不可知 + 改用当天 6:00 发布的预报（覆盖 6:00–24:00，与 0:00 条不可横向比较）,2025-12-15,7:00-8:50,1426.085917,11
④ 仅光伏不可知 + 改用当天 6:00 发布的预报（覆盖 6:00–24:00，与 0:00 条不可横向比较）,2025-12-15,9:00-10:40,737.424167,10
④ 仅光伏不可知 + 改用当天 6:00 发布的预报（覆盖 6:00–24:00，与 0:00 条不可横向比较）,2025-12-15,10:50-11:00,0.385017,1
④ 仅光伏不可知 + 改用当天 6:00 发布的预报（覆盖 6:00–24:00，与 0:00 条不可横向比较）,2025-12-15,15:50-16:00,2.392683,1
④ 仅光伏不可知 + 改用当天 6:00 发布的预报（覆盖 6:00–24:00，与 0:00 条不可横向比较）,2025-12-16,7:00-7:50,661.521150,5
④ 仅光伏不可知 + 改用当天 6:00 发布的预报（覆盖 6:00–24:00，与 0:00 条不可横向比较）,2025-12-16,8:00-8:50,533.421933,5
④ 仅光伏不可知 + 改用当天 6:00 发布的预报（覆盖 6:00–24:00，与 0:00 条不可横向比较）,2025-12-16,9:00-9:50,468.165500,5
④ 仅光伏不可知 + 改用当天 6:00 发布的预报（覆盖 6:00–24:00，与 0:00 条不可横向比较）,2025-12-16,10:00-10:20,196.252100,2
④ 仅光伏不可知 + 改用当天 6:00 发布的预报（覆盖 6:00–24:00，与 0:00 条不可横向比较）,2025-12-16,10:40-10:50,11.494700,1
④ 仅光伏不可知 + 改用当天 6:00 发布的预报（覆盖 6:00–24:00，与 0:00 条不可横向比较）,2025-12-16,11:00-12:00,167.376317,6
④ 仅光伏不可知 + 改用当天 6:00 发布的预报（覆盖 6:00–24:00，与 0:00 条不可横向比较）,2025-12-16,12:20-13:00,149.529367,4
④ 仅光伏不可知 + 改用当天 6:00 发布的预报（覆盖 6:00–24:00，与 0:00 条不可横向比较）,2025-12-16,13:40-14:00,51.928633,2
④ 仅光伏不可知 + 改用当天 6:00 发布的预报（覆盖 6:00–24:00，与 0:00 条不可横向比较）,2025-12-16,15:50-16:00,4.225167,1
④ 仅光伏不可知 + 改用当天 6:00 发布的预报（覆盖 6:00–24:00，与 0:00 条不可横向比较）,2025-12-17,7:00-9:50,2192.206850,17
④ 仅光伏不可知 + 改用当天 6:00 发布的预报（覆盖 6:00–24:00，与 0:00 条不可横向比较）,2025-12-17,10:00-10:40,163.768200,4
④ 仅光伏不可知 + 改用当天 6:00 发布的预报（覆盖 6:00–24:00，与 0:00 条不可横向比较）,2025-12-17,10:50-12:00,136.402450,7
④ 仅光伏不可知 + 改用当天 6:00 发布的预报（覆盖 6:00–24:00，与 0:00 条不可横向比较）,2025-12-17,13:30-14:00,27.331483,3
④ 仅光伏不可知 + 改用当天 6:00 发布的预报（覆盖 6:00–24:00，与 0:00 条不可横向比较）,2025-12-17,14:40-15:00,99.343300,2
④ 仅光伏不可知 + 改用当天 6:00 发布的预报（覆盖 6:00–24:00，与 0:00 条不可横向比较）,2025-12-17,15:50-16:00,25.873150,1
④ 仅光伏不可知 + 改用当天 6:00 发布的预报（覆盖 6:00–24:00，与 0:00 条不可横向比较）,2025-12-18,7:00-7:50,666.140700,5
④ 仅光伏不可知 + 改用当天 6:00 发布的预报（覆盖 6:00–24:00，与 0:00 条不可横向比较）,2025-12-18,8:00-8:50,636.103267,5
④ 仅光伏不可知 + 改用当天 6:00 发布的预报（覆盖 6:00–24:00，与 0:00 条不可横向比较）,2025-12-18,9:00-9:50,316.245733,5
④ 仅光伏不可知 + 改用当天 6:00 发布的预报（覆盖 6:00–24:00，与 0:00 条不可横向比较）,2025-12-18,10:00-10:50,615.683683,5
④ 仅光伏不可知 + 改用当天 6:00 发布的预报（覆盖 6:00–24:00，与 0:00 条不可横向比较）,2025-12-18,11:00-11:30,156.507533,3
④ 仅光伏不可知 + 改用当天 6:00 发布的预报（覆盖 6:00–24:00，与 0:00 条不可横向比较）,2025-12-18,12:50-13:00,13.414367,1
④ 仅光伏不可知 + 改用当天 6:00 发布的预报（覆盖 6:00–24:00，与 0:00 条不可横向比较）,2025-12-19,7:00-7:50,628.410500,5
④ 仅光伏不可知 + 改用当天 6:00 发布的预报（覆盖 6:00–24:00，与 0:00 条不可横向比较）,2025-12-19,8:00-8:50,606.776533,5
④ 仅光伏不可知 + 改用当天 6:00 发布的预报（覆盖 6:00–24:00，与 0:00 条不可横向比较）,2025-12-19,9:00-9:50,736.406033,5
④ 仅光伏不可知 + 改用当天 6:00 发布的预报（覆盖 6:00–24:00，与 0:00 条不可横向比较）,2025-12-19,10:00-10:30,95.737583,3
④ 仅光伏不可知 + 改用当天 6:00 发布的预报（覆盖 6:00–24:00，与 0:00 条不可横向比较）,2025-12-20,7:00-12:00,2747.651150,30
④ 仅光伏不可知 + 改用当天 6:00 发布的预报（覆盖 6:00–24:00，与 0:00 条不可横向比较）,2025-12-20,12:50-13:00,3.800050,1
④ 仅光伏不可知 + 改用当天 6:00 发布的预报（覆盖 6:00–24:00，与 0:00 条不可横向比较）,2025-12-20,14:40-15:00,51.236017,2
④ 仅光伏不可知 + 改用当天 6:00 发布的预报（覆盖 6:00–24:00，与 0:00 条不可横向比较）,2025-12-20,15:50-16:00,10.025000,1
④ 仅光伏不可知 + 改用当天 6:00 发布的预报（覆盖 6:00–24:00，与 0:00 条不可横向比较）,2025-12-21,7:00-12:00,3500.786783,30
④ 仅光伏不可知 + 改用当天 6:00 发布的预报（覆盖 6:00–24:00，与 0:00 条不可横向比较）,2025-12-21,12:40-13:00,76.016417,2
④ 仅光伏不可知 + 改用当天 6:00 发布的预报（覆盖 6:00–24:00，与 0:00 条不可横向比较）,2025-12-21,13:40-14:00,38.438233,2
④ 仅光伏不可知 + 改用当天 6:00 发布的预报（覆盖 6:00–24:00，与 0:00 条不可横向比较）,2025-12-21,14:50-15:00,4.219367,1
④ 仅光伏不可知 + 改用当天 6:00 发布的预报（覆盖 6:00–24:00，与 0:00 条不可横向比较）,2025-12-22,7:00-7:50,617.092183,5
④ 仅光伏不可知 + 改用当天 6:00 发布的预报（覆盖 6:00–24:00，与 0:00 条不可横向比较）,2025-12-22,8:00-8:50,673.738517,5
④ 仅光伏不可知 + 改用当天 6:00 发布的预报（覆盖 6:00–24:00，与 0:00 条不可横向比较）,2025-12-22,9:00-9:50,516.131800,5
④ 仅光伏不可知 + 改用当天 6:00 发布的预报（覆盖 6:00–24:00，与 0:00 条不可横向比较）,2025-12-22,10:00-10:40,252.648483,4
④ 仅光伏不可知 + 改用当天 6:00 发布的预报（覆盖 6:00–24:00，与 0:00 条不可横向比较）,2025-12-22,11:00-12:00,341.856433,6
④ 仅光伏不可知 + 改用当天 6:00 发布的预报（覆盖 6:00–24:00，与 0:00 条不可横向比较）,2025-12-22,12:10-13:00,179.051117,5
④ 仅光伏不可知 + 改用当天 6:00 发布的预报（覆盖 6:00–24:00，与 0:00 条不可横向比较）,2025-12-22,13:30-14:00,129.559550,3
④ 仅光伏不可知 + 改用当天 6:00 发布的预报（覆盖 6:00–24:00，与 0:00 条不可横向比较）,2025-12-22,14:50-15:00,30.881817,1
④ 仅光伏不可知 + 改用当天 6:00 发布的预报（覆盖 6:00–24:00，与 0:00 条不可横向比较）,2025-12-22,15:50-16:00,8.400467,1
④ 仅光伏不可知 + 改用当天 6:00 发布的预报（覆盖 6:00–24:00，与 0:00 条不可横向比较）,2025-12-23,7:00-13:00,3160.249767,36
④ 仅光伏不可知 + 改用当天 6:00 发布的预报（覆盖 6:00–24:00，与 0:00 条不可横向比较）,2025-12-23,13:40-14:00,32.832450,2
④ 仅光伏不可知 + 改用当天 6:00 发布的预报（覆盖 6:00–24:00，与 0:00 条不可横向比较）,2025-12-24,7:00-8:50,1139.226950,11
④ 仅光伏不可知 + 改用当天 6:00 发布的预报（覆盖 6:00–24:00，与 0:00 条不可横向比较）,2025-12-24,9:00-9:50,448.586717,5
④ 仅光伏不可知 + 改用当天 6:00 发布的预报（覆盖 6:00–24:00，与 0:00 条不可横向比较）,2025-12-24,10:00-11:20,468.375117,8
④ 仅光伏不可知 + 改用当天 6:00 发布的预报（覆盖 6:00–24:00，与 0:00 条不可横向比较）,2025-12-24,11:40-12:00,62.090800,2
④ 仅光伏不可知 + 改用当天 6:00 发布的预报（覆盖 6:00–24:00，与 0:00 条不可横向比较）,2025-12-24,12:50-13:00,3.022650,1
④ 仅光伏不可知 + 改用当天 6:00 发布的预报（覆盖 6:00–24:00，与 0:00 条不可横向比较）,2025-12-24,13:50-14:00,26.737450,1
④ 仅光伏不可知 + 改用当天 6:00 发布的预报（覆盖 6:00–24:00，与 0:00 条不可横向比较）,2025-12-24,14:50-15:00,1.315667,1
④ 仅光伏不可知 + 改用当天 6:00 发布的预报（覆盖 6:00–24:00，与 0:00 条不可横向比较）,2025-12-25,7:00-13:00,3915.268267,36
④ 仅光伏不可知 + 改用当天 6:00 发布的预报（覆盖 6:00–24:00，与 0:00 条不可横向比较）,2025-12-25,13:40-14:00,108.317350,2
④ 仅光伏不可知 + 改用当天 6:00 发布的预报（覆盖 6:00–24:00，与 0:00 条不可横向比较）,2025-12-25,14:40-15:00,86.426217,2
④ 仅光伏不可知 + 改用当天 6:00 发布的预报（覆盖 6:00–24:00，与 0:00 条不可横向比较）,2025-12-25,15:50-16:00,19.993750,1
④ 仅光伏不可知 + 改用当天 6:00 发布的预报（覆盖 6:00–24:00，与 0:00 条不可横向比较）,2025-12-26,7:00-7:50,686.632167,5
④ 仅光伏不可知 + 改用当天 6:00 发布的预报（覆盖 6:00–24:00，与 0:00 条不可横向比较）,2025-12-26,8:00-8:50,581.322533,5
④ 仅光伏不可知 + 改用当天 6:00 发布的预报（覆盖 6:00–24:00，与 0:00 条不可横向比较）,2025-12-26,9:00-9:50,547.222083,5
④ 仅光伏不可知 + 改用当天 6:00 发布的预报（覆盖 6:00–24:00，与 0:00 条不可横向比较）,2025-12-26,10:00-10:50,794.444267,5
④ 仅光伏不可知 + 改用当天 6:00 发布的预报（覆盖 6:00–24:00，与 0:00 条不可横向比较）,2025-12-26,11:20-12:00,71.307433,4
④ 仅光伏不可知 + 改用当天 6:00 发布的预报（覆盖 6:00–24:00，与 0:00 条不可横向比较）,2025-12-26,12:40-14:00,338.757100,8
④ 仅光伏不可知 + 改用当天 6:00 发布的预报（覆盖 6:00–24:00，与 0:00 条不可横向比较）,2025-12-26,14:40-15:00,71.366700,2
④ 仅光伏不可知 + 改用当天 6:00 发布的预报（覆盖 6:00–24:00，与 0:00 条不可横向比较）,2025-12-26,15:50-16:00,16.336583,1
④ 仅光伏不可知 + 改用当天 6:00 发布的预报（覆盖 6:00–24:00，与 0:00 条不可横向比较）,2025-12-27,7:00-7:50,756.350550,5
④ 仅光伏不可知 + 改用当天 6:00 发布的预报（覆盖 6:00–24:00，与 0:00 条不可横向比较）,2025-12-27,8:00-8:50,650.569683,5
④ 仅光伏不可知 + 改用当天 6:00 发布的预报（覆盖 6:00–24:00，与 0:00 条不可横向比较）,2025-12-27,9:00-9:50,503.006267,5
④ 仅光伏不可知 + 改用当天 6:00 发布的预报（覆盖 6:00–24:00，与 0:00 条不可横向比较）,2025-12-27,10:00-12:00,1051.998400,12
④ 仅光伏不可知 + 改用当天 6:00 发布的预报（覆盖 6:00–24:00，与 0:00 条不可横向比较）,2025-12-27,12:30-13:00,21.562350,3
④ 仅光伏不可知 + 改用当天 6:00 发布的预报（覆盖 6:00–24:00，与 0:00 条不可横向比较）,2025-12-27,13:50-14:00,20.225250,1
④ 仅光伏不可知 + 改用当天 6:00 发布的预报（覆盖 6:00–24:00，与 0:00 条不可横向比较）,2025-12-28,7:00-11:10,2487.057367,25
④ 仅光伏不可知 + 改用当天 6:00 发布的预报（覆盖 6:00–24:00，与 0:00 条不可横向比较）,2025-12-28,11:20-12:00,83.733017,4
④ 仅光伏不可知 + 改用当天 6:00 发布的预报（覆盖 6:00–24:00，与 0:00 条不可横向比较）,2025-12-28,12:20-13:00,199.278717,4
④ 仅光伏不可知 + 改用当天 6:00 发布的预报（覆盖 6:00–24:00，与 0:00 条不可横向比较）,2025-12-28,13:50-14:00,10.854967,1
④ 仅光伏不可知 + 改用当天 6:00 发布的预报（覆盖 6:00–24:00，与 0:00 条不可横向比较）,2025-12-28,15:50-16:00,5.000000,1
④ 仅光伏不可知 + 改用当天 6:00 发布的预报（覆盖 6:00–24:00，与 0:00 条不可横向比较）,2025-12-29,7:00-8:50,1621.870400,11
④ 仅光伏不可知 + 改用当天 6:00 发布的预报（覆盖 6:00–24:00，与 0:00 条不可横向比较）,2025-12-29,9:00-9:50,460.188817,5
④ 仅光伏不可知 + 改用当天 6:00 发布的预报（覆盖 6:00–24:00，与 0:00 条不可横向比较）,2025-12-29,10:00-10:20,50.734550,2
④ 仅光伏不可知 + 改用当天 6:00 发布的预报（覆盖 6:00–24:00，与 0:00 条不可横向比较）,2025-12-29,13:50-14:00,3.012417,1
④ 仅光伏不可知 + 改用当天 6:00 发布的预报（覆盖 6:00–24:00，与 0:00 条不可横向比较）,2025-12-29,14:50-15:00,11.067017,1
④ 仅光伏不可知 + 改用当天 6:00 发布的预报（覆盖 6:00–24:00，与 0:00 条不可横向比较）,2025-12-30,7:00-12:00,3681.014300,30
④ 仅光伏不可知 + 改用当天 6:00 发布的预报（覆盖 6:00–24:00，与 0:00 条不可横向比较）,2025-12-31,6:00-6:30,0.293117,3
④ 仅光伏不可知 + 改用当天 6:00 发布的预报（覆盖 6:00–24:00，与 0:00 条不可横向比较）,2025-12-31,6:40-6:50,0.125000,1
④ 仅光伏不可知 + 改用当天 6:00 发布的预报（覆盖 6:00–24:00，与 0:00 条不可横向比较）,2025-12-31,7:00-12:00,2505.517283,30
④ 仅光伏不可知 + 改用当天 6:00 发布的预报（覆盖 6:00–24:00，与 0:00 条不可横向比较）,2025-12-31,12:30-13:00,29.671917,3
④ 仅光伏不可知 + 改用当天 6:00 发布的预报（覆盖 6:00–24:00，与 0:00 条不可横向比较）,2025-12-31,13:40-14:00,17.419350,2
④ 仅光伏不可知 + 改用当天 6:00 发布的预报（覆盖 6:00–24:00，与 0:00 条不可横向比较）,2025-12-31,14:40-15:00,21.228900,2
④ 仅光伏不可知 + 改用当天 6:00 发布的预报（覆盖 6:00–24:00，与 0:00 条不可横向比较）,2025-12-31,15:50-16:00,4.687500,1
⑤【假设性对照】仅光伏不可知 + 允许日内再调度储能,2025-02-01,11:00-12:40,4261.995341,10
⑤【假设性对照】仅光伏不可知 + 允许日内再调度储能,2025-02-01,21:50-22:10,988.309840,2
⑤【假设性对照】仅光伏不可知 + 允许日内再调度储能,2025-02-01,22:20-22:40,1666.666667,2
⑤【假设性对照】仅光伏不可知 + 允许日内再调度储能,2025-02-02,0:10-0:20,622.453341,1
⑤【假设性对照】仅光伏不可知 + 允许日内再调度储能,2025-02-02,5:30-5:40,833.333333,1
⑤【假设性对照】仅光伏不可知 + 允许日内再调度储能,2025-02-02,10:50-12:50,5542.670097,12
⑤【假设性对照】仅光伏不可知 + 允许日内再调度储能,2025-02-02,15:00-15:20,461.226667,2
⑤【假设性对照】仅光伏不可知 + 允许日内再调度储能,2025-02-02,21:50-22:10,988.304563,2
⑤【假设性对照】仅光伏不可知 + 允许日内再调度储能,2025-02-02,22:20-22:40,1666.666667,2
⑤【假设性对照】仅光伏不可知 + 允许日内再调度储能,2025-02-03,0:00-0:20,1074.418252,2
⑤【假设性对照】仅光伏不可知 + 允许日内再调度储能,2025-02-03,5:30-5:40,833.333333,1
⑤【假设性对照】仅光伏不可知 + 允许日内再调度储能,2025-02-03,10:50-12:50,6540.134523,12
⑤【假设性对照】仅光伏不可知 + 允许日内再调度储能,2025-02-03,14:50-15:30,663.342183,4
⑤【假设性对照】仅光伏不可知 + 允许日内再调度储能,2025-02-03,21:50-22:10,988.294762,2
⑤【假设性对照】仅光伏不可知 + 允许日内再调度储能,2025-02-03,22:20-22:40,1666.666667,2
⑤【假设性对照】仅光伏不可知 + 允许日内再调度储能,2025-02-04,0:10-0:20,567.012038,1
⑤【假设性对照】仅光伏不可知 + 允许日内再调度储能,2025-02-04,5:30-5:40,833.333333,1
⑤【假设性对照】仅光伏不可知 + 允许日内再调度储能,2025-02-04,10:50-12:50,7036.132520,12
⑤【假设性对照】仅光伏不可知 + 允许日内再调度储能,2025-02-04,14:50-15:40,1146.465650,5
⑤【假设性对照】仅光伏不可知 + 允许日内再调度储能,2025-02-04,21:50-22:10,988.278912,2
⑤【假设性对照】仅光伏不可知 + 允许日内再调度储能,2025-02-04,22:20-22:40,1666.666667,2
⑤【假设性对照】仅光伏不可知 + 允许日内再调度储能,2025-02-05,0:10-0:20,180.008100,1
⑤【假设性对照】仅光伏不可知 + 允许日内再调度储能,2025-02-05,5:30-5:40,833.333333,1
⑤【假设性对照】仅光伏不可知 + 允许日内再调度储能,2025-02-05,11:50-12:50,4111.963128,6
⑤【假设性对照】仅光伏不可知 + 允许日内再调度储能,2025-02-05,14:50-15:20,582.058583,3
⑤【假设性对照】仅光伏不可知 + 允许日内再调度储能,2025-02-05,21:50-22:10,988.273538,2
⑤【假设性对照】仅光伏不可知 + 允许日内再调度储能,2025-02-05,22:20-22:40,1666.666667,2
⑤【假设性对照】仅光伏不可知 + 允许日内再调度储能,2025-02-06,0:00-0:20,874.719655,2
⑤【假设性对照】仅光伏不可知 + 允许日内再调度储能,2025-02-06,5:30-5:40,833.335633,1
⑤【假设性对照】仅光伏不可知 + 允许日内再调度储能,2025-02-06,10:50-12:50,8974.325446,12
⑤【假设性对照】仅光伏不可知 + 允许日内再调度储能,2025-02-06,14:50-15:40,1126.362566,5
⑤【假设性对照】仅光伏不可知 + 允许日内再调度储能,2025-02-06,21:50-22:10,988.268300,2
⑤【假设性对照】仅光伏不可知 + 允许日内再调度储能,2025-02-06,22:20-22:40,1666.666667,2
⑤【假设性对照】仅光伏不可知 + 允许日内再调度储能,2025-02-07,0:10-0:20,408.240151,1
⑤【假设性对照】仅光伏不可知 + 允许日内再调度储能,2025-02-07,5:30-5:40,833.339550,1
⑤【假设性对照】仅光伏不可知 + 允许日内再调度储能,2025-02-07,10:50-12:40,7161.286355,11
⑤【假设性对照】仅光伏不可知 + 允许日内再调度储能,2025-02-07,21:50-22:10,988.365973,2
⑤【假设性对照】仅光伏不可知 + 允许日内再调度储能,2025-02-07,22:20-22:40,1666.666667,2
⑤【假设性对照】仅光伏不可知 + 允许日内再调度储能,2025-02-08,5:30-5:40,99.728862,1
⑤【假设性对照】仅光伏不可知 + 允许日内再调度储能,2025-02-08,11:00-11:10,484.950267,1
⑤【假设性对照】仅光伏不可知 + 允许日内再调度储能,2025-02-08,11:20-12:40,3530.996594,8
⑤【假设性对照】仅光伏不可知 + 允许日内再调度储能,2025-02-08,21:50-22:10,988.422052,2
⑤【假设性对照】仅光伏不可知 + 允许日内再调度储能,2025-02-08,22:20-22:40,1666.666667,2
⑤【假设性对照】仅光伏不可知 + 允许日内再调度储能,2025-02-09,0:00-0:30,1912.852719,3
⑤【假设性对照】仅光伏不可知 + 允许日内再调度储能,2025-02-09,5:30-5:40,833.353917,1
⑤【假设性对照】仅光伏不可知 + 允许日内再调度储能,2025-02-09,10:50-11:10,275.862503,2
⑤【假设性对照】仅光伏不可知 + 允许日内再调度储能,2025-02-09,11:20-11:30,8.432650,1
⑤【假设性对照】仅光伏不可知 + 允许日内再调度储能,2025-02-09,11:50-12:40,4137.251333,5
⑤【假设性对照】仅光伏不可知 + 允许日内再调度储能,2025-02-09,15:00-15:20,414.194083,2
⑤【假设性对照】仅光伏不可知 + 允许日内再调度储能,2025-02-09,21:50-22:10,988.286577,2
⑤【假设性对照】仅光伏不可知 + 允许日内再调度储能,2025-02-09,22:20-22:40,1666.666667,2
⑤【假设性对照】仅光伏不可知 + 允许日内再调度储能,2025-02-10,0:00-0:20,1439.348418,2
⑤【假设性对照】仅光伏不可知 + 允许日内再调度储能,2025-02-10,5:30-5:40,833.358200,1
⑤【假设性对照】仅光伏不可知 + 允许日内再调度储能,2025-02-10,10:50-12:50,5809.193485,12
⑤【假设性对照】仅光伏不可知 + 允许日内再调度储能,2025-02-10,14:50-15:20,503.318317,3
⑤【假设性对照】仅光伏不可知 + 允许日内再调度储能,2025-02-10,21:50-22:10,988.293752,2
⑤【假设性对照】仅光伏不可知 + 允许日内再调度储能,2025-02-10,22:20-22:40,1666.666667,2
⑤【假设性对照】仅光伏不可知 + 允许日内再调度储能,2025-02-11,0:10-0:20,180.002500,1
⑤【假设性对照】仅光伏不可知 + 允许日内再调度储能,2025-02-11,5:30-5:40,833.365833,1
⑤【假设性对照】仅光伏不可知 + 允许日内再调度储能,2025-02-11,11:00-11:10,752.620183,1
⑤【假设性对照】仅光伏不可知 + 允许日内再调度储能,2025-02-11,11:20-12:50,6603.792471,9
⑤【假设性对照】仅光伏不可知 + 允许日内再调度储能,2025-02-11,14:50-15:30,1263.275500,4
⑤【假设性对照】仅光伏不可知 + 允许日内再调度储能,2025-02-11,21:50-22:10,988.268408,2
⑤【假设性对照】仅光伏不可知 + 允许日内再调度储能,2025-02-11,22:20-22:40,1666.666667,2
⑤【假设性对照】仅光伏不可知 + 允许日内再调度储能,2025-02-12,0:00-0:20,1377.507918,2
⑤【假设性对照】仅光伏不可知 + 允许日内再调度储能,2025-02-12,5:30-5:40,833.371117,1
⑤【假设性对照】仅光伏不可知 + 允许日内再调度储能,2025-02-12,10:50-12:50,5788.071964,12
⑤【假设性对照】仅光伏不可知 + 允许日内再调度储能,2025-02-12,14:50-15:30,744.226397,4
⑤【假设性对照】仅光伏不可知 + 允许日内再调度储能,2025-02-12,21:50-22:10,988.304991,2
⑤【假设性对照】仅光伏不可知 + 允许日内再调度储能,2025-02-12,22:20-22:40,1666.666667,2
⑤【假设性对照】仅光伏不可知 + 允许日内再调度储能,2025-02-13,0:00-0:20,866.662539,2
⑤【假设性对照】仅光伏不可知 + 允许日内再调度储能,2025-02-13,5:30-5:40,833.377650,1
⑤【假设性对照】仅光伏不可知 + 允许日内再调度储能,2025-02-13,10:50-12:50,5281.049848,12
⑤【假设性对照】仅光伏不可知 + 允许日内再调度储能,2025-02-13,15:00-15:10,272.261350,1
⑤【假设性对照】仅光伏不可知 + 允许日内再调度储能,2025-02-13,21:50-22:10,988.269826,2
⑤【假设性对照】仅光伏不可知 + 允许日内再调度储能,2025-02-13,22:20-22:40,1666.666667,2
⑤【假设性对照】仅光伏不可知 + 允许日内再调度储能,2025-02-14,5:30-5:40,273.355606,1
⑤【假设性对照】仅光伏不可知 + 允许日内再调度储能,2025-02-14,10:50-12:40,5317.100629,11
⑤【假设性对照】仅光伏不可知 + 允许日内再调度储能,2025-02-14,21:50-22:10,988.857278,2
⑤【假设性对照】仅光伏不可知 + 允许日内再调度储能,2025-02-14,22:20-22:40,1666.666667,2
⑤【假设性对照】仅光伏不可知 + 允许日内再调度储能,2025-02-15,10:50-12:40,7013.128092,11
⑤【假设性对照】仅光伏不可知 + 允许日内再调度储能,2025-02-15,21:50-22:10,988.923388,2
⑤【假设性对照】仅光伏不可知 + 允许日内再调度储能,2025-02-15,22:20-22:40,1666.666667,2
⑤【假设性对照】仅光伏不可知 + 允许日内再调度储能,2025-02-16,0:00-0:20,918.890532,2
⑤【假设性对照】仅光伏不可知 + 允许日内再调度储能,2025-02-16,5:30-5:40,833.392983,1
⑤【假设性对照】仅光伏不可知 + 允许日内再调度储能,2025-02-16,10:50-11:10,876.446383,2
⑤【假设性对照】仅光伏不可知 + 允许日内再调度储能,2025-02-16,11:30-12:50,6137.239357,8
⑤【假设性对照】仅光伏不可知 + 允许日内再调度储能,2025-02-16,14:50-15:30,1092.368709,4
⑤【假设性对照】仅光伏不可知 + 允许日内再调度储能,2025-02-16,21:50-22:10,988.270487,2
⑤【假设性对照】仅光伏不可知 + 允许日内再调度储能,2025-02-16,22:20-22:40,1666.666667,2
⑤【假设性对照】仅光伏不可知 + 允许日内再调度储能,2025-02-17,0:00-0:30,2389.352957,3
⑤【假设性对照】仅光伏不可知 + 允许日内再调度储能,2025-02-17,5:30-5:40,833.404300,1
⑤【假设性对照】仅光伏不可知 + 允许日内再调度储能,2025-02-17,10:50-12:50,9608.845724,12
⑤【假设性对照】仅光伏不可知 + 允许日内再调度储能,2025-02-17,14:50-15:10,297.244317,2
⑤【假设性对照】仅光伏不可知 + 允许日内再调度储能,2025-02-17,21:50-22:10,988.271095,2
⑤【假设性对照】仅光伏不可知 + 允许日内再调度储能,2025-02-17,22:20-22:40,1666.666667,2
⑤【假设性对照】仅光伏不可知 + 允许日内再调度储能,2025-02-18,0:10-0:20,296.232121,1
⑤【假设性对照】仅光伏不可知 + 允许日内再调度储能,2025-02-18,5:30-5:40,833.413633,1
⑤【假设性对照】仅光伏不可知 + 允许日内再调度储能,2025-02-18,11:50-12:10,1496.261417,2
⑤【假设性对照】仅光伏不可知 + 允许日内再调度储能,2025-02-18,12:20-12:40,1089.824599,2
⑤【假设性对照】仅光伏不可知 + 允许日内再调度储能,2025-02-18,15:00-15:10,264.906950,1
⑤【假设性对照】仅光伏不可知 + 允许日内再调度储能,2025-02-18,21:50-22:10,988.271783,2
⑤【假设性对照】仅光伏不可知 + 允许日内再调度储能,2025-02-18,22:20-22:40,1666.666667,2
⑤【假设性对照】仅光伏不可知 + 允许日内再调度储能,2025-02-19,0:10-0:20,180.005883,1
⑤【假设性对照】仅光伏不可知 + 允许日内再调度储能,2025-02-19,5:30-5:40,833.409700,1
⑤【假设性对照】仅光伏不可知 + 允许日内再调度储能,2025-02-19,11:50-12:40,3447.013279,5
⑤【假设性对照】仅光伏不可知 + 允许日内再调度储能,2025-02-19,14:50-15:10,170.697567,2
⑤【假设性对照】仅光伏不可知 + 允许日内再调度储能,2025-02-19,21:50-22:10,988.272094,2
⑤【假设性对照】仅光伏不可知 + 允许日内再调度储能,2025-02-19,22:20-22:40,1666.666667,2
⑤【假设性对照】仅光伏不可知 + 允许日内再调度储能,2025-02-20,0:00-0:20,1039.487728,2
⑤【假设性对照】仅光伏不可知 + 允许日内再调度储能,2025-02-20,5:30-5:40,833.397183,1
⑤【假设性对照】仅光伏不可知 + 允许日内再调度储能,2025-02-20,10:50-12:50,6021.929817,12
⑤【假设性对照】仅光伏不可知 + 允许日内再调度储能,2025-02-20,14:50-15:10,223.978500,2
⑤【假设性对照】仅光伏不可知 + 允许日内再调度储能,2025-02-20,21:50-22:10,988.329996,2
⑤【假设性对照】仅光伏不可知 + 允许日内再调度储能,2025-02-20,22:20-22:40,1666.666667,2
⑤【假设性对照】仅光伏不可知 + 允许日内再调度储能,2025-02-21,10:50-12:40,8915.906990,11
⑤【假设性对照】仅光伏不可知 + 允许日内再调度储能,2025-02-21,21:50-22:10,988.742434,2
⑤【假设性对照】仅光伏不可知 + 允许日内再调度储能,2025-02-21,22:20-22:40,1666.666667,2
⑤【假设性对照】仅光伏不可知 + 允许日内再调度储能,2025-02-22,10:50-12:40,6765.872801,11
⑤【假设性对照】仅光伏不可知 + 允许日内再调度储能,2025-02-22,21:50-22:10,988.545793,2
⑤【假设性对照】仅光伏不可知 + 允许日内再调度储能,2025-02-22,22:20-22:40,1666.666667,2
⑤【假设性对照】仅光伏不可知 + 允许日内再调度储能,2025-02-23,0:10-0:20,180.000750,1
⑤【假设性对照】仅光伏不可知 + 允许日内再调度储能,2025-02-23,5:30-5:40,833.343783,1
⑤【假设性对照】仅光伏不可知 + 允许日内再调度储能,2025-02-23,11:00-12:50,6645.489567,11
⑤【假设性对照】仅光伏不可知 + 允许日内再调度储能,2025-02-23,14:50-15:20,568.717641,3
⑤【假设性对照】仅光伏不可知 + 允许日内再调度储能,2025-02-23,21:50-22:10,988.266667,2
⑤【假设性对照】仅光伏不可知 + 允许日内再调度储能,2025-02-23,22:20-22:40,1666.666667,2
⑤【假设性对照】仅光伏不可知 + 允许日内再调度储能,2025-02-24,0:00-0:20,856.514710,2
⑤【假设性对照】仅光伏不可知 + 允许日内再调度储能,2025-02-24,5:30-5:40,833.333333,1
⑤【假设性对照】仅光伏不可知 + 允许日内再调度储能,2025-02-24,11:00-11:10,496.118325,1
⑤【假设性对照】仅光伏不可知 + 允许日内再调度储能,2025-02-24,11:50-12:40,3727.088500,5
⑤【假设性对照】仅光伏不可知 + 允许日内再调度储能,2025-02-24,14:50-15:20,748.641913,3
⑤【假设性对照】仅光伏不可知 + 允许日内再调度储能,2025-02-24,21:50-22:10,988.332918,2
⑤【假设性对照】仅光伏不可知 + 允许日内再调度储能,2025-02-24,22:20-22:40,1666.666667,2
⑤【假设性对照】仅光伏不可知 + 允许日内再调度储能,2025-02-25,0:00-0:30,1849.440016,3
⑤【假设性对照】仅光伏不可知 + 允许日内再调度储能,2025-02-25,5:30-5:40,833.333333,1
⑤【假设性对照】仅光伏不可知 + 允许日内再调度储能,2025-02-25,10:50-12:50,8673.429661,12
⑤【假设性对照】仅光伏不可知 + 允许日内再调度储能,2025-02-25,14:50-15:10,370.590867,2
⑤【假设性对照】仅光伏不可知 + 允许日内再调度储能,2025-02-25,21:50-22:10,988.267193,2
⑤【假设性对照】仅光伏不可知 + 允许日内再调度储能,2025-02-25,22:20-22:40,1666.666667,2
⑤【假设性对照】仅光伏不可知 + 允许日内再调度储能,2025-02-26,0:10-0:20,180.190483,1
⑤【假设性对照】仅光伏不可知 + 允许日内再调度储能,2025-02-26,5:30-5:40,833.333333,1
⑤【假设性对照】仅光伏不可知 + 允许日内再调度储能,2025-02-26,11:30-11:40,9.198900,1
⑤【假设性对照】仅光伏不可知 + 允许日内再调度储能,2025-02-26,11:50-12:10,1367.634479,2
⑤【假设性对照】仅光伏不可知 + 允许日内再调度储能,2025-02-26,12:30-12:40,663.153850,1
⑤【假设性对照】仅光伏不可知 + 允许日内再调度储能,2025-02-26,15:00-15:10,198.502567,1
⑤【假设性对照】仅光伏不可知 + 允许日内再调度储能,2025-02-26,21:50-22:10,988.462323,2
⑤【假设性对照】仅光伏不可知 + 允许日内再调度储能,2025-02-26,22:20-22:40,1666.666667,2
⑤【假设性对照】仅光伏不可知 + 允许日内再调度储能,2025-02-27,0:10-0:20,180.235117,1
⑤【假设性对照】仅光伏不可知 + 允许日内再调度储能,2025-02-27,5:30-5:40,833.333333,1
⑤【假设性对照】仅光伏不可知 + 允许日内再调度储能,2025-02-27,10:50-12:40,4563.373343,11
⑤【假设性对照】仅光伏不可知 + 允许日内再调度储能,2025-02-27,15:00-15:10,221.588200,1
⑤【假设性对照】仅光伏不可知 + 允许日内再调度储能,2025-02-27,21:50-22:10,988.473224,2
⑤【假设性对照】仅光伏不可知 + 允许日内再调度储能,2025-02-27,22:20-22:40,1666.666667,2
⑤【假设性对照】仅光伏不可知 + 允许日内再调度储能,2025-02-28,10:50-12:50,10800.698181,12
⑤【假设性对照】仅光伏不可知 + 允许日内再调度储能,2025-02-28,21:50-22:10,988.581392,2
⑤【假设性对照】仅光伏不可知 + 允许日内再调度储能,2025-02-28,22:20-22:40,1666.666667,2
⑤【假设性对照】仅光伏不可知 + 允许日内再调度储能,2025-03-01,10:50-12:40,9678.744573,11
⑤【假设性对照】仅光伏不可知 + 允许日内再调度储能,2025-03-01,21:50-22:10,988.587265,2
⑤【假设性对照】仅光伏不可知 + 允许日内再调度储能,2025-03-01,22:20-22:40,1666.666667,2
⑤【假设性对照】仅光伏不可知 + 允许日内再调度储能,2025-03-02,0:10-0:20,180.483783,1
⑤【假设性对照】仅光伏不可知 + 允许日内再调度储能,2025-03-02,5:30-5:40,833.333333,1
⑤【假设性对照】仅光伏不可知 + 允许日内再调度储能,2025-03-02,11:00-12:50,5727.654866,11
⑤【假设性对照】仅光伏不可知 + 允许日内再调度储能,2025-03-02,14:50-15:30,869.610400,4
⑤【假设性对照】仅光伏不可知 + 允许日内再调度储能,2025-03-02,21:50-22:10,988.268395,2
⑤【假设性对照】仅光伏不可知 + 允许日内再调度储能,2025-03-02,22:20-22:40,1666.666667,2
⑤【假设性对照】仅光伏不可知 + 允许日内再调度储能,2025-03-03,0:00-0:20,1054.584618,2
⑤【假设性对照】仅光伏不可知 + 允许日内再调度储能,2025-03-03,5:30-5:40,833.333333,1
⑤【假设性对照】仅光伏不可知 + 允许日内再调度储能,2025-03-03,10:50-12:50,7163.741164,12
⑤【假设性对照】仅光伏不可知 + 允许日内再调度储能,2025-03-03,14:50-15:20,150.186683,3
⑤【假设性对照】仅光伏不可知 + 允许日内再调度储能,2025-03-03,21:50-22:10,988.269029,2
⑤【假设性对照】仅光伏不可知 + 允许日内再调度储能,2025-03-03,22:20-22:40,1666.666667,2
⑤【假设性对照】仅光伏不可知 + 允许日内再调度储能,2025-03-04,0:10-0:20,180.642350,1
⑤【假设性对照】仅光伏不可知 + 允许日内再调度储能,2025-03-04,5:30-5:40,833.333333,1
⑤【假设性对照】仅光伏不可知 + 允许日内再调度储能,2025-03-04,11:50-12:10,1415.325668,2
⑤【假设性对照】仅光伏不可知 + 允许日内再调度储能,2025-03-04,12:30-12:40,768.258367,1
⑤【假设性对照】仅光伏不可知 + 允许日内再调度储能,2025-03-04,15:00-15:10,372.311983,1
⑤【假设性对照】仅光伏不可知 + 允许日内再调度储能,2025-03-04,21:50-22:10,988.269110,2
⑤【假设性对照】仅光伏不可知 + 允许日内再调度储能,2025-03-04,22:20-22:40,1666.666667,2
⑤【假设性对照】仅光伏不可知 + 允许日内再调度储能,2025-03-05,0:10-0:20,409.881862,1
⑤【假设性对照】仅光伏不可知 + 允许日内再调度储能,2025-03-05,5:30-5:40,833.333333,1
⑤【假设性对照】仅光伏不可知 + 允许日内再调度储能,2025-03-05,10:50-12:50,7742.473268,12
⑤【假设性对照】仅光伏不可知 + 允许日内再调度储能,2025-03-05,14:50-15:10,330.670333,2
⑤【假设性对照】仅光伏不可知 + 允许日内再调度储能,2025-03-05,21:50-22:10,988.269691,2
⑤【假设性对照】仅光伏不可知 + 允许日内再调度储能,2025-03-05,22:20-22:40,1666.666667,2
⑤【假设性对照】仅光伏不可知 + 允许日内再调度储能,2025-03-06,0:10-0:20,180.845183,1
⑤【假设性对照】仅光伏不可知 + 允许日内再调度储能,2025-03-06,5:30-5:40,833.333333,1
⑤【假设性对照】仅光伏不可知 + 允许日内再调度储能,2025-03-06,11:30-12:40,3416.937448,7
⑤【假设性对照】仅光伏不可知 + 允许日内再调度储能,2025-03-06,14:50-15:20,377.539664,3
⑤【假设性对照】仅光伏不可知 + 允许日内再调度储能,2025-03-06,21:50-22:10,988.923974,2
⑤【假设性对照】仅光伏不可知 + 允许日内再调度储能,2025-03-06,22:20-22:40,1666.666667,2
⑤【假设性对照】仅光伏不可知 + 允许日内再调度储能,2025-03-07,10:50-12:50,11818.347756,12
⑤【假设性对照】仅光伏不可知 + 允许日内再调度储能,2025-03-07,21:50-22:10,988.871683,2
⑤【假设性对照】仅光伏不可知 + 允许日内再调度储能,2025-03-07,22:20-22:40,1666.666667,2
⑤【假设性对照】仅光伏不可知 + 允许日内再调度储能,2025-03-08,10:50-12:50,13369.750762,12
⑤【假设性对照】仅光伏不可知 + 允许日内再调度储能,2025-03-08,21:50-22:10,988.831156,2
⑤【假设性对照】仅光伏不可知 + 允许日内再调度储能,2025-03-08,22:20-22:40,1666.666667,2
⑤【假设性对照】仅光伏不可知 + 允许日内再调度储能,2025-03-09,0:10-0:20,184.570544,1
⑤【假设性对照】仅光伏不可知 + 允许日内再调度储能,2025-03-09,5:30-5:40,833.333333,1
⑤【假设性对照】仅光伏不可知 + 允许日内再调度储能,2025-03-09,10:50-12:50,9796.141643,12
⑤【假设性对照】仅光伏不可知 + 允许日内再调度储能,2025-03-09,14:50-15:20,425.565528,3
⑤【假设性对照】仅光伏不可知 + 允许日内再调度储能,2025-03-09,21:50-22:10,988.268935,2
⑤【假设性对照】仅光伏不可知 + 允许日内再调度储能,2025-03-09,22:20-22:40,1666.666667,2
⑤【假设性对照】仅光伏不可知 + 允许日内再调度储能,2025-03-10,0:10-0:20,180.150233,1
⑤【假设性对照】仅光伏不可知 + 允许日内再调度储能,2025-03-10,5:30-5:40,833.333333,1
⑤【假设性对照】仅光伏不可知 + 允许日内再调度储能,2025-03-10,11:10-11:20,7.555967,1
⑤【假设性对照】仅光伏不可知 + 允许日内再调度储能,2025-03-10,11:30-12:40,3572.824776,7
⑤【假设性对照】仅光伏不可知 + 允许日内再调度储能,2025-03-10,15:00-15:10,190.830533,1
⑤【假设性对照】仅光伏不可知 + 允许日内再调度储能,2025-03-10,21:50-22:10,988.267774,2
⑤【假设性对照】仅光伏不可知 + 允许日内再调度储能,2025-03-10,22:20-22:40,1666.666667,2
⑤【假设性对照】仅光伏不可知 + 允许日内再调度储能,2025-03-11,5:30-5:40,816.595231,1
⑤【假设性对照】仅光伏不可知 + 允许日内再调度储能,2025-03-11,15:00-15:10,213.168283,1
⑤【假设性对照】仅光伏不可知 + 允许日内再调度储能,2025-03-11,22:00-22:10,833.333333,1
⑤【假设性对照】仅光伏不可知 + 允许日内再调度储能,2025-03-11,22:30-22:40,180.000000,1
⑤【假设性对照】仅光伏不可知 + 允许日内再调度储能,2025-03-12,0:10-0:20,665.376932,1
⑤【假设性对照】仅光伏不可知 + 允许日内再调度储能,2025-03-12,5:30-5:40,833.455017,1
⑤【假设性对照】仅光伏不可知 + 允许日内再调度储能,2025-03-12,11:00-12:40,8224.466501,10
⑤【假设性对照】仅光伏不可知 + 允许日内再调度储能,2025-03-12,14:50-15:20,433.987421,3
⑤【假设性对照】仅光伏不可知 + 允许日内再调度储能,2025-03-12,21:50-22:10,988.273916,2
⑤【假设性对照】仅光伏不可知 + 允许日内再调度储能,2025-03-12,22:20-22:40,1666.666667,2
⑤【假设性对照】仅光伏不可知 + 允许日内再调度储能,2025-03-13,0:10-0:20,830.963794,1
⑤【假设性对照】仅光伏不可知 + 允许日内再调度储能,2025-03-13,5:30-5:40,833.518250,1
⑤【假设性对照】仅光伏不可知 + 允许日内再调度储能,2025-03-13,10:50-11:20,64.570833,3
⑤【假设性对照】仅光伏不可知 + 允许日内再调度储能,2025-03-13,11:30-12:40,3527.969311,7
⑤【假设性对照】仅光伏不可知 + 允许日内再调度储能,2025-03-13,15:00-15:10,244.268750,1
⑤【假设性对照】仅光伏不可知 + 允许日内再调度储能,2025-03-13,21:50-22:10,988.278776,2
⑤【假设性对照】仅光伏不可知 + 允许日内再调度储能,2025-03-13,22:20-22:40,1666.666667,2
⑤【假设性对照】仅光伏不可知 + 允许日内再调度储能,2025-03-14,10:50-12:50,15242.114746,12
⑤【假设性对照】仅光伏不可知 + 允许日内再调度储能,2025-03-14,21:50-22:10,998.549738,2
⑤【假设性对照】仅光伏不可知 + 允许日内再调度储能,2025-03-14,22:20-22:40,1666.666667,2
⑤【假设性对照】仅光伏不可知 + 允许日内再调度储能,2025-03-15,10:50-12:50,10778.040502,12
⑤【假设性对照】仅光伏不可知 + 允许日内再调度储能,2025-03-15,21:50-22:10,1000.402006,2
⑤【假设性对照】仅光伏不可知 + 允许日内再调度储能,2025-03-15,22:20-22:40,1666.666667,2
⑤【假设性对照】仅光伏不可知 + 允许日内再调度储能,2025-03-16,0:10-0:20,503.203518,1
⑤【假设性对照】仅光伏不可知 + 允许日内再调度储能,2025-03-16,5:30-5:40,833.707433,1
⑤【假设性对照】仅光伏不可知 + 允许日内再调度储能,2025-03-16,11:40-12:40,4336.254932,6
⑤【假设性对照】仅光伏不可知 + 允许日内再调度储能,2025-03-16,14:50-15:20,722.111783,3
⑤【假设性对照】仅光伏不可知 + 允许日内再调度储能,2025-03-16,21:50-22:10,988.746482,2
⑤【假设性对照】仅光伏不可知 + 允许日内再调度储能,2025-03-16,22:20-22:40,1666.666667,2
⑤【假设性对照】仅光伏不可知 + 允许日内再调度储能,2025-03-17,0:00-0:30,1727.826774,3
⑤【假设性对照】仅光伏不可知 + 允许日内再调度储能,2025-03-17,5:30-5:40,834.005067,1
⑤【假设性对照】仅光伏不可知 + 允许日内再调度储能,2025-03-17,11:40-12:40,3851.547845,6
⑤【假设性对照】仅光伏不可知 + 允许日内再调度储能,2025-03-17,21:50-22:10,988.310002,2
⑤【假设性对照】仅光伏不可知 + 允许日内再调度储能,2025-03-17,22:20-22:40,1666.666667,2
⑤【假设性对照】仅光伏不可知 + 允许日内再调度储能,2025-03-18,0:00-0:30,1675.399218,3
⑤【假设性对照】仅光伏不可知 + 允许日内再调度储能,2025-03-18,5:30-5:40,834.070767,1
⑤【假设性对照】仅光伏不可知 + 允许日内再调度储能,2025-03-18,10:50-12:50,9152.788186,12
⑤【假设性对照】仅光伏不可知 + 允许日内再调度储能,2025-03-18,15:00-15:10,260.968567,1
⑤【假设性对照】仅光伏不可知 + 允许日内再调度储能,2025-03-18,21:50-22:10,988.897806,2
⑤【假设性对照】仅光伏不可知 + 允许日内再调度储能,2025-03-18,22:20-22:40,1666.666667,2
⑤【假设性对照】仅光伏不可知 + 允许日内再调度储能,2025-03-19,5:30-5:40,292.605580,1
⑤【假设性对照】仅光伏不可知 + 允许日内再调度储能,2025-03-19,12:30-12:40,778.493733,1
⑤【假设性对照】仅光伏不可知 + 允许日内再调度储能,2025-03-19,15:00-15:10,5.925681,1
⑤【假设性对照】仅光伏不可知 + 允许日内再调度储能,2025-03-19,22:00-22:10,833.333333,1
⑤【假设性对照】仅光伏不可知 + 允许日内再调度储能,2025-03-19,22:20-22:40,1342.701040,2
⑤【假设性对照】仅光伏不可知 + 允许日内再调度储能,2025-03-20,0:10-0:20,631.555729,1
⑤【假设性对照】仅光伏不可知 + 允许日内再调度储能,2025-03-20,5:30-5:40,834.209900,1
⑤【假设性对照】仅光伏不可知 + 允许日内再调度储能,2025-03-20,11:50-12:40,3746.119147,5
⑤【假设性对照】仅光伏不可知 + 允许日内再调度储能,2025-03-20,14:50-15:20,980.521650,3
⑤【假设性对照】仅光伏不可知 + 允许日内再调度储能,2025-03-20,21:50-22:10,988.324892,2
⑤【假设性对照】仅光伏不可知 + 允许日内再调度储能,2025-03-20,22:20-22:40,1666.666667,2
⑤【假设性对照】仅光伏不可知 + 允许日内再调度储能,2025-03-21,10:50-12:50,18178.031941,12
⑤【假设性对照】仅光伏不可知 + 允许日内再调度储能,2025-03-21,14:50-15:40,1265.073075,5
⑤【假设性对照】仅光伏不可知 + 允许日内再调度储能,2025-03-21,21:50-22:10,1012.476379,2
⑤【假设性对照】仅光伏不可知 + 允许日内再调度储能,2025-03-21,22:20-22:40,1666.666667,2
⑤【假设性对照】仅光伏不可知 + 允许日内再调度储能,2025-03-22,10:50-12:50,15414.539861,12
⑤【假设性对照】仅光伏不可知 + 允许日内再调度储能,2025-03-22,21:50-22:10,1015.939345,2
⑤【假设性对照】仅光伏不可知 + 允许日内再调度储能,2025-03-22,22:20-22:40,1666.666667,2
⑤【假设性对照】仅光伏不可知 + 允许日内再调度储能,2025-03-23,0:00-0:20,897.871025,2
⑤【假设性对照】仅光伏不可知 + 允许日内再调度储能,2025-03-23,5:30-5:40,832.122067,1
⑤【假设性对照】仅光伏不可知 + 允许日内再调度储能,2025-03-23,10:50-12:40,8997.204261,11
⑤【假设性对照】仅光伏不可知 + 允许日内再调度储能,2025-03-23,14:50-15:20,961.847739,3
⑤【假设性对照】仅光伏不可知 + 允许日内再调度储能,2025-03-23,21:50-22:10,988.334059,2
⑤【假设性对照】仅光伏不可知 + 允许日内再调度储能,2025-03-23,22:20-22:40,1666.666667,2
⑤【假设性对照】仅光伏不可知 + 允许日内再调度储能,2025-03-24,0:00-0:20,1055.327093,2
⑤【假设性对照】仅光伏不可知 + 允许日内再调度储能,2025-03-24,5:30-5:40,828.997833,1
⑤【假设性对照】仅光伏不可知 + 允许日内再调度储能,2025-03-24,11:00-11:10,842.070200,1
⑤【假设性对照】仅光伏不可知 + 允许日内再调度储能,2025-03-24,11:20-12:40,4897.306049,8
⑤【假设性对照】仅光伏不可知 + 允许日内再调度储能,2025-03-24,15:00-15:10,132.560383,1
⑤【假设性对照】仅光伏不可知 + 允许日内再调度储能,2025-03-24,21:50-22:10,988.458935,2
⑤【假设性对照】仅光伏不可知 + 允许日内再调度储能,2025-03-24,22:20-22:40,1666.666667,2
⑤【假设性对照】仅光伏不可知 + 允许日内再调度储能,2025-03-25,0:00-0:20,1512.268311,2
⑤【假设性对照】仅光伏不可知 + 允许日内再调度储能,2025-03-25,5:30-5:40,825.873850,1
⑤【假设性对照】仅光伏不可知 + 允许日内再调度储能,2025-03-25,10:50-12:50,10132.149779,12
⑤【假设性对照】仅光伏不可知 + 允许日内再调度储能,2025-03-25,14:50-15:10,373.887550,2
⑤【假设性对照】仅光伏不可知 + 允许日内再调度储能,2025-03-25,21:50-22:10,988.296299,2
⑤【假设性对照】仅光伏不可知 + 允许日内再调度储能,2025-03-25,22:20-22:40,1666.666667,2
⑤【假设性对照】仅光伏不可知 + 允许日内再调度储能,2025-03-26,0:10-0:20,631.277745,1
⑤【假设性对照】仅光伏不可知 + 允许日内再调度储能,2025-03-26,5:30-5:40,822.317750,1
⑤【假设性对照】仅光伏不可知 + 允许日内再调度储能,2025-03-26,10:50-12:40,5370.469506,11
⑤【假设性对照】仅光伏不可知 + 允许日内再调度储能,2025-03-26,14:50-15:10,610.152467,2
⑤【假设性对照】仅光伏不可知 + 允许日内再调度储能,2025-03-26,21:50-22:10,988.274443,2
⑤【假设性对照】仅光伏不可知 + 允许日内再调度储能,2025-03-26,22:20-22:40,1666.666667,2
⑤【假设性对照】仅光伏不可知 + 允许日内再调度储能,2025-03-27,0:00-0:20,1432.794347,2
⑤【假设性对照】仅光伏不可知 + 允许日内再调度储能,2025-03-27,5:30-5:40,820.097800,1
⑤【假设性对照】仅光伏不可知 + 允许日内再调度储能,2025-03-27,11:00-11:10,527.261733,1
⑤【假设性对照】仅光伏不可知 + 允许日内再调度储能,2025-03-27,11:50-12:40,5247.353183,5
⑤【假设性对照】仅光伏不可知 + 允许日内再调度储能,2025-03-27,15:00-15:10,310.618183,1
⑤【假设性对照】仅光伏不可知 + 允许日内再调度储能,2025-03-27,21:50-22:10,988.269353,2
⑤【假设性对照】仅光伏不可知 + 允许日内再调度储能,2025-03-27,22:20-22:40,1666.666667,2
⑤【假设性对照】仅光伏不可知 + 允许日内再调度储能,2025-03-28,4:10-4:20,0.000650,1
⑤【假设性对照】仅光伏不可知 + 允许日内再调度储能,2025-03-28,5:30-5:40,220.225483,1
⑤【假设性对照】仅光伏不可知 + 允许日内再调度储能,2025-03-28,10:50-12:50,17765.215822,12
⑤【假设性对照】仅光伏不可知 + 允许日内再调度储能,2025-03-28,14:50-16:00,2232.159339,7
⑤【假设性对照】仅光伏不可知 + 允许日内再调度储能,2025-03-28,21:50-22:10,1025.682983,2
⑤【假设性对照】仅光伏不可知 + 允许日内再调度储能,2025-03-28,22:20-22:40,1666.666667,2
⑤【假设性对照】仅光伏不可知 + 允许日内再调度储能,2025-03-29,5:30-5:40,3.874000,1
⑤【假设性对照】仅光伏不可知 + 允许日内再调度储能,2025-03-29,10:40-13:00,20368.003917,14
⑤【假设性对照】仅光伏不可知 + 允许日内再调度储能,2025-03-29,14:50-16:00,2726.235761,7
⑤【假设性对照】仅光伏不可知 + 允许日内再调度储能,2025-03-29,21:50-22:10,1017.516752,2
⑤【假设性对照】仅光伏不可知 + 允许日内再调度储能,2025-03-29,22:20-22:40,1666.666667,2
⑤【假设性对照】仅光伏不可知 + 允许日内再调度储能,2025-03-30,0:00-0:30,1762.482419,3
⑤【假设性对照】仅光伏不可知 + 允许日内再调度储能,2025-03-30,5:30-5:40,806.960717,1
⑤【假设性对照】仅光伏不可知 + 允许日内再调度储能,2025-03-30,11:00-11:10,1076.304383,1
⑤【假设性对照】仅光伏不可知 + 允许日内再调度储能,2025-03-30,11:30-12:40,6773.045626,7
⑤【假设性对照】仅光伏不可知 + 允许日内再调度储能,2025-03-30,15:00-15:10,296.183517,1
⑤【假设性对照】仅光伏不可知 + 允许日内再调度储能,2025-03-30,21:50-22:10,991.128378,2
⑤【假设性对照】仅光伏不可知 + 允许日内再调度储能,2025-03-30,22:20-22:40,1666.666667,2
⑤【假设性对照】仅光伏不可知 + 允许日内再调度储能,2025-03-31,12:30-12:40,775.857100,1
⑤【假设性对照】仅光伏不可知 + 允许日内再调度储能,2025-03-31,22:00-22:10,833.333333,1
⑤【假设性对照】仅光伏不可知 + 允许日内再调度储能,2025-03-31,22:30-22:40,681.055928,1
⑤【假设性对照】仅光伏不可知 + 允许日内再调度储能,2025-04-01,0:00-0:30,2408.236339,3
⑤【假设性对照】仅光伏不可知 + 允许日内再调度储能,2025-04-01,5:30-5:40,798.743600,1
⑤【假设性对照】仅光伏不可知 + 允许日内再调度储能,2025-04-01,11:00-12:40,6435.625031,10
⑤【假设性对照】仅光伏不可知 + 允许日内再调度储能,2025-04-01,21:50-22:10,988.291210,2
⑤【假设性对照】仅光伏不可知 + 允许日内再调度储能,2025-04-01,22:20-22:40,1666.666667,2
⑤【假设性对照】仅光伏不可知 + 允许日内再调度储能,2025-04-02,0:00-0:20,837.050749,2
⑤【假设性对照】仅光伏不可知 + 允许日内再调度储能,2025-04-02,5:30-5:40,800.907667,1
⑤【假设性对照】仅光伏不可知 + 允许日内再调度储能,2025-04-02,11:00-12:40,4649.608293,10
⑤【假设性对照】仅光伏不可知 + 允许日内再调度储能,2025-04-02,21:50-22:10,988.296407,2
⑤【假设性对照】仅光伏不可知 + 允许日内再调度储能,2025-04-02,22:20-22:40,1666.666667,2
⑤【假设性对照】仅光伏不可知 + 允许日内再调度储能,2025-04-03,0:00-0:20,1415.760067,2
⑤【假设性对照】仅光伏不可知 + 允许日内再调度储能,2025-04-03,5:30-5:40,798.990333,1
⑤【假设性对照】仅光伏不可知 + 允许日内再调度储能,2025-04-03,10:50-12:40,9074.921422,11
⑤【假设性对照】仅光伏不可知 + 允许日内再调度储能,2025-04-03,15:00-15:10,427.272267,1
⑤【假设性对照】仅光伏不可知 + 允许日内再调度储能,2025-04-03,21:50-22:10,988.296772,2
⑤【假设性对照】仅光伏不可知 + 允许日内再调度储能,2025-04-03,22:20-22:40,1666.666667,2
⑤【假设性对照】仅光伏不可知 + 允许日内再调度储能,2025-04-04,7:30-7:40,37.047850,1
⑤【假设性对照】仅光伏不可知 + 允许日内再调度储能,2025-04-04,10:50-13:30,19871.443832,16
⑤【假设性对照】仅光伏不可知 + 允许日内再调度储能,2025-04-04,14:50-16:10,3835.043749,8
⑤【假设性对照】仅光伏不可知 + 允许日内再调度储能,2025-04-04,21:50-22:10,1040.519659,2
⑤【假设性对照】仅光伏不可知 + 允许日内再调度储能,2025-04-04,22:20-22:40,1666.666667,2
⑤【假设性对照】仅光伏不可知 + 允许日内再调度储能,2025-04-05,10:50-12:50,17677.806560,12
⑤【假设性对照】仅光伏不可知 + 允许日内再调度储能,2025-04-05,15:00-15:10,121.311281,1
⑤【假设性对照】仅光伏不可知 + 允许日内再调度储能,2025-04-05,21:50-22:10,1031.269675,2
⑤【假设性对照】仅光伏不可知 + 允许日内再调度储能,2025-04-05,22:20-22:40,1666.666667,2
⑤【假设性对照】仅光伏不可知 + 允许日内再调度储能,2025-04-06,0:00-0:30,2004.335605,3
⑤【假设性对照】仅光伏不可知 + 允许日内再调度储能,2025-04-06,5:30-5:40,780.904667,1
⑤【假设性对照】仅光伏不可知 + 允许日内再调度储能,2025-04-06,11:00-11:10,171.418100,1
⑤【假设性对照】仅光伏不可知 + 允许日内再调度储能,2025-04-06,11:40-12:40,5219.154234,6
⑤【假设性对照】仅光伏不可知 + 允许日内再调度储能,2025-04-06,15:00-15:10,135.606190,1
⑤【假设性对照】仅光伏不可知 + 允许日内再调度储能,2025-04-06,21:50-22:10,988.310771,2
⑤【假设性对照】仅光伏不可知 + 允许日内再调度储能,2025-04-06,22:20-22:40,1666.666667,2
⑤【假设性对照】仅光伏不可知 + 允许日内再调度储能,2025-04-07,5:30-5:40,737.388589,1
⑤【假设性对照】仅光伏不可知 + 允许日内再调度储能,2025-04-07,12:00-12:10,131.382133,1
⑤【假设性对照】仅光伏不可知 + 允许日内再调度储能,2025-04-07,12:30-12:40,787.167550,1
⑤【假设性对照】仅光伏不可知 + 允许日内再调度储能,2025-04-07,21:50-22:10,998.843511,2
⑤【假设性对照】仅光伏不可知 + 允许日内再调度储能,2025-04-07,22:20-22:40,1666.666667,2
⑤【假设性对照】仅光伏不可知 + 允许日内再调度储能,2025-04-08,0:00-0:20,1589.003337,2
⑤【假设性对照】仅光伏不可知 + 允许日内再调度储能,2025-04-08,5:30-5:40,783.447917,1
⑤【假设性对照】仅光伏不可知 + 允许日内再调度储能,2025-04-08,11:00-12:40,7464.761361,10
⑤【假设性对照】仅光伏不可知 + 允许日内再调度储能,2025-04-08,15:00-15:10,400.422950,1
⑤【假设性对照】仅光伏不可知 + 允许日内再调度储能,2025-04-08,21:50-22:10,988.296110,2
⑤【假设性对照】仅光伏不可知 + 允许日内再调度储能,2025-04-08,22:20-22:40,1666.666667,2
⑤【假设性对照】仅光伏不可知 + 允许日内再调度储能,2025-04-09,0:00-0:20,1335.975982,2
⑤【假设性对照】仅光伏不可知 + 允许日内再调度储能,2025-04-09,5:30-5:40,771.893867,1
⑤【假设性对照】仅光伏不可知 + 允许日内再调度储能,2025-04-09,12:00-12:10,543.238147,1
⑤【假设性对照】仅光伏不可知 + 允许日内再调度储能,2025-04-09,12:30-12:40,852.621400,1
⑤【假设性对照】仅光伏不可知 + 允许日内再调度储能,2025-04-09,14:50-15:10,411.332650,2
⑤【假设性对照】仅光伏不可知 + 允许日内再调度储能,2025-04-09,21:50-22:10,988.289495,2
⑤【假设性对照】仅光伏不可知 + 允许日内再调度储能,2025-04-09,22:20-22:40,1666.666667,2
⑤【假设性对照】仅光伏不可知 + 允许日内再调度储能,2025-04-10,0:00-0:20,1499.716652,2
⑤【假设性对照】仅光伏不可知 + 允许日内再调度储能,2025-04-10,5:30-5:40,772.792783,1
⑤【假设性对照】仅光伏不可知 + 允许日内再调度储能,2025-04-10,11:00-11:10,356.826833,1
⑤【假设性对照】仅光伏不可知 + 允许日内再调度储能,2025-04-10,11:30-12:40,3728.459535,7
⑤【假设性对照】仅光伏不可知 + 允许日内再调度储能,2025-04-10,15:00-15:10,223.708716,1
⑤【假设性对照】仅光伏不可知 + 允许日内再调度储能,2025-04-10,21:50-22:10,988.276697,2
⑤【假设性对照】仅光伏不可知 + 允许日内再调度储能,2025-04-10,22:20-22:40,1666.666667,2
⑤【假设性对照】仅光伏不可知 + 允许日内再调度储能,2025-04-11,7:30-7:40,115.207850,1
⑤【假设性对照】仅光伏不可知 + 允许日内再调度储能,2025-04-11,10:50-13:40,20322.161570,17
⑤【假设性对照】仅光伏不可知 + 允许日内再调度储能,2025-04-11,14:50-16:00,3864.969501,7
⑤【假设性对照】仅光伏不可知 + 允许日内再调度储能,2025-04-11,21:50-22:10,1035.042709,2
⑤【假设性对照】仅光伏不可知 + 允许日内再调度储能,2025-04-11,22:20-22:40,1666.666667,2
⑤【假设性对照】仅光伏不可知 + 允许日内再调度储能,2025-04-12,7:20-7:40,171.416683,2
⑤【假设性对照】仅光伏不可知 + 允许日内再调度储能,2025-04-12,10:40-12:50,18489.387333,13
⑤【假设性对照】仅光伏不可知 + 允许日内再调度储能,2025-04-12,14:50-15:50,1707.222740,6
⑤【假设性对照】仅光伏不可知 + 允许日内再调度储能,2025-04-12,21:50-22:10,1055.054258,2
⑤【假设性对照】仅光伏不可知 + 允许日内再调度储能,2025-04-12,22:20-22:40,1666.666667,2
⑤【假设性对照】仅光伏不可知 + 允许日内再调度储能,2025-04-13,0:00-0:30,1782.783995,3
⑤【假设性对照】仅光伏不可知 + 允许日内再调度储能,2025-04-13,5:30-5:40,776.048883,1
⑤【假设性对照】仅光伏不可知 + 允许日内再调度储能,2025-04-13,12:00-12:10,121.322495,1
⑤【假设性对照】仅光伏不可知 + 允许日内再调度储能,2025-04-13,12:30-12:40,873.146867,1
⑤【假设性对照】仅光伏不可知 + 允许日内再调度储能,2025-04-13,21:50-22:10,1018.697125,2
⑤【假设性对照】仅光伏不可知 + 允许日内再调度储能,2025-04-13,22:20-22:40,1666.666667,2
⑤【假设性对照】仅光伏不可知 + 允许日内再调度储能,2025-04-14,0:00-0:30,1991.904440,3
⑤【假设性对照】仅光伏不可知 + 允许日内再调度储能,2025-04-14,5:30-5:40,771.300950,1
⑤【假设性对照】仅光伏不可知 + 允许日内再调度储能,2025-04-14,10:50-12:40,6909.219794,11
⑤【假设性对照】仅光伏不可知 + 允许日内再调度储能,2025-04-14,15:00-15:10,475.531750,1
⑤【假设性对照】仅光伏不可知 + 允许日内再调度储能,2025-04-14,21:50-22:10,988.467250,2
⑤【假设性对照】仅光伏不可知 + 允许日内再调度储能,2025-04-14,22:20-22:40,1666.666667,2
⑤【假设性对照】仅光伏不可知 + 允许日内再调度储能,2025-04-15,11:50-12:40,2467.119170,5
⑤【假设性对照】仅光伏不可知 + 允许日内再调度储能,2025-04-15,21:50-22:10,988.540258,2
⑤【假设性对照】仅光伏不可知 + 允许日内再调度储能,2025-04-15,22:20-22:40,1666.666667,2
⑤【假设性对照】仅光伏不可知 + 允许日内再调度储能,2025-04-16,0:00-0:30,2410.389646,3
⑤【假设性对照】仅光伏不可知 + 允许日内再调度储能,2025-04-16,5:30-5:40,759.809050,1
⑤【假设性对照】仅光伏不可知 + 允许日内再调度储能,2025-04-16,11:50-12:00,48.336417,1
⑤【假设性对照】仅光伏不可知 + 允许日内再调度储能,2025-04-16,12:30-12:40,749.671517,1
⑤【假设性对照】仅光伏不可知 + 允许日内再调度储能,2025-04-16,21:50-22:10,1004.790302,2
⑤【假设性对照】仅光伏不可知 + 允许日内再调度储能,2025-04-16,22:20-22:40,1666.666667,2
⑤【假设性对照】仅光伏不可知 + 允许日内再调度储能,2025-04-17,11:50-12:40,1796.335736,5
⑤【假设性对照】仅光伏不可知 + 允许日内再调度储能,2025-04-17,21:50-22:10,988.664255,2
⑤【假设性对照】仅光伏不可知 + 允许日内再调度储能,2025-04-17,22:20-22:40,1666.666667,2
⑤【假设性对照】仅光伏不可知 + 允许日内再调度储能,2025-04-18,7:10-7:40,155.537317,3
⑤【假设性对照】仅光伏不可知 + 允许日内再调度储能,2025-04-18,10:40-12:50,19157.862717,13
⑤【假设性对照】仅光伏不可知 + 允许日内再调度储能,2025-04-18,14:50-16:00,2878.099290,7
⑤【假设性对照】仅光伏不可知 + 允许日内再调度储能,2025-04-18,21:50-22:10,1105.054951,2
⑤【假设性对照】仅光伏不可知 + 允许日内再调度储能,2025-04-18,22:20-22:40,1666.666667,2
⑤【假设性对照】仅光伏不可知 + 允许日内再调度储能,2025-04-19,10:50-12:50,18553.167934,12
⑤【假设性对照】仅光伏不可知 + 允许日内再调度储能,2025-04-19,13:00-13:30,66.226200,3
⑤【假设性对照】仅光伏不可知 + 允许日内再调度储能,2025-04-19,14:50-16:00,2410.709497,7
⑤【假设性对照】仅光伏不可知 + 允许日内再调度储能,2025-04-19,21:50-22:10,1070.100332,2
⑤【假设性对照】仅光伏不可知 + 允许日内再调度储能,2025-04-19,22:20-22:40,1666.666667,2
⑤【假设性对照】仅光伏不可知 + 允许日内再调度储能,2025-04-20,5:30-5:40,234.479722,1
⑤【假设性对照】仅光伏不可知 + 允许日内再调度储能,2025-04-20,11:50-12:40,2080.707020,5
⑤【假设性对照】仅光伏不可知 + 允许日内再调度储能,2025-04-20,21:50-22:10,1048.620038,2
⑤【假设性对照】仅光伏不可知 + 允许日内再调度储能,2025-04-20,22:20-22:40,1666.666667,2
⑤【假设性对照】仅光伏不可知 + 允许日内再调度储能,2025-04-21,0:00-0:30,2500.000000,3
⑤【假设性对照】仅光伏不可知 + 允许日内再调度储能,2025-04-21,0:40-0:50,343.941207,1
⑤【假设性对照】仅光伏不可知 + 允许日内再调度储能,2025-04-21,5:30-5:40,737.342567,1
⑤【假设性对照】仅光伏不可知 + 允许日内再调度储能,2025-04-21,10:50-12:40,6990.327558,11
⑤【假设性对照】仅光伏不可知 + 允许日内再调度储能,2025-04-21,15:00-15:10,86.412776,1
⑤【假设性对照】仅光伏不可知 + 允许日内再调度储能,2025-04-21,21:50-22:10,994.311157,2
⑤【假设性对照】仅光伏不可知 + 允许日内再调度储能,2025-04-21,22:20-22:40,1666.666667,2
⑤【假设性对照】仅光伏不可知 + 允许日内再调度储能,2025-04-22,5:30-5:40,537.887760,1
⑤【假设性对照】仅光伏不可知 + 允许日内再调度储能,2025-04-22,12:30-12:40,293.294967,1
⑤【假设性对照】仅光伏不可知 + 允许日内再调度储能,2025-04-22,21:50-22:10,878.829312,2
⑤【假设性对照】仅光伏不可知 + 允许日内再调度储能,2025-04-22,22:20-22:40,1666.666667,2
⑤【假设性对照】仅光伏不可知 + 允许日内再调度储能,2025-04-23,12:00-12:10,268.827774,1
⑤【假设性对照】仅光伏不可知 + 允许日内再调度储能,2025-04-23,12:30-12:40,345.086117,1
⑤【假设性对照】仅光伏不可知 + 允许日内再调度储能,2025-04-23,21:50-22:10,1080.558670,2
⑤【假设性对照】仅光伏不可知 + 允许日内再调度储能,2025-04-23,22:20-22:40,1666.666667,2
⑤【假设性对照】仅光伏不可知 + 允许日内再调度储能,2025-04-24,10:50-12:40,4997.854114,11
⑤【假设性对照】仅光伏不可知 + 允许日内再调度储能,2025-04-24,21:50-22:10,1004.909021,2
⑤【假设性对照】仅光伏不可知 + 允许日内再调度储能,2025-04-24,22:20-22:40,1666.666667,2
⑤【假设性对照】仅光伏不可知 + 允许日内再调度储能,2025-04-25,7:00-7:40,183.385700,4
⑤【假设性对照】仅光伏不可知 + 允许日内再调度储能,2025-04-25,10:40-13:00,21308.769933,14
⑤【假设性对照】仅光伏不可知 + 允许日内再调度储能,2025-04-25,14:50-16:10,5040.444500,8
⑤【假设性对照】仅光伏不可知 + 允许日内再调度储能,2025-04-25,21:50-22:10,1164.339944,2
⑤【假设性对照】仅光伏不可知 + 允许日内再调度储能,2025-04-25,22:20-22:40,1666.666667,2
⑤【假设性对照】仅光伏不可知 + 允许日内再调度储能,2025-04-26,7:10-7:50,527.224067,4
⑤【假设性对照】仅光伏不可知 + 允许日内再调度储能,2025-04-26,9:30-9:40,689.378233,1
⑤【假设性对照】仅光伏不可知 + 允许日内再调度储能,2025-04-26,10:20-13:00,23717.804600,16
⑤【假设性对照】仅光伏不可知 + 允许日内再调度储能,2025-04-26,14:50-16:00,3182.781608,7
⑤【假设性对照】仅光伏不可知 + 允许日内再调度储能,2025-04-26,21:50-22:10,1141.665088,2
⑤【假设性对照】仅光伏不可知 + 允许日内再调度储能,2025-04-26,22:20-22:40,1666.666667,2
⑤【假设性对照】仅光伏不可知 + 允许日内再调度储能,2025-04-27,11:00-11:10,415.539167,1
⑤【假设性对照】仅光伏不可知 + 允许日内再调度储能,2025-04-27,11:40-12:40,3492.021466,6
⑤【假设性对照】仅光伏不可知 + 允许日内再调度储能,2025-04-27,21:50-22:10,1014.291697,2
⑤【假设性对照】仅光伏不可知 + 允许日内再调度储能,2025-04-27,22:20-22:40,1666.666667,2
⑤【假设性对照】仅光伏不可知 + 允许日内再调度储能,2025-04-28,0:00-0:30,1886.112097,3
⑤【假设性对照】仅光伏不可知 + 允许日内再调度储能,2025-04-28,5:30-5:40,761.332483,1
⑤【假设性对照】仅光伏不可知 + 允许日内再调度储能,2025-04-28,11:50-12:10,120.145617,2
⑤【假设性对照】仅光伏不可知 + 允许日内再调度储能,2025-04-28,12:20-12:40,1008.874283,2
⑤【假设性对照】仅光伏不可知 + 允许日内再调度储能,2025-04-28,15:00-15:10,311.042087,1
⑤【假设性对照】仅光伏不可知 + 允许日内再调度储能,2025-04-28,21:50-22:10,1089.217588,2
⑤【假设性对照】仅光伏不可知 + 允许日内再调度储能,2025-04-28,22:20-22:40,1666.666667,2
⑤【假设性对照】仅光伏不可知 + 允许日内再调度储能,2025-04-29,11:00-11:10,441.376533,1
⑤【假设性对照】仅光伏不可知 + 允许日内再调度储能,2025-04-29,11:20-12:40,2969.391921,8
⑤【假设性对照】仅光伏不可知 + 允许日内再调度储能,2025-04-29,21:50-22:10,988.337366,2
⑤【假设性对照】仅光伏不可知 + 允许日内再调度储能,2025-04-29,22:20-22:40,1666.666667,2
⑤【假设性对照】仅光伏不可知 + 允许日内再调度储能,2025-04-30,10:50-12:40,3320.853894,11
⑤【假设性对照】仅光伏不可知 + 允许日内再调度储能,2025-04-30,21:50-22:10,1014.881093,2
⑤【假设性对照】仅光伏不可知 + 允许日内再调度储能,2025-04-30,22:20-22:40,1666.666667,2
⑤【假设性对照】仅光伏不可知 + 允许日内再调度储能,2025-05-01,10:50-12:40,5090.294265,11
⑤【假设性对照】仅光伏不可知 + 允许日内再调度储能,2025-05-01,21:50-22:10,988.411090,2
⑤【假设性对照】仅光伏不可知 + 允许日内再调度储能,2025-05-01,22:20-22:40,1666.666667,2
⑤【假设性对照】仅光伏不可知 + 允许日内再调度储能,2025-05-02,10:50-12:50,16816.734983,12
⑤【假设性对照】仅光伏不可知 + 允许日内再调度储能,2025-05-02,14:50-15:10,316.885450,2
⑤【假设性对照】仅光伏不可知 + 允许日内再调度储能,2025-05-02,21:50-22:10,1135.368458,2
⑤【假设性对照】仅光伏不可知 + 允许日内再调度储能,2025-05-02,22:20-22:40,1666.666667,2
⑤【假设性对照】仅光伏不可知 + 允许日内再调度储能,2025-05-03,7:20-7:40,66.801167,2
⑤【假设性对照】仅光伏不可知 + 允许日内再调度储能,2025-05-03,10:40-12:50,19882.109550,13
⑤【假设性对照】仅光伏不可知 + 允许日内再调度储能,2025-05-03,14:50-16:00,1835.714137,7
⑤【假设性对照】仅光伏不可知 + 允许日内再调度储能,2025-05-03,21:50-22:10,1149.382714,2
⑤【假设性对照】仅光伏不可知 + 允许日内再调度储能,2025-05-03,22:20-22:40,1666.666667,2
⑤【假设性对照】仅光伏不可知 + 允许日内再调度储能,2025-05-04,0:00-0:20,1291.975324,2
⑤【假设性对照】仅光伏不可知 + 允许日内再调度储能,2025-05-04,5:30-5:40,742.383283,1
⑤【假设性对照】仅光伏不可知 + 允许日内再调度储能,2025-05-04,10:50-12:40,3918.219135,11
⑤【假设性对照】仅光伏不可知 + 允许日内再调度储能,2025-05-04,21:50-22:10,988.515701,2
⑤【假设性对照】仅光伏不可知 + 允许日内再调度储能,2025-05-04,22:20-22:40,1666.666667,2
⑤【假设性对照】仅光伏不可知 + 允许日内再调度储能,2025-05-05,5:30-5:40,752.874800,1
⑤【假设性对照】仅光伏不可知 + 允许日内再调度储能,2025-05-05,11:00-11:10,342.532417,1
⑤【假设性对照】仅光伏不可知 + 允许日内再调度储能,2025-05-05,11:30-12:40,3225.151175,7
⑤【假设性对照】仅光伏不可知 + 允许日内再调度储能,2025-05-05,21:50-22:10,988.553866,2
⑤【假设性对照】仅光伏不可知 + 允许日内再调度储能,2025-05-05,22:20-22:40,1666.666667,2
⑤【假设性对照】仅光伏不可知 + 允许日内再调度储能,2025-05-06,11:00-11:10,422.039333,1
⑤【假设性对照】仅光伏不可知 + 允许日内再调度储能,2025-05-06,11:40-12:40,2692.028641,6
⑤【假设性对照】仅光伏不可知 + 允许日内再调度储能,2025-05-06,21:50-22:10,988.609594,2
⑤【假设性对照】仅光伏不可知 + 允许日内再调度储能,2025-05-06,22:20-22:40,1666.666667,2
⑤【假设性对照】仅光伏不可知 + 允许日内再调度储能,2025-05-07,11:00-11:10,117.256977,1
⑤【假设性对照】仅光伏不可知 + 允许日内再调度储能,2025-05-07,11:50-12:40,2290.014200,5
⑤【假设性对照】仅光伏不可知 + 允许日内再调度储能,2025-05-07,21:50-22:10,988.569458,2
⑤【假设性对照】仅光伏不可知 + 允许日内再调度储能,2025-05-07,22:20-22:40,1666.666667,2
⑤【假设性对照】仅光伏不可知 + 允许日内再调度储能,2025-05-08,0:00-0:30,2500.000000,3
⑤【假设性对照】仅光伏不可知 + 允许日内再调度储能,2025-05-08,0:40-0:50,119.174235,1
⑤【假设性对照】仅光伏不可知 + 允许日内再调度储能,2025-05-08,5:30-5:40,760.224367,1
⑤【假设性对照】仅光伏不可知 + 允许日内再调度储能,2025-05-08,12:00-12:10,24.328533,1
⑤【假设性对照】仅光伏不可知 + 允许日内再调度储能,2025-05-08,12:30-12:40,872.996083,1
⑤【假设性对照】仅光伏不可知 + 允许日内再调度储能,2025-05-08,21:50-22:10,988.658450,2
⑤【假设性对照】仅光伏不可知 + 允许日内再调度储能,2025-05-08,22:20-22:40,1666.666667,2
⑤【假设性对照】仅光伏不可知 + 允许日内再调度储能,2025-05-09,7:30-7:40,50.826517,1
⑤【假设性对照】仅光伏不可知 + 允许日内再调度储能,2025-05-09,10:50-13:10,18866.179800,14
⑤【假设性对照】仅光伏不可知 + 允许日内再调度储能,2025-05-09,14:50-16:00,2299.532497,7
⑤【假设性对照】仅光伏不可知 + 允许日内再调度储能,2025-05-09,21:50-22:10,1144.456429,2
⑤【假设性对照】仅光伏不可知 + 允许日内再调度储能,2025-05-09,22:20-22:40,1666.666667,2
⑤【假设性对照】仅光伏不可知 + 允许日内再调度储能,2025-05-10,10:50-12:50,17107.899184,12
⑤【假设性对照】仅光伏不可知 + 允许日内再调度储能,2025-05-10,15:00-15:10,185.588553,1
⑤【假设性对照】仅光伏不可知 + 允许日内再调度储能,2025-05-10,21:50-22:10,1184.226308,2
⑤【假设性对照】仅光伏不可知 + 允许日内再调度储能,2025-05-10,22:20-22:40,1666.666667,2
⑤【假设性对照】仅光伏不可知 + 允许日内再调度储能,2025-05-11,0:00-0:20,1107.122161,2
⑤【假设性对照】仅光伏不可知 + 允许日内再调度储能,2025-05-11,5:30-5:40,738.702233,1
⑤【假设性对照】仅光伏不可知 + 允许日内再调度储能,2025-05-11,12:30-12:40,801.435733,1
⑤【假设性对照】仅光伏不可知 + 允许日内再调度储能,2025-05-11,21:50-22:10,988.911724,2
⑤【假设性对照】仅光伏不可知 + 允许日内再调度储能,2025-05-11,22:20-22:40,1666.666667,2
⑤【假设性对照】仅光伏不可知 + 允许日内再调度储能,2025-05-12,12:30-12:40,171.812133,1
⑤【假设性对照】仅光伏不可知 + 允许日内再调度储能,2025-05-12,22:00-22:10,833.333333,1
⑤【假设性对照】仅光伏不可知 + 允许日内再调度储能,2025-05-12,22:20-22:40,1454.111950,2
⑤【假设性对照】仅光伏不可知 + 允许日内再调度储能,2025-05-13,0:00-0:30,2500.000000,3
⑤【假设性对照】仅光伏不可知 + 允许日内再调度储能,2025-05-13,0:40-0:50,822.508628,1
⑤【假设性对照】仅光伏不可知 + 允许日内再调度储能,2025-05-13,5:30-5:40,749.785217,1
⑤【假设性对照】仅光伏不可知 + 允许日内再调度储能,2025-05-13,11:50-12:10,1546.211200,2
⑤【假设性对照】仅光伏不可知 + 允许日内再调度储能,2025-05-13,12:20-12:40,903.994780,2
⑤【假设性对照】仅光伏不可知 + 允许日内再调度储能,2025-05-13,21:50-22:10,988.692416,2
⑤【假设性对照】仅光伏不可知 + 允许日内再调度储能,2025-05-13,22:20-22:40,1666.666667,2
⑤【假设性对照】仅光伏不可知 + 允许日内再调度储能,2025-05-14,0:10-0:20,90.581136,1
⑤【假设性对照】仅光伏不可知 + 允许日内再调度储能,2025-05-14,5:30-5:40,780.974767,1
⑤【假设性对照】仅光伏不可知 + 允许日内再调度储能,2025-05-14,11:00-11:10,172.645183,1
⑤【假设性对照】仅光伏不可知 + 允许日内再调度储能,2025-05-14,11:20-12:40,2896.135533,8
⑤【假设性对照】仅光伏不可知 + 允许日内再调度储能,2025-05-14,15:00-15:10,198.641518,1
⑤【假设性对照】仅光伏不可知 + 允许日内再调度储能,2025-05-14,21:50-22:10,988.605557,2
⑤【假设性对照】仅光伏不可知 + 允许日内再调度储能,2025-05-14,22:20-22:40,1666.666667,2
⑤【假设性对照】仅光伏不可知 + 允许日内再调度储能,2025-05-15,11:00-11:10,319.760600,1
⑤【假设性对照】仅光伏不可知 + 允许日内再调度储能,2025-05-15,11:20-12:40,3185.872219,8
⑤【假设性对照】仅光伏不可知 + 允许日内再调度储能,2025-05-15,15:00-15:10,243.169067,1
⑤【假设性对照】仅光伏不可知 + 允许日内再调度储能,2025-05-15,21:50-22:10,988.633070,2
⑤【假设性对照】仅光伏不可知 + 允许日内再调度储能,2025-05-15,22:20-22:40,1666.666667,2
⑤【假设性对照】仅光伏不可知 + 允许日内再调度储能,2025-05-16,7:10-7:50,463.115467,4
⑤【假设性对照】仅光伏不可知 + 允许日内再调度储能,2025-05-16,9:30-9:40,643.669217,1
⑤【假设性对照】仅光伏不可知 + 允许日内再调度储能,2025-05-16,10:20-10:30,124.167200,1
⑤【假设性对照】仅光伏不可知 + 允许日内再调度储能,2025-05-16,10:40-12:50,21495.812217,13
⑤【假设性对照】仅光伏不可知 + 允许日内再调度储能,2025-05-16,14:50-16:10,4385.925550,8
⑤【假设性对照】仅光伏不可知 + 允许日内再调度储能,2025-05-16,21:50-22:10,1298.621515,2
⑤【假设性对照】仅光伏不可知 + 允许日内再调度储能,2025-05-16,22:20-22:40,1666.666667,2
⑤【假设性对照】仅光伏不可知 + 允许日内再调度储能,2025-05-17,7:10-7:40,366.181967,3
⑤【假设性对照】仅光伏不可知 + 允许日内再调度储能,2025-05-17,10:40-12:50,18270.751433,13
⑤【假设性对照】仅光伏不可知 + 允许日内再调度储能,2025-05-17,14:50-15:20,797.031242,3
⑤【假设性对照】仅光伏不可知 + 允许日内再调度储能,2025-05-17,21:50-22:10,1212.971426,2
⑤【假设性对照】仅光伏不可知 + 允许日内再调度储能,2025-05-17,22:20-22:40,1666.666667,2
⑤【假设性对照】仅光伏不可知 + 允许日内再调度储能,2025-05-18,0:00-0:30,2500.000000,3
⑤【假设性对照】仅光伏不可知 + 允许日内再调度储能,2025-05-18,0:40-0:50,324.091283,1
⑤【假设性对照】仅光伏不可知 + 允许日内再调度储能,2025-05-18,5:30-5:40,749.689567,1
⑤【假设性对照】仅光伏不可知 + 允许日内再调度储能,2025-05-18,11:00-11:10,224.116483,1
⑤【假设性对照】仅光伏不可知 + 允许日内再调度储能,2025-05-18,11:40-12:40,3572.734578,6
⑤【假设性对照】仅光伏不可知 + 允许日内再调度储能,2025-05-18,15:00-15:10,176.768317,1
⑤【假设性对照】仅光伏不可知 + 允许日内再调度储能,2025-05-18,21:50-22:10,990.563152,2
⑤【假设性对照】仅光伏不可知 + 允许日内再调度储能,2025-05-18,22:20-22:40,1666.666667,2
⑤【假设性对照】仅光伏不可知 + 允许日内再调度储能,2025-05-19,5:30-5:40,678.725579,1
⑤【假设性对照】仅光伏不可知 + 允许日内再调度储能,2025-05-19,11:00-12:40,5195.865154,10
⑤【假设性对照】仅光伏不可知 + 允许日内再调度储能,2025-05-19,21:50-22:10,988.326715,2
⑤【假设性对照】仅光伏不可知 + 允许日内再调度储能,2025-05-19,22:20-22:40,1666.666667,2
⑤【假设性对照】仅光伏不可知 + 允许日内再调度储能,2025-05-20,5:30-5:40,79.565757,1
⑤【假设性对照】仅光伏不可知 + 允许日内再调度储能,2025-05-20,12:30-12:40,519.412003,1
⑤【假设性对照】仅光伏不可知 + 允许日内再调度储能,2025-05-20,22:00-22:10,833.333333,1
⑤【假设性对照】仅光伏不可知 + 允许日内再调度储能,2025-05-20,22:30-22:40,180.000000,1
⑤【假设性对照】仅光伏不可知 + 允许日内再调度储能,2025-05-21,11:50-12:10,642.023055,2
⑤【假设性对照】仅光伏不可知 + 允许日内再调度储能,2025-05-21,12:30-12:40,450.494817,1
⑤【假设性对照】仅光伏不可知 + 允许日内再调度储能,2025-05-21,21:50-22:10,993.287425,2
⑤【假设性对照】仅光伏不可知 + 允许日内再调度储能,2025-05-21,22:20-22:40,1666.666667,2
⑤【假设性对照】仅光伏不可知 + 允许日内再调度储能,2025-05-22,11:00-11:10,283.838500,1
⑤【假设性对照】仅光伏不可知 + 允许日内再调度储能,2025-05-22,11:40-12:40,1898.497594,6
⑤【假设性对照】仅光伏不可知 + 允许日内再调度储能,2025-05-22,21:50-22:10,994.569061,2
⑤【假设性对照】仅光伏不可知 + 允许日内再调度储能,2025-05-22,22:20-22:40,1666.666667,2
⑤【假设性对照】仅光伏不可知 + 允许日内再调度储能,2025-05-23,7:00-7:50,536.944083,5
⑤【假设性对照】仅光伏不可知 + 允许日内再调度储能,2025-05-23,9:30-9:40,243.543367,1
⑤【假设性对照】仅光伏不可知 + 允许日内再调度储能,2025-05-23,10:40-12:50,20014.223317,13
⑤【假设性对照】仅光伏不可知 + 允许日内再调度储能,2025-05-23,14:50-15:40,1305.833770,5
⑤【假设性对照】仅光伏不可知 + 允许日内再调度储能,2025-05-23,21:50-22:10,1300.675567,2
⑤【假设性对照】仅光伏不可知 + 允许日内再调度储能,2025-05-23,22:20-22:40,1666.666667,2
⑤【假设性对照】仅光伏不可知 + 允许日内再调度储能,2025-05-24,7:00-7:40,339.337700,4
⑤【假设性对照】仅光伏不可知 + 允许日内再调度储能,2025-05-24,10:30-12:50,21211.734800,14
⑤【假设性对照】仅光伏不可知 + 允许日内再调度储能,2025-05-24,13:40-13:50,31.050833,1
⑤【假设性对照】仅光伏不可知 + 允许日内再调度储能,2025-05-24,14:50-16:10,4128.693939,8
⑤【假设性对照】仅光伏不可知 + 允许日内再调度储能,2025-05-24,21:50-22:10,1345.400351,2
⑤【假设性对照】仅光伏不可知 + 允许日内再调度储能,2025-05-24,22:20-22:40,1666.666667,2
⑤【假设性对照】仅光伏不可知 + 允许日内再调度储能,2025-05-25,0:00-0:20,941.327935,2
⑤【假设性对照】仅光伏不可知 + 允许日内再调度储能,2025-05-25,5:30-5:40,753.706333,1
⑤【假设性对照】仅光伏不可知 + 允许日内再调度储能,2025-05-25,11:00-11:10,317.686833,1
⑤【假设性对照】仅光伏不可知 + 允许日内再调度储能,2025-05-25,11:30-12:40,3385.954411,7
⑤【假设性对照】仅光伏不可知 + 允许日内再调度储能,2025-05-25,21:50-22:10,997.100216,2
⑤【假设性对照】仅光伏不可知 + 允许日内再调度储能,2025-05-25,22:20-22:40,1666.666667,2
⑤【假设性对照】仅光伏不可知 + 允许日内再调度储能,2025-05-26,12:30-12:40,258.921283,1
⑤【假设性对照】仅光伏不可知 + 允许日内再调度储能,2025-05-26,22:00-22:10,833.333333,1
⑤【假设性对照】仅光伏不可知 + 允许日内再调度储能,2025-05-26,22:30-22:40,567.463930,1
⑤【假设性对照】仅光伏不可知 + 允许日内再调度储能,2025-05-27,11:00-11:10,319.809017,1
⑤【假设性对照】仅光伏不可知 + 允许日内再调度储能,2025-05-27,11:40-12:40,2565.684883,6
⑤【假设性对照】仅光伏不可知 + 允许日内再调度储能,2025-05-27,21:50-22:10,988.610836,2
⑤【假设性对照】仅光伏不可知 + 允许日内再调度储能,2025-05-27,22:20-22:40,1666.666667,2
⑤【假设性对照】仅光伏不可知 + 允许日内再调度储能,2025-05-28,0:00-0:30,2142.807500,3
⑤【假设性对照】仅光伏不可知 + 允许日内再调度储能,2025-05-28,5:30-5:40,766.949183,1
⑤【假设性对照】仅光伏不可知 + 允许日内再调度储能,2025-05-28,11:50-12:10,485.463284,2
⑤【假设性对照】仅光伏不可知 + 允许日内再调度储能,2025-05-28,12:30-12:40,668.649933,1
⑤【假设性对照】仅光伏不可知 + 允许日内再调度储能,2025-05-28,21:50-22:10,988.643722,2
⑤【假设性对照】仅光伏不可知 + 允许日内再调度储能,2025-05-28,22:20-22:40,1666.666667,2
⑤【假设性对照】仅光伏不可知 + 允许日内再调度储能,2025-05-29,0:10-0:20,413.285833,1
⑤【假设性对照】仅光伏不可知 + 允许日内再调度储能,2025-05-29,5:30-5:40,729.265800,1
⑤【假设性对照】仅光伏不可知 + 允许日内再调度储能,2025-05-29,12:30-12:40,779.595933,1
⑤【假设性对照】仅光伏不可知 + 允许日内再调度储能,2025-05-29,21:50-22:10,988.724692,2
⑤【假设性对照】仅光伏不可知 + 允许日内再调度储能,2025-05-29,22:20-22:40,1666.666667,2
⑤【假设性对照】仅光伏不可知 + 允许日内再调度储能,2025-05-30,7:10-7:40,152.270183,3
⑤【假设性对照】仅光伏不可知 + 允许日内再调度储能,2025-05-30,10:40-13:00,20555.554751,14
⑤【假设性对照】仅光伏不可知 + 允许日内再调度储能,2025-05-30,14:50-15:50,1443.300433,6
⑤【假设性对照】仅光伏不可知 + 允许日内再调度储能,2025-05-30,21:50-22:10,1286.645260,2
⑤【假设性对照】仅光伏不可知 + 允许日内再调度储能,2025-05-30,22:20-22:40,1666.666667,2
⑤【假设性对照】仅光伏不可知 + 允许日内再调度储能,2025-05-31,3:00-3:10,0.000233,1
⑤【假设性对照】仅光伏不可知 + 允许日内再调度储能,2025-05-31,3:30-3:40,0.003150,1
⑤【假设性对照】仅光伏不可知 + 允许日内再调度储能,2025-05-31,5:30-5:40,364.100550,1
⑤【假设性对照】仅光伏不可知 + 允许日内再调度储能,2025-05-31,7:30-7:40,131.543517,1
⑤【假设性对照】仅光伏不可知 + 允许日内再调度储能,2025-05-31,10:50-12:50,19116.622462,12
⑤【假设性对照】仅光伏不可知 + 允许日内再调度储能,2025-05-31,14:50-16:00,2384.989319,7
⑤【假设性对照】仅光伏不可知 + 允许日内再调度储能,2025-05-31,21:50-22:10,1367.532265,2
⑤【假设性对照】仅光伏不可知 + 允许日内再调度储能,2025-05-31,22:20-22:40,1666.666667,2
⑤【假设性对照】仅光伏不可知 + 允许日内再调度储能,2025-06-01,0:00-0:20,1623.942902,2
⑤【假设性对照】仅光伏不可知 + 允许日内再调度储能,2025-06-01,5:30-5:40,731.633100,1
⑤【假设性对照】仅光伏不可知 + 允许日内再调度储能,2025-06-01,11:00-11:10,393.163896,1
⑤【假设性对照】仅光伏不可知 + 允许日内再调度储能,2025-06-01,11:30-12:40,5449.796983,7
⑤【假设性对照】仅光伏不可知 + 允许日内再调度储能,2025-06-01,14:50-15:10,490.864117,2
⑤【假设性对照】仅光伏不可知 + 允许日内再调度储能,2025-06-01,21:50-22:10,988.737558,2
⑤【假设性对照】仅光伏不可知 + 允许日内再调度储能,2025-06-01,22:20-22:40,1666.666667,2
⑤【假设性对照】仅光伏不可知 + 允许日内再调度储能,2025-06-02,0:00-0:30,1906.239361,3
⑤【假设性对照】仅光伏不可知 + 允许日内再调度储能,2025-06-02,5:30-5:40,772.236200,1
⑤【假设性对照】仅光伏不可知 + 允许日内再调度储能,2025-06-02,11:00-12:40,9625.412828,10
⑤【假设性对照】仅光伏不可知 + 允许日内再调度储能,2025-06-02,14:50-15:30,497.559178,4
⑤【假设性对照】仅光伏不可知 + 允许日内再调度储能,2025-06-02,21:50-22:10,988.643141,2
⑤【假设性对照】仅光伏不可知 + 允许日内再调度储能,2025-06-02,22:20-22:40,1666.666667,2
⑤【假设性对照】仅光伏不可知 + 允许日内再调度储能,2025-06-03,0:00-0:20,1489.775357,2
⑤【假设性对照】仅光伏不可知 + 允许日内再调度储能,2025-06-03,5:30-5:40,775.187050,1
⑤【假设性对照】仅光伏不可知 + 允许日内再调度储能,2025-06-03,11:00-11:10,115.635841,1
⑤【假设性对照】仅光伏不可知 + 允许日内再调度储能,2025-06-03,11:40-12:40,4164.247633,6
⑤【假设性对照】仅光伏不可知 + 允许日内再调度储能,2025-06-03,15:00-15:10,243.489250,1
⑤【假设性对照】仅光伏不可知 + 允许日内再调度储能,2025-06-03,21:50-22:10,988.671280,2
⑤【假设性对照】仅光伏不可知 + 允许日内再调度储能,2025-06-03,22:20-22:40,1666.666667,2
⑤【假设性对照】仅光伏不可知 + 允许日内再调度储能,2025-06-04,0:00-0:30,2500.000000,3
⑤【假设性对照】仅光伏不可知 + 允许日内再调度储能,2025-06-04,0:40-0:50,628.010258,1
⑤【假设性对照】仅光伏不可知 + 允许日内再调度储能,2025-06-04,5:30-5:40,758.280533,1
⑤【假设性对照】仅光伏不可知 + 允许日内再调度储能,2025-06-04,10:50-12:50,11137.612059,12
⑤【假设性对照】仅光伏不可知 + 允许日内再调度储能,2025-06-04,14:50-15:30,1003.539216,4
⑤【假设性对照】仅光伏不可知 + 允许日内再调度储能,2025-06-04,21:50-22:10,988.787808,2
⑤【假设性对照】仅光伏不可知 + 允许日内再调度储能,2025-06-04,22:20-22:40,1666.666667,2
⑤【假设性对照】仅光伏不可知 + 允许日内再调度储能,2025-06-05,0:00-0:20,1341.069439,2
⑤【假设性对照】仅光伏不可知 + 允许日内再调度储能,2025-06-05,5:30-5:40,764.730200,1
⑤【假设性对照】仅光伏不可知 + 允许日内再调度储能,2025-06-05,11:00-11:10,99.078383,1
⑤【假设性对照】仅光伏不可知 + 允许日内再调度储能,2025-06-05,11:20-12:10,937.353339,5
⑤【假设性对照】仅光伏不可知 + 允许日内再调度储能,2025-06-05,12:30-12:40,758.297667,1
⑤【假设性对照】仅光伏不可知 + 允许日内再调度储能,2025-06-05,21:50-22:10,988.792681,2
⑤【假设性对照】仅光伏不可知 + 允许日内再调度储能,2025-06-05,22:20-22:40,1666.666667,2
⑤【假设性对照】仅光伏不可知 + 允许日内再调度储能,2025-06-06,10:50-12:40,6411.776998,11
⑤【假设性对照】仅光伏不可知 + 允许日内再调度储能,2025-06-06,21:50-22:10,1286.007382,2
⑤【假设性对照】仅光伏不可知 + 允许日内再调度储能,2025-06-06,22:20-22:40,1666.666667,2
⑤【假设性对照】仅光伏不可知 + 允许日内再调度储能,2025-06-07,0:00-0:20,1126.237020,2
⑤【假设性对照】仅光伏不可知 + 允许日内再调度储能,2025-06-07,3:00-3:10,0.000200,1
⑤【假设性对照】仅光伏不可知 + 允许日内再调度储能,2025-06-07,3:30-3:40,0.002867,1
⑤【假设性对照】仅光伏不可知 + 允许日内再调度储能,2025-06-07,4:00-4:10,0.039917,1
⑤【假设性对照】仅光伏不可知 + 允许日内再调度储能,2025-06-07,4:30-4:40,0.555867,1
⑤【假设性对照】仅光伏不可知 + 允许日内再调度储能,2025-06-07,5:30-5:40,995.456393,1
⑤【假设性对照】仅光伏不可知 + 允许日内再调度储能,2025-06-07,10:50-12:40,5280.593767,11
⑤【假设性对照】仅光伏不可知 + 允许日内再调度储能,2025-06-07,21:50-22:10,1284.601583,2
⑤【假设性对照】仅光伏不可知 + 允许日内再调度储能,2025-06-07,22:20-22:40,1666.666667,2
⑤【假设性对照】仅光伏不可知 + 允许日内再调度储能,2025-06-08,0:00-0:50,3435.092726,5
⑤【假设性对照】仅光伏不可知 + 允许日内再调度储能,2025-06-08,5:30-5:40,762.265600,1
⑤【假设性对照】仅光伏不可知 + 允许日内再调度储能,2025-06-08,11:00-11:10,137.155300,1
⑤【假设性对照】仅光伏不可知 + 允许日内再调度储能,2025-06-08,11:30-12:10,1002.445758,4
⑤【假设性对照】仅光伏不可知 + 允许日内再调度储能,2025-06-08,12:30-12:40,715.468767,1
⑤【假设性对照】仅光伏不可知 + 允许日内再调度储能,2025-06-08,21:50-22:10,988.823842,2
⑤【假设性对照】仅光伏不可知 + 允许日内再调度储能,2025-06-08,22:20-22:40,1666.666667,2
⑤【假设性对照】仅光伏不可知 + 允许日内再调度储能,2025-06-09,0:00-0:30,1971.568706,3
⑤【假设性对照】仅光伏不可知 + 允许日内再调度储能,2025-06-09,5:30-5:40,761.531850,1
⑤【假设性对照】仅光伏不可知 + 允许日内再调度储能,2025-06-09,10:50-12:40,6855.313608,11
⑤【假设性对照】仅光伏不可知 + 允许日内再调度储能,2025-06-09,14:50-15:10,368.503867,2
⑤【假设性对照】仅光伏不可知 + 允许日内再调度储能,2025-06-09,21:50-22:10,988.793383,2
⑤【假设性对照】仅光伏不可知 + 允许日内再调度储能,2025-06-09,22:20-22:40,1666.666667,2
⑤【假设性对照】仅光伏不可知 + 允许日内再调度储能,2025-06-10,0:10-0:20,769.882750,1
⑤【假设性对照】仅光伏不可知 + 允许日内再调度储能,2025-06-10,5:30-5:40,749.525800,1
⑤【假设性对照】仅光伏不可知 + 允许日内再调度储能,2025-06-10,11:00-11:10,24.014433,1
⑤【假设性对照】仅光伏不可知 + 允许日内再调度储能,2025-06-10,12:30-12:40,712.153900,1
⑤【假设性对照】仅光伏不可知 + 允许日内再调度储能,2025-06-10,15:00-15:10,139.357750,1
⑤【假设性对照】仅光伏不可知 + 允许日内再调度储能,2025-06-10,21:50-22:10,988.763980,2
⑤【假设性对照】仅光伏不可知 + 允许日内再调度储能,2025-06-10,22:20-22:40,1666.666667,2
⑤【假设性对照】仅光伏不可知 + 允许日内再调度储能,2025-06-11,0:10-0:20,180.650333,1
⑤【假设性对照】仅光伏不可知 + 允许日内再调度储能,2025-06-11,5:30-5:40,532.648795,1
⑤【假设性对照】仅光伏不可知 + 允许日内再调度储能,2025-06-11,11:50-12:40,3946.591856,5
⑤【假设性对照】仅光伏不可知 + 允许日内再调度储能,2025-06-11,14:50-15:20,539.993533,3
⑤【假设性对照】仅光伏不可知 + 允许日内再调度储能,2025-06-11,21:50-22:10,988.812138,2
⑤【假设性对照】仅光伏不可知 + 允许日内再调度储能,2025-06-11,22:20-22:40,1666.666667,2
⑤【假设性对照】仅光伏不可知 + 允许日内再调度储能,2025-06-12,0:00-0:30,1777.876540,3
⑤【假设性对照】仅光伏不可知 + 允许日内再调度储能,2025-06-12,5:30-5:40,767.403283,1
⑤【假设性对照】仅光伏不可知 + 允许日内再调度储能,2025-06-12,11:00-11:10,70.739150,1
⑤【假设性对照】仅光伏不可知 + 允许日内再调度储能,2025-06-12,11:50-12:40,2973.010899,5
⑤【假设性对照】仅光伏不可知 + 允许日内再调度储能,2025-06-12,15:00-15:10,114.698067,1
⑤【假设性对照】仅光伏不可知 + 允许日内再调度储能,2025-06-12,21:50-22:10,988.823316,2
⑤【假设性对照】仅光伏不可知 + 允许日内再调度储能,2025-06-12,22:20-22:40,1666.666667,2
⑤【假设性对照】仅光伏不可知 + 允许日内再调度储能,2025-06-13,10:50-12:40,6577.610735,11
⑤【假设性对照】仅光伏不可知 + 允许日内再调度储能,2025-06-13,21:50-22:10,1364.727925,2
⑤【假设性对照】仅光伏不可知 + 允许日内再调度储能,2025-06-13,22:20-22:40,1666.666667,2
⑤【假设性对照】仅光伏不可知 + 允许日内再调度储能,2025-06-14,10:50-12:50,9917.836002,12
⑤【假设性对照】仅光伏不可知 + 允许日内再调度储能,2025-06-14,21:50-22:10,1342.477830,2
⑤【假设性对照】仅光伏不可知 + 允许日内再调度储能,2025-06-14,22:20-22:40,1666.666667,2
⑤【假设性对照】仅光伏不可知 + 允许日内再调度储能,2025-06-15,0:10-0:20,180.004183,1
⑤【假设性对照】仅光伏不可知 + 允许日内再调度储能,2025-06-15,5:30-5:40,766.458567,1
⑤【假设性对照】仅光伏不可知 + 允许日内再调度储能,2025-06-15,12:30-12:40,666.652717,1
⑤【假设性对照】仅光伏不可知 + 允许日内再调度储能,2025-06-15,14:50-15:20,491.395143,3
⑤【假设性对照】仅光伏不可知 + 允许日内再调度储能,2025-06-15,22:00-22:10,833.333333,1
⑤【假设性对照】仅光伏不可知 + 允许日内再调度储能,2025-06-15,22:20-22:40,903.012762,2
⑤【假设性对照】仅光伏不可知 + 允许日内再调度储能,2025-06-16,0:10-0:20,397.913549,1
⑤【假设性对照】仅光伏不可知 + 允许日内再调度储能,2025-06-16,5:30-5:40,773.793400,1
⑤【假设性对照】仅光伏不可知 + 允许日内再调度储能,2025-06-16,12:00-12:40,1306.878567,4
⑤【假设性对照】仅光伏不可知 + 允许日内再调度储能,2025-06-16,14:50-15:20,338.160350,3
⑤【假设性对照】仅光伏不可知 + 允许日内再调度储能,2025-06-16,21:50-22:10,988.799002,2
⑤【假设性对照】仅光伏不可知 + 允许日内再调度储能,2025-06-16,22:20-22:40,1666.666667,2
⑤【假设性对照】仅光伏不可知 + 允许日内再调度储能,2025-06-17,0:10-0:20,180.002833,1
⑤【假设性对照】仅光伏不可知 + 允许日内再调度储能,2025-06-17,5:30-5:40,757.711800,1
⑤【假设性对照】仅光伏不可知 + 允许日内再调度储能,2025-06-17,12:00-12:40,1597.109733,4
⑤【假设性对照】仅光伏不可知 + 允许日内再调度储能,2025-06-17,14:50-15:20,367.059600,3
⑤【假设性对照】仅光伏不可知 + 允许日内再调度储能,2025-06-17,22:00-22:10,833.333333,1
⑤【假设性对照】仅光伏不可知 + 允许日内再调度储能,2025-06-17,22:20-22:40,982.816695,2
⑤【假设性对照】仅光伏不可知 + 允许日内再调度储能,2025-06-18,0:00-0:30,1876.432829,3
⑤【假设性对照】仅光伏不可知 + 允许日内再调度储能,2025-06-18,5:30-5:40,756.829850,1
⑤【假设性对照】仅光伏不可知 + 允许日内再调度储能,2025-06-18,11:00-11:10,81.245750,1
⑤【假设性对照】仅光伏不可知 + 允许日内再调度储能,2025-06-18,11:40-12:40,2535.144183,6
⑤【假设性对照】仅光伏不可知 + 允许日内再调度储能,2025-06-18,14:50-15:10,263.187933,2
⑤【假设性对照】仅光伏不可知 + 允许日内再调度储能,2025-06-18,21:50-22:10,988.803336,2
⑤【假设性对照】仅光伏不可知 + 允许日内再调度储能,2025-06-18,22:20-22:40,1666.666667,2
⑤【假设性对照】仅光伏不可知 + 允许日内再调度储能,2025-06-19,0:00-0:20,1624.223566,2
⑤【假设性对照】仅光伏不可知 + 允许日内再调度储能,2025-06-19,5:30-5:40,781.812017,1
⑤【假设性对照】仅光伏不可知 + 允许日内再调度储能,2025-06-19,10:50-11:20,258.667669,3
⑤【假设性对照】仅光伏不可知 + 允许日内再调度储能,2025-06-19,11:50-12:10,1513.240850,2
⑤【假设性对照】仅光伏不可知 + 允许日内再调度储能,2025-06-19,12:20-12:40,804.370920,2
⑤【假设性对照】仅光伏不可知 + 允许日内再调度储能,2025-06-19,21:50-22:10,988.798125,2
⑤【假设性对照】仅光伏不可知 + 允许日内再调度储能,2025-06-19,22:20-22:40,1666.666667,2
⑤【假设性对照】仅光伏不可知 + 允许日内再调度储能,2025-06-20,3:30-3:40,0.003683,1
⑤【假设性对照】仅光伏不可知 + 允许日内再调度储能,2025-06-20,5:30-5:40,4.900683,1
⑤【假设性对照】仅光伏不可知 + 允许日内再调度储能,2025-06-20,10:50-12:50,12488.077561,12
⑤【假设性对照】仅光伏不可知 + 允许日内再调度储能,2025-06-20,21:50-22:10,1313.839578,2
⑤【假设性对照】仅光伏不可知 + 允许日内再调度储能,2025-06-20,22:20-22:40,1666.666667,2
⑤【假设性对照】仅光伏不可知 + 允许日内再调度储能,2025-06-21,10:50-12:50,15593.794334,12
⑤【假设性对照】仅光伏不可知 + 允许日内再调度储能,2025-06-21,21:50-22:10,1327.432135,2
⑤【假设性对照】仅光伏不可知 + 允许日内再调度储能,2025-06-21,22:20-22:40,1666.666667,2
⑤【假设性对照】仅光伏不可知 + 允许日内再调度储能,2025-06-22,0:10-0:20,501.212723,1
⑤【假设性对照】仅光伏不可知 + 允许日内再调度储能,2025-06-22,5:30-5:40,740.719583,1
⑤【假设性对照】仅光伏不可知 + 允许日内再调度储能,2025-06-22,12:30-12:40,827.563950,1
⑤【假设性对照】仅光伏不可知 + 允许日内再调度储能,2025-06-22,15:00-15:10,29.292550,1
⑤【假设性对照】仅光伏不可知 + 允许日内再调度储能,2025-06-22,21:50-22:10,988.860350,2
⑤【假设性对照】仅光伏不可知 + 允许日内再调度储能,2025-06-22,22:20-22:40,1666.666667,2
⑤【假设性对照】仅光伏不可知 + 允许日内再调度储能,2025-06-23,0:00-0:30,2421.609035,3
⑤【假设性对照】仅光伏不可知 + 允许日内再调度储能,2025-06-23,5:30-5:40,780.636467,1
⑤【假设性对照】仅光伏不可知 + 允许日内再调度储能,2025-06-23,12:30-12:40,721.651717,1
⑤【假设性对照】仅光伏不可知 + 允许日内再调度储能,2025-06-23,14:50-15:10,124.482717,2
⑤【假设性对照】仅光伏不可知 + 允许日内再调度储能,2025-06-23,21:50-22:10,988.849523,2
⑤【假设性对照】仅光伏不可知 + 允许日内再调度储能,2025-06-23,22:20-22:40,1666.666667,2
⑤【假设性对照】仅光伏不可知 + 允许日内再调度储能,2025-06-24,0:10-0:20,180.003150,1
⑤【假设性对照】仅光伏不可知 + 允许日内再调度储能,2025-06-24,5:30-5:40,424.609398,1
⑤【假设性对照】仅光伏不可知 + 允许日内再调度储能,2025-06-24,11:00-12:50,6967.065623,11
⑤【假设性对照】仅光伏不可知 + 允许日内再调度储能,2025-06-24,14:50-15:30,699.407989,4
⑤【假设性对照】仅光伏不可知 + 允许日内再调度储能,2025-06-24,21:50-22:10,988.858329,2
⑤【假设性对照】仅光伏不可知 + 允许日内再调度储能,2025-06-24,22:20-22:40,1666.666667,2
⑤【假设性对照】仅光伏不可知 + 允许日内再调度储能,2025-06-25,0:00-0:20,1451.626296,2
⑤【假设性对照】仅光伏不可知 + 允许日内再调度储能,2025-06-25,5:30-5:40,781.219200,1
⑤【假设性对照】仅光伏不可知 + 允许日内再调度储能,2025-06-25,12:00-12:10,325.462823,1
⑤【假设性对照】仅光伏不可知 + 允许日内再调度储能,2025-06-25,12:30-12:40,720.463950,1
⑤【假设性对照】仅光伏不可知 + 允许日内再调度储能,2025-06-25,15:00-15:10,21.664811,1
⑤【假设性对照】仅光伏不可知 + 允许日内再调度储能,2025-06-25,21:50-22:10,988.939146,2
⑤【假设性对照】仅光伏不可知 + 允许日内再调度储能,2025-06-25,22:20-22:40,1666.666667,2
⑤【假设性对照】仅光伏不可知 + 允许日内再调度储能,2025-06-26,0:00-0:20,1125.813253,2
⑤【假设性对照】仅光伏不可知 + 允许日内再调度储能,2025-06-26,5:30-5:40,790.617583,1
⑤【假设性对照】仅光伏不可知 + 允许日内再调度储能,2025-06-26,12:00-12:10,422.632000,1
⑤【假设性对照】仅光伏不可知 + 允许日内再调度储能,2025-06-26,12:30-12:40,673.575217,1
⑤【假设性对照】仅光伏不可知 + 允许日内再调度储能,2025-06-26,21:50-22:10,988.986750,2
⑤【假设性对照】仅光伏不可知 + 允许日内再调度储能,2025-06-26,22:20-22:40,1666.666667,2
⑤【假设性对照】仅光伏不可知 + 允许日内再调度储能,2025-06-27,3:30-3:40,0.002883,1
⑤【假设性对照】仅光伏不可知 + 允许日内再调度储能,2025-06-27,5:30-5:40,289.338467,1
⑤【假设性对照】仅光伏不可知 + 允许日内再调度储能,2025-06-27,10:50-12:50,15082.636192,12
⑤【假设性对照】仅光伏不可知 + 允许日内再调度储能,2025-06-27,21:50-22:10,1334.005790,2
⑤【假设性对照】仅光伏不可知 + 允许日内再调度储能,2025-06-27,22:20-22:40,1666.666667,2
⑤【假设性对照】仅光伏不可知 + 允许日内再调度储能,2025-06-28,10:50-12:50,12262.286733,12
⑤【假设性对照】仅光伏不可知 + 允许日内再调度储能,2025-06-28,21:50-22:10,1383.306340,2
⑤【假设性对照】仅光伏不可知 + 允许日内再调度储能,2025-06-28,22:20-22:40,1666.666667,2
⑤【假设性对照】仅光伏不可知 + 允许日内再调度储能,2025-06-29,0:10-0:20,180.004000,1
⑤【假设性对照】仅光伏不可知 + 允许日内再调度储能,2025-06-29,5:30-5:40,785.051683,1
⑤【假设性对照】仅光伏不可知 + 允许日内再调度储能,2025-06-29,11:00-11:10,18.276267,1
⑤【假设性对照】仅光伏不可知 + 允许日内再调度储能,2025-06-29,12:30-12:40,279.755107,1
⑤【假设性对照】仅光伏不可知 + 允许日内再调度储能,2025-06-29,22:00-22:10,833.333333,1
⑤【假设性对照】仅光伏不可知 + 允许日内再调度储能,2025-06-29,22:30-22:40,180.000267,1
⑤【假设性对照】仅光伏不可知 + 允许日内再调度储能,2025-06-30,0:00-0:20,834.664402,2
⑤【假设性对照】仅光伏不可知 + 允许日内再调度储能,2025-06-30,5:30-5:40,776.418967,1
⑤【假设性对照】仅光伏不可知 + 允许日内再调度储能,2025-06-30,11:00-11:10,95.052683,1
⑤【假设性对照】仅光伏不可知 + 允许日内再调度储能,2025-06-30,11:20-12:10,1834.443933,5
⑤【假设性对照】仅光伏不可知 + 允许日内再调度储能,2025-06-30,12:20-12:40,894.343369,2
⑤【假设性对照】仅光伏不可知 + 允许日内再调度储能,2025-06-30,14:50-15:10,200.320817,2
⑤【假设性对照】仅光伏不可知 + 允许日内再调度储能,2025-06-30,21:50-22:10,988.914056,2
⑤【假设性对照】仅光伏不可知 + 允许日内再调度储能,2025-06-30,22:20-22:40,1666.666667,2
⑤【假设性对照】仅光伏不可知 + 允许日内再调度储能,2025-07-01,0:10-0:20,403.710311,1
⑤【假设性对照】仅光伏不可知 + 允许日内再调度储能,2025-07-01,5:30-5:40,746.868717,1
⑤【假设性对照】仅光伏不可知 + 允许日内再调度储能,2025-07-01,12:30-12:40,679.275800,1
⑤【假设性对照】仅光伏不可知 + 允许日内再调度储能,2025-07-01,15:00-15:10,56.302150,1
⑤【假设性对照】仅光伏不可知 + 允许日内再调度储能,2025-07-01,21:50-22:10,989.019136,2
⑤【假设性对照】仅光伏不可知 + 允许日内再调度储能,2025-07-01,22:20-22:40,1666.666667,2
⑤【假设性对照】仅光伏不可知 + 允许日内再调度储能,2025-07-02,0:00-0:20,1171.896519,2
⑤【假设性对照】仅光伏不可知 + 允许日内再调度储能,2025-07-02,5:30-5:40,754.598850,1
⑤【假设性对照】仅光伏不可知 + 允许日内再调度储能,2025-07-02,12:30-12:40,733.980300,1
⑤【假设性对照】仅光伏不可知 + 允许日内再调度储能,2025-07-02,15:00-15:10,48.003819,1
⑤【假设性对照】仅光伏不可知 + 允许日内再调度储能,2025-07-02,21:50-22:10,989.036676,2
⑤【假设性对照】仅光伏不可知 + 允许日内再调度储能,2025-07-02,22:20-22:40,1666.666667,2
⑤【假设性对照】仅光伏不可知 + 允许日内再调度储能,2025-07-03,0:00-0:20,1060.830502,2
⑤【假设性对照】仅光伏不可知 + 允许日内再调度储能,2025-07-03,5:30-5:40,764.617367,1
⑤【假设性对照】仅光伏不可知 + 允许日内再调度储能,2025-07-03,11:00-12:40,3546.470320,10
⑤【假设性对照】仅光伏不可知 + 允许日内再调度储能,2025-07-03,14:50-15:20,289.297397,3
⑤【假设性对照】仅光伏不可知 + 允许日内再调度储能,2025-07-03,21:50-22:10,989.048933,2
⑤【假设性对照】仅光伏不可知 + 允许日内再调度储能,2025-07-03,22:20-22:40,1666.666667,2
⑤【假设性对照】仅光伏不可知 + 允许日内再调度储能,2025-07-04,10:50-12:50,14344.210017,12
⑤【假设性对照】仅光伏不可知 + 允许日内再调度储能,2025-07-04,21:50-22:10,1006.052468,2
⑤【假设性对照】仅光伏不可知 + 允许日内再调度储能,2025-07-04,22:20-22:40,1666.666667,2
⑤【假设性对照】仅光伏不可知 + 允许日内再调度储能,2025-07-05,10:50-12:50,15196.901324,12
⑤【假设性对照】仅光伏不可知 + 允许日内再调度储能,2025-07-05,21:50-22:10,1145.473937,2
⑤【假设性对照】仅光伏不可知 + 允许日内再调度储能,2025-07-05,22:20-22:40,1666.666667,2
⑤【假设性对照】仅光伏不可知 + 允许日内再调度储能,2025-07-06,0:10-0:20,180.804733,1
⑤【假设性对照】仅光伏不可知 + 允许日内再调度储能,2025-07-06,5:30-5:40,450.834334,1
⑤【假设性对照】仅光伏不可知 + 允许日内再调度储能,2025-07-06,15:00-15:20,166.828383,2
⑤【假设性对照】仅光伏不可知 + 允许日内再调度储能,2025-07-06,22:00-22:10,833.333333,1
⑤【假设性对照】仅光伏不可知 + 允许日内再调度储能,2025-07-06,22:30-22:40,180.000267,1
⑤【假设性对照】仅光伏不可知 + 允许日内再调度储能,2025-07-07,0:00-0:30,2294.553774,3
⑤【假设性对照】仅光伏不可知 + 允许日内再调度储能,2025-07-07,5:30-5:40,747.220383,1
⑤【假设性对照】仅光伏不可知 + 允许日内再调度储能,2025-07-07,11:50-12:40,2473.573108,5
⑤【假设性对照】仅光伏不可知 + 允许日内再调度储能,2025-07-07,14:50-15:10,301.258417,2
⑤【假设性对照】仅光伏不可知 + 允许日内再调度储能,2025-07-07,21:50-22:10,988.910613,2
⑤【假设性对照】仅光伏不可知 + 允许日内再调度储能,2025-07-07,22:20-22:40,1666.666667,2
⑤【假设性对照】仅光伏不可知 + 允许日内再调度储能,2025-07-08,0:00-0:20,1371.534631,2
⑤【假设性对照】仅光伏不可知 + 允许日内再调度储能,2025-07-08,5:30-5:40,753.998050,1
⑤【假设性对照】仅光伏不可知 + 允许日内再调度储能,2025-07-08,11:00-11:10,36.991033,1
⑤【假设性对照】仅光伏不可知 + 允许日内再调度储能,2025-07-08,11:30-12:40,5270.374576,7
⑤【假设性对照】仅光伏不可知 + 允许日内再调度储能,2025-07-08,15:00-15:10,206.260050,1
⑤【假设性对照】仅光伏不可知 + 允许日内再调度储能,2025-07-08,21:50-22:10,988.847660,2
⑤【假设性对照】仅光伏不可知 + 允许日内再调度储能,2025-07-08,22:20-22:40,1666.666667,2
⑤【假设性对照】仅光伏不可知 + 允许日内再调度储能,2025-07-09,0:00-0:30,2046.884194,3
⑤【假设性对照】仅光伏不可知 + 允许日内再调度储能,2025-07-09,5:30-5:40,755.914767,1
⑤【假设性对照】仅光伏不可知 + 允许日内再调度储能,2025-07-09,11:00-11:10,364.333605,1
⑤【假设性对照】仅光伏不可知 + 允许日内再调度储能,2025-07-09,11:30-12:40,4724.910633,7
⑤【假设性对照】仅光伏不可知 + 允许日内再调度储能,2025-07-09,14:50-15:20,698.088183,3
⑤【假设性对照】仅光伏不可知 + 允许日内再调度储能,2025-07-09,21:50-22:10,988.822492,2
⑤【假设性对照】仅光伏不可知 + 允许日内再调度储能,2025-07-09,22:20-22:40,1666.666667,2
⑤【假设性对照】仅光伏不可知 + 允许日内再调度储能,2025-07-10,0:10-0:20,634.836445,1
⑤【假设性对照】仅光伏不可知 + 允许日内再调度储能,2025-07-10,5:30-5:40,745.343100,1
⑤【假设性对照】仅光伏不可知 + 允许日内再调度储能,2025-07-10,12:30-12:40,801.576633,1
⑤【假设性对照】仅光伏不可知 + 允许日内再调度储能,2025-07-10,14:50-15:10,220.664017,2
⑤【假设性对照】仅光伏不可知 + 允许日内再调度储能,2025-07-10,21:50-22:10,988.766626,2
⑤【假设性对照】仅光伏不可知 + 允许日内再调度储能,2025-07-10,22:20-22:40,1666.666667,2
⑤【假设性对照】仅光伏不可知 + 允许日内再调度储能,2025-07-11,10:50-12:50,12312.526024,12
⑤【假设性对照】仅光伏不可知 + 允许日内再调度储能,2025-07-11,15:00-15:10,18.142067,1
⑤【假设性对照】仅光伏不可知 + 允许日内再调度储能,2025-07-11,21:50-22:10,1157.954107,2
⑤【假设性对照】仅光伏不可知 + 允许日内再调度储能,2025-07-11,22:20-22:40,1666.666667,2
⑤【假设性对照】仅光伏不可知 + 允许日内再调度储能,2025-07-12,10:50-12:50,12143.868155,12
⑤【假设性对照】仅光伏不可知 + 允许日内再调度储能,2025-07-12,21:50-22:10,1094.552107,2
⑤【假设性对照】仅光伏不可知 + 允许日内再调度储能,2025-07-12,22:20-22:40,1666.666667,2
⑤【假设性对照】仅光伏不可知 + 允许日内再调度储能,2025-07-13,0:00-0:30,1975.468712,3
⑤【假设性对照】仅光伏不可知 + 允许日内再调度储能,2025-07-13,5:30-5:40,764.543500,1
⑤【假设性对照】仅光伏不可知 + 允许日内再调度储能,2025-07-13,10:50-12:50,7586.481951,12
⑤【假设性对照】仅光伏不可知 + 允许日内再调度储能,2025-07-13,14:50-15:20,1018.355732,3
⑤【假设性对照】仅光伏不可知 + 允许日内再调度储能,2025-07-13,21:50-22:10,988.725124,2
⑤【假设性对照】仅光伏不可知 + 允许日内再调度储能,2025-07-13,22:20-22:40,1666.666667,2
⑤【假设性对照】仅光伏不可知 + 允许日内再调度储能,2025-07-14,0:00-0:30,2500.000000,3
⑤【假设性对照】仅光伏不可知 + 允许日内再调度储能,2025-07-14,0:40-0:50,186.203702,1
⑤【假设性对照】仅光伏不可知 + 允许日内再调度储能,2025-07-14,5:30-5:40,743.137050,1
⑤【假设性对照】仅光伏不可知 + 允许日内再调度储能,2025-07-14,11:50-12:40,1588.519900,5
⑤【假设性对照】仅光伏不可知 + 允许日内再调度储能,2025-07-14,21:50-22:10,988.661560,2
⑤【假设性对照】仅光伏不可知 + 允许日内再调度储能,2025-07-14,22:20-22:40,1666.666667,2
⑤【假设性对照】仅光伏不可知 + 允许日内再调度储能,2025-07-15,0:00-0:30,2500.000000,3
⑤【假设性对照】仅光伏不可知 + 允许日内再调度储能,2025-07-15,0:40-0:50,452.071005,1
⑤【假设性对照】仅光伏不可知 + 允许日内再调度储能,2025-07-15,5:30-5:40,752.452417,1
⑤【假设性对照】仅光伏不可知 + 允许日内再调度储能,2025-07-15,11:50-12:10,1090.005440,2
⑤【假设性对照】仅光伏不可知 + 允许日内再调度储能,2025-07-15,12:30-12:40,789.237967,1
⑤【假设性对照】仅光伏不可知 + 允许日内再调度储能,2025-07-15,15:00-15:10,278.592133,1
⑤【假设性对照】仅光伏不可知 + 允许日内再调度储能,2025-07-15,21:50-22:10,988.685580,2
⑤【假设性对照】仅光伏不可知 + 允许日内再调度储能,2025-07-15,22:20-22:40,1666.666667,2
⑤【假设性对照】仅光伏不可知 + 允许日内再调度储能,2025-07-16,0:00-0:30,2390.321338,3
⑤【假设性对照】仅光伏不可知 + 允许日内再调度储能,2025-07-16,5:30-5:40,766.958200,1
⑤【假设性对照】仅光伏不可知 + 允许日内再调度储能,2025-07-16,11:50-12:10,610.790046,2
⑤【假设性对照】仅光伏不可知 + 允许日内再调度储能,2025-07-16,12:30-12:40,628.379467,1
⑤【假设性对照】仅光伏不可知 + 允许日内再调度储能,2025-07-16,15:00-15:10,274.056583,1
⑤【假设性对照】仅光伏不可知 + 允许日内再调度储能,2025-07-16,21:50-22:10,988.612712,2
⑤【假设性对照】仅光伏不可知 + 允许日内再调度储能,2025-07-16,22:20-22:40,1666.666667,2
⑤【假设性对照】仅光伏不可知 + 允许日内再调度储能,2025-07-17,0:10-0:20,180.422900,1
⑤【假设性对照】仅光伏不可知 + 允许日内再调度储能,2025-07-17,5:30-5:40,744.251950,1
⑤【假设性对照】仅光伏不可知 + 允许日内再调度储能,2025-07-17,12:30-12:40,860.317950,1
⑤【假设性对照】仅光伏不可知 + 允许日内再调度储能,2025-07-17,21:50-22:10,843.799040,2
⑤【假设性对照】仅光伏不可知 + 允许日内再调度储能,2025-07-17,22:20-22:40,1666.666667,2
⑤【假设性对照】仅光伏不可知 + 允许日内再调度储能,2025-07-18,10:50-12:50,12475.849332,12
⑤【假设性对照】仅光伏不可知 + 允许日内再调度储能,2025-07-18,15:00-15:10,200.423489,1
⑤【假设性对照】仅光伏不可知 + 允许日内再调度储能,2025-07-18,21:50-22:10,1257.336868,2
⑤【假设性对照】仅光伏不可知 + 允许日内再调度储能,2025-07-18,22:20-22:40,1666.666667,2
⑤【假设性对照】仅光伏不可知 + 允许日内再调度储能,2025-07-19,10:50-12:50,16391.412449,12
⑤【假设性对照】仅光伏不可知 + 允许日内再调度储能,2025-07-19,14:50-15:50,1953.875562,6
⑤【假设性对照】仅光伏不可知 + 允许日内再调度储能,2025-07-19,21:50-22:10,1108.182995,2
⑤【假设性对照】仅光伏不可知 + 允许日内再调度储能,2025-07-19,22:20-22:40,1666.666667,2
⑤【假设性对照】仅光伏不可知 + 允许日内再调度储能,2025-07-20,0:00-0:30,2500.000000,3
⑤【假设性对照】仅光伏不可知 + 允许日内再调度储能,2025-07-20,0:40-0:50,32.940046,1
⑤【假设性对照】仅光伏不可知 + 允许日内再调度储能,2025-07-20,5:30-5:40,773.657667,1
⑤【假设性对照】仅光伏不可知 + 允许日内再调度储能,2025-07-20,11:00-11:10,230.367750,1
⑤【假设性对照】仅光伏不可知 + 允许日内再调度储能,2025-07-20,11:50-12:40,3009.688954,5
⑤【假设性对照】仅光伏不可知 + 允许日内再调度储能,2025-07-20,15:00-15:10,143.681100,1
⑤【假设性对照】仅光伏不可知 + 允许日内再调度储能,2025-07-20,21:50-22:10,988.499339,2
⑤【假设性对照】仅光伏不可知 + 允许日内再调度储能,2025-07-20,22:20-22:40,1666.666667,2
⑤【假设性对照】仅光伏不可知 + 允许日内再调度储能,2025-07-21,0:00-0:30,2011.025223,3
⑤【假设性对照】仅光伏不可知 + 允许日内再调度储能,2025-07-21,5:30-5:40,748.199767,1
⑤【假设性对照】仅光伏不可知 + 允许日内再调度储能,2025-07-21,11:50-12:40,2228.680048,5
⑤【假设性对照】仅光伏不可知 + 允许日内再调度储能,2025-07-21,15:00-15:10,339.865483,1
⑤【假设性对照】仅光伏不可知 + 允许日内再调度储能,2025-07-21,21:50-22:10,988.426898,2
⑤【假设性对照】仅光伏不可知 + 允许日内再调度储能,2025-07-21,22:20-22:40,1666.666667,2
⑤【假设性对照】仅光伏不可知 + 允许日内再调度储能,2025-07-22,0:10-0:20,603.979534,1
⑤【假设性对照】仅光伏不可知 + 允许日内再调度储能,2025-07-22,5:30-5:40,750.253417,1
⑤【假设性对照】仅光伏不可知 + 允许日内再调度储能,2025-07-22,12:00-12:10,135.946650,1
⑤【假设性对照】仅光伏不可知 + 允许日内再调度储能,2025-07-22,12:30-12:40,774.758300,1
⑤【假设性对照】仅光伏不可知 + 允许日内再调度储能,2025-07-22,14:50-15:10,129.043550,2
⑤【假设性对照】仅光伏不可知 + 允许日内再调度储能,2025-07-22,21:50-22:10,988.450982,2
⑤【假设性对照】仅光伏不可知 + 允许日内再调度储能,2025-07-22,22:20-22:40,1666.666667,2
⑤【假设性对照】仅光伏不可知 + 允许日内再调度储能,2025-07-23,0:00-0:30,1866.931522,3
⑤【假设性对照】仅光伏不可知 + 允许日内再调度储能,2025-07-23,5:30-5:40,772.225817,1
⑤【假设性对照】仅光伏不可知 + 允许日内再调度储能,2025-07-23,10:50-12:40,9131.379553,11
⑤【假设性对照】仅光伏不可知 + 允许日内再调度储能,2025-07-23,14:50-15:30,1105.416208,4
⑤【假设性对照】仅光伏不可知 + 允许日内再调度储能,2025-07-23,21:50-22:10,988.399588,2
⑤【假设性对照】仅光伏不可知 + 允许日内再调度储能,2025-07-23,22:20-22:40,1666.666667,2
⑤【假设性对照】仅光伏不可知 + 允许日内再调度储能,2025-07-24,0:00-0:30,2500.000000,3
⑤【假设性对照】仅光伏不可知 + 允许日内再调度储能,2025-07-24,0:40-0:50,627.812340,1
⑤【假设性对照】仅光伏不可知 + 允许日内再调度储能,2025-07-24,5:30-5:40,763.435750,1
⑤【假设性对照】仅光伏不可知 + 允许日内再调度储能,2025-07-24,11:00-11:10,880.677250,1
⑤【假设性对照】仅光伏不可知 + 允许日内再调度储能,2025-07-24,11:40-12:40,5964.037076,6
⑤【假设性对照】仅光伏不可知 + 允许日内再调度储能,2025-07-24,14:50-15:20,725.134850,3
⑤【假设性对照】仅光伏不可知 + 允许日内再调度储能,2025-07-24,21:50-22:10,988.317940,2
⑤【假设性对照】仅光伏不可知 + 允许日内再调度储能,2025-07-24,22:20-22:40,1666.666667,2
⑤【假设性对照】仅光伏不可知 + 允许日内再调度储能,2025-07-25,10:50-12:50,15745.512637,12
⑤【假设性对照】仅光伏不可知 + 允许日内再调度储能,2025-07-25,21:50-22:10,1247.091633,2
⑤【假设性对照】仅光伏不可知 + 允许日内再调度储能,2025-07-25,22:20-22:40,1666.666667,2
⑤【假设性对照】仅光伏不可知 + 允许日内再调度储能,2025-07-26,10:50-12:50,13660.899995,12
⑤【假设性对照】仅光伏不可知 + 允许日内再调度储能,2025-07-26,21:50-22:10,1164.705133,2
⑤【假设性对照】仅光伏不可知 + 允许日内再调度储能,2025-07-26,22:20-22:40,1666.666667,2
⑤【假设性对照】仅光伏不可知 + 允许日内再调度储能,2025-07-27,0:00-0:20,1112.730230,2
⑤【假设性对照】仅光伏不可知 + 允许日内再调度储能,2025-07-27,5:30-5:40,773.079683,1
⑤【假设性对照】仅光伏不可知 + 允许日内再调度储能,2025-07-27,11:00-11:10,45.768867,1
⑤【假设性对照】仅光伏不可知 + 允许日内再调度储能,2025-07-27,11:20-12:40,2249.398558,8
⑤【假设性对照】仅光伏不可知 + 允许日内再调度储能,2025-07-27,21:50-22:10,988.294504,2
⑤【假设性对照】仅光伏不可知 + 允许日内再调度储能,2025-07-27,22:20-22:40,1666.666667,2
⑤【假设性对照】仅光伏不可知 + 允许日内再调度储能,2025-07-28,0:00-0:20,888.374692,2
⑤【假设性对照】仅光伏不可知 + 允许日内再调度储能,2025-07-28,5:30-5:40,762.582467,1
⑤【假设性对照】仅光伏不可知 + 允许日内再调度储能,2025-07-28,11:00-11:10,39.666700,1
⑤【假设性对照】仅光伏不可知 + 允许日内再调度储能,2025-07-28,12:00-12:10,13.156583,1
⑤【假设性对照】仅光伏不可知 + 允许日内再调度储能,2025-07-28,12:30-12:40,808.504167,1
⑤【假设性对照】仅光伏不可知 + 允许日内再调度储能,2025-07-28,14:50-15:10,219.092667,2
⑤【假设性对照】仅光伏不可知 + 允许日内再调度储能,2025-07-28,21:50-22:10,988.484003,2
⑤【假设性对照】仅光伏不可知 + 允许日内再调度储能,2025-07-28,22:20-22:40,1666.666667,2
⑤【假设性对照】仅光伏不可知 + 允许日内再调度储能,2025-07-29,0:10-0:20,180.387000,1
⑤【假设性对照】仅光伏不可知 + 允许日内再调度储能,2025-07-29,5:30-5:40,741.762217,1
⑤【假设性对照】仅光伏不可知 + 允许日内再调度储能,2025-07-29,12:30-12:40,764.571500,1
⑤【假设性对照】仅光伏不可知 + 允许日内再调度储能,2025-07-29,15:00-15:10,283.363833,1
⑤【假设性对照】仅光伏不可知 + 允许日内再调度储能,2025-07-29,22:00-22:10,833.333333,1
⑤【假设性对照】仅光伏不可知 + 允许日内再调度储能,2025-07-29,22:20-22:40,1022.527598,2
⑤【假设性对照】仅光伏不可知 + 允许日内再调度储能,2025-07-30,22:00-22:10,833.333333,1
⑤【假设性对照】仅光伏不可知 + 允许日内再调度储能,2025-07-30,22:30-22:40,180.000000,1
⑤【假设性对照】仅光伏不可知 + 允许日内再调度储能,2025-07-31,0:10-0:20,180.555950,1
⑤【假设性对照】仅光伏不可知 + 允许日内再调度储能,2025-07-31,5:30-5:40,664.534875,1
⑤【假设性对照】仅光伏不可知 + 允许日内再调度储能,2025-07-31,22:00-22:10,833.333333,1
⑤【假设性对照】仅光伏不可知 + 允许日内再调度储能,2025-07-31,22:30-22:40,180.000000,1
⑤【假设性对照】仅光伏不可知 + 允许日内再调度储能,2025-08-01,7:20-7:40,183.658917,2
⑤【假设性对照】仅光伏不可知 + 允许日内再调度储能,2025-08-01,10:40-12:50,19392.805500,13
⑤【假设性对照】仅光伏不可知 + 允许日内再调度储能,2025-08-01,14:50-16:00,2268.521952,7
⑤【假设性对照】仅光伏不可知 + 允许日内再调度储能,2025-08-01,21:50-22:10,1240.353814,2
⑤【假设性对照】仅光伏不可知 + 允许日内再调度储能,2025-08-01,22:20-22:40,1666.666667,2
⑤【假设性对照】仅光伏不可知 + 允许日内再调度储能,2025-08-02,7:20-7:40,82.829383,2
⑤【假设性对照】仅光伏不可知 + 允许日内再调度储能,2025-08-02,10:40-12:50,19855.776367,13
⑤【假设性对照】仅光伏不可知 + 允许日内再调度储能,2025-08-02,14:50-15:50,1665.544000,6
⑤【假设性对照】仅光伏不可知 + 允许日内再调度储能,2025-08-02,21:50-22:10,1226.222417,2
⑤【假设性对照】仅光伏不可知 + 允许日内再调度储能,2025-08-02,22:20-22:40,1666.666667,2
⑤【假设性对照】仅光伏不可知 + 允许日内再调度储能,2025-08-03,10:50-12:40,3947.669579,11
⑤【假设性对照】仅光伏不可知 + 允许日内再调度储能,2025-08-03,21:50-22:10,988.822948,2
⑤【假设性对照】仅光伏不可知 + 允许日内再调度储能,2025-08-03,22:20-22:40,1666.666667,2
⑤【假设性对照】仅光伏不可知 + 允许日内再调度储能,2025-08-04,10:50-12:40,4477.852381,11
⑤【假设性对照】仅光伏不可知 + 允许日内再调度储能,2025-08-04,15:00-15:10,360.651200,1
⑤【假设性对照】仅光伏不可知 + 允许日内再调度储能,2025-08-04,21:50-22:10,988.752289,2
⑤【假设性对照】仅光伏不可知 + 允许日内再调度储能,2025-08-04,22:20-22:40,1666.666667,2
⑤【假设性对照】仅光伏不可知 + 允许日内再调度储能,2025-08-05,11:40-12:40,2293.803900,6
⑤【假设性对照】仅光伏不可知 + 允许日内再调度储能,2025-08-05,21:50-22:10,988.672382,2
⑤【假设性对照】仅光伏不可知 + 允许日内再调度储能,2025-08-05,22:20-22:40,1666.666667,2
⑤【假设性对照】仅光伏不可知 + 允许日内再调度储能,2025-08-06,10:50-12:40,5542.564008,11
⑤【假设性对照】仅光伏不可知 + 允许日内再调度储能,2025-08-06,14:50-15:30,1082.711233,4
⑤【假设性对照】仅光伏不可知 + 允许日内再调度储能,2025-08-06,21:50-22:10,988.686058,2
⑤【假设性对照】仅光伏不可知 + 允许日内再调度储能,2025-08-06,22:20-22:40,1666.666667,2
⑤【假设性对照】仅光伏不可知 + 允许日内再调度储能,2025-08-07,0:00-0:30,2500.000000,3
⑤【假设性对照】仅光伏不可知 + 允许日内再调度储能,2025-08-07,0:40-0:50,370.234006,1
⑤【假设性对照】仅光伏不可知 + 允许日内再调度储能,2025-08-07,5:30-5:40,733.827517,1
⑤【假设性对照】仅光伏不可知 + 允许日内再调度储能,2025-08-07,10:50-12:40,9111.256255,11
⑤【假设性对照】仅光伏不可知 + 允许日内再调度储能,2025-08-07,14:50-15:10,215.001336,2
⑤【假设性对照】仅光伏不可知 + 允许日内再调度储能,2025-08-07,21:50-22:10,988.633205,2
⑤【假设性对照】仅光伏不可知 + 允许日内再调度储能,2025-08-07,22:20-22:40,1666.666667,2
⑤【假设性对照】仅光伏不可知 + 允许日内再调度储能,2025-08-08,7:30-7:50,86.516483,2
⑤【假设性对照】仅光伏不可知 + 允许日内再调度储能,2025-08-08,10:40-13:00,22094.546950,14
⑤【假设性对照】仅光伏不可知 + 允许日内再调度储能,2025-08-08,13:30-13:50,14.472867,2
⑤【假设性对照】仅光伏不可知 + 允许日内再调度储能,2025-08-08,14:50-16:10,3571.863620,8
⑤【假设性对照】仅光伏不可知 + 允许日内再调度储能,2025-08-08,21:50-22:10,1179.331688,2
⑤【假设性对照】仅光伏不可知 + 允许日内再调度储能,2025-08-08,22:20-22:40,1666.666667,2
⑤【假设性对照】仅光伏不可知 + 允许日内再调度储能,2025-08-09,7:20-7:50,398.066600,3
⑤【假设性对照】仅光伏不可知 + 允许日内再调度储能,2025-08-09,9:30-9:40,239.972600,1
⑤【假设性对照】仅光伏不可知 + 允许日内再调度储能,2025-08-09,10:40-12:50,19635.520250,13
⑤【假设性对照】仅光伏不可知 + 允许日内再调度储能,2025-08-09,14:50-16:00,2844.781577,7
⑤【假设性对照】仅光伏不可知 + 允许日内再调度储能,2025-08-09,21:50-22:10,1161.959632,2
⑤【假设性对照】仅光伏不可知 + 允许日内再调度储能,2025-08-09,22:20-22:40,1666.666667,2
⑤【假设性对照】仅光伏不可知 + 允许日内再调度储能,2025-08-10,5:30-5:40,98.332898,1
⑤【假设性对照】仅光伏不可知 + 允许日内再调度储能,2025-08-10,11:00-12:40,3651.691253,10
⑤【假设性对照】仅光伏不可知 + 允许日内再调度储能,2025-08-10,15:00-15:10,376.954200,1
⑤【假设性对照】仅光伏不可知 + 允许日内再调度储能,2025-08-10,21:50-22:10,988.466129,2
⑤【假设性对照】仅光伏不可知 + 允许日内再调度储能,2025-08-10,22:20-22:40,1666.666667,2
⑤【假设性对照】仅光伏不可知 + 允许日内再调度储能,2025-08-11,0:10-0:20,53.174359,1
⑤【假设性对照】仅光伏不可知 + 允许日内再调度储能,2025-08-11,5:30-5:40,752.108833,1
⑤【假设性对照】仅光伏不可知 + 允许日内再调度储能,2025-08-11,11:40-12:40,2607.806342,6
⑤【假设性对照】仅光伏不可知 + 允许日内再调度储能,2025-08-11,21:50-22:10,988.439872,2
⑤【假设性对照】仅光伏不可知 + 允许日内再调度储能,2025-08-11,22:20-22:40,1666.666667,2
⑤【假设性对照】仅光伏不可知 + 允许日内再调度储能,2025-08-12,0:00-0:30,2500.000000,3
⑤【假设性对照】仅光伏不可知 + 允许日内再调度储能,2025-08-12,0:40-0:50,727.400330,1
⑤【假设性对照】仅光伏不可知 + 允许日内再调度储能,2025-08-12,5:30-5:40,728.578317,1
⑤【假设性对照】仅光伏不可知 + 允许日内再调度储能,2025-08-12,11:50-12:10,1371.960209,2
⑤【假设性对照】仅光伏不可知 + 允许日内再调度储能,2025-08-12,12:20-12:40,1199.303436,2
⑤【假设性对照】仅光伏不可知 + 允许日内再调度储能,2025-08-12,15:00-15:10,191.290150,1
⑤【假设性对照】仅光伏不可知 + 允许日内再调度储能,2025-08-12,21:50-22:10,988.365608,2
⑤【假设性对照】仅光伏不可知 + 允许日内再调度储能,2025-08-12,22:20-22:40,1666.666667,2
⑤【假设性对照】仅光伏不可知 + 允许日内再调度储能,2025-08-13,5:30-5:40,715.794692,1
⑤【假设性对照】仅光伏不可知 + 允许日内再调度储能,2025-08-13,12:30-12:40,817.624533,1
⑤【假设性对照】仅光伏不可知 + 允许日内再调度储能,2025-08-13,22:00-22:10,833.333333,1
⑤【假设性对照】仅光伏不可知 + 允许日内再调度储能,2025-08-13,22:20-22:40,849.344343,2
⑤【假设性对照】仅光伏不可知 + 允许日内再调度储能,2025-08-14,11:00-12:40,3672.675317,10
⑤【假设性对照】仅光伏不可知 + 允许日内再调度储能,2025-08-14,15:00-15:10,305.462933,1
⑤【假设性对照】仅光伏不可知 + 允许日内再调度储能,2025-08-14,21:50-22:10,988.306681,2
⑤【假设性对照】仅光伏不可知 + 允许日内再调度储能,2025-08-14,22:20-22:40,1666.666667,2
⑤【假设性对照】仅光伏不可知 + 允许日内再调度储能,2025-08-15,7:20-7:50,257.804900,3
⑤【假设性对照】仅光伏不可知 + 允许日内再调度储能,2025-08-15,9:30-9:40,370.039333,1
⑤【假设性对照】仅光伏不可知 + 允许日内再调度储能,2025-08-15,10:40-13:20,21876.496517,16
⑤【假设性对照】仅光伏不可知 + 允许日内再调度储能,2025-08-15,14:50-16:10,3410.007267,8
⑤【假设性对照】仅光伏不可知 + 允许日内再调度储能,2025-08-15,21:50-22:10,1128.661902,2
⑤【假设性对照】仅光伏不可知 + 允许日内再调度储能,2025-08-15,22:20-22:40,1666.666667,2
⑤【假设性对照】仅光伏不可知 + 允许日内再调度储能,2025-08-16,7:20-7:50,489.723617,3
⑤【假设性对照】仅光伏不可知 + 允许日内再调度储能,2025-08-16,9:30-9:40,617.278483,1
⑤【假设性对照】仅光伏不可知 + 允许日内再调度储能,2025-08-16,10:20-10:30,639.172833,1
⑤【假设性对照】仅光伏不可知 + 允许日内再调度储能,2025-08-16,10:40-12:50,21008.661383,13
⑤【假设性对照】仅光伏不可知 + 允许日内再调度储能,2025-08-16,14:50-16:10,4819.329533,8
⑤【假设性对照】仅光伏不可知 + 允许日内再调度储能,2025-08-16,21:50-22:10,1108.309080,2
⑤【假设性对照】仅光伏不可知 + 允许日内再调度储能,2025-08-16,22:20-22:40,1666.666667,2
⑤【假设性对照】仅光伏不可知 + 允许日内再调度储能,2025-08-17,0:00-0:30,2500.000000,3
⑤【假设性对照】仅光伏不可知 + 允许日内再调度储能,2025-08-17,0:40-0:50,101.748685,1
⑤【假设性对照】仅光伏不可知 + 允许日内再调度储能,2025-08-17,5:30-5:40,763.905850,1
⑤【假设性对照】仅光伏不可知 + 允许日内再调度储能,2025-08-17,11:00-12:40,4907.249192,10
⑤【假设性对照】仅光伏不可知 + 允许日内再调度储能,2025-08-17,21:50-22:10,988.293653,2
⑤【假设性对照】仅光伏不可知 + 允许日内再调度储能,2025-08-17,22:20-22:40,1666.666667,2
⑤【假设性对照】仅光伏不可知 + 允许日内再调度储能,2025-08-18,5:30-5:40,353.503004,1
⑤【假设性对照】仅光伏不可知 + 允许日内再调度储能,2025-08-18,11:00-11:10,484.187083,1
⑤【假设性对照】仅光伏不可知 + 允许日内再调度储能,2025-08-18,11:20-12:40,3961.254899,8
⑤【假设性对照】仅光伏不可知 + 允许日内再调度储能,2025-08-18,21:50-22:10,988.310569,2
⑤【假设性对照】仅光伏不可知 + 允许日内再调度储能,2025-08-18,22:20-22:40,1666.666667,2
⑤【假设性对照】仅光伏不可知 + 允许日内再调度储能,2025-08-19,11:00-11:10,323.495133,1
⑤【假设性对照】仅光伏不可知 + 允许日内再调度储能,2025-08-19,11:40-12:40,2953.738846,6
⑤【假设性对照】仅光伏不可知 + 允许日内再调度储能,2025-08-19,21:50-22:10,988.324676,2
⑤【假设性对照】仅光伏不可知 + 允许日内再调度储能,2025-08-19,22:20-22:40,1666.666667,2
⑤【假设性对照】仅光伏不可知 + 允许日内再调度储能,2025-08-20,0:00-0:20,1212.230943,2
⑤【假设性对照】仅光伏不可知 + 允许日内再调度储能,2025-08-20,5:30-5:40,764.928533,1
⑤【假设性对照】仅光伏不可知 + 允许日内再调度储能,2025-08-20,11:50-12:40,3764.830565,5
⑤【假设性对照】仅光伏不可知 + 允许日内再调度储能,2025-08-20,14:50-15:10,295.186067,2
⑤【假设性对照】仅光伏不可知 + 允许日内再调度储能,2025-08-20,21:50-22:10,988.337798,2
⑤【假设性对照】仅光伏不可知 + 允许日内再调度储能,2025-08-20,22:20-22:40,1666.666667,2
⑤【假设性对照】仅光伏不可知 + 允许日内再调度储能,2025-08-21,0:00-0:30,2500.000000,3
⑤【假设性对照】仅光伏不可知 + 允许日内再调度储能,2025-08-21,0:40-0:50,637.771713,1
⑤【假设性对照】仅光伏不可知 + 允许日内再调度储能,2025-08-21,5:30-5:40,756.012833,1
⑤【假设性对照】仅光伏不可知 + 允许日内再调度储能,2025-08-21,11:50-12:40,2395.909618,5
⑤【假设性对照】仅光伏不可知 + 允许日内再调度储能,2025-08-21,15:00-15:10,137.515050,1
⑤【假设性对照】仅光伏不可知 + 允许日内再调度储能,2025-08-21,21:50-22:10,988.321868,2
⑤【假设性对照】仅光伏不可知 + 允许日内再调度储能,2025-08-21,22:20-22:40,1666.666667,2
⑤【假设性对照】仅光伏不可知 + 允许日内再调度储能,2025-08-22,7:20-7:50,303.888150,3
⑤【假设性对照】仅光伏不可知 + 允许日内再调度储能,2025-08-22,9:30-9:40,432.462283,1
⑤【假设性对照】仅光伏不可知 + 允许日内再调度储能,2025-08-22,10:40-12:50,20260.179850,13
⑤【假设性对照】仅光伏不可知 + 允许日内再调度储能,2025-08-22,14:50-15:50,929.556967,6
⑤【假设性对照】仅光伏不可知 + 允许日内再调度储能,2025-08-22,21:50-22:10,1073.201318,2
⑤【假设性对照】仅光伏不可知 + 允许日内再调度储能,2025-08-22,22:20-22:40,1666.666667,2
⑤【假设性对照】仅光伏不可知 + 允许日内再调度储能,2025-08-23,10:50-12:50,18158.978200,12
⑤【假设性对照】仅光伏不可知 + 允许日内再调度储能,2025-08-23,14:50-15:10,429.975978,2
⑤【假设性对照】仅光伏不可知 + 允许日内再调度储能,2025-08-23,21:50-22:10,1038.535465,2
⑤【假设性对照】仅光伏不可知 + 允许日内再调度储能,2025-08-23,22:20-22:40,1666.666667,2
⑤【假设性对照】仅光伏不可知 + 允许日内再调度储能,2025-08-24,10:50-12:40,5726.394388,11
⑤【假设性对照】仅光伏不可知 + 允许日内再调度储能,2025-08-24,15:00-15:10,170.693633,1
⑤【假设性对照】仅光伏不可知 + 允许日内再调度储能,2025-08-24,21:50-22:10,988.314551,2
⑤【假设性对照】仅光伏不可知 + 允许日内再调度储能,2025-08-24,22:20-22:40,1666.666667,2
⑤【假设性对照】仅光伏不可知 + 允许日内再调度储能,2025-08-25,0:00-0:30,2500.000000,3
⑤【假设性对照】仅光伏不可知 + 允许日内再调度储能,2025-08-25,0:40-0:50,95.003285,1
⑤【假设性对照】仅光伏不可知 + 允许日内再调度储能,2025-08-25,5:30-5:40,756.276550,1
⑤【假设性对照】仅光伏不可知 + 允许日内再调度储能,2025-08-25,10:50-12:40,14480.489398,11
⑤【假设性对照】仅光伏不可知 + 允许日内再调度储能,2025-08-25,14:50-15:30,1259.103150,4
⑤【假设性对照】仅光伏不可知 + 允许日内再调度储能,2025-08-25,21:50-22:10,988.298743,2
⑤【假设性对照】仅光伏不可知 + 允许日内再调度储能,2025-08-25,22:20-22:40,1666.666667,2
⑤【假设性对照】仅光伏不可知 + 允许日内再调度储能,2025-08-26,11:00-12:40,4429.643047,10
⑤【假设性对照】仅光伏不可知 + 允许日内再调度储能,2025-08-26,14:50-15:10,408.696675,2
⑤【假设性对照】仅光伏不可知 + 允许日内再调度储能,2025-08-26,21:50-22:10,988.297906,2
⑤【假设性对照】仅光伏不可知 + 允许日内再调度储能,2025-08-26,22:20-22:40,1666.666667,2
⑤【假设性对照】仅光伏不可知 + 允许日内再调度储能,2025-08-27,0:10-0:20,177.570111,1
⑤【假设性对照】仅光伏不可知 + 允许日内再调度储能,2025-08-27,5:30-5:40,767.011767,1
⑤【假设性对照】仅光伏不可知 + 允许日内再调度储能,2025-08-27,12:30-12:40,741.280750,1
⑤【假设性对照】仅光伏不可知 + 允许日内再调度储能,2025-08-27,21:50-22:10,988.290602,2
⑤【假设性对照】仅光伏不可知 + 允许日内再调度储能,2025-08-27,22:20-22:40,1666.666667,2
⑤【假设性对照】仅光伏不可知 + 允许日内再调度储能,2025-08-28,0:10-0:20,25.871963,1
⑤【假设性对照】仅光伏不可知 + 允许日内再调度储能,2025-08-28,5:30-5:40,553.062201,1
⑤【假设性对照】仅光伏不可知 + 允许日内再调度储能,2025-08-28,22:00-22:10,833.333333,1
⑤【假设性对照】仅光伏不可知 + 允许日内再调度储能,2025-08-28,22:30-22:40,180.000000,1
⑤【假设性对照】仅光伏不可知 + 允许日内再调度储能,2025-08-29,10:40-12:50,18954.115483,13
⑤【假设性对照】仅光伏不可知 + 允许日内再调度储能,2025-08-29,14:50-16:00,2249.891284,7
⑤【假设性对照】仅光伏不可知 + 允许日内再调度储能,2025-08-29,21:50-22:10,1027.115872,2
⑤【假设性对照】仅光伏不可知 + 允许日内再调度储能,2025-08-29,22:20-22:40,1666.666667,2
⑤【假设性对照】仅光伏不可知 + 允许日内再调度储能,2025-08-30,7:20-7:50,426.707567,3
⑤【假设性对照】仅光伏不可知 + 允许日内再调度储能,2025-08-30,9:30-9:40,662.633733,1
⑤【假设性对照】仅光伏不可知 + 允许日内再调度储能,2025-08-30,10:10-12:50,21720.413150,16
⑤【假设性对照】仅光伏不可知 + 允许日内再调度储能,2025-08-30,14:50-16:00,1985.746331,7
⑤【假设性对照】仅光伏不可知 + 允许日内再调度储能,2025-08-30,21:50-22:10,1024.238900,2
⑤【假设性对照】仅光伏不可知 + 允许日内再调度储能,2025-08-30,22:20-22:40,1666.666667,2
⑤【假设性对照】仅光伏不可知 + 允许日内再调度储能,2025-08-31,11:00-11:10,257.159433,1
⑤【假设性对照】仅光伏不可知 + 允许日内再调度储能,2025-08-31,11:40-12:40,2161.250103,6
⑤【假设性对照】仅光伏不可知 + 允许日内再调度储能,2025-08-31,14:50-15:10,337.243467,2
⑤【假设性对照】仅光伏不可知 + 允许日内再调度储能,2025-08-31,21:50-22:10,988.270096,2
⑤【假设性对照】仅光伏不可知 + 允许日内再调度储能,2025-08-31,22:20-22:40,1666.666667,2
⑤【假设性对照】仅光伏不可知 + 允许日内再调度储能,2025-09-01,0:00-0:50,3759.569965,5
⑤【假设性对照】仅光伏不可知 + 允许日内再调度储能,2025-09-01,5:30-5:40,762.373983,1
⑤【假设性对照】仅光伏不可知 + 允许日内再调度储能,2025-09-01,11:00-11:10,334.272983,1
⑤【假设性对照】仅光伏不可知 + 允许日内再调度储能,2025-09-01,11:20-12:40,6562.706551,8
⑤【假设性对照】仅光伏不可知 + 允许日内再调度储能,2025-09-01,21:50-22:10,988.268462,2
⑤【假设性对照】仅光伏不可知 + 允许日内再调度储能,2025-09-01,22:20-22:40,1666.666667,2
⑤【假设性对照】仅光伏不可知 + 允许日内再调度储能,2025-09-02,11:00-11:10,181.003825,1
⑤【假设性对照】仅光伏不可知 + 允许日内再调度储能,2025-09-02,11:50-12:40,2642.280350,5
⑤【假设性对照】仅光伏不可知 + 允许日内再调度储能,2025-09-02,21:50-22:10,988.290332,2
⑤【假设性对照】仅光伏不可知 + 允许日内再调度储能,2025-09-02,22:20-22:40,1666.666667,2
⑤【假设性对照】仅光伏不可知 + 允许日内再调度储能,2025-09-03,0:00-0:20,1609.567224,2
⑤【假设性对照】仅光伏不可知 + 允许日内再调度储能,2025-09-03,5:30-5:40,765.432950,1
⑤【假设性对照】仅光伏不可知 + 允许日内再调度储能,2025-09-03,11:50-12:40,2756.572377,5
⑤【假设性对照】仅光伏不可知 + 允许日内再调度储能,2025-09-03,21:50-22:10,988.288024,2
⑤【假设性对照】仅光伏不可知 + 允许日内再调度储能,2025-09-03,22:20-22:40,1666.666667,2
⑤【假设性对照】仅光伏不可知 + 允许日内再调度储能,2025-09-04,10:50-12:40,5416.780976,11
⑤【假设性对照】仅光伏不可知 + 允许日内再调度储能,2025-09-04,15:00-15:10,235.574609,1
⑤【假设性对照】仅光伏不可知 + 允许日内再调度储能,2025-09-04,21:50-22:10,988.298068,2
⑤【假设性对照】仅光伏不可知 + 允许日内再调度储能,2025-09-04,22:20-22:40,1666.666667,2
⑤【假设性对照】仅光伏不可知 + 允许日内再调度储能,2025-09-05,7:10-7:50,427.451367,4
⑤【假设性对照】仅光伏不可知 + 允许日内再调度储能,2025-09-05,9:30-9:40,580.291567,1
⑤【假设性对照】仅光伏不可知 + 允许日内再调度储能,2025-09-05,10:20-10:30,1.279167,1
⑤【假设性对照】仅光伏不可知 + 允许日内再调度储能,2025-09-05,10:40-13:20,21717.488667,16
⑤【假设性对照】仅光伏不可知 + 允许日内再调度储能,2025-09-05,14:50-16:10,4199.779283,8
⑤【假设性对照】仅光伏不可知 + 允许日内再调度储能,2025-09-05,21:50-22:10,999.632371,2
⑤【假设性对照】仅光伏不可知 + 允许日内再调度储能,2025-09-05,22:20-22:40,1666.666667,2
⑤【假设性对照】仅光伏不可知 + 允许日内再调度储能,2025-09-06,10:50-13:30,21758.603301,16
⑤【假设性对照】仅光伏不可知 + 允许日内再调度储能,2025-09-06,14:50-16:10,4276.654467,8
⑤【假设性对照】仅光伏不可知 + 允许日内再调度储能,2025-09-06,21:50-22:10,1002.849718,2
⑤【假设性对照】仅光伏不可知 + 允许日内再调度储能,2025-09-06,22:20-22:40,1666.666667,2
⑤【假设性对照】仅光伏不可知 + 允许日内再调度储能,2025-09-07,11:00-11:10,350.400467,1
⑤【假设性对照】仅光伏不可知 + 允许日内再调度储能,2025-09-07,11:40-12:40,2164.906967,6
⑤【假设性对照】仅光伏不可知 + 允许日内再调度储能,2025-09-07,21:50-22:10,988.302955,2
⑤【假设性对照】仅光伏不可知 + 允许日内再调度储能,2025-09-07,22:20-22:40,1666.666667,2
⑤【假设性对照】仅光伏不可知 + 允许日内再调度储能,2025-09-08,0:00-0:30,2500.000000,3
⑤【假设性对照】仅光伏不可知 + 允许日内再调度储能,2025-09-08,0:40-0:50,39.865441,1
⑤【假设性对照】仅光伏不可知 + 允许日内再调度储能,2025-09-08,5:30-5:40,785.544617,1
⑤【假设性对照】仅光伏不可知 + 允许日内再调度储能,2025-09-08,11:50-12:10,1102.501069,2
⑤【假设性对照】仅光伏不可知 + 允许日内再调度储能,2025-09-08,12:20-12:40,1086.022400,2
⑤【假设性对照】仅光伏不可知 + 允许日内再调度储能,2025-09-08,21:50-22:10,988.302374,2
⑤【假设性对照】仅光伏不可知 + 允许日内再调度储能,2025-09-08,22:20-22:40,1666.666667,2
⑤【假设性对照】仅光伏不可知 + 允许日内再调度储能,2025-09-09,11:00-11:10,383.764117,1
⑤【假设性对照】仅光伏不可知 + 允许日内再调度储能,2025-09-09,11:30-12:40,3935.102841,7
⑤【假设性对照】仅光伏不可知 + 允许日内再调度储能,2025-09-09,21:50-22:10,988.297865,2
⑤【假设性对照】仅光伏不可知 + 允许日内再调度储能,2025-09-09,22:20-22:40,1666.666667,2
⑤【假设性对照】仅光伏不可知 + 允许日内再调度储能,2025-09-10,0:00-0:20,1483.267052,2
⑤【假设性对照】仅光伏不可知 + 允许日内再调度储能,2025-09-10,5:30-5:40,801.286567,1
⑤【假设性对照】仅光伏不可知 + 允许日内再调度储能,2025-09-10,11:00-11:10,67.979383,1
⑤【假设性对照】仅光伏不可知 + 允许日内再调度储能,2025-09-10,11:40-12:40,3168.043920,6
⑤【假设性对照】仅光伏不可知 + 允许日内再调度储能,2025-09-10,21:50-22:10,988.290440,2
⑤【假设性对照】仅光伏不可知 + 允许日内再调度储能,2025-09-10,22:20-22:40,1666.666667,2
⑤【假设性对照】仅光伏不可知 + 允许日内再调度储能,2025-09-11,0:00-0:30,1880.938290,3
⑤【假设性对照】仅光伏不可知 + 允许日内再调度储能,2025-09-11,5:30-5:40,799.224050,1
⑤【假设性对照】仅光伏不可知 + 允许日内再调度储能,2025-09-11,10:50-12:40,9029.826920,11
⑤【假设性对照】仅光伏不可知 + 允许日内再调度储能,2025-09-11,14:50-15:10,498.570567,2
⑤【假设性对照】仅光伏不可知 + 允许日内再调度储能,2025-09-11,21:50-22:10,988.289482,2
⑤【假设性对照】仅光伏不可知 + 允许日内再调度储能,2025-09-11,22:20-22:40,1666.666667,2
⑤【假设性对照】仅光伏不可知 + 允许日内再调度储能,2025-09-12,10:40-12:50,20029.303067,13
⑤【假设性对照】仅光伏不可知 + 允许日内再调度储能,2025-09-12,14:50-16:00,2914.775728,7
⑤【假设性对照】仅光伏不可知 + 允许日内再调度储能,2025-09-12,21:50-22:10,993.421264,2
⑤【假设性对照】仅光伏不可知 + 允许日内再调度储能,2025-09-12,22:20-22:40,1666.666667,2
⑤【假设性对照】仅光伏不可知 + 允许日内再调度储能,2025-09-13,7:30-7:50,92.917567,2
⑤【假设性对照】仅光伏不可知 + 允许日内再调度储能,2025-09-13,10:30-13:00,22930.030700,15
⑤【假设性对照】仅光伏不可知 + 允许日内再调度储能,2025-09-13,14:50-15:50,3101.539544,6
⑤【假设性对照】仅光伏不可知 + 允许日内再调度储能,2025-09-13,21:50-22:10,990.485149,2
⑤【假设性对照】仅光伏不可知 + 允许日内再调度储能,2025-09-13,22:20-22:40,1666.666667,2
⑤【假设性对照】仅光伏不可知 + 允许日内再调度储能,2025-09-14,0:00-0:30,2295.706835,3
⑤【假设性对照】仅光伏不可知 + 允许日内再调度储能,2025-09-14,5:30-5:40,816.013250,1
⑤【假设性对照】仅光伏不可知 + 允许日内再调度储能,2025-09-14,11:00-12:40,7647.818456,10
⑤【假设性对照】仅光伏不可知 + 允许日内再调度储能,2025-09-14,15:00-15:10,155.407756,1
⑤【假设性对照】仅光伏不可知 + 允许日内再调度储能,2025-09-14,21:50-22:10,988.276994,2
⑤【假设性对照】仅光伏不可知 + 允许日内再调度储能,2025-09-14,22:20-22:40,1666.666667,2
⑤【假设性对照】仅光伏不可知 + 允许日内再调度储能,2025-09-15,11:00-11:10,505.593950,1
⑤【假设性对照】仅光伏不可知 + 允许日内再调度储能,2025-09-15,11:20-12:40,4297.598803,8
⑤【假设性对照】仅光伏不可知 + 允许日内再调度储能,2025-09-15,21:50-22:10,988.269637,2
⑤【假设性对照】仅光伏不可知 + 允许日内再调度储能,2025-09-15,22:20-22:40,1666.666667,2
⑤【假设性对照】仅光伏不可知 + 允许日内再调度储能,2025-09-16,0:00-0:30,2303.618492,3
⑤【假设性对照】仅光伏不可知 + 允许日内再调度储能,2025-09-16,5:30-5:40,819.295883,1
⑤【假设性对照】仅光伏不可知 + 允许日内再调度储能,2025-09-16,10:50-12:40,7768.016645,11
⑤【假设性对照】仅光伏不可知 + 允许日内再调度储能,2025-09-16,14:50-15:20,531.108423,3
⑤【假设性对照】仅光伏不可知 + 允许日内再调度储能,2025-09-16,21:50-22:10,986.159306,2
⑤【假设性对照】仅光伏不可知 + 允许日内再调度储能,2025-09-16,22:20-22:40,1666.666667,2
⑤【假设性对照】仅光伏不可知 + 允许日内再调度储能,2025-09-17,0:00-0:20,879.405367,2
⑤【假设性对照】仅光伏不可知 + 允许日内再调度储能,2025-09-17,5:30-5:40,824.102267,1
⑤【假设性对照】仅光伏不可知 + 允许日内再调度储能,2025-09-17,11:00-11:10,260.253100,1
⑤【假设性对照】仅光伏不可知 + 允许日内再调度储能,2025-09-17,11:20-12:40,3742.408192,8
⑤【假设性对照】仅光伏不可知 + 允许日内再调度储能,2025-09-17,14:50-15:10,572.695567,2
⑤【假设性对照】仅光伏不可知 + 允许日内再调度储能,2025-09-17,21:50-22:10,988.267720,2
⑤【假设性对照】仅光伏不可知 + 允许日内再调度储能,2025-09-17,22:20-22:40,1666.666667,2
⑤【假设性对照】仅光伏不可知 + 允许日内再调度储能,2025-09-18,11:50-12:40,1836.041709,5
⑤【假设性对照】仅光伏不可知 + 允许日内再调度储能,2025-09-18,21:50-22:10,988.269623,2
⑤【假设性对照】仅光伏不可知 + 允许日内再调度储能,2025-09-18,22:20-22:40,1666.666667,2
⑤【假设性对照】仅光伏不可知 + 允许日内再调度储能,2025-09-19,10:50-12:50,16948.569599,12
⑤【假设性对照】仅光伏不可知 + 允许日内再调度储能,2025-09-19,14:50-16:00,1580.894394,7
⑤【假设性对照】仅光伏不可知 + 允许日内再调度储能,2025-09-19,21:50-22:10,989.613508,2
⑤【假设性对照】仅光伏不可知 + 允许日内再调度储能,2025-09-19,22:20-22:40,1666.666667,2
⑤【假设性对照】仅光伏不可知 + 允许日内再调度储能,2025-09-20,10:50-13:00,18043.750119,13
⑤【假设性对照】仅光伏不可知 + 允许日内再调度储能,2025-09-20,14:50-15:40,1002.235267,5
⑤【假设性对照】仅光伏不可知 + 允许日内再调度储能,2025-09-20,21:50-22:10,989.148298,2
⑤【假设性对照】仅光伏不可知 + 允许日内再调度储能,2025-09-20,22:20-22:40,1666.666667,2
⑤【假设性对照】仅光伏不可知 + 允许日内再调度储能,2025-09-21,0:00-0:30,2379.907064,3
⑤【假设性对照】仅光伏不可知 + 允许日内再调度储能,2025-09-21,5:30-5:40,834.431000,1
⑤【假设性对照】仅光伏不可知 + 允许日内再调度储能,2025-09-21,11:50-12:40,3853.642851,5
⑤【假设性对照】仅光伏不可知 + 允许日内再调度储能,2025-09-21,15:00-15:10,51.105037,1
⑤【假设性对照】仅光伏不可知 + 允许日内再调度储能,2025-09-21,21:50-22:10,988.271716,2
⑤【假设性对照】仅光伏不可知 + 允许日内再调度储能,2025-09-21,22:20-22:40,1666.666667,2
⑤【假设性对照】仅光伏不可知 + 允许日内再调度储能,2025-09-22,0:00-0:20,1205.341897,2
⑤【假设性对照】仅光伏不可知 + 允许日内再调度储能,2025-09-22,5:30-5:40,834.271233,1
⑤【假设性对照】仅光伏不可知 + 允许日内再调度储能,2025-09-22,10:50-12:40,7002.087176,11
⑤【假设性对照】仅光伏不可知 + 允许日内再调度储能,2025-09-22,14:50-15:20,1208.642833,3
⑤【假设性对照】仅光伏不可知 + 允许日内再调度储能,2025-09-22,21:50-22:10,988.271284,2
⑤【假设性对照】仅光伏不可知 + 允许日内再调度储能,2025-09-22,22:20-22:40,1666.666667,2
⑤【假设性对照】仅光伏不可知 + 允许日内再调度储能,2025-09-23,0:00-0:20,1364.759206,2
⑤【假设性对照】仅光伏不可知 + 允许日内再调度储能,2025-09-23,5:30-5:40,834.199350,1
⑤【假设性对照】仅光伏不可知 + 允许日内再调度储能,2025-09-23,11:50-12:40,4303.686803,5
⑤【假设性对照】仅光伏不可知 + 允许日内再调度储能,2025-09-23,14:50-15:10,343.448300,2
⑤【假设性对照】仅光伏不可知 + 允许日内再调度储能,2025-09-23,21:50-22:10,988.269961,2
⑤【假设性对照】仅光伏不可知 + 允许日内再调度储能,2025-09-23,22:20-22:40,1666.666667,2
⑤【假设性对照】仅光伏不可知 + 允许日内再调度储能,2025-09-24,5:30-5:40,235.577000,1
⑤【假设性对照】仅光伏不可知 + 允许日内再调度储能,2025-09-24,12:30-12:40,283.228917,1
⑤【假设性对照】仅光伏不可知 + 允许日内再调度储能,2025-09-24,22:00-22:10,833.333333,1
⑤【假设性对照】仅光伏不可知 + 允许日内再调度储能,2025-09-24,22:20-22:40,1564.729068,2
⑤【假设性对照】仅光伏不可知 + 允许日内再调度储能,2025-09-25,0:00-0:20,866.364275,2
⑤【假设性对照】仅光伏不可知 + 允许日内再调度储能,2025-09-25,5:30-5:40,833.917900,1
⑤【假设性对照】仅光伏不可知 + 允许日内再调度储能,2025-09-25,11:50-12:10,1761.016983,2
⑤【假设性对照】仅光伏不可知 + 允许日内再调度储能,2025-09-25,12:20-12:40,1304.200889,2
⑤【假设性对照】仅光伏不可知 + 允许日内再调度储能,2025-09-25,21:50-22:10,988.269164,2
⑤【假设性对照】仅光伏不可知 + 允许日内再调度储能,2025-09-25,22:20-22:40,1666.666667,2
⑤【假设性对照】仅光伏不可知 + 允许日内再调度储能,2025-09-26,10:50-12:50,15091.081106,12
⑤【假设性对照】仅光伏不可知 + 允许日内再调度储能,2025-09-26,14:50-15:50,1583.053417,6
⑤【假设性对照】仅光伏不可知 + 允许日内再调度储能,2025-09-26,21:50-22:10,988.716419,2
⑤【假设性对照】仅光伏不可知 + 允许日内再调度储能,2025-09-26,22:20-22:40,1666.666667,2
⑤【假设性对照】仅光伏不可知 + 允许日内再调度储能,2025-09-27,10:50-12:50,17479.869985,12
⑤【假设性对照】仅光伏不可知 + 允许日内再调度储能,2025-09-27,21:50-22:10,988.614953,2
⑤【假设性对照】仅光伏不可知 + 允许日内再调度储能,2025-09-27,22:20-22:40,1666.666667,2
⑤【假设性对照】仅光伏不可知 + 允许日内再调度储能,2025-09-28,0:10-0:20,180.021217,1
⑤【假设性对照】仅光伏不可知 + 允许日内再调度储能,2025-09-28,5:30-5:40,833.609150,1
⑤【假设性对照】仅光伏不可知 + 允许日内再调度储能,2025-09-28,12:00-12:40,1227.384517,4
⑤【假设性对照】仅光伏不可知 + 允许日内再调度储能,2025-09-28,22:00-22:10,833.333333,1
⑤【假设性对照】仅光伏不可知 + 允许日内再调度储能,2025-09-28,22:20-22:40,1584.108156,2
⑤【假设性对照】仅光伏不可知 + 允许日内再调度储能,2025-09-29,0:10-0:20,733.073356,1
⑤【假设性对照】仅光伏不可知 + 允许日内再调度储能,2025-09-29,5:30-5:40,833.544683,1
⑤【假设性对照】仅光伏不可知 + 允许日内再调度储能,2025-09-29,11:00-11:10,312.628238,1
⑤【假设性对照】仅光伏不可知 + 允许日内再调度储能,2025-09-29,11:40-12:40,4829.649348,6
⑤【假设性对照】仅光伏不可知 + 允许日内再调度储能,2025-09-29,15:00-15:10,444.550767,1
⑤【假设性对照】仅光伏不可知 + 允许日内再调度储能,2025-09-29,21:50-22:10,988.267733,2
⑤【假设性对照】仅光伏不可知 + 允许日内再调度储能,2025-09-29,22:20-22:40,1666.666667,2
⑤【假设性对照】仅光伏不可知 + 允许日内再调度储能,2025-09-30,0:10-0:20,180.011233,1
⑤【假设性对照】仅光伏不可知 + 允许日内再调度储能,2025-09-30,5:30-5:40,833.479267,1
⑤【假设性对照】仅光伏不可知 + 允许日内再调度储能,2025-09-30,11:50-12:10,968.869203,2
⑤【假设性对照】仅光伏不可知 + 允许日内再调度储能,2025-09-30,12:20-12:40,1071.101075,2
⑤【假设性对照】仅光伏不可知 + 允许日内再调度储能,2025-09-30,14:50-15:10,364.080600,2
⑤【假设性对照】仅光伏不可知 + 允许日内再调度储能,2025-09-30,21:50-22:10,988.267193,2
⑤【假设性对照】仅光伏不可知 + 允许日内再调度储能,2025-09-30,22:20-22:40,1666.666667,2
⑤【假设性对照】仅光伏不可知 + 允许日内再调度储能,2025-10-01,0:00-0:20,863.233566,2
⑤【假设性对照】仅光伏不可知 + 允许日内再调度储能,2025-10-01,5:30-5:40,833.385000,1
⑤【假设性对照】仅光伏不可知 + 允许日内再调度储能,2025-10-01,10:50-12:40,8911.964200,11
⑤【假设性对照】仅光伏不可知 + 允许日内再调度储能,2025-10-01,15:00-15:10,319.421067,1
⑤【假设性对照】仅光伏不可知 + 允许日内再调度储能,2025-10-01,21:50-22:10,988.342128,2
⑤【假设性对照】仅光伏不可知 + 允许日内再调度储能,2025-10-01,22:20-22:40,1666.666667,2
⑤【假设性对照】仅光伏不可知 + 允许日内再调度储能,2025-10-02,0:00-0:20,1634.660591,2
⑤【假设性对照】仅光伏不可知 + 允许日内再调度储能,2025-10-02,5:30-5:40,833.333333,1
⑤【假设性对照】仅光伏不可知 + 允许日内再调度储能,2025-10-02,10:50-12:50,13110.236387,12
⑤【假设性对照】仅光伏不可知 + 允许日内再调度储能,2025-10-02,14:50-15:10,919.540771,2
⑤【假设性对照】仅光伏不可知 + 允许日内再调度储能,2025-10-02,21:50-22:10,988.447667,2
⑤【假设性对照】仅光伏不可知 + 允许日内再调度储能,2025-10-02,22:20-22:40,1666.666667,2
⑤【假设性对照】仅光伏不可知 + 允许日内再调度储能,2025-10-03,10:40-13:10,21474.988783,15
⑤【假设性对照】仅光伏不可知 + 允许日内再调度储能,2025-10-03,14:50-16:00,1774.661436,7
⑤【假设性对照】仅光伏不可知 + 允许日内再调度储能,2025-10-03,21:50-22:10,988.911953,2
⑤【假设性对照】仅光伏不可知 + 允许日内再调度储能,2025-10-03,22:20-22:40,1666.666667,2
⑤【假设性对照】仅光伏不可知 + 允许日内再调度储能,2025-10-04,10:50-12:50,18416.775685,12
⑤【假设性对照】仅光伏不可知 + 允许日内再调度储能,2025-10-04,14:50-15:40,1213.194283,5
⑤【假设性对照】仅光伏不可知 + 允许日内再调度储能,2025-10-04,21:50-22:10,988.801118,2
⑤【假设性对照】仅光伏不可知 + 允许日内再调度储能,2025-10-04,22:20-22:40,1666.666667,2
⑤【假设性对照】仅光伏不可知 + 允许日内再调度储能,2025-10-05,0:00-0:20,1546.130782,2
⑤【假设性对照】仅光伏不可知 + 允许日内再调度储能,2025-10-05,5:30-5:40,833.333333,1
⑤【假设性对照】仅光伏不可知 + 允许日内再调度储能,2025-10-05,11:00-12:40,10296.649283,10
⑤【假设性对照】仅光伏不可知 + 允许日内再调度储能,2025-10-05,15:00-15:10,57.508786,1
⑤【假设性对照】仅光伏不可知 + 允许日内再调度储能,2025-10-05,21:50-22:10,988.956372,2
⑤【假设性对照】仅光伏不可知 + 允许日内再调度储能,2025-10-05,22:20-22:40,1666.666667,2
⑤【假设性对照】仅光伏不可知 + 允许日内再调度储能,2025-10-06,11:50-12:10,765.532300,2
⑤【假设性对照】仅光伏不可知 + 允许日内再调度储能,2025-10-06,12:20-12:40,835.903034,2
⑤【假设性对照】仅光伏不可知 + 允许日内再调度储能,2025-10-06,21:50-22:10,988.270487,2
⑤【假设性对照】仅光伏不可知 + 允许日内再调度储能,2025-10-06,22:20-22:40,1666.666667,2
⑤【假设性对照】仅光伏不可知 + 允许日内再调度储能,2025-10-07,0:10-0:20,180.062717,1
⑤【假设性对照】仅光伏不可知 + 允许日内再调度储能,2025-10-07,5:30-5:40,833.333333,1
⑤【假设性对照】仅光伏不可知 + 允许日内再调度储能,2025-10-07,11:50-12:10,1317.340896,2
⑤【假设性对照】仅光伏不可知 + 允许日内再调度储能,2025-10-07,12:20-12:40,950.758823,2
⑤【假设性对照】仅光伏不可知 + 允许日内再调度储能,2025-10-07,21:50-22:10,988.987977,2
⑤【假设性对照】仅光伏不可知 + 允许日内再调度储能,2025-10-07,22:20-22:40,1666.666667,2
⑤【假设性对照】仅光伏不可知 + 允许日内再调度储能,2025-10-08,11:00-11:10,323.588250,1
⑤【假设性对照】仅光伏不可知 + 允许日内再调度储能,2025-10-08,11:40-12:40,2480.016955,6
⑤【假设性对照】仅光伏不可知 + 允许日内再调度储能,2025-10-08,21:50-22:10,988.270069,2
⑤【假设性对照】仅光伏不可知 + 允许日内再调度储能,2025-10-08,22:20-22:40,1666.666667,2
⑤【假设性对照】仅光伏不可知 + 允许日内再调度储能,2025-10-09,0:10-0:20,780.103651,1
⑤【假设性对照】仅光伏不可知 + 允许日内再调度储能,2025-10-09,5:30-5:40,833.333333,1
⑤【假设性对照】仅光伏不可知 + 允许日内再调度储能,2025-10-09,10:50-12:40,11689.268803,11
⑤【假设性对照】仅光伏不可知 + 允许日内再调度储能,2025-10-09,14:50-15:10,596.687700,2
⑤【假设性对照】仅光伏不可知 + 允许日内再调度储能,2025-10-09,21:50-22:10,988.269947,2
⑤【假设性对照】仅光伏不可知 + 允许日内再调度储能,2025-10-09,22:20-22:40,1666.666667,2
⑤【假设性对照】仅光伏不可知 + 允许日内再调度储能,2025-10-10,10:50-13:30,20998.699743,16
⑤【假设性对照】仅光伏不可知 + 允许日内再调度储能,2025-10-10,14:50-16:00,3446.875959,7
⑤【假设性对照】仅光伏不可知 + 允许日内再调度储能,2025-10-10,21:50-22:10,988.748657,2
⑤【假设性对照】仅光伏不可知 + 允许日内再调度储能,2025-10-10,22:20-22:40,1666.666667,2
⑤【假设性对照】仅光伏不可知 + 允许日内再调度储能,2025-10-11,10:50-13:10,16870.854993,14
⑤【假设性对照】仅光伏不可知 + 允许日内再调度储能,2025-10-11,14:50-16:00,1781.711757,7
⑤【假设性对照】仅光伏不可知 + 允许日内再调度储能,2025-10-11,21:50-22:10,988.703945,2
⑤【假设性对照】仅光伏不可知 + 允许日内再调度储能,2025-10-11,22:20-22:40,1666.666667,2
⑤【假设性对照】仅光伏不可知 + 允许日内再调度储能,2025-10-12,0:10-0:20,742.483289,1
⑤【假设性对照】仅光伏不可知 + 允许日内再调度储能,2025-10-12,5:30-5:40,833.333333,1
⑤【假设性对照】仅光伏不可知 + 允许日内再调度储能,2025-10-12,11:50-12:40,2988.147347,5
⑤【假设性对照】仅光伏不可知 + 允许日内再调度储能,2025-10-12,21:50-22:10,988.268314,2
⑤【假设性对照】仅光伏不可知 + 允许日内再调度储能,2025-10-12,22:20-22:40,1666.666667,2
⑤【假设性对照】仅光伏不可知 + 允许日内再调度储能,2025-10-13,0:10-0:20,198.232785,1
⑤【假设性对照】仅光伏不可知 + 允许日内再调度储能,2025-10-13,5:30-5:40,833.333333,1
⑤【假设性对照】仅光伏不可知 + 允许日内再调度储能,2025-10-13,11:00-12:40,6673.768552,10
⑤【假设性对照】仅光伏不可知 + 允许日内再调度储能,2025-10-13,15:00-15:10,431.823650,1
⑤【假设性对照】仅光伏不可知 + 允许日内再调度储能,2025-10-13,21:50-22:10,988.267963,2
⑤【假设性对照】仅光伏不可知 + 允许日内再调度储能,2025-10-13,22:20-22:40,1666.666667,2
⑤【假设性对照】仅光伏不可知 + 允许日内再调度储能,2025-10-14,0:10-0:20,180.273417,1
⑤【假设性对照】仅光伏不可知 + 允许日内再调度储能,2025-10-14,5:30-5:40,833.333333,1
⑤【假设性对照】仅光伏不可知 + 允许日内再调度储能,2025-10-14,11:00-11:10,758.981500,1
⑤【假设性对照】仅光伏不可知 + 允许日内再调度储能,2025-10-14,11:30-12:40,5989.155436,7
⑤【假设性对照】仅光伏不可知 + 允许日内再调度储能,2025-10-14,14:50-15:10,503.590167,2
⑤【假设性对照】仅光伏不可知 + 允许日内再调度储能,2025-10-14,21:50-22:10,988.267652,2
⑤【假设性对照】仅光伏不可知 + 允许日内再调度储能,2025-10-14,22:20-22:40,1666.666667,2
⑤【假设性对照】仅光伏不可知 + 允许日内再调度储能,2025-10-15,0:10-0:20,180.180433,1
⑤【假设性对照】仅光伏不可知 + 允许日内再调度储能,2025-10-15,5:30-5:40,833.333333,1
⑤【假设性对照】仅光伏不可知 + 允许日内再调度储能,2025-10-15,11:00-11:10,813.507850,1
⑤【假设性对照】仅光伏不可知 + 允许日内再调度储能,2025-10-15,11:30-12:40,6310.375928,7
⑤【假设性对照】仅光伏不可知 + 允许日内再调度储能,2025-10-15,14:50-15:20,1051.253333,3
⑤【假设性对照】仅光伏不可知 + 允许日内再调度储能,2025-10-15,21:50-22:10,988.415006,2
⑤【假设性对照】仅光伏不可知 + 允许日内再调度储能,2025-10-15,22:20-22:40,1666.666667,2
⑤【假设性对照】仅光伏不可知 + 允许日内再调度储能,2025-10-16,0:10-0:20,180.006200,1
⑤【假设性对照】仅光伏不可知 + 允许日内再调度储能,2025-10-16,5:30-5:40,833.333333,1
⑤【假设性对照】仅光伏不可知 + 允许日内再调度储能,2025-10-16,11:50-12:40,4258.396782,5
⑤【假设性对照】仅光伏不可知 + 允许日内再调度储能,2025-10-16,14:50-15:10,250.446033,2
⑤【假设性对照】仅光伏不可知 + 允许日内再调度储能,2025-10-16,21:50-22:10,988.267045,2
⑤【假设性对照】仅光伏不可知 + 允许日内再调度储能,2025-10-16,22:20-22:40,1666.666667,2
⑤【假设性对照】仅光伏不可知 + 允许日内再调度储能,2025-10-17,10:50-12:50,16020.919369,12
⑤【假设性对照】仅光伏不可知 + 允许日内再调度储能,2025-10-17,21:50-22:10,988.312769,2
⑤【假设性对照】仅光伏不可知 + 允许日内再调度储能,2025-10-17,22:20-22:40,1666.666667,2
⑤【假设性对照】仅光伏不可知 + 允许日内再调度储能,2025-10-18,10:50-12:50,17588.934936,12
⑤【假设性对照】仅光伏不可知 + 允许日内再调度储能,2025-10-18,14:50-15:10,561.915783,2
⑤【假设性对照】仅光伏不可知 + 允许日内再调度储能,2025-10-18,21:50-22:10,988.362260,2
⑤【假设性对照】仅光伏不可知 + 允许日内再调度储能,2025-10-18,22:20-22:40,1666.666667,2
⑤【假设性对照】仅光伏不可知 + 允许日内再调度储能,2025-10-19,0:10-0:20,180.002317,1
⑤【假设性对照】仅光伏不可知 + 允许日内再调度储能,2025-10-19,5:30-5:40,833.365567,1
⑤【假设性对照】仅光伏不可知 + 允许日内再调度储能,2025-10-19,11:00-11:10,53.995174,1
⑤【假设性对照】仅光伏不可知 + 允许日内再调度储能,2025-10-19,11:40-12:40,4560.197033,6
⑤【假设性对照】仅光伏不可知 + 允许日内再调度储能,2025-10-19,14:50-15:20,677.008433,3
⑤【假设性对照】仅光伏不可知 + 允许日内再调度储能,2025-10-19,21:50-22:10,988.269043,2
⑤【假设性对照】仅光伏不可知 + 允许日内再调度储能,2025-10-19,22:20-22:40,1666.666667,2
⑤【假设性对照】仅光伏不可知 + 允许日内再调度储能,2025-10-20,0:10-0:20,180.003967,1
⑤【假设性对照】仅光伏不可知 + 允许日内再调度储能,2025-10-20,5:30-5:40,833.384967,1
⑤【假设性对照】仅光伏不可知 + 允许日内再调度储能,2025-10-20,10:50-12:40,7547.663311,11
⑤【假设性对照】仅光伏不可知 + 允许日内再调度储能,2025-10-20,14:50-15:20,726.838484,3
⑤【假设性对照】仅光伏不可知 + 允许日内再调度储能,2025-10-20,21:50-22:10,988.270298,2
⑤【假设性对照】仅光伏不可知 + 允许日内再调度储能,2025-10-20,22:20-22:40,1666.666667,2
⑤【假设性对照】仅光伏不可知 + 允许日内再调度储能,2025-10-21,0:10-0:20,180.005583,1
⑤【假设性对照】仅光伏不可知 + 允许日内再调度储能,2025-10-21,5:30-5:40,833.405933,1
⑤【假设性对照】仅光伏不可知 + 允许日内再调度储能,2025-10-21,11:00-11:10,777.744100,1
⑤【假设性对照】仅光伏不可知 + 允许日内再调度储能,2025-10-21,11:40-12:40,5077.064444,6
⑤【假设性对照】仅光伏不可知 + 允许日内再调度储能,2025-10-21,14:50-15:20,656.722351,3
⑤【假设性对照】仅光伏不可知 + 允许日内再调度储能,2025-10-21,21:50-22:10,988.353556,2
⑤【假设性对照】仅光伏不可知 + 允许日内再调度储能,2025-10-21,22:20-22:40,1666.666667,2
⑤【假设性对照】仅光伏不可知 + 允许日内再调度储能,2025-10-22,0:10-0:20,180.007000,1
⑤【假设性对照】仅光伏不可知 + 允许日内再调度储能,2025-10-22,5:30-5:40,833.424300,1
⑤【假设性对照】仅光伏不可知 + 允许日内再调度储能,2025-10-22,11:50-12:40,3450.008405,5
⑤【假设性对照】仅光伏不可知 + 允许日内再调度储能,2025-10-22,15:00-15:10,353.423400,1
⑤【假设性对照】仅光伏不可知 + 允许日内再调度储能,2025-10-22,21:50-22:10,988.381537,2
⑤【假设性对照】仅光伏不可知 + 允许日内再调度储能,2025-10-22,22:20-22:40,1666.666667,2
⑤【假设性对照】仅光伏不可知 + 允许日内再调度储能,2025-10-23,0:00-0:30,2500.000000,3
⑤【假设性对照】仅光伏不可知 + 允许日内再调度储能,2025-10-23,0:40-0:50,404.011739,1
⑤【假设性对照】仅光伏不可知 + 允许日内再调度储能,2025-10-23,5:30-5:40,833.411500,1
⑤【假设性对照】仅光伏不可知 + 允许日内再调度储能,2025-10-23,10:50-12:50,11968.713299,12
⑤【假设性对照】仅光伏不可知 + 允许日内再调度储能,2025-10-23,14:50-15:10,305.889800,2
⑤【假设性对照】仅光伏不可知 + 允许日内再调度储能,2025-10-23,21:50-22:10,988.271864,2
⑤【假设性对照】仅光伏不可知 + 允许日内再调度储能,2025-10-23,22:20-22:40,1666.666667,2
⑤【假设性对照】仅光伏不可知 + 允许日内再调度储能,2025-10-24,10:50-12:50,15539.909243,12
⑤【假设性对照】仅光伏不可知 + 允许日内再调度储能,2025-10-24,21:50-22:10,989.223007,2
⑤【假设性对照】仅光伏不可知 + 允许日内再调度储能,2025-10-24,22:20-22:40,1666.666667,2
⑤【假设性对照】仅光伏不可知 + 允许日内再调度储能,2025-10-25,10:50-12:50,13924.332181,12
⑤【假设性对照】仅光伏不可知 + 允许日内再调度储能,2025-10-25,21:50-22:10,989.115709,2
⑤【假设性对照】仅光伏不可知 + 允许日内再调度储能,2025-10-25,22:20-22:40,1666.666667,2
⑤【假设性对照】仅光伏不可知 + 允许日内再调度储能,2025-10-26,0:00-0:20,1615.329264,2
⑤【假设性对照】仅光伏不可知 + 允许日内再调度储能,2025-10-26,5:30-5:40,833.401150,1
⑤【假设性对照】仅光伏不可知 + 允许日内再调度储能,2025-10-26,10:50-12:50,6438.557336,12
⑤【假设性对照】仅光伏不可知 + 允许日内再调度储能,2025-10-26,15:00-15:10,303.383050,1
⑤【假设性对照】仅光伏不可知 + 允许日内再调度储能,2025-10-26,21:50-22:10,988.338626,2
⑤【假设性对照】仅光伏不可知 + 允许日内再调度储能,2025-10-26,22:20-22:40,1666.666667,2
⑤【假设性对照】仅光伏不可知 + 允许日内再调度储能,2025-10-27,0:10-0:20,180.004417,1
⑤【假设性对照】仅光伏不可知 + 允许日内再调度储能,2025-10-27,5:30-5:40,833.390717,1
⑤【假设性对照】仅光伏不可知 + 允许日内再调度储能,2025-10-27,11:30-12:40,3498.558213,7
⑤【假设性对照】仅光伏不可知 + 允许日内再调度储能,2025-10-27,15:00-15:10,262.351117,1
⑤【假设性对照】仅光伏不可知 + 允许日内再调度储能,2025-10-27,21:50-22:10,988.269988,2
⑤【假设性对照】仅光伏不可知 + 允许日内再调度储能,2025-10-27,22:20-22:40,1666.666667,2
⑤【假设性对照】仅光伏不可知 + 允许日内再调度储能,2025-10-28,0:10-0:20,180.003683,1
⑤【假设性对照】仅光伏不可知 + 允许日内再调度储能,2025-10-28,5:30-5:40,833.381067,1
⑤【假设性对照】仅光伏不可知 + 允许日内再调度储能,2025-10-28,12:00-12:20,80.447183,2
⑤【假设性对照】仅光伏不可知 + 允许日内再调度储能,2025-10-28,12:30-12:40,764.708300,1
⑤【假设性对照】仅光伏不可知 + 允许日内再调度储能,2025-10-28,15:00-15:10,35.157128,1
⑤【假设性对照】仅光伏不可知 + 允许日内再调度储能,2025-10-28,22:00-22:10,833.333333,1
⑤【假设性对照】仅光伏不可知 + 允许日内再调度储能,2025-10-28,22:20-22:40,1390.065440,2
⑤【假设性对照】仅光伏不可知 + 允许日内再调度储能,2025-10-29,0:10-0:20,180.003117,1
⑤【假设性对照】仅光伏不可知 + 允许日内再调度储能,2025-10-29,5:30-5:40,833.373783,1
⑤【假设性对照】仅光伏不可知 + 允许日内再调度储能,2025-10-29,11:00-12:50,6386.762571,11
⑤【假设性对照】仅光伏不可知 + 允许日内再调度储能,2025-10-29,14:50-15:20,591.390933,3
⑤【假设性对照】仅光伏不可知 + 允许日内再调度储能,2025-10-29,21:50-22:10,988.269664,2
⑤【假设性对照】仅光伏不可知 + 允许日内再调度储能,2025-10-29,22:20-22:40,1666.666667,2
⑤【假设性对照】仅光伏不可知 + 允许日内再调度储能,2025-10-30,0:10-0:20,180.002150,1
⑤【假设性对照】仅光伏不可知 + 允许日内再调度储能,2025-10-30,5:30-5:40,833.363267,1
⑤【假设性对照】仅光伏不可知 + 允许日内再调度储能,2025-10-30,12:00-12:10,2.690542,1
⑤【假设性对照】仅光伏不可知 + 允许日内再调度储能,2025-10-30,12:30-12:40,833.741217,1
⑤【假设性对照】仅光伏不可知 + 允许日内再调度储能,2025-10-30,15:00-15:10,85.165760,1
⑤【假设性对照】仅光伏不可知 + 允许日内再调度储能,2025-10-30,21:50-22:10,988.298835,2
⑤【假设性对照】仅光伏不可知 + 允许日内再调度储能,2025-10-30,22:20-22:40,1666.666667,2
⑤【假设性对照】仅光伏不可知 + 允许日内再调度储能,2025-10-31,10:50-12:50,10639.326006,12
⑤【假设性对照】仅光伏不可知 + 允许日内再调度储能,2025-10-31,21:50-22:10,988.539866,2
⑤【假设性对照】仅光伏不可知 + 允许日内再调度储能,2025-10-31,22:20-22:40,1666.666667,2
⑤【假设性对照】仅光伏不可知 + 允许日内再调度储能,2025-11-01,10:50-12:40,11379.039242,11
⑤【假设性对照】仅光伏不可知 + 允许日内再调度储能,2025-11-01,21:50-22:10,988.484408,2
⑤【假设性对照】仅光伏不可知 + 允许日内再调度储能,2025-11-01,22:20-22:40,1666.666667,2
⑤【假设性对照】仅光伏不可知 + 允许日内再调度储能,2025-11-02,0:10-0:20,180.000817,1
⑤【假设性对照】仅光伏不可知 + 允许日内再调度储能,2025-11-02,5:30-5:40,833.344817,1
⑤【假设性对照】仅光伏不可知 + 允许日内再调度储能,2025-11-02,11:00-11:10,284.150361,1
⑤【假设性对照】仅光伏不可知 + 允许日内再调度储能,2025-11-02,11:50-12:40,4126.850750,5
⑤【假设性对照】仅光伏不可知 + 允许日内再调度储能,2025-11-02,14:50-15:20,765.489500,3
⑤【假设性对照】仅光伏不可知 + 允许日内再调度储能,2025-11-02,21:50-22:10,988.267342,2
⑤【假设性对照】仅光伏不可知 + 允许日内再调度储能,2025-11-02,22:20-22:40,1666.666667,2
⑤【假设性对照】仅光伏不可知 + 允许日内再调度储能,2025-11-03,0:10-0:20,389.350013,1
⑤【假设性对照】仅光伏不可知 + 允许日内再调度储能,2025-11-03,5:30-5:40,833.340383,1
⑤【假设性对照】仅光伏不可知 + 允许日内再调度储能,2025-11-03,10:50-12:50,7010.692838,12
⑤【假设性对照】仅光伏不可知 + 允许日内再调度储能,2025-11-03,14:50-15:10,359.182567,2
⑤【假设性对照】仅光伏不可知 + 允许日内再调度储能,2025-11-03,21:50-22:10,988.273611,2
⑤【假设性对照】仅光伏不可知 + 允许日内再调度储能,2025-11-03,22:20-22:40,1666.666667,2
⑤【假设性对照】仅光伏不可知 + 允许日内再调度储能,2025-11-04,0:10-0:20,180.000000,1
⑤【假设性对照】仅光伏不可知 + 允许日内再调度储能,2025-11-04,5:30-5:40,833.334433,1
⑤【假设性对照】仅光伏不可知 + 允许日内再调度储能,2025-11-04,11:50-12:40,3309.496522,5
⑤【假设性对照】仅光伏不可知 + 允许日内再调度储能,2025-11-04,15:00-15:10,257.554200,1
⑤【假设性对照】仅光伏不可知 + 允许日内再调度储能,2025-11-04,21:50-22:10,988.266667,2
⑤【假设性对照】仅光伏不可知 + 允许日内再调度储能,2025-11-04,22:20-22:40,1666.666667,2
⑤【假设性对照】仅光伏不可知 + 允许日内再调度储能,2025-11-05,0:10-0:20,180.017817,1
⑤【假设性对照】仅光伏不可知 + 允许日内再调度储能,2025-11-05,5:30-5:40,833.333333,1
⑤【假设性对照】仅光伏不可知 + 允许日内再调度储能,2025-11-05,10:50-12:50,9424.712419,12
⑤【假设性对照】仅光伏不可知 + 允许日内再调度储能,2025-11-05,14:50-15:20,783.136850,3
⑤【假设性对照】仅光伏不可知 + 允许日内再调度储能,2025-11-05,21:50-22:10,988.275456,2
⑤【假设性对照】仅光伏不可知 + 允许日内再调度储能,2025-11-05,22:20-22:40,1666.666667,2
⑤【假设性对照】仅光伏不可知 + 允许日内再调度储能,2025-11-06,0:10-0:20,180.024433,1
⑤【假设性对照】仅光伏不可知 + 允许日内再调度储能,2025-11-06,5:30-5:40,833.333333,1
⑤【假设性对照】仅光伏不可知 + 允许日内再调度储能,2025-11-06,11:50-12:50,4441.186678,6
⑤【假设性对照】仅光伏不可知 + 允许日内再调度储能,2025-11-06,15:00-15:10,322.215483,1
⑤【假设性对照】仅光伏不可知 + 允许日内再调度储能,2025-11-06,21:50-22:10,988.288194,2
⑤【假设性对照】仅光伏不可知 + 允许日内再调度储能,2025-11-06,22:20-22:40,1666.666667,2
⑤【假设性对照】仅光伏不可知 + 允许日内再调度储能,2025-11-07,10:50-12:50,11151.494079,12
⑤【假设性对照】仅光伏不可知 + 允许日内再调度储能,2025-11-07,21:50-22:10,988.299472,2
⑤【假设性对照】仅光伏不可知 + 允许日内再调度储能,2025-11-07,22:20-22:40,1666.666667,2
⑤【假设性对照】仅光伏不可知 + 允许日内再调度储能,2025-11-08,4:40-4:50,0.000283,1
⑤【假设性对照】仅光伏不可知 + 允许日内再调度储能,2025-11-08,5:10-5:20,0.004050,1
⑤【假设性对照】仅光伏不可知 + 允许日内再调度储能,2025-11-08,5:30-5:40,80.388715,1
⑤【假设性对照】仅光伏不可知 + 允许日内再调度储能,2025-11-08,10:50-12:40,10361.509064,11
⑤【假设性对照】仅光伏不可知 + 允许日内再调度储能,2025-11-08,21:50-22:10,988.304615,2
⑤【假设性对照】仅光伏不可知 + 允许日内再调度储能,2025-11-08,22:20-22:40,1666.666667,2
⑤【假设性对照】仅光伏不可知 + 允许日内再调度储能,2025-11-09,0:10-0:20,180.064283,1
⑤【假设性对照】仅光伏不可知 + 允许日内再调度储能,2025-11-09,5:30-5:40,833.333333,1
⑤【假设性对照】仅光伏不可知 + 允许日内再调度储能,2025-11-09,10:50-11:10,27.529983,2
⑤【假设性对照】仅光伏不可知 + 允许日内再调度储能,2025-11-09,11:40-12:50,5424.995099,7
⑤【假设性对照】仅光伏不可知 + 允许日内再调度储能,2025-11-09,15:00-15:20,298.975383,2
⑤【假设性对照】仅光伏不可知 + 允许日内再调度储能,2025-11-09,21:50-22:10,988.266950,2
⑤【假设性对照】仅光伏不可知 + 允许日内再调度储能,2025-11-09,22:20-22:40,1666.666667,2
⑤【假设性对照】仅光伏不可知 + 允许日内再调度储能,2025-11-10,0:10-0:20,180.061750,1
⑤【假设性对照】仅光伏不可知 + 允许日内再调度储能,2025-11-10,5:30-5:40,833.333333,1
⑤【假设性对照】仅光伏不可知 + 允许日内再调度储能,2025-11-10,11:00-11:10,770.062717,1
⑤【假设性对照】仅光伏不可知 + 允许日内再调度储能,2025-11-10,11:40-12:40,4313.426413,6
⑤【假设性对照】仅光伏不可知 + 允许日内再调度储能,2025-11-10,14:50-15:30,824.647613,4
⑤【假设性对照】仅光伏不可知 + 允许日内再调度储能,2025-11-10,21:50-22:10,988.266910,2
⑤【假设性对照】仅光伏不可知 + 允许日内再调度储能,2025-11-10,22:20-22:40,1666.666667,2
⑤【假设性对照】仅光伏不可知 + 允许日内再调度储能,2025-11-11,0:00-0:20,1606.391015,2
⑤【假设性对照】仅光伏不可知 + 允许日内再调度储能,2025-11-11,5:30-5:40,833.333333,1
⑤【假设性对照】仅光伏不可知 + 允许日内再调度储能,2025-11-11,10:50-12:50,6232.455299,12
⑤【假设性对照】仅光伏不可知 + 允许日内再调度储能,2025-11-11,14:50-15:20,618.189083,3
⑤【假设性对照】仅光伏不可知 + 允许日内再调度储能,2025-11-11,21:50-22:10,988.318016,2
⑤【假设性对照】仅光伏不可知 + 允许日内再调度储能,2025-11-11,22:20-22:40,1666.666667,2
⑤【假设性对照】仅光伏不可知 + 允许日内再调度储能,2025-11-12,0:10-0:20,180.056750,1
⑤【假设性对照】仅光伏不可知 + 允许日内再调度储能,2025-11-12,5:30-5:40,833.333333,1
⑤【假设性对照】仅光伏不可知 + 允许日内再调度储能,2025-11-12,11:00-12:50,5795.576738,11
⑤【假设性对照】仅光伏不可知 + 允许日内再调度储能,2025-11-12,14:50-15:20,408.889758,3
⑤【假设性对照】仅光伏不可知 + 允许日内再调度储能,2025-11-12,21:50-22:10,988.266869,2
⑤【假设性对照】仅光伏不可知 + 允许日内再调度储能,2025-11-12,22:20-22:40,1666.666667,2
⑤【假设性对照】仅光伏不可知 + 允许日内再调度储能,2025-11-13,0:00-0:20,1081.460837,2
⑤【假设性对照】仅光伏不可知 + 允许日内再调度储能,2025-11-13,5:30-5:40,833.333333,1
⑤【假设性对照】仅光伏不可知 + 允许日内再调度储能,2025-11-13,10:50-11:00,62.982850,1
⑤【假设性对照】仅光伏不可知 + 允许日内再调度储能,2025-11-13,12:00-12:10,54.170296,1
⑤【假设性对照】仅光伏不可知 + 允许日内再调度储能,2025-11-13,12:30-12:40,620.265917,1
⑤【假设性对照】仅光伏不可知 + 允许日内再调度储能,2025-11-13,15:00-15:10,181.219683,1
⑤【假设性对照】仅光伏不可知 + 允许日内再调度储能,2025-11-13,21:50-22:10,988.266883,2
⑤【假设性对照】仅光伏不可知 + 允许日内再调度储能,2025-11-13,22:20-22:40,1666.666667,2
⑤【假设性对照】仅光伏不可知 + 允许日内再调度储能,2025-11-14,10:50-12:40,6810.222906,11
⑤【假设性对照】仅光伏不可知 + 允许日内再调度储能,2025-11-14,21:50-22:10,988.302158,2
⑤【假设性对照】仅光伏不可知 + 允许日内再调度储能,2025-11-14,22:20-22:40,1666.666667,2
⑤【假设性对照】仅光伏不可知 + 允许日内再调度储能,2025-11-15,5:30-5:40,398.441624,1
⑤【假设性对照】仅光伏不可知 + 允许日内再调度储能,2025-11-15,10:50-12:40,7221.664921,11
⑤【假设性对照】仅光伏不可知 + 允许日内再调度储能,2025-11-15,21:50-22:10,988.302968,2
⑤【假设性对照】仅光伏不可知 + 允许日内再调度储能,2025-11-15,22:20-22:40,1666.666667,2
⑤【假设性对照】仅光伏不可知 + 允许日内再调度储能,2025-11-16,0:10-0:20,180.036867,1
⑤【假设性对照】仅光伏不可知 + 允许日内再调度储能,2025-11-16,5:30-5:40,833.333333,1
⑤【假设性对照】仅光伏不可知 + 允许日内再调度储能,2025-11-16,10:50-11:00,12.628533,1
⑤【假设性对照】仅光伏不可知 + 允许日内再调度储能,2025-11-16,11:50-12:40,2998.819621,5
⑤【假设性对照】仅光伏不可知 + 允许日内再调度储能,2025-11-16,15:00-15:10,189.298800,1
⑤【假设性对照】仅光伏不可知 + 允许日内再调度储能,2025-11-16,21:50-22:10,988.266815,2
⑤【假设性对照】仅光伏不可知 + 允许日内再调度储能,2025-11-16,22:20-22:40,1666.666667,2
⑤【假设性对照】仅光伏不可知 + 允许日内再调度储能,2025-11-17,0:10-0:20,180.028317,1
⑤【假设性对照】仅光伏不可知 + 允许日内再调度储能,2025-11-17,5:30-5:40,833.333333,1
⑤【假设性对照】仅光伏不可知 + 允许日内再调度储能,2025-11-17,12:00-12:10,396.373904,1
⑤【假设性对照】仅光伏不可知 + 允许日内再调度储能,2025-11-17,12:30-12:40,753.954517,1
⑤【假设性对照】仅光伏不可知 + 允许日内再调度储能,2025-11-17,15:00-15:10,274.810017,1
⑤【假设性对照】仅光伏不可知 + 允许日内再调度储能,2025-11-17,21:50-22:10,988.295106,2
⑤【假设性对照】仅光伏不可知 + 允许日内再调度储能,2025-11-17,22:20-22:40,1666.666667,2
⑤【假设性对照】仅光伏不可知 + 允许日内再调度储能,2025-11-18,0:10-0:20,180.030650,1
⑤【假设性对照】仅光伏不可知 + 允许日内再调度储能,2025-11-18,5:30-5:40,833.333333,1
⑤【假设性对照】仅光伏不可知 + 允许日内再调度储能,2025-11-18,11:50-12:40,3742.919669,5
⑤【假设性对照】仅光伏不可知 + 允许日内再调度储能,2025-11-18,14:50-15:30,655.674050,4
⑤【假设性对照】仅光伏不可知 + 允许日内再调度储能,2025-11-18,21:50-22:10,988.290430,2
⑤【假设性对照】仅光伏不可知 + 允许日内再调度储能,2025-11-18,22:20-22:40,1666.666667,2
⑤【假设性对照】仅光伏不可知 + 允许日内再调度储能,2025-11-19,0:10-0:20,180.027867,1
⑤【假设性对照】仅光伏不可知 + 允许日内再调度储能,2025-11-19,5:30-5:40,833.333333,1
⑤【假设性对照】仅光伏不可知 + 允许日内再调度储能,2025-11-19,11:50-12:40,3236.934072,5
⑤【假设性对照】仅光伏不可知 + 允许日内再调度储能,2025-11-19,14:50-15:20,352.280700,3
⑤【假设性对照】仅光伏不可知 + 允许日内再调度储能,2025-11-19,21:50-22:10,987.475766,2
⑤【假设性对照】仅光伏不可知 + 允许日内再调度储能,2025-11-19,22:20-22:40,1666.666667,2
⑤【假设性对照】仅光伏不可知 + 允许日内再调度储能,2025-11-20,0:10-0:20,180.026067,1
⑤【假设性对照】仅光伏不可知 + 允许日内再调度储能,2025-11-20,5:30-5:40,833.333333,1
⑤【假设性对照】仅光伏不可知 + 允许日内再调度储能,2025-11-20,11:00-11:40,100.348633,4
⑤【假设性对照】仅光伏不可知 + 允许日内再调度储能,2025-11-20,11:50-12:10,1513.030017,2
⑤【假设性对照】仅光伏不可知 + 允许日内再调度储能,2025-11-20,12:20-12:40,916.633927,2
⑤【假设性对照】仅光伏不可知 + 允许日内再调度储能,2025-11-20,15:00-15:10,172.322633,1
⑤【假设性对照】仅光伏不可知 + 允许日内再调度储能,2025-11-20,21:50-22:10,988.286535,2
⑤【假设性对照】仅光伏不可知 + 允许日内再调度储能,2025-11-20,22:20-22:40,1666.666667,2
⑤【假设性对照】仅光伏不可知 + 允许日内再调度储能,2025-11-21,5:30-5:40,53.338106,1
⑤【假设性对照】仅光伏不可知 + 允许日内再调度储能,2025-11-21,10:50-12:40,6224.159190,11
⑤【假设性对照】仅光伏不可知 + 允许日内再调度储能,2025-11-21,21:50-22:10,988.281436,2
⑤【假设性对照】仅光伏不可知 + 允许日内再调度储能,2025-11-21,22:20-22:40,1666.666667,2
⑤【假设性对照】仅光伏不可知 + 允许日内再调度储能,2025-11-22,0:10-0:20,201.139777,1
⑤【假设性对照】仅光伏不可知 + 允许日内再调度储能,2025-11-22,5:30-5:40,833.333333,1
⑤【假设性对照】仅光伏不可知 + 允许日内再调度储能,2025-11-22,10:50-12:40,5899.421589,11
⑤【假设性对照】仅光伏不可知 + 允许日内再调度储能,2025-11-22,21:50-22:10,988.278749,2
⑤【假设性对照】仅光伏不可知 + 允许日内再调度储能,2025-11-22,22:20-22:40,1666.666667,2
⑤【假设性对照】仅光伏不可知 + 允许日内再调度储能,2025-11-23,0:10-0:20,180.011917,1
⑤【假设性对照】仅光伏不可知 + 允许日内再调度储能,2025-11-23,5:30-5:40,833.333333,1
⑤【假设性对照】仅光伏不可知 + 允许日内再调度储能,2025-11-23,11:50-12:40,3243.873390,5
⑤【假设性对照】仅光伏不可知 + 允许日内再调度储能,2025-11-23,15:00-15:10,249.421617,1
⑤【假设性对照】仅光伏不可知 + 允许日内再调度储能,2025-11-23,21:50-22:10,988.276609,2
⑤【假设性对照】仅光伏不可知 + 允许日内再调度储能,2025-11-23,22:20-22:40,1666.666667,2
⑤【假设性对照】仅光伏不可知 + 允许日内再调度储能,2025-11-24,0:10-0:20,180.009500,1
⑤【假设性对照】仅光伏不可知 + 允许日内再调度储能,2025-11-24,5:30-5:40,833.333333,1
⑤【假设性对照】仅光伏不可知 + 允许日内再调度储能,2025-11-24,11:50-12:10,1539.049100,2
⑤【假设性对照】仅光伏不可知 + 允许日内再调度储能,2025-11-24,12:20-12:40,1083.899975,2
⑤【假设性对照】仅光伏不可知 + 允许日内再调度储能,2025-11-24,15:00-15:10,264.575833,1
⑤【假设性对照】仅光伏不可知 + 允许日内再调度储能,2025-11-24,21:50-22:10,988.266667,2
⑤【假设性对照】仅光伏不可知 + 允许日内再调度储能,2025-11-24,22:20-22:40,1666.666667,2
⑤【假设性对照】仅光伏不可知 + 允许日内再调度储能,2025-11-25,0:00-0:20,1442.053703,2
⑤【假设性对照】仅光伏不可知 + 允许日内再调度储能,2025-11-25,5:30-5:40,833.333333,1
⑤【假设性对照】仅光伏不可知 + 允许日内再调度储能,2025-11-25,10:50-12:50,8437.231393,12
⑤【假设性对照】仅光伏不可知 + 允许日内再调度储能,2025-11-25,14:50-15:30,1136.504800,4
⑤【假设性对照】仅光伏不可知 + 允许日内再调度储能,2025-11-25,21:50-22:10,988.272466,2
⑤【假设性对照】仅光伏不可知 + 允许日内再调度储能,2025-11-25,22:20-22:40,1666.666667,2
⑤【假设性对照】仅光伏不可知 + 允许日内再调度储能,2025-11-26,0:10-0:20,180.004300,1
⑤【假设性对照】仅光伏不可知 + 允许日内再调度储能,2025-11-26,5:30-5:40,833.333333,1
⑤【假设性对照】仅光伏不可知 + 允许日内再调度储能,2025-11-26,11:00-12:50,5752.663527,11
⑤【假设性对照】仅光伏不可知 + 允许日内再调度储能,2025-11-26,14:50-15:30,648.507850,4
⑤【假设性对照】仅光伏不可知 + 允许日内再调度储能,2025-11-26,21:50-22:10,984.942229,2
⑤【假设性对照】仅光伏不可知 + 允许日内再调度储能,2025-11-26,22:20-22:40,1666.666667,2
⑤【假设性对照】仅光伏不可知 + 允许日内再调度储能,2025-11-27,0:10-0:20,180.000567,1
⑤【假设性对照】仅光伏不可知 + 允许日内再调度储能,2025-11-27,5:30-5:40,833.333333,1
⑤【假设性对照】仅光伏不可知 + 允许日内再调度储能,2025-11-27,10:50-11:00,83.370917,1
⑤【假设性对照】仅光伏不可知 + 允许日内再调度储能,2025-11-27,11:50-12:40,3515.100846,5
⑤【假设性对照】仅光伏不可知 + 允许日内再调度储能,2025-11-27,15:00-15:20,368.933083,2
⑤【假设性对照】仅光伏不可知 + 允许日内再调度储能,2025-11-27,21:50-22:10,988.269971,2
⑤【假设性对照】仅光伏不可知 + 允许日内再调度储能,2025-11-27,22:20-22:40,1666.666667,2
⑤【假设性对照】仅光伏不可知 + 允许日内再调度储能,2025-11-28,5:30-5:40,237.071632,1
⑤【假设性对照】仅光伏不可知 + 允许日内再调度储能,2025-11-28,11:00-12:40,4647.257360,10
⑤【假设性对照】仅光伏不可知 + 允许日内再调度储能,2025-11-28,21:50-22:10,988.267004,2
⑤【假设性对照】仅光伏不可知 + 允许日内再调度储能,2025-11-28,22:20-22:40,1666.666667,2
⑤【假设性对照】仅光伏不可知 + 允许日内再调度储能,2025-11-29,0:00-0:50,3506.799951,5
⑤【假设性对照】仅光伏不可知 + 允许日内再调度储能,2025-11-29,5:30-5:40,833.333667,1
⑤【假设性对照】仅光伏不可知 + 允许日内再调度储能,2025-11-29,11:50-12:40,4490.633643,5
⑤【假设性对照】仅光伏不可知 + 允许日内再调度储能,2025-11-29,21:50-22:10,988.279519,2
⑤【假设性对照】仅光伏不可知 + 允许日内再调度储能,2025-11-29,22:20-22:40,1666.666667,2
⑤【假设性对照】仅光伏不可知 + 允许日内再调度储能,2025-11-30,0:10-0:20,180.000000,1
⑤【假设性对照】仅光伏不可知 + 允许日内再调度储能,2025-11-30,5:30-5:40,833.334850,1
⑤【假设性对照】仅光伏不可知 + 允许日内再调度储能,2025-11-30,10:50-12:40,2987.923404,11
⑤【假设性对照】仅光伏不可知 + 允许日内再调度储能,2025-11-30,15:00-15:20,304.153100,2
⑤【假设性对照】仅光伏不可知 + 允许日内再调度储能,2025-11-30,21:50-22:10,988.266667,2
⑤【假设性对照】仅光伏不可知 + 允许日内再调度储能,2025-11-30,22:20-22:40,1666.666667,2
⑤【假设性对照】仅光伏不可知 + 允许日内再调度储能,2025-12-01,0:00-0:20,1009.769974,2
⑤【假设性对照】仅光伏不可知 + 允许日内再调度储能,2025-12-01,5:30-5:40,833.335083,1
⑤【假设性对照】仅光伏不可知 + 允许日内再调度储能,2025-12-01,10:50-12:50,6294.206984,12
⑤【假设性对照】仅光伏不可知 + 允许日内再调度储能,2025-12-01,14:50-15:30,639.897783,4
⑤【假设性对照】仅光伏不可知 + 允许日内再调度储能,2025-12-01,21:50-22:10,987.572635,2
⑤【假设性对照】仅光伏不可知 + 允许日内再调度储能,2025-12-01,22:20-22:40,1666.666667,2
⑤【假设性对照】仅光伏不可知 + 允许日内再调度储能,2025-12-02,0:10-0:20,748.375129,1
⑤【假设性对照】仅光伏不可知 + 允许日内再调度储能,2025-12-02,5:30-5:40,833.335800,1
⑤【假设性对照】仅光伏不可知 + 允许日内再调度储能,2025-12-02,10:50-12:50,7647.732531,12
⑤【假设性对照】仅光伏不可知 + 允许日内再调度储能,2025-12-02,14:50-15:40,638.820850,5
⑤【假设性对照】仅光伏不可知 + 允许日内再调度储能,2025-12-02,21:50-22:10,988.180980,2
⑤【假设性对照】仅光伏不可知 + 允许日内再调度储能,2025-12-02,22:20-22:40,1666.666667,2
⑤【假设性对照】仅光伏不可知 + 允许日内再调度储能,2025-12-03,0:10-0:20,180.000217,1
⑤【假设性对照】仅光伏不可知 + 允许日内再调度储能,2025-12-03,5:30-5:40,833.336433,1
⑤【假设性对照】仅光伏不可知 + 允许日内再调度储能,2025-12-03,12:30-12:40,660.179967,1
⑤【假设性对照】仅光伏不可知 + 允许日内再调度储能,2025-12-03,15:00-15:20,330.394700,2
⑤【假设性对照】仅光伏不可知 + 允许日内再调度储能,2025-12-03,22:00-22:10,833.333333,1
⑤【假设性对照】仅光伏不可知 + 允许日内再调度储能,2025-12-03,22:20-22:40,1404.605594,2
⑤【假设性对照】仅光伏不可知 + 允许日内再调度储能,2025-12-04,0:10-0:20,180.000250,1
⑤【假设性对照】仅光伏不可知 + 允许日内再调度储能,2025-12-04,5:30-5:40,833.336850,1
⑤【假设性对照】仅光伏不可知 + 允许日内再调度储能,2025-12-04,11:00-12:50,7966.685956,11
⑤【假设性对照】仅光伏不可知 + 允许日内再调度储能,2025-12-04,14:50-15:40,1247.024150,5
⑤【假设性对照】仅光伏不可知 + 允许日内再调度储能,2025-12-04,21:50-22:10,988.266883,2
⑤【假设性对照】仅光伏不可知 + 允许日内再调度储能,2025-12-04,22:20-22:40,1666.666667,2
⑤【假设性对照】仅光伏不可知 + 允许日内再调度储能,2025-12-05,0:00-0:30,1684.691517,3
⑤【假设性对照】仅光伏不可知 + 允许日内再调度储能,2025-12-05,5:30-5:40,833.337067,1
⑤【假设性对照】仅光伏不可知 + 允许日内再调度储能,2025-12-05,11:50-12:40,2297.987066,5
⑤【假设性对照】仅光伏不可知 + 允许日内再调度储能,2025-12-05,21:50-22:10,988.323853,2
⑤【假设性对照】仅光伏不可知 + 允许日内再调度储能,2025-12-05,22:20-22:40,1666.666667,2
⑤【假设性对照】仅光伏不可知 + 允许日内再调度储能,2025-12-06,0:00-0:30,1923.199484,3
⑤【假设性对照】仅光伏不可知 + 允许日内再调度储能,2025-12-06,5:30-5:40,833.337983,1
⑤【假设性对照】仅光伏不可知 + 允许日内再调度储能,2025-12-06,11:50-12:40,2811.944227,5
⑤【假设性对照】仅光伏不可知 + 允许日内再调度储能,2025-12-06,15:00-15:10,87.743006,1
⑤【假设性对照】仅光伏不可知 + 允许日内再调度储能,2025-12-06,21:50-22:10,988.318547,2
⑤【假设性对照】仅光伏不可知 + 允许日内再调度储能,2025-12-06,22:20-22:40,1666.666667,2
⑤【假设性对照】仅光伏不可知 + 允许日内再调度储能,2025-12-07,0:00-0:20,1365.461658,2
⑤【假设性对照】仅光伏不可知 + 允许日内再调度储能,2025-12-07,5:30-5:40,833.338967,1
⑤【假设性对照】仅光伏不可知 + 允许日内再调度储能,2025-12-07,10:50-12:50,7527.859554,12
⑤【假设性对照】仅光伏不可知 + 允许日内再调度储能,2025-12-07,14:50-15:40,706.773933,5
⑤【假设性对照】仅光伏不可知 + 允许日内再调度储能,2025-12-07,21:50-22:10,988.266950,2
⑤【假设性对照】仅光伏不可知 + 允许日内再调度储能,2025-12-07,22:20-22:40,1666.666667,2
⑤【假设性对照】仅光伏不可知 + 允许日内再调度储能,2025-12-08,0:00-0:30,2047.737830,3
⑤【假设性对照】仅光伏不可知 + 允许日内再调度储能,2025-12-08,5:30-5:40,833.338850,1
⑤【假设性对照】仅光伏不可知 + 允许日内再调度储能,2025-12-08,10:50-12:50,5858.752607,12
⑤【假设性对照】仅光伏不可知 + 允许日内再调度储能,2025-12-08,15:00-15:40,448.566767,4
⑤【假设性对照】仅光伏不可知 + 允许日内再调度储能,2025-12-08,21:50-22:10,988.266977,2
⑤【假设性对照】仅光伏不可知 + 允许日内再调度储能,2025-12-08,22:20-22:40,1666.666667,2
⑤【假设性对照】仅光伏不可知 + 允许日内再调度储能,2025-12-09,0:00-0:20,1606.703787,2
⑤【假设性对照】仅光伏不可知 + 允许日内再调度储能,2025-12-09,5:30-5:40,833.338417,1
⑤【假设性对照】仅光伏不可知 + 允许日内再调度储能,2025-12-09,10:50-12:50,6280.138215,12
⑤【假设性对照】仅光伏不可知 + 允许日内再调度储能,2025-12-09,15:00-15:40,434.697883,4
⑤【假设性对照】仅光伏不可知 + 允许日内再调度储能,2025-12-09,21:50-22:10,988.266991,2
⑤【假设性对照】仅光伏不可知 + 允许日内再调度储能,2025-12-09,22:20-22:40,1666.666667,2
⑤【假设性对照】仅光伏不可知 + 允许日内再调度储能,2025-12-10,0:10-0:20,180.000483,1
⑤【假设性对照】仅光伏不可知 + 允许日内再调度储能,2025-12-10,5:30-5:40,833.339950,1
⑤【假设性对照】仅光伏不可知 + 允许日内再调度储能,2025-12-10,11:50-12:40,3588.617396,5
⑤【假设性对照】仅光伏不可知 + 允许日内再调度储能,2025-12-10,14:50-15:30,715.186817,4
⑤【假设性对照】仅光伏不可知 + 允许日内再调度储能,2025-12-10,21:50-22:10,988.272064,2
⑤【假设性对照】仅光伏不可知 + 允许日内再调度储能,2025-12-10,22:20-22:40,1666.666667,2
⑤【假设性对照】仅光伏不可知 + 允许日内再调度储能,2025-12-11,0:00-0:20,924.502201,2
⑤【假设性对照】仅光伏不可知 + 允许日内再调度储能,2025-12-11,5:30-5:40,833.339117,1
⑤【假设性对照】仅光伏不可知 + 允许日内再调度储能,2025-12-11,10:50-12:50,6627.353146,12
⑤【假设性对照】仅光伏不可知 + 允许日内再调度储能,2025-12-11,14:50-15:30,729.983250,4
⑤【假设性对照】仅光伏不可知 + 允许日内再调度储能,2025-12-11,21:50-22:10,988.267031,2
⑤【假设性对照】仅光伏不可知 + 允许日内再调度储能,2025-12-11,22:20-22:40,1666.666667,2
⑤【假设性对照】仅光伏不可知 + 允许日内再调度储能,2025-12-12,0:00-0:30,1692.211456,3
⑤【假设性对照】仅光伏不可知 + 允许日内再调度储能,2025-12-12,5:30-5:40,833.338800,1
⑤【假设性对照】仅光伏不可知 + 允许日内再调度储能,2025-12-12,11:50-12:40,1011.357217,5
⑤【假设性对照】仅光伏不可知 + 允许日内再调度储能,2025-12-12,21:50-22:10,988.336219,2
⑤【假设性对照】仅光伏不可知 + 允许日内再调度储能,2025-12-12,22:20-22:40,1666.666667,2
⑤【假设性对照】仅光伏不可知 + 允许日内再调度储能,2025-12-13,0:00-0:30,1858.719439,3
⑤【假设性对照】仅光伏不可知 + 允许日内再调度储能,2025-12-13,5:30-5:40,833.339433,1
⑤【假设性对照】仅光伏不可知 + 允许日内再调度储能,2025-12-13,11:50-12:40,2140.516433,5
⑤【假设性对照】仅光伏不可知 + 允许日内再调度储能,2025-12-13,21:50-22:10,988.337474,2
⑤【假设性对照】仅光伏不可知 + 允许日内再调度储能,2025-12-13,22:20-22:40,1666.666667,2
⑤【假设性对照】仅光伏不可知 + 允许日内再调度储能,2025-12-14,0:10-0:20,180.000367,1
⑤【假设性对照】仅光伏不可知 + 允许日内再调度储能,2025-12-14,5:30-5:40,833.338383,1
⑤【假设性对照】仅光伏不可知 + 允许日内再调度储能,2025-12-14,11:50-12:10,1328.816784,2
⑤【假设性对照】仅光伏不可知 + 允许日内再调度储能,2025-12-14,12:30-12:40,742.956600,1
⑤【假设性对照】仅光伏不可知 + 允许日内再调度储能,2025-12-14,15:00-15:30,573.957433,3
⑤【假设性对照】仅光伏不可知 + 允许日内再调度储能,2025-12-14,21:50-22:10,988.266964,2
⑤【假设性对照】仅光伏不可知 + 允许日内再调度储能,2025-12-14,22:20-22:40,1666.666667,2
⑤【假设性对照】仅光伏不可知 + 允许日内再调度储能,2025-12-15,0:10-0:20,180.000350,1
⑤【假设性对照】仅光伏不可知 + 允许日内再调度储能,2025-12-15,5:30-5:40,833.338233,1
⑤【假设性对照】仅光伏不可知 + 允许日内再调度储能,2025-12-15,11:50-12:10,958.395108,2
⑤【假设性对照】仅光伏不可知 + 允许日内再调度储能,2025-12-15,12:30-12:40,732.872883,1
⑤【假设性对照】仅光伏不可知 + 允许日内再调度储能,2025-12-15,15:00-15:30,493.400883,3
⑤【假设性对照】仅光伏不可知 + 允许日内再调度储能,2025-12-15,21:50-22:10,988.266977,2
⑤【假设性对照】仅光伏不可知 + 允许日内再调度储能,2025-12-15,22:20-22:40,1666.666667,2
⑤【假设性对照】仅光伏不可知 + 允许日内再调度储能,2025-12-16,0:10-0:20,602.277983,1
⑤【假设性对照】仅光伏不可知 + 允许日内再调度储能,2025-12-16,5:30-5:40,833.338950,1
⑤【假设性对照】仅光伏不可知 + 允许日内再调度储能,2025-12-16,11:00-11:10,705.916105,1
⑤【假设性对照】仅光伏不可知 + 允许日内再调度储能,2025-12-16,11:50-12:40,4079.475133,5
⑤【假设性对照】仅光伏不可知 + 允许日内再调度储能,2025-12-16,14:50-15:40,848.688333,5
⑤【假设性对照】仅光伏不可知 + 允许日内再调度储能,2025-12-16,21:50-22:10,988.266977,2
⑤【假设性对照】仅光伏不可知 + 允许日内再调度储能,2025-12-16,22:20-22:40,1666.666667,2
⑤【假设性对照】仅光伏不可知 + 允许日内再调度储能,2025-12-17,0:00-0:30,1749.195416,3
⑤【假设性对照】仅光伏不可知 + 允许日内再调度储能,2025-12-17,5:30-5:40,833.338783,1
⑤【假设性对照】仅光伏不可知 + 允许日内再调度储能,2025-12-17,10:50-12:50,5464.985456,12
⑤【假设性对照】仅光伏不可知 + 允许日内再调度储能,2025-12-17,15:00-15:40,691.342953,4
⑤【假设性对照】仅光伏不可知 + 允许日内再调度储能,2025-12-17,21:50-22:10,988.272491,2
⑤【假设性对照】仅光伏不可知 + 允许日内再调度储能,2025-12-17,22:20-22:40,1666.666667,2
⑤【假设性对照】仅光伏不可知 + 允许日内再调度储能,2025-12-18,0:10-0:20,265.045192,1
⑤【假设性对照】仅光伏不可知 + 允许日内再调度储能,2025-12-18,5:30-5:40,833.339283,1
⑤【假设性对照】仅光伏不可知 + 允许日内再调度储能,2025-12-18,11:50-12:40,3692.576607,5
⑤【假设性对照】仅光伏不可知 + 允许日内再调度储能,2025-12-18,15:00-15:30,525.282733,3
⑤【假设性对照】仅光伏不可知 + 允许日内再调度储能,2025-12-18,21:50-22:10,988.272114,2
⑤【假设性对照】仅光伏不可知 + 允许日内再调度储能,2025-12-18,22:20-22:40,1666.666667,2
⑤【假设性对照】仅光伏不可知 + 允许日内再调度储能,2025-12-19,0:10-0:20,689.194966,1
⑤【假设性对照】仅光伏不可知 + 允许日内再调度储能,2025-12-19,5:30-5:40,833.338067,1
⑤【假设性对照】仅光伏不可知 + 允许日内再调度储能,2025-12-19,12:30-12:40,699.047700,1
⑤【假设性对照】仅光伏不可知 + 允许日内再调度储能,2025-12-19,15:00-15:10,61.195149,1
⑤【假设性对照】仅光伏不可知 + 允许日内再调度储能,2025-12-19,21:50-22:10,988.331332,2
⑤【假设性对照】仅光伏不可知 + 允许日内再调度储能,2025-12-19,22:20-22:40,1666.666667,2
⑤【假设性对照】仅光伏不可知 + 允许日内再调度储能,2025-12-20,0:00-0:20,1625.140422,2
⑤【假设性对照】仅光伏不可知 + 允许日内再调度储能,2025-12-20,5:30-5:40,833.338083,1
⑤【假设性对照】仅光伏不可知 + 允许日内再调度储能,2025-12-20,11:50-12:40,2417.248716,5
⑤【假设性对照】仅光伏不可知 + 允许日内再调度储能,2025-12-20,15:00-15:10,82.606197,1
⑤【假设性对照】仅光伏不可知 + 允许日内再调度储能,2025-12-20,21:50-22:10,988.331750,2
⑤【假设性对照】仅光伏不可知 + 允许日内再调度储能,2025-12-20,22:20-22:40,1666.666667,2
⑤【假设性对照】仅光伏不可知 + 允许日内再调度储能,2025-12-21,0:10-0:20,764.665705,1
⑤【假设性对照】仅光伏不可知 + 允许日内再调度储能,2025-12-21,5:30-5:40,833.338600,1
⑤【假设性对照】仅光伏不可知 + 允许日内再调度储能,2025-12-21,11:50-12:40,4207.803436,5
⑤【假设性对照】仅光伏不可知 + 允许日内再调度储能,2025-12-21,15:00-15:40,486.903790,4
⑤【假设性对照】仅光伏不可知 + 允许日内再调度储能,2025-12-21,21:50-22:10,988.266977,2
⑤【假设性对照】仅光伏不可知 + 允许日内再调度储能,2025-12-21,22:20-22:40,1666.666667,2
⑤【假设性对照】仅光伏不可知 + 允许日内再调度储能,2025-12-22,0:10-0:20,693.932178,1
⑤【假设性对照】仅光伏不可知 + 允许日内再调度储能,2025-12-22,5:30-5:40,833.338283,1
⑤【假设性对照】仅光伏不可知 + 允许日内再调度储能,2025-12-22,11:50-12:10,1503.415933,2
⑤【假设性对照】仅光伏不可知 + 允许日内再调度储能,2025-12-22,12:20-12:40,1131.389115,2
⑤【假设性对照】仅光伏不可知 + 允许日内再调度储能,2025-12-22,15:00-15:30,641.844467,3
⑤【假设性对照】仅光伏不可知 + 允许日内再调度储能,2025-12-22,21:50-22:10,988.266964,2
⑤【假设性对照】仅光伏不可知 + 允许日内再调度储能,2025-12-22,22:20-22:40,1666.666667,2
⑤【假设性对照】仅光伏不可知 + 允许日内再调度储能,2025-12-23,0:00-0:20,1392.198846,2
⑤【假设性对照】仅光伏不可知 + 允许日内再调度储能,2025-12-23,5:30-5:40,833.338683,1
⑤【假设性对照】仅光伏不可知 + 允许日内再调度储能,2025-12-23,10:50-12:40,5036.555524,11
⑤【假设性对照】仅光伏不可知 + 允许日内再调度储能,2025-12-23,15:00-15:40,589.333100,4
⑤【假设性对照】仅光伏不可知 + 允许日内再调度储能,2025-12-23,21:50-22:10,988.266964,2
⑤【假设性对照】仅光伏不可知 + 允许日内再调度储能,2025-12-23,22:20-22:40,1666.666667,2
⑤【假设性对照】仅光伏不可知 + 允许日内再调度储能,2025-12-24,0:10-0:20,692.653135,1
⑤【假设性对照】仅光伏不可知 + 允许日内再调度储能,2025-12-24,5:30-5:40,833.338867,1
⑤【假设性对照】仅光伏不可知 + 允许日内再调度储能,2025-12-24,11:50-12:40,4126.014283,5
⑤【假设性对照】仅光伏不可知 + 允许日内再调度储能,2025-12-24,15:00-15:30,674.951500,3
⑤【假设性对照】仅光伏不可知 + 允许日内再调度储能,2025-12-24,21:50-22:10,988.266977,2
⑤【假设性对照】仅光伏不可知 + 允许日内再调度储能,2025-12-24,22:20-22:40,1666.666667,2
⑤【假设性对照】仅光伏不可知 + 允许日内再调度储能,2025-12-25,0:10-0:20,180.000367,1
⑤【假设性对照】仅光伏不可知 + 允许日内再调度储能,2025-12-25,5:30-5:40,833.338533,1
⑤【假设性对照】仅光伏不可知 + 允许日内再调度储能,2025-12-25,11:50-12:10,992.705677,2
⑤【假设性对照】仅光伏不可知 + 允许日内再调度储能,2025-12-25,12:30-12:40,729.913250,1
⑤【假设性对照】仅光伏不可知 + 允许日内再调度储能,2025-12-25,15:00-15:20,405.572450,2
⑤【假设性对照】仅光伏不可知 + 允许日内再调度储能,2025-12-25,21:50-22:10,988.267004,2
⑤【假设性对照】仅光伏不可知 + 允许日内再调度储能,2025-12-25,22:20-22:40,1666.666667,2
⑤【假设性对照】仅光伏不可知 + 允许日内再调度储能,2025-12-26,0:10-0:20,735.912629,1
⑤【假设性对照】仅光伏不可知 + 允许日内再调度储能,2025-12-26,5:30-5:40,833.338433,1
⑤【假设性对照】仅光伏不可知 + 允许日内再调度储能,2025-12-26,12:00-12:10,46.594650,1
⑤【假设性对照】仅光伏不可知 + 允许日内再调度储能,2025-12-26,12:30-12:40,777.122750,1
⑤【假设性对照】仅光伏不可知 + 允许日内再调度储能,2025-12-26,21:50-22:10,988.336003,2
⑤【假设性对照】仅光伏不可知 + 允许日内再调度储能,2025-12-26,22:20-22:40,1666.666667,2
⑤【假设性对照】仅光伏不可知 + 允许日内再调度储能,2025-12-27,0:00-0:20,1431.584808,2
⑤【假设性对照】仅光伏不可知 + 允许日内再调度储能,2025-12-27,5:30-5:40,833.338750,1
⑤【假设性对照】仅光伏不可知 + 允许日内再调度储能,2025-12-27,12:00-12:40,1303.655367,4
⑤【假设性对照】仅光伏不可知 + 允许日内再调度储能,2025-12-27,21:50-22:10,988.331615,2
⑤【假设性对照】仅光伏不可知 + 允许日内再调度储能,2025-12-27,22:20-22:40,1666.666667,2
⑤【假设性对照】仅光伏不可知 + 允许日内再调度储能,2025-12-28,0:10-0:20,348.266830,1
⑤【假设性对照】仅光伏不可知 + 允许日内再调度储能,2025-12-28,5:30-5:40,833.338133,1
⑤【假设性对照】仅光伏不可知 + 允许日内再调度储能,2025-12-28,11:50-12:50,4250.237266,6
⑤【假设性对照】仅光伏不可知 + 允许日内再调度储能,2025-12-28,14:50-15:30,725.184933,4
⑤【假设性对照】仅光伏不可知 + 允许日内再调度储能,2025-12-28,21:50-22:10,988.272771,2
⑤【假设性对照】仅光伏不可知 + 允许日内再调度储能,2025-12-28,22:20-22:40,1666.666667,2
⑤【假设性对照】仅光伏不可知 + 允许日内再调度储能,2025-12-29,0:10-0:20,180.000450,1
⑤【假设性对照】仅光伏不可知 + 允许日内再调度储能,2025-12-29,5:30-5:40,833.339667,1
⑤【假设性对照】仅光伏不可知 + 允许日内再调度储能,2025-12-29,11:50-12:10,1620.771600,2
⑤【假设性对照】仅光伏不可知 + 允许日内再调度储能,2025-12-29,12:20-12:40,1563.048165,2
⑤【假设性对照】仅光伏不可知 + 允许日内再调度储能,2025-12-29,15:00-15:30,652.142933,3
⑤【假设性对照】仅光伏不可知 + 允许日内再调度储能,2025-12-29,21:50-22:10,988.266964,2
⑤【假设性对照】仅光伏不可知 + 允许日内再调度储能,2025-12-29,22:20-22:40,1666.666667,2
⑤【假设性对照】仅光伏不可知 + 允许日内再调度储能,2025-12-30,0:10-0:20,180.000417,1
⑤【假设性对照】仅光伏不可知 + 允许日内再调度储能,2025-12-30,5:30-5:40,833.339250,1
⑤【假设性对照】仅光伏不可知 + 允许日内再调度储能,2025-12-30,11:00-11:10,771.244617,1
⑤【假设性对照】仅光伏不可知 + 允许日内再调度储能,2025-12-30,11:40-12:50,4663.338713,7
⑤【假设性对照】仅光伏不可知 + 允许日内再调度储能,2025-12-30,14:50-15:30,781.787017,4
⑤【假设性对照】仅光伏不可知 + 允许日内再调度储能,2025-12-30,21:50-22:10,988.272624,2
⑤【假设性对照】仅光伏不可知 + 允许日内再调度储能,2025-12-30,22:20-22:40,1666.666667,2
⑤【假设性对照】仅光伏不可知 + 允许日内再调度储能,2025-12-31,0:10-0:20,780.489100,1
⑤【假设性对照】仅光伏不可知 + 允许日内再调度储能,2025-12-31,5:30-5:40,833.339217,1
⑤【假设性对照】仅光伏不可知 + 允许日内再调度储能,2025-12-31,10:50-12:40,4577.091586,11
⑤【假设性对照】仅光伏不可知 + 允许日内再调度储能,2025-12-31,15:00-15:30,549.987650,3
⑤【假设性对照】仅光伏不可知 + 允许日内再调度储能,2025-12-31,21:50-22:10,988.267031,2
⑤【假设性对照】仅光伏不可知 + 允许日内再调度储能,2025-12-31,22:20-22:40,1666.666667,2
